{"type":"FeatureCollection","features":[{"type":"Feature","geometry":{"type":"MultiPolygon","coordinates":[[[[-54.647258,-20.536339],[-54.647268,-20.536339],[-54.647267,-20.536348],[-54.647277,-20.536349],[-54.647277,-20.536358],[-54.647296,-20.536358],[-54.647296,-20.536367],[-54.647306,-20.536367],[-54.647305,-20.536376],[-54.647325,-20.536376],[-54.647324,-20.536385],[-54.64858,-20.536402],[-54.64858,-20.536393],[-54.64859,-20.536393],[-54.64859,-20.536366],[-54.6486,-20.536367],[-54.6486,-20.536348],[-54.64861,-20.536349],[-54.64861,-20.53634],[-54.648619,-20.53634],[-54.648619,-20.536331],[-54.648629,-20.536331],[-54.648629,-20.536322],[-54.648639,-20.536322],[-54.648639,-20.536313],[-54.648648,-20.536313],[-54.648649,-20.536304],[-54.648658,-20.536304],[-54.648658,-20.536295],[-54.648668,-20.536295],[-54.648668,-20.536286],[-54.648678,-20.536286],[-54.648678,-20.536277],[-54.648687,-20.536277],[-54.648687,-20.536268],[-54.648697,-20.536269],[-54.648697,-20.536259],[-54.648707,-20.53626],[-54.648707,-20.536251],[-54.648717,-20.536251],[-54.648717,-20.536242],[-54.648726,-20.536242],[-54.648726,-20.536233],[-54.648736,-20.536233],[-54.648736,-20.536224],[-54.648746,-20.536224],[-54.648746,-20.536215],[-54.648755,-20.536215],[-54.648756,-20.536206],[-54.648765,-20.536206],[-54.648765,-20.536197],[-54.648775,-20.536197],[-54.648775,-20.536188],[-54.649063,-20.536192],[-54.649062,-20.536201],[-54.649091,-20.536202],[-54.649091,-20.536211],[-54.64912,-20.536211],[-54.64912,-20.53622],[-54.649148,-20.53622],[-54.649148,-20.536229],[-54.649177,-20.53623],[-54.649177,-20.536239],[-54.649206,-20.536239],[-54.649205,-20.536248],[-54.649234,-20.536249],[-54.649234,-20.536258],[-54.649263,-20.536258],[-54.649263,-20.536267],[-54.649291,-20.536268],[-54.649291,-20.536277],[-54.64931,-20.536277],[-54.64931,-20.536286],[-54.649339,-20.536286],[-54.649339,-20.536295],[-54.649368,-20.536296],[-54.649368,-20.536305],[-54.649396,-20.536305],[-54.649396,-20.536314],[-54.649425,-20.536315],[-54.649425,-20.536324],[-54.649454,-20.536324],[-54.649453,-20.536333],[-54.649482,-20.536333],[-54.649482,-20.536342],[-54.649511,-20.536343],[-54.649511,-20.536352],[-54.649539,-20.536352],[-54.649539,-20.536361],[-54.649568,-20.536362],[-54.649568,-20.536371],[-54.649587,-20.536371],[-54.649587,-20.53638],[-54.649616,-20.53638],[-54.649616,-20.536389],[-54.649663,-20.53639],[-54.649663,-20.536399],[-54.649702,-20.5364],[-54.649702,-20.536409],[-54.64974,-20.536409],[-54.64974,-20.536418],[-54.649768,-20.536419],[-54.649768,-20.536428],[-54.649816,-20.536428],[-54.649816,-20.536437],[-54.649845,-20.536438],[-54.649845,-20.536447],[-54.649902,-20.536447],[-54.649902,-20.536456],[-54.649912,-20.536457],[-54.649912,-20.536466],[-54.649931,-20.536466],[-54.649931,-20.536475],[-54.64994,-20.536475],[-54.64994,-20.536484],[-54.649959,-20.536484],[-54.649959,-20.536493],[-54.649978,-20.536494],[-54.649978,-20.536503],[-54.649997,-20.536503],[-54.649997,-20.536512],[-54.650007,-20.536512],[-54.650007,-20.536521],[-54.650026,-20.536521],[-54.650026,-20.53653],[-54.650045,-20.536531],[-54.650045,-20.53654],[-54.650054,-20.53654],[-54.650054,-20.536549],[-54.650073,-20.536549],[-54.650073,-20.536558],[-54.650083,-20.536558],[-54.650083,-20.536567],[-54.650092,-20.536567],[-54.650092,-20.536576],[-54.650102,-20.536577],[-54.650101,-20.536586],[-54.650111,-20.536586],[-54.650111,-20.536595],[-54.65012,-20.536595],[-54.65012,-20.536604],[-54.65013,-20.536604],[-54.65013,-20.536613],[-54.650139,-20.536613],[-54.650139,-20.536622],[-54.650149,-20.536622],[-54.650149,-20.536631],[-54.650158,-20.536632],[-54.650158,-20.536641],[-54.650168,-20.536641],[-54.650168,-20.53665],[-54.650177,-20.53665],[-54.650177,-20.536659],[-54.650187,-20.536659],[-54.650186,-20.536668],[-54.650196,-20.536668],[-54.650196,-20.536677],[-54.650205,-20.536677],[-54.650205,-20.536686],[-54.650215,-20.536686],[-54.650215,-20.536695],[-54.650224,-20.536696],[-54.650224,-20.536705],[-54.650234,-20.536705],[-54.650234,-20.536714],[-54.650243,-20.536714],[-54.650243,-20.536723],[-54.650253,-20.536723],[-54.650253,-20.536732],[-54.650262,-20.536732],[-54.650262,-20.536741],[-54.650272,-20.536741],[-54.650271,-20.53675],[-54.650281,-20.536751],[-54.650281,-20.53676],[-54.650291,-20.53676],[-54.65029,-20.536769],[-54.6503,-20.536769],[-54.6503,-20.536778],[-54.650309,-20.536778],[-54.650309,-20.536787],[-54.650319,-20.536787],[-54.650319,-20.536796],[-54.650328,-20.536796],[-54.650328,-20.536805],[-54.650338,-20.536806],[-54.650338,-20.536815],[-54.650347,-20.536815],[-54.650347,-20.536824],[-54.650357,-20.536824],[-54.650357,-20.536833],[-54.650941,-20.536841],[-54.650941,-20.53685],[-54.65096,-20.53685],[-54.65096,-20.536859],[-54.650979,-20.536859],[-54.650979,-20.536868],[-54.650998,-20.536869],[-54.650998,-20.536878],[-54.651017,-20.536878],[-54.651017,-20.536887],[-54.651036,-20.536887],[-54.651036,-20.536896],[-54.651055,-20.536897],[-54.651055,-20.536906],[-54.651074,-20.536906],[-54.651074,-20.536915],[-54.651093,-20.536915],[-54.651093,-20.536924],[-54.651112,-20.536924],[-54.651112,-20.536933],[-54.651131,-20.536934],[-54.651131,-20.536943],[-54.651151,-20.536943],[-54.65115,-20.536952],[-54.65117,-20.536952],[-54.651169,-20.536961],[-54.651189,-20.536962],[-54.651188,-20.536971],[-54.651208,-20.536971],[-54.651207,-20.53698],[-54.651227,-20.53698],[-54.651226,-20.536989],[-54.651246,-20.536989],[-54.651246,-20.536998],[-54.651265,-20.536999],[-54.651265,-20.537008],[-54.651284,-20.537008],[-54.651284,-20.537017],[-54.651303,-20.537017],[-54.651303,-20.537026],[-54.651667,-20.537031],[-54.651667,-20.53704],[-54.651676,-20.53704],[-54.651676,-20.537049],[-54.651686,-20.53705],[-54.651686,-20.537059],[-54.651695,-20.537059],[-54.651695,-20.537068],[-54.651705,-20.537068],[-54.651704,-20.537077],[-54.651714,-20.537077],[-54.651714,-20.537086],[-54.651724,-20.537086],[-54.651723,-20.537095],[-54.651733,-20.537095],[-54.651733,-20.537104],[-54.651742,-20.537104],[-54.651742,-20.537114],[-54.651752,-20.537114],[-54.651752,-20.537123],[-54.651761,-20.537123],[-54.651761,-20.537132],[-54.651771,-20.537132],[-54.651771,-20.537141],[-54.65178,-20.537141],[-54.65178,-20.53715],[-54.65179,-20.53715],[-54.65179,-20.537159],[-54.651799,-20.537159],[-54.651799,-20.537168],[-54.651809,-20.537169],[-54.651808,-20.537178],[-54.651818,-20.537178],[-54.651818,-20.537187],[-54.652153,-20.537191],[-54.652153,-20.5372],[-54.652163,-20.5372],[-54.652163,-20.53721],[-54.652172,-20.53721],[-54.652172,-20.537219],[-54.652182,-20.537219],[-54.652182,-20.537228],[-54.652191,-20.537228],[-54.652191,-20.537237],[-54.652201,-20.537237],[-54.6522,-20.537255],[-54.65221,-20.537255],[-54.65221,-20.537273],[-54.652219,-20.537274],[-54.652219,-20.537292],[-54.652228,-20.537292],[-54.652228,-20.53731],[-54.652238,-20.53731],[-54.652237,-20.537328],[-54.652247,-20.537328],[-54.652247,-20.537346],[-54.652256,-20.537346],[-54.652256,-20.537355],[-54.652266,-20.537355],[-54.652266,-20.537364],[-54.652275,-20.537365],[-54.652275,-20.537374],[-54.652285,-20.537374],[-54.652285,-20.537383],[-54.652294,-20.537383],[-54.652293,-20.537464],[-54.652312,-20.537464],[-54.652312,-20.537473],[-54.652322,-20.537474],[-54.652321,-20.537483],[-54.652331,-20.537483],[-54.652331,-20.537492],[-54.65234,-20.537492],[-54.65234,-20.537501],[-54.65235,-20.537501],[-54.65235,-20.53751],[-54.652359,-20.53751],[-54.652359,-20.537546],[-54.652368,-20.537546],[-54.652368,-20.537555],[-54.652378,-20.537556],[-54.652378,-20.537565],[-54.652387,-20.537565],[-54.652387,-20.537574],[-54.652397,-20.537574],[-54.652397,-20.537583],[-54.652406,-20.537583],[-54.652406,-20.537592],[-54.652416,-20.537592],[-54.652415,-20.537601],[-54.652425,-20.537601],[-54.652425,-20.53761],[-54.652435,-20.537611],[-54.652434,-20.53762],[-54.652444,-20.53762],[-54.652444,-20.537629],[-54.652453,-20.537629],[-54.652453,-20.537638],[-54.652463,-20.537638],[-54.652463,-20.537647],[-54.652472,-20.537647],[-54.652472,-20.537656],[-54.652482,-20.537656],[-54.652482,-20.537665],[-54.652491,-20.537665],[-54.652491,-20.537675],[-54.652501,-20.537675],[-54.6525,-20.537684],[-54.65251,-20.537684],[-54.65251,-20.537693],[-54.65252,-20.537693],[-54.652519,-20.537702],[-54.652558,-20.537703],[-54.652558,-20.537712],[-54.65273,-20.537714],[-54.65273,-20.537723],[-54.65274,-20.537723],[-54.652739,-20.537732],[-54.652749,-20.537732],[-54.652749,-20.537741],[-54.652758,-20.537741],[-54.652758,-20.53775],[-54.652768,-20.537751],[-54.652768,-20.53776],[-54.652777,-20.53776],[-54.652777,-20.537769],[-54.652787,-20.537769],[-54.652787,-20.537778],[-54.652796,-20.537778],[-54.652796,-20.537787],[-54.652806,-20.537787],[-54.652806,-20.537796],[-54.652815,-20.537796],[-54.652815,-20.537805],[-54.652825,-20.537805],[-54.652824,-20.537814],[-54.652834,-20.537815],[-54.652834,-20.537824],[-54.652843,-20.537824],[-54.652843,-20.537833],[-54.652853,-20.537833],[-54.652853,-20.537842],[-54.652862,-20.537842],[-54.652862,-20.537851],[-54.652872,-20.537851],[-54.652872,-20.53786],[-54.65291,-20.537861],[-54.65291,-20.53787],[-54.652967,-20.537871],[-54.652967,-20.53788],[-54.652996,-20.53788],[-54.652996,-20.537889],[-54.653025,-20.537889],[-54.653024,-20.537898],[-54.653044,-20.537899],[-54.653044,-20.537908],[-54.653053,-20.537908],[-54.653053,-20.537917],[-54.653063,-20.537917],[-54.653062,-20.537926],[-54.653082,-20.537926],[-54.653081,-20.537935],[-54.653091,-20.537936],[-54.653091,-20.537945],[-54.6531,-20.537945],[-54.6531,-20.537954],[-54.65311,-20.537954],[-54.65311,-20.537963],[-54.653119,-20.537963],[-54.653119,-20.537972],[-54.653129,-20.537972],[-54.653129,-20.537981],[-54.653138,-20.537981],[-54.653138,-20.53799],[-54.653148,-20.53799],[-54.653148,-20.537999],[-54.653157,-20.538],[-54.653157,-20.538009],[-54.653167,-20.538009],[-54.653166,-20.538018],[-54.653176,-20.538018],[-54.653176,-20.538027],[-54.653185,-20.538027],[-54.653185,-20.538036],[-54.653195,-20.538036],[-54.653195,-20.538045],[-54.653204,-20.538045],[-54.653204,-20.538054],[-54.653214,-20.538055],[-54.653214,-20.538064],[-54.653223,-20.538064],[-54.653223,-20.538073],[-54.653233,-20.538073],[-54.653233,-20.538082],[-54.653242,-20.538082],[-54.653242,-20.538091],[-54.653252,-20.538091],[-54.653251,-20.5381],[-54.653261,-20.5381],[-54.653261,-20.538109],[-54.653271,-20.53811],[-54.65327,-20.538119],[-54.65328,-20.538119],[-54.65328,-20.538128],[-54.653289,-20.538128],[-54.653289,-20.538137],[-54.653299,-20.538137],[-54.653298,-20.538173],[-54.653308,-20.538173],[-54.653307,-20.538218],[-54.653317,-20.538218],[-54.653316,-20.538264],[-54.653326,-20.538264],[-54.653325,-20.5383],[-54.653335,-20.5383],[-54.653335,-20.538309],[-54.653373,-20.53831],[-54.653373,-20.538319],[-54.653382,-20.538319],[-54.653382,-20.538328],[-54.653392,-20.538328],[-54.653392,-20.538337],[-54.653401,-20.538337],[-54.653401,-20.538346],[-54.653411,-20.538346],[-54.653411,-20.538355],[-54.65342,-20.538355],[-54.65342,-20.538364],[-54.65343,-20.538365],[-54.653429,-20.538374],[-54.653439,-20.538374],[-54.653439,-20.538383],[-54.653448,-20.538383],[-54.653448,-20.538392],[-54.653458,-20.538392],[-54.653458,-20.538401],[-54.653467,-20.538401],[-54.653467,-20.53841],[-54.653477,-20.53841],[-54.653477,-20.538419],[-54.653486,-20.538419],[-54.653486,-20.538428],[-54.653496,-20.538429],[-54.653496,-20.538438],[-54.653505,-20.538438],[-54.653505,-20.538447],[-54.653515,-20.538447],[-54.653514,-20.538456],[-54.653524,-20.538456],[-54.653524,-20.538465],[-54.653534,-20.538465],[-54.653533,-20.538519],[-54.653542,-20.53852],[-54.65354,-20.538682],[-54.653549,-20.538682],[-54.653549,-20.538691],[-54.653559,-20.538691],[-54.653559,-20.5387],[-54.653568,-20.538701],[-54.653568,-20.53871],[-54.653578,-20.53871],[-54.653578,-20.538719],[-54.653587,-20.538719],[-54.653587,-20.538728],[-54.653597,-20.538728],[-54.653596,-20.538737],[-54.653606,-20.538737],[-54.653606,-20.538746],[-54.653615,-20.538746],[-54.653615,-20.538755],[-54.653625,-20.538755],[-54.653625,-20.538764],[-54.653634,-20.538765],[-54.653634,-20.538774],[-54.653644,-20.538774],[-54.653644,-20.538792],[-54.653653,-20.538792],[-54.653652,-20.538864],[-54.653662,-20.538864],[-54.653661,-20.538891],[-54.653671,-20.538892],[-54.65367,-20.538919],[-54.65368,-20.538919],[-54.65368,-20.538946],[-54.653689,-20.538946],[-54.653689,-20.538955],[-54.653699,-20.538955],[-54.653698,-20.538964],[-54.653708,-20.538964],[-54.653708,-20.538973],[-54.653717,-20.538973],[-54.653717,-20.538982],[-54.653727,-20.538983],[-54.653727,-20.538992],[-54.653736,-20.538992],[-54.653736,-20.539001],[-54.653746,-20.539001],[-54.653746,-20.53901],[-54.653755,-20.53901],[-54.653755,-20.539019],[-54.653765,-20.539019],[-54.653765,-20.539028],[-54.653774,-20.539028],[-54.653774,-20.539037],[-54.653784,-20.539038],[-54.653783,-20.539047],[-54.653793,-20.539047],[-54.653793,-20.539056],[-54.653803,-20.539056],[-54.653802,-20.539065],[-54.653812,-20.539065],[-54.653812,-20.539074],[-54.65386,-20.539075],[-54.65386,-20.539084],[-54.653888,-20.539084],[-54.653888,-20.539093],[-54.653917,-20.539094],[-54.653917,-20.539103],[-54.653946,-20.539103],[-54.653945,-20.539112],[-54.653974,-20.539112],[-54.653974,-20.539121],[-54.653993,-20.539122],[-54.653993,-20.539131],[-54.654022,-20.539131],[-54.654022,-20.53914],[-54.65405,-20.539141],[-54.65405,-20.53915],[-54.654146,-20.539151],[-54.654146,-20.53916],[-54.654156,-20.53916],[-54.654155,-20.539169],[-54.654165,-20.539169],[-54.654165,-20.539178],[-54.654175,-20.539178],[-54.654174,-20.539187],[-54.654184,-20.539187],[-54.654184,-20.539196],[-54.654193,-20.539197],[-54.654193,-20.539206],[-54.654203,-20.539206],[-54.654203,-20.539215],[-54.654212,-20.539215],[-54.654212,-20.539224],[-54.654222,-20.539224],[-54.654222,-20.539233],[-54.654231,-20.539233],[-54.654231,-20.539242],[-54.654241,-20.539242],[-54.654241,-20.539251],[-54.65425,-20.539252],[-54.65425,-20.539261],[-54.65426,-20.539261],[-54.654259,-20.53927],[-54.654269,-20.53927],[-54.654269,-20.539279],[-54.654278,-20.539279],[-54.654278,-20.539288],[-54.654288,-20.539288],[-54.654288,-20.539297],[-54.654307,-20.539297],[-54.654307,-20.539307],[-54.654316,-20.539307],[-54.654316,-20.539316],[-54.654326,-20.539316],[-54.654326,-20.539325],[-54.654335,-20.539325],[-54.654335,-20.539334],[-54.654345,-20.539334],[-54.654345,-20.539343],[-54.654354,-20.539343],[-54.654354,-20.539352],[-54.654364,-20.539352],[-54.654363,-20.539361],[-54.654373,-20.539362],[-54.654373,-20.539371],[-54.654526,-20.539373],[-54.654526,-20.539364],[-54.654555,-20.539364],[-54.654555,-20.539355],[-54.654565,-20.539355],[-54.654565,-20.539364],[-54.654584,-20.539364],[-54.654584,-20.539373],[-54.654603,-20.539374],[-54.654603,-20.539383],[-54.654622,-20.539383],[-54.654622,-20.539392],[-54.654641,-20.539392],[-54.654641,-20.539401],[-54.65466,-20.539402],[-54.65466,-20.539411],[-54.654689,-20.539411],[-54.654689,-20.53942],[-54.654708,-20.53942],[-54.654708,-20.539429],[-54.654803,-20.539431],[-54.654803,-20.53944],[-54.654842,-20.53944],[-54.654841,-20.539449],[-54.65488,-20.53945],[-54.65488,-20.539459],[-54.654918,-20.539459],[-54.654918,-20.539468],[-54.654956,-20.539469],[-54.654956,-20.539478],[-54.654985,-20.539478],[-54.654985,-20.539487],[-54.654994,-20.539487],[-54.654994,-20.539496],[-54.655004,-20.539497],[-54.655004,-20.539506],[-54.655013,-20.539506],[-54.655013,-20.539515],[-54.655023,-20.539515],[-54.655022,-20.539524],[-54.655032,-20.539524],[-54.655032,-20.539533],[-54.655042,-20.539533],[-54.655041,-20.539542],[-54.655051,-20.539542],[-54.655051,-20.539551],[-54.65506,-20.539552],[-54.65506,-20.539561],[-54.65507,-20.539561],[-54.65507,-20.53957],[-54.655079,-20.53957],[-54.655079,-20.539579],[-54.655089,-20.539579],[-54.655089,-20.539588],[-54.655098,-20.539588],[-54.655098,-20.539597],[-54.655108,-20.539597],[-54.655107,-20.539606],[-54.655117,-20.539606],[-54.655117,-20.539615],[-54.655127,-20.539616],[-54.655126,-20.539625],[-54.655136,-20.539625],[-54.655136,-20.539634],[-54.655145,-20.539634],[-54.655145,-20.539643],[-54.655155,-20.539643],[-54.655155,-20.539652],[-54.655164,-20.539652],[-54.655164,-20.539661],[-54.655174,-20.539661],[-54.655174,-20.53967],[-54.655183,-20.539671],[-54.655183,-20.53968],[-54.655193,-20.53968],[-54.655193,-20.539689],[-54.655202,-20.539689],[-54.655202,-20.539698],[-54.655212,-20.539698],[-54.655211,-20.539707],[-54.655221,-20.539707],[-54.655221,-20.539716],[-54.65523,-20.539716],[-54.65523,-20.539725],[-54.65524,-20.539726],[-54.65524,-20.539735],[-54.655249,-20.539735],[-54.655249,-20.539744],[-54.655259,-20.539744],[-54.655259,-20.539753],[-54.655268,-20.539753],[-54.655268,-20.539762],[-54.655278,-20.539762],[-54.655278,-20.539771],[-54.655287,-20.539771],[-54.655287,-20.53978],[-54.655297,-20.53978],[-54.655296,-20.539789],[-54.655306,-20.53979],[-54.655306,-20.539799],[-54.655315,-20.539799],[-54.655315,-20.539808],[-54.655325,-20.539808],[-54.655325,-20.539817],[-54.655334,-20.539817],[-54.655334,-20.539826],[-54.655344,-20.539826],[-54.655344,-20.539835],[-54.655353,-20.539835],[-54.655353,-20.539844],[-54.655363,-20.539845],[-54.655363,-20.539854],[-54.655372,-20.539854],[-54.655372,-20.539863],[-54.655382,-20.539863],[-54.655381,-20.539872],[-54.655391,-20.539872],[-54.655391,-20.539881],[-54.6554,-20.539881],[-54.6554,-20.53989],[-54.65541,-20.53989],[-54.65541,-20.539899],[-54.655419,-20.5399],[-54.655419,-20.539909],[-54.655429,-20.539909],[-54.655429,-20.539918],[-54.655438,-20.539918],[-54.655438,-20.539927],[-54.655448,-20.539927],[-54.655448,-20.539936],[-54.655457,-20.539936],[-54.655457,-20.539945],[-54.655467,-20.539945],[-54.655466,-20.539954],[-54.655476,-20.539954],[-54.655476,-20.539964],[-54.655486,-20.539964],[-54.655485,-20.539973],[-54.655495,-20.539973],[-54.655495,-20.539982],[-54.655504,-20.539982],[-54.655504,-20.539991],[-54.655514,-20.539991],[-54.655514,-20.54],[-54.655523,-20.54],[-54.655523,-20.540009],[-54.655533,-20.540009],[-54.655533,-20.540018],[-54.655542,-20.540019],[-54.655542,-20.540028],[-54.655552,-20.540028],[-54.655552,-20.540037],[-54.655561,-20.540037],[-54.655561,-20.540046],[-54.655571,-20.540046],[-54.65557,-20.540055],[-54.65558,-20.540055],[-54.65558,-20.540064],[-54.655589,-20.540064],[-54.655589,-20.540073],[-54.655599,-20.540074],[-54.655599,-20.540083],[-54.655608,-20.540083],[-54.655608,-20.540092],[-54.655618,-20.540092],[-54.655618,-20.540101],[-54.655627,-20.540101],[-54.655627,-20.54011],[-54.655637,-20.54011],[-54.655637,-20.540119],[-54.655646,-20.540119],[-54.655646,-20.540128],[-54.655656,-20.540128],[-54.655655,-20.540138],[-54.655665,-20.540138],[-54.655665,-20.540147],[-54.655674,-20.540147],[-54.655674,-20.540156],[-54.655684,-20.540156],[-54.655684,-20.540165],[-54.655693,-20.540165],[-54.655693,-20.540174],[-54.655703,-20.540174],[-54.655703,-20.540183],[-54.655712,-20.540183],[-54.655712,-20.540192],[-54.655722,-20.540193],[-54.655722,-20.540202],[-54.655731,-20.540202],[-54.655731,-20.540211],[-54.655741,-20.540211],[-54.65574,-20.54022],[-54.65575,-20.54022],[-54.65575,-20.540229],[-54.655759,-20.540229],[-54.655759,-20.540238],[-54.655769,-20.540238],[-54.655769,-20.540247],[-54.655778,-20.540248],[-54.655778,-20.540257],[-54.655788,-20.540257],[-54.655788,-20.540266],[-54.655797,-20.540266],[-54.655797,-20.540275],[-54.655807,-20.540275],[-54.655807,-20.540284],[-54.655816,-20.540284],[-54.655816,-20.540293],[-54.655826,-20.540293],[-54.655825,-20.540302],[-54.655835,-20.540302],[-54.655835,-20.540312],[-54.655845,-20.540312],[-54.655844,-20.540321],[-54.655854,-20.540321],[-54.655854,-20.54033],[-54.655863,-20.54033],[-54.655863,-20.540339],[-54.655873,-20.540339],[-54.655873,-20.540348],[-54.655882,-20.540348],[-54.655882,-20.540357],[-54.655901,-20.540358],[-54.655901,-20.540367],[-54.65592,-20.540367],[-54.65592,-20.540376],[-54.655939,-20.540376],[-54.655939,-20.540385],[-54.655958,-20.540385],[-54.655958,-20.540394],[-54.655977,-20.540395],[-54.655977,-20.540404],[-54.655996,-20.540404],[-54.655996,-20.540413],[-54.656016,-20.540413],[-54.656015,-20.540422],[-54.656035,-20.540423],[-54.656034,-20.540432],[-54.656054,-20.540432],[-54.656053,-20.540441],[-54.656121,-20.540442],[-54.65612,-20.540451],[-54.656149,-20.540451],[-54.656149,-20.54046],[-54.656178,-20.540461],[-54.656178,-20.54047],[-54.656206,-20.54047],[-54.656206,-20.540479],[-54.656235,-20.540479],[-54.656235,-20.540489],[-54.656254,-20.540489],[-54.656254,-20.540498],[-54.656263,-20.540498],[-54.656263,-20.540507],[-54.656273,-20.540507],[-54.656273,-20.540516],[-54.656282,-20.540516],[-54.656282,-20.540525],[-54.656292,-20.540525],[-54.656292,-20.540534],[-54.656301,-20.540535],[-54.656301,-20.540544],[-54.656311,-20.540544],[-54.656311,-20.540553],[-54.65632,-20.540553],[-54.65632,-20.540562],[-54.65633,-20.540562],[-54.656329,-20.540571],[-54.656339,-20.540571],[-54.656339,-20.54058],[-54.656502,-20.540582],[-54.656502,-20.540591],[-54.656511,-20.540592],[-54.656511,-20.540601],[-54.656521,-20.540601],[-54.656521,-20.54061],[-54.65653,-20.54061],[-54.65653,-20.540619],[-54.65654,-20.540619],[-54.65654,-20.540628],[-54.656549,-20.540628],[-54.656549,-20.540637],[-54.656559,-20.540637],[-54.656558,-20.540646],[-54.656568,-20.540647],[-54.656568,-20.540656],[-54.656577,-20.540656],[-54.656577,-20.540665],[-54.656587,-20.540665],[-54.656587,-20.540674],[-54.656596,-20.540674],[-54.656596,-20.540683],[-54.656606,-20.540683],[-54.656606,-20.540692],[-54.656615,-20.540692],[-54.656615,-20.540701],[-54.656625,-20.540701],[-54.656625,-20.540711],[-54.656634,-20.540711],[-54.656634,-20.54072],[-54.656644,-20.54072],[-54.656643,-20.540729],[-54.656653,-20.540729],[-54.656653,-20.540738],[-54.656662,-20.540738],[-54.656662,-20.540747],[-54.656672,-20.540747],[-54.656672,-20.540756],[-54.656681,-20.540756],[-54.656681,-20.540765],[-54.65718,-20.540772],[-54.65718,-20.540763],[-54.657199,-20.540763],[-54.657199,-20.540754],[-54.657228,-20.540755],[-54.657228,-20.540746],[-54.657238,-20.540746],[-54.657238,-20.540737],[-54.657247,-20.540737],[-54.657247,-20.540728],[-54.657257,-20.540728],[-54.657257,-20.540719],[-54.657267,-20.540719],[-54.657267,-20.54071],[-54.657276,-20.54071],[-54.657277,-20.540701],[-54.657286,-20.540701],[-54.657286,-20.540692],[-54.657296,-20.540692],[-54.657296,-20.540683],[-54.657306,-20.540684],[-54.657306,-20.540675],[-54.657315,-20.540675],[-54.657315,-20.540666],[-54.657344,-20.540666],[-54.657344,-20.540657],[-54.657526,-20.540659],[-54.657526,-20.540669],[-54.657536,-20.540669],[-54.657536,-20.540678],[-54.657545,-20.540678],[-54.657545,-20.540687],[-54.657555,-20.540687],[-54.657555,-20.540696],[-54.657564,-20.540696],[-54.657564,-20.540705],[-54.657574,-20.540705],[-54.657574,-20.540714],[-54.657583,-20.540714],[-54.657583,-20.540723],[-54.657593,-20.540724],[-54.657592,-20.540733],[-54.657602,-20.540733],[-54.657602,-20.540742],[-54.657612,-20.540742],[-54.657611,-20.540751],[-54.657621,-20.540751],[-54.657621,-20.54076],[-54.65763,-20.54076],[-54.65763,-20.540769],[-54.65764,-20.540769],[-54.65764,-20.540778],[-54.657649,-20.540779],[-54.657649,-20.540788],[-54.657659,-20.540788],[-54.657659,-20.540797],[-54.657668,-20.540797],[-54.657668,-20.540806],[-54.657678,-20.540806],[-54.657678,-20.540815],[-54.657687,-20.540815],[-54.657687,-20.540824],[-54.657697,-20.540824],[-54.657696,-20.540833],[-54.657706,-20.540833],[-54.657706,-20.540843],[-54.657715,-20.540843],[-54.657725,-20.540843],[-54.657735,-20.540184],[-54.657783,-20.540184],[-54.657783,-20.540175],[-54.657793,-20.540175],[-54.657793,-20.540166],[-54.657802,-20.540167],[-54.657803,-20.540158],[-54.65787,-20.540158],[-54.65787,-20.54014],[-54.65788,-20.54014],[-54.65788,-20.540131],[-54.657889,-20.540132],[-54.657889,-20.540123],[-54.657899,-20.540123],[-54.657899,-20.540114],[-54.657909,-20.540114],[-54.657909,-20.540105],[-54.657918,-20.540105],[-54.657919,-20.540096],[-54.657928,-20.540096],[-54.657928,-20.540087],[-54.657947,-20.540087],[-54.657948,-20.540078],[-54.657957,-20.540078],[-54.657957,-20.540069],[-54.657976,-20.54007],[-54.657977,-20.540061],[-54.657996,-20.540061],[-54.657996,-20.540052],[-54.658005,-20.540052],[-54.658006,-20.540043],[-54.658025,-20.540043],[-54.658025,-20.540034],[-54.658035,-20.540034],[-54.658035,-20.540025],[-54.658054,-20.540025],[-54.658054,-20.540016],[-54.658064,-20.540017],[-54.658064,-20.540008],[-54.658083,-20.540008],[-54.658083,-20.539999],[-54.658093,-20.539999],[-54.658093,-20.53999],[-54.658102,-20.53999],[-54.658102,-20.539981],[-54.658112,-20.539981],[-54.658112,-20.539972],[-54.658122,-20.539972],[-54.658122,-20.539963],[-54.658131,-20.539963],[-54.658132,-20.539954],[-54.658141,-20.539954],[-54.658141,-20.539945],[-54.658151,-20.539945],[-54.658151,-20.539936],[-54.658161,-20.539937],[-54.658161,-20.539928],[-54.65817,-20.539928],[-54.658171,-20.539919],[-54.65818,-20.539919],[-54.65818,-20.53991],[-54.65819,-20.53991],[-54.65819,-20.539901],[-54.6582,-20.539901],[-54.6582,-20.539892],[-54.658209,-20.539892],[-54.658209,-20.539883],[-54.658219,-20.539883],[-54.658219,-20.539874],[-54.658229,-20.539874],[-54.658229,-20.539865],[-54.658238,-20.539865],[-54.658239,-20.539856],[-54.658248,-20.539857],[-54.658248,-20.539847],[-54.658258,-20.539848],[-54.658258,-20.539839],[-54.658268,-20.539839],[-54.658268,-20.53983],[-54.658277,-20.53983],[-54.658277,-20.539821],[-54.658287,-20.539821],[-54.658287,-20.539812],[-54.658297,-20.539812],[-54.658297,-20.539803],[-54.658306,-20.539803],[-54.658307,-20.539794],[-54.658316,-20.539794],[-54.658316,-20.539785],[-54.658326,-20.539785],[-54.658326,-20.539776],[-54.658336,-20.539776],[-54.658336,-20.539767],[-54.658345,-20.539768],[-54.658346,-20.539758],[-54.658355,-20.539759],[-54.658355,-20.53975],[-54.658365,-20.53975],[-54.658365,-20.539732],[-54.658375,-20.539732],[-54.658375,-20.539723],[-54.658384,-20.539723],[-54.658385,-20.539714],[-54.658394,-20.539714],[-54.658394,-20.539705],[-54.658404,-20.539705],[-54.658404,-20.539696],[-54.658414,-20.539696],[-54.658414,-20.539687],[-54.658423,-20.539687],[-54.658423,-20.539678],[-54.658433,-20.539678],[-54.658433,-20.539669],[-54.658443,-20.539669],[-54.658443,-20.53966],[-54.658452,-20.539661],[-54.658453,-20.539652],[-54.658462,-20.539652],[-54.658462,-20.539643],[-54.658472,-20.539643],[-54.658472,-20.539634],[-54.658951,-20.53964],[-54.658951,-20.539649],[-54.658961,-20.539649],[-54.658961,-20.539658],[-54.65897,-20.539659],[-54.65897,-20.539668],[-54.65898,-20.539668],[-54.658979,-20.539677],[-54.658989,-20.539677],[-54.658989,-20.539686],[-54.658999,-20.539686],[-54.658998,-20.539695],[-54.659008,-20.539695],[-54.659008,-20.539704],[-54.659017,-20.539704],[-54.659017,-20.539713],[-54.659027,-20.539714],[-54.659027,-20.539723],[-54.659065,-20.539723],[-54.659065,-20.539732],[-54.659075,-20.539732],[-54.659074,-20.539741],[-54.659084,-20.539741],[-54.659084,-20.53975],[-54.659093,-20.539751],[-54.659093,-20.53976],[-54.659103,-20.53976],[-54.659103,-20.539778],[-54.659112,-20.539778],[-54.659112,-20.539787],[-54.659122,-20.539787],[-54.659121,-20.539796],[-54.659131,-20.539796],[-54.65913,-20.539832],[-54.65914,-20.539832],[-54.65914,-20.539841],[-54.65915,-20.539842],[-54.659149,-20.539851],[-54.659159,-20.539851],[-54.659159,-20.53986],[-54.659168,-20.53986],[-54.659168,-20.539869],[-54.659255,-20.53987],[-54.659254,-20.539879],[-54.659274,-20.539879],[-54.659273,-20.539888],[-54.659283,-20.539889],[-54.659283,-20.539907],[-54.659292,-20.539907],[-54.659292,-20.539916],[-54.659302,-20.539916],[-54.659302,-20.539925],[-54.659311,-20.539925],[-54.659311,-20.539934],[-54.659321,-20.539934],[-54.659321,-20.539943],[-54.659646,-20.539948],[-54.659646,-20.539957],[-54.659972,-20.539961],[-54.659972,-20.53997],[-54.660001,-20.53997],[-54.660001,-20.53998],[-54.660432,-20.539985],[-54.660432,-20.539994],[-54.66047,-20.539995],[-54.66047,-20.540004],[-54.660508,-20.540004],[-54.660508,-20.540013],[-54.660518,-20.540014],[-54.660518,-20.540023],[-54.660527,-20.540023],[-54.660527,-20.540032],[-54.660537,-20.540032],[-54.660536,-20.54005],[-54.660546,-20.54005],[-54.660546,-20.540059],[-54.660555,-20.540059],[-54.660555,-20.540068],[-54.660565,-20.540068],[-54.660565,-20.540077],[-54.660574,-20.540078],[-54.660574,-20.540087],[-54.660584,-20.540087],[-54.660584,-20.540096],[-54.661092,-20.540103],[-54.661092,-20.540112],[-54.661302,-20.540114],[-54.661302,-20.540124],[-54.661504,-20.540126],[-54.661504,-20.540099],[-54.661514,-20.540099],[-54.661514,-20.54009],[-54.661523,-20.54009],[-54.661523,-20.540081],[-54.661533,-20.540081],[-54.661533,-20.540072],[-54.661543,-20.540073],[-54.661543,-20.540064],[-54.661552,-20.540064],[-54.661553,-20.540055],[-54.661562,-20.540055],[-54.661562,-20.540046],[-54.66161,-20.540046],[-54.66161,-20.540055],[-54.661716,-20.540057],[-54.661715,-20.540066],[-54.66208,-20.540071],[-54.662079,-20.54008],[-54.662089,-20.54008],[-54.662089,-20.540089],[-54.662118,-20.540089],[-54.662118,-20.540098],[-54.662146,-20.540099],[-54.662146,-20.540108],[-54.662175,-20.540108],[-54.662175,-20.540117],[-54.662213,-20.540118],[-54.662213,-20.540127],[-54.662251,-20.540127],[-54.662251,-20.540136],[-54.66228,-20.540137],[-54.66228,-20.540146],[-54.662289,-20.540146],[-54.662289,-20.540155],[-54.662299,-20.540155],[-54.662299,-20.540164],[-54.662308,-20.540164],[-54.662308,-20.540173],[-54.662318,-20.540173],[-54.662318,-20.540182],[-54.662327,-20.540183],[-54.662327,-20.540192],[-54.662404,-20.540193],[-54.662404,-20.540202],[-54.66248,-20.540203],[-54.66248,-20.540212],[-54.663209,-20.540221],[-54.663208,-20.540231],[-54.663228,-20.540231],[-54.663227,-20.54024],[-54.663256,-20.54024],[-54.663256,-20.540249],[-54.663275,-20.540249],[-54.663275,-20.540259],[-54.663409,-20.54026],[-54.663409,-20.540269],[-54.663831,-20.540275],[-54.663831,-20.540257],[-54.663841,-20.540257],[-54.663841,-20.540239],[-54.663851,-20.540239],[-54.663851,-20.540203],[-54.663861,-20.540203],[-54.663861,-20.540194],[-54.66388,-20.540194],[-54.66388,-20.540203],[-54.66389,-20.540204],[-54.663889,-20.540213],[-54.663909,-20.540213],[-54.663908,-20.540222],[-54.663928,-20.540222],[-54.663927,-20.540231],[-54.663947,-20.540231],[-54.663946,-20.54024],[-54.663975,-20.540241],[-54.663975,-20.54025],[-54.663985,-20.54025],[-54.663985,-20.540259],[-54.663994,-20.540259],[-54.663994,-20.540268],[-54.664004,-20.540268],[-54.664003,-20.540277],[-54.664013,-20.540277],[-54.664013,-20.540287],[-54.664022,-20.540287],[-54.664022,-20.540296],[-54.664032,-20.540296],[-54.664032,-20.540305],[-54.664041,-20.540305],[-54.664041,-20.540314],[-54.664051,-20.540314],[-54.664051,-20.540323],[-54.66406,-20.540323],[-54.66406,-20.540332],[-54.66407,-20.540332],[-54.66407,-20.540341],[-54.664079,-20.540342],[-54.664079,-20.540351],[-54.664089,-20.540351],[-54.664088,-20.54036],[-54.664098,-20.54036],[-54.664098,-20.540369],[-54.664107,-20.540369],[-54.664107,-20.540378],[-54.664117,-20.540378],[-54.664117,-20.540387],[-54.664126,-20.540387],[-54.664126,-20.540396],[-54.664136,-20.540397],[-54.664136,-20.540406],[-54.664145,-20.540406],[-54.664145,-20.540415],[-54.664155,-20.540415],[-54.664155,-20.540424],[-54.664164,-20.540424],[-54.664164,-20.540433],[-54.664174,-20.540433],[-54.664173,-20.540442],[-54.664183,-20.540442],[-54.664183,-20.540451],[-54.664193,-20.540451],[-54.664192,-20.540461],[-54.664202,-20.540461],[-54.664202,-20.54047],[-54.664211,-20.54047],[-54.664211,-20.540479],[-54.664221,-20.540479],[-54.664221,-20.540488],[-54.66423,-20.540488],[-54.66423,-20.540497],[-54.66424,-20.540497],[-54.66424,-20.540506],[-54.664249,-20.540506],[-54.664249,-20.540515],[-54.664259,-20.540516],[-54.664259,-20.540525],[-54.664268,-20.540525],[-54.664268,-20.540534],[-54.664278,-20.540534],[-54.664277,-20.540543],[-54.664287,-20.540543],[-54.664287,-20.540552],[-54.664296,-20.540552],[-54.664296,-20.540561],[-54.664306,-20.540561],[-54.664306,-20.54057],[-54.66491,-20.540579],[-54.664909,-20.540588],[-54.664919,-20.540588],[-54.664919,-20.540597],[-54.664928,-20.540597],[-54.664928,-20.540606],[-54.664938,-20.540606],[-54.664938,-20.540615],[-54.664947,-20.540615],[-54.664947,-20.540624],[-54.664957,-20.540624],[-54.664957,-20.540633],[-54.664966,-20.540633],[-54.664966,-20.540643],[-54.664976,-20.540643],[-54.664976,-20.540652],[-54.664985,-20.540652],[-54.664985,-20.540661],[-54.664995,-20.540661],[-54.664994,-20.54067],[-54.665004,-20.54067],[-54.665004,-20.540679],[-54.665014,-20.540679],[-54.665013,-20.540688],[-54.665023,-20.540688],[-54.665023,-20.540697],[-54.665032,-20.540698],[-54.665032,-20.540707],[-54.665042,-20.540707],[-54.665042,-20.540716],[-54.665051,-20.540716],[-54.665051,-20.540725],[-54.665061,-20.540725],[-54.665061,-20.540734],[-54.66507,-20.540734],[-54.66507,-20.540743],[-54.66508,-20.540743],[-54.66508,-20.540752],[-54.665338,-20.540756],[-54.665338,-20.540747],[-54.665597,-20.54075],[-54.665597,-20.540741],[-54.665607,-20.540741],[-54.665607,-20.540732],[-54.665617,-20.540733],[-54.665617,-20.540724],[-54.665626,-20.540724],[-54.665627,-20.540715],[-54.665636,-20.540715],[-54.665636,-20.540706],[-54.665646,-20.540706],[-54.665646,-20.540697],[-54.665656,-20.540697],[-54.665656,-20.540688],[-54.665665,-20.540688],[-54.665665,-20.540679],[-54.665675,-20.540679],[-54.665675,-20.54067],[-54.665685,-20.54067],[-54.665685,-20.540661],[-54.665694,-20.540661],[-54.665695,-20.540652],[-54.665704,-20.540652],[-54.665704,-20.540643],[-54.665714,-20.540644],[-54.665714,-20.540635],[-54.665724,-20.540635],[-54.665724,-20.540626],[-54.665733,-20.540626],[-54.665733,-20.540617],[-54.665743,-20.540617],[-54.665743,-20.540608],[-54.665753,-20.540608],[-54.665753,-20.540599],[-54.665763,-20.540599],[-54.665763,-20.54059],[-54.665772,-20.54059],[-54.665772,-20.540581],[-54.665782,-20.540581],[-54.665782,-20.540572],[-54.665792,-20.540572],[-54.665792,-20.540563],[-54.665801,-20.540563],[-54.665802,-20.540554],[-54.665811,-20.540555],[-54.665811,-20.540546],[-54.665821,-20.540546],[-54.665821,-20.540537],[-54.666856,-20.540551],[-54.666856,-20.540542],[-54.666866,-20.540542],[-54.666866,-20.540524],[-54.666876,-20.540524],[-54.666876,-20.540506],[-54.666886,-20.540506],[-54.666886,-20.540488],[-54.666895,-20.540488],[-54.666896,-20.54047],[-54.666905,-20.54047],[-54.666906,-20.540452],[-54.666915,-20.540452],[-54.666915,-20.540434],[-54.666925,-20.540434],[-54.666925,-20.540407],[-54.666935,-20.540407],[-54.666935,-20.540389],[-54.666945,-20.540389],[-54.666945,-20.540371],[-54.666955,-20.540371],[-54.666955,-20.540353],[-54.666965,-20.540353],[-54.666965,-20.540335],[-54.666974,-20.540335],[-54.666975,-20.540317],[-54.666984,-20.540318],[-54.666985,-20.540299],[-54.666994,-20.5403],[-54.666994,-20.540282],[-54.667004,-20.540282],[-54.667004,-20.540255],[-54.667014,-20.540255],[-54.667014,-20.540237],[-54.667024,-20.540237],[-54.667024,-20.540219],[-54.667034,-20.540219],[-54.667034,-20.540201],[-54.667044,-20.540201],[-54.667044,-20.540192],[-54.667063,-20.540192],[-54.667063,-20.540201],[-54.667092,-20.540202],[-54.667091,-20.540211],[-54.667111,-20.540211],[-54.66711,-20.54022],[-54.667139,-20.54022],[-54.667139,-20.540229],[-54.667158,-20.54023],[-54.667158,-20.540239],[-54.667177,-20.540239],[-54.667177,-20.540248],[-54.667206,-20.540248],[-54.667206,-20.540257],[-54.667225,-20.540258],[-54.667225,-20.540267],[-54.667254,-20.540267],[-54.667253,-20.540276],[-54.667273,-20.540276],[-54.667272,-20.540285],[-54.667292,-20.540286],[-54.667291,-20.540295],[-54.66732,-20.540295],[-54.66732,-20.540304],[-54.667339,-20.540304],[-54.667339,-20.540313],[-54.667368,-20.540314],[-54.667368,-20.540323],[-54.667387,-20.540323],[-54.667387,-20.540332],[-54.667406,-20.540332],[-54.667406,-20.540341],[-54.667435,-20.540342],[-54.667434,-20.540351],[-54.667454,-20.540351],[-54.667453,-20.54036],[-54.667482,-20.54036],[-54.667482,-20.540369],[-54.667501,-20.54037],[-54.667501,-20.540379],[-54.66752,-20.540379],[-54.66752,-20.540388],[-54.667549,-20.540388],[-54.667549,-20.540397],[-54.668373,-20.540408],[-54.668373,-20.540417],[-54.668382,-20.540418],[-54.668382,-20.540436],[-54.668392,-20.540436],[-54.668392,-20.540445],[-54.668391,-20.540463],[-54.668401,-20.540463],[-54.668401,-20.540481],[-54.66841,-20.540481],[-54.66841,-20.540508],[-54.668419,-20.540508],[-54.668419,-20.540526],[-54.668429,-20.540527],[-54.668429,-20.540536],[-54.669617,-20.540552],[-54.669617,-20.540543],[-54.669656,-20.540543],[-54.669656,-20.540534],[-54.669694,-20.540535],[-54.669694,-20.540526],[-54.669733,-20.540526],[-54.669733,-20.540517],[-54.669771,-20.540518],[-54.669771,-20.540509],[-54.66981,-20.540509],[-54.66981,-20.5405],[-54.669848,-20.540501],[-54.669848,-20.540492],[-54.669887,-20.540492],[-54.669887,-20.540483],[-54.669925,-20.540484],[-54.669925,-20.540474],[-54.669963,-20.540475],[-54.669964,-20.540466],[-54.670002,-20.540466],[-54.670002,-20.540457],[-54.67005,-20.540458],[-54.67005,-20.540449],[-54.670088,-20.54045],[-54.670089,-20.540441],[-54.670137,-20.540441],[-54.670137,-20.540432],[-54.670146,-20.540432],[-54.670146,-20.540423],[-54.670223,-20.540424],[-54.670223,-20.540415],[-54.670252,-20.540416],[-54.670252,-20.540407],[-54.6703,-20.540407],[-54.6703,-20.540398],[-54.670348,-20.540399],[-54.670348,-20.54039],[-54.670358,-20.54039],[-54.670358,-20.540381],[-54.670578,-20.540384],[-54.670579,-20.540375],[-54.670588,-20.540375],[-54.670588,-20.540366],[-54.670598,-20.540366],[-54.670598,-20.540357],[-54.670608,-20.540357],[-54.670608,-20.540339],[-54.670617,-20.540339],[-54.670618,-20.54033],[-54.670627,-20.54033],[-54.670627,-20.540321],[-54.670637,-20.540322],[-54.670637,-20.540312],[-54.670647,-20.540313],[-54.670647,-20.540304],[-54.670656,-20.540304],[-54.670656,-20.540295],[-54.670666,-20.540295],[-54.670666,-20.540286],[-54.670676,-20.540286],[-54.670676,-20.540277],[-54.670685,-20.540277],[-54.670686,-20.540268],[-54.670695,-20.540268],[-54.670695,-20.540259],[-54.670705,-20.540259],[-54.670705,-20.54025],[-54.670715,-20.54025],[-54.670715,-20.540241],[-54.670724,-20.540241],[-54.670725,-20.540232],[-54.670734,-20.540233],[-54.670734,-20.540223],[-54.670744,-20.540224],[-54.670744,-20.540215],[-54.670754,-20.540215],[-54.670754,-20.540206],[-54.670763,-20.540206],[-54.670763,-20.540197],[-54.670773,-20.540197],[-54.670773,-20.540188],[-54.670783,-20.540188],[-54.670783,-20.540179],[-54.670792,-20.540179],[-54.67084,-20.54018],[-54.670839,-20.540243],[-54.670849,-20.540243],[-54.670849,-20.540252],[-54.670858,-20.540252],[-54.670858,-20.540261],[-54.670868,-20.540261],[-54.670868,-20.54027],[-54.670877,-20.540271],[-54.670877,-20.540289],[-54.670887,-20.540289],[-54.670886,-20.540298],[-54.670896,-20.540298],[-54.670896,-20.540307],[-54.670906,-20.540307],[-54.670904,-20.540433],[-54.670913,-20.540434],[-54.670913,-20.540461],[-54.670922,-20.540461],[-54.670922,-20.540488],[-54.670932,-20.540488],[-54.670931,-20.540515],[-54.670941,-20.540515],[-54.67094,-20.540551],[-54.67095,-20.540551],[-54.670949,-20.540579],[-54.670959,-20.540579],[-54.670958,-20.540615],[-54.670968,-20.540615],[-54.670967,-20.540651],[-54.670977,-20.540651],[-54.670977,-20.540678],[-54.670986,-20.540678],[-54.670981,-20.541003],[-54.670962,-20.541003],[-54.670962,-20.541012],[-54.670952,-20.541012],[-54.670952,-20.541021],[-54.670943,-20.541021],[-54.670943,-20.54103],[-54.670923,-20.54103],[-54.670923,-20.541039],[-54.670914,-20.541039],[-54.670913,-20.541048],[-54.670904,-20.541048],[-54.670904,-20.541057],[-54.670894,-20.541056],[-54.670894,-20.541065],[-54.670875,-20.541065],[-54.670875,-20.541074],[-54.670865,-20.541074],[-54.670865,-20.541083],[-54.670855,-20.541083],[-54.670855,-20.541092],[-54.670836,-20.541092],[-54.670836,-20.541101],[-54.670826,-20.541101],[-54.670826,-20.54111],[-54.670817,-20.54111],[-54.670817,-20.541119],[-54.670797,-20.541118],[-54.670797,-20.541127],[-54.670788,-20.541127],[-54.670788,-20.541136],[-54.670778,-20.541136],[-54.670778,-20.541145],[-54.670787,-20.541145],[-54.670787,-20.541163],[-54.670797,-20.541163],[-54.670796,-20.541191],[-54.670806,-20.541191],[-54.670805,-20.541218],[-54.670815,-20.541218],[-54.670814,-20.541254],[-54.670805,-20.541254],[-54.670805,-20.541263],[-54.670795,-20.541263],[-54.670795,-20.541272],[-54.670785,-20.541272],[-54.670785,-20.541281],[-54.670776,-20.541281],[-54.670776,-20.54129],[-54.670766,-20.54129],[-54.670766,-20.541299],[-54.670756,-20.541298],[-54.670756,-20.541307],[-54.670747,-20.541307],[-54.670746,-20.541316],[-54.670737,-20.541316],[-54.670737,-20.541325],[-54.670727,-20.541325],[-54.670727,-20.541334],[-54.670717,-20.541334],[-54.670717,-20.541343],[-54.670708,-20.541343],[-54.670708,-20.541352],[-54.670698,-20.541352],[-54.670698,-20.541361],[-54.670688,-20.541361],[-54.670688,-20.54137],[-54.670679,-20.54137],[-54.670678,-20.541379],[-54.670669,-20.541379],[-54.670669,-20.541388],[-54.670659,-20.541387],[-54.670659,-20.541396],[-54.670381,-20.541393],[-54.670381,-20.541402],[-54.670199,-20.541399],[-54.670199,-20.541408],[-54.670179,-20.541408],[-54.670179,-20.541417],[-54.670141,-20.541417],[-54.670141,-20.541426],[-54.670093,-20.541425],[-54.670093,-20.541434],[-54.670045,-20.541433],[-54.670045,-20.541442],[-54.669987,-20.541442],[-54.669987,-20.541451],[-54.669939,-20.54145],[-54.669939,-20.541459],[-54.669891,-20.541458],[-54.669891,-20.541467],[-54.669843,-20.541467],[-54.669843,-20.541476],[-54.669785,-20.541475],[-54.669785,-20.541484],[-54.669737,-20.541483],[-54.669737,-20.541492],[-54.669689,-20.541492],[-54.669689,-20.541501],[-54.669641,-20.5415],[-54.669641,-20.541509],[-54.669583,-20.541508],[-54.669583,-20.541517],[-54.669535,-20.541517],[-54.669535,-20.541526],[-54.669487,-20.541525],[-54.669487,-20.541534],[-54.669458,-20.541534],[-54.669458,-20.541543],[-54.669449,-20.541543],[-54.669448,-20.541561],[-54.669439,-20.541561],[-54.669438,-20.541624],[-54.669428,-20.541624],[-54.669427,-20.541687],[-54.669418,-20.541687],[-54.669417,-20.541723],[-54.669417,-20.541741],[-54.669407,-20.541741],[-54.669406,-20.541804],[-54.669397,-20.541804],[-54.669396,-20.541867],[-54.669386,-20.541867],[-54.669386,-20.541921],[-54.669376,-20.541921],[-54.669375,-20.541984],[-54.669365,-20.541984],[-54.669365,-20.542038],[-54.669355,-20.542038],[-54.669354,-20.542101],[-54.669344,-20.542101],[-54.669343,-20.542164],[-54.669334,-20.542164],[-54.669334,-20.542182],[-54.669343,-20.542182],[-54.669343,-20.54221],[-54.669352,-20.54221],[-54.669352,-20.542237],[-54.669362,-20.542237],[-54.669361,-20.542255],[-54.669371,-20.542255],[-54.66937,-20.542282],[-54.66938,-20.542282],[-54.66938,-20.5423],[-54.669389,-20.5423],[-54.669389,-20.542328],[-54.669399,-20.542328],[-54.669398,-20.542346],[-54.669408,-20.542346],[-54.669407,-20.542373],[-54.669417,-20.542373],[-54.669417,-20.542391],[-54.669426,-20.542391],[-54.669426,-20.542418],[-54.669435,-20.542418],[-54.669435,-20.542437],[-54.669445,-20.542437],[-54.669444,-20.542464],[-54.669454,-20.542464],[-54.669454,-20.542491],[-54.669463,-20.542491],[-54.669463,-20.542509],[-54.669472,-20.542509],[-54.669472,-20.542536],[-54.669482,-20.542536],[-54.669481,-20.542555],[-54.669491,-20.542555],[-54.669491,-20.542582],[-54.6695,-20.542582],[-54.6695,-20.5426],[-54.669509,-20.5426],[-54.669509,-20.542627],[-54.669519,-20.542627],[-54.669518,-20.542645],[-54.669528,-20.542645],[-54.669527,-20.542673],[-54.669537,-20.542673],[-54.669537,-20.542691],[-54.669527,-20.542691],[-54.669527,-20.542709],[-54.669498,-20.542708],[-54.669498,-20.542717],[-54.669469,-20.542717],[-54.669469,-20.542726],[-54.66945,-20.542726],[-54.66945,-20.542735],[-54.669421,-20.542734],[-54.669421,-20.542743],[-54.669402,-20.542743],[-54.669402,-20.542752],[-54.669373,-20.542752],[-54.669373,-20.542761],[-54.669344,-20.54276],[-54.669344,-20.542769],[-54.669325,-20.542769],[-54.669325,-20.542778],[-54.669296,-20.542778],[-54.669296,-20.542787],[-54.669277,-20.542787],[-54.669276,-20.542796],[-54.669248,-20.542795],[-54.669247,-20.542804],[-54.669219,-20.542804],[-54.669219,-20.542813],[-54.669199,-20.542813],[-54.669199,-20.542822],[-54.669171,-20.542821],[-54.66917,-20.54283],[-54.669151,-20.54283],[-54.669151,-20.542839],[-54.669122,-20.542839],[-54.669122,-20.542848],[-54.669093,-20.542847],[-54.669093,-20.542856],[-54.669074,-20.542856],[-54.669074,-20.542865],[-54.669045,-20.542865],[-54.669045,-20.542874],[-54.669016,-20.542873],[-54.669016,-20.542882],[-54.668997,-20.542882],[-54.668997,-20.542891],[-54.668968,-20.542891],[-54.668968,-20.5429],[-54.668949,-20.5429],[-54.668949,-20.542909],[-54.66892,-20.542908],[-54.66892,-20.542917],[-54.668891,-20.542917],[-54.668891,-20.542926],[-54.668872,-20.542926],[-54.668872,-20.542935],[-54.668843,-20.542934],[-54.668843,-20.542943],[-54.668824,-20.542943],[-54.668823,-20.542952],[-54.668795,-20.542952],[-54.668795,-20.542961],[-54.668766,-20.54296],[-54.668766,-20.542969],[-54.668746,-20.542969],[-54.668746,-20.542978],[-54.668718,-20.542978],[-54.668717,-20.542987],[-54.668698,-20.542987],[-54.668698,-20.542996],[-54.668669,-20.542995],[-54.668669,-20.543004],[-54.66864,-20.543004],[-54.66864,-20.543013],[-54.668621,-20.543013],[-54.668621,-20.543022],[-54.668592,-20.543021],[-54.668592,-20.54303],[-54.668573,-20.54303],[-54.668573,-20.543039],[-54.668544,-20.543039],[-54.668544,-20.543048],[-54.668515,-20.543047],[-54.668515,-20.543056],[-54.668496,-20.543056],[-54.668496,-20.543065],[-54.668467,-20.543065],[-54.668467,-20.543074],[-54.668457,-20.543074],[-54.668457,-20.543101],[-54.668447,-20.543101],[-54.668447,-20.54311],[-54.668438,-20.543109],[-54.668437,-20.543173],[-54.668427,-20.543172],[-54.668426,-20.543227],[-54.668417,-20.543227],[-54.668415,-20.543299],[-54.668406,-20.543299],[-54.668405,-20.543353],[-54.668395,-20.543353],[-54.668395,-20.543416],[-54.668385,-20.543416],[-54.668384,-20.543479],[-54.668374,-20.543479],[-54.668373,-20.543542],[-54.668364,-20.543542],[-54.668363,-20.543596],[-54.668353,-20.543596],[-54.668353,-20.543659],[-54.668343,-20.543659],[-54.668342,-20.543713],[-54.668333,-20.543713],[-54.668332,-20.543722],[-54.668323,-20.543722],[-54.668323,-20.543731],[-54.668313,-20.543731],[-54.668313,-20.54374],[-54.668303,-20.54374],[-54.668303,-20.543749],[-54.668294,-20.543749],[-54.668293,-20.543758],[-54.668284,-20.543758],[-54.668284,-20.543767],[-54.668265,-20.543766],[-54.668264,-20.543775],[-54.668236,-20.543775],[-54.668236,-20.543784],[-54.668216,-20.543784],[-54.668216,-20.543793],[-54.668197,-20.543793],[-54.668197,-20.543802],[-54.668178,-20.543801],[-54.668178,-20.54381],[-54.668149,-20.54381],[-54.668149,-20.543819],[-54.66813,-20.543819],[-54.668129,-20.543828],[-54.66812,-20.543828],[-54.66812,-20.543837],[-54.66811,-20.543836],[-54.66811,-20.543846],[-54.6681,-20.543845],[-54.6681,-20.543854],[-54.668091,-20.543854],[-54.668091,-20.543863],[-54.668081,-20.543863],[-54.668081,-20.543872],[-54.668071,-20.543872],[-54.668071,-20.543881],[-54.668062,-20.543881],[-54.668061,-20.54389],[-54.668052,-20.54389],[-54.668052,-20.543899],[-54.668042,-20.543899],[-54.668042,-20.543926],[-54.668032,-20.543926],[-54.668032,-20.543935],[-54.668022,-20.543935],[-54.668022,-20.543944],[-54.668013,-20.543944],[-54.668012,-20.543962],[-54.668022,-20.543962],[-54.668022,-20.54398],[-54.668031,-20.54398],[-54.668031,-20.544007],[-54.66804,-20.544007],[-54.66804,-20.544034],[-54.66805,-20.544034],[-54.668049,-20.544061],[-54.668059,-20.544062],[-54.668059,-20.54408],[-54.668049,-20.544079],[-54.668049,-20.54407],[-54.668039,-20.54407],[-54.66804,-20.544061],[-54.66803,-20.544061],[-54.66803,-20.544052],[-54.668021,-20.544052],[-54.668021,-20.544043],[-54.668011,-20.544043],[-54.668011,-20.544034],[-54.668002,-20.544034],[-54.668002,-20.544025],[-54.667992,-20.544025],[-54.667992,-20.544016],[-54.667983,-20.544015],[-54.667983,-20.544006],[-54.667973,-20.544006],[-54.667973,-20.543997],[-54.667887,-20.543996],[-54.667887,-20.543987],[-54.667868,-20.543987],[-54.667868,-20.543996],[-54.667849,-20.543996],[-54.667849,-20.544005],[-54.66783,-20.544004],[-54.667829,-20.544013],[-54.66781,-20.544013],[-54.66781,-20.544022],[-54.667791,-20.544022],[-54.667791,-20.544031],[-54.667772,-20.544031],[-54.667772,-20.54404],[-54.667752,-20.544039],[-54.667752,-20.544048],[-54.667733,-20.544048],[-54.667733,-20.544057],[-54.667714,-20.544057],[-54.667714,-20.544066],[-54.667694,-20.544066],[-54.667694,-20.544075],[-54.667675,-20.544074],[-54.667675,-20.544083],[-54.667646,-20.544083],[-54.667646,-20.544092],[-54.667627,-20.544092],[-54.667627,-20.544101],[-54.667617,-20.544101],[-54.667617,-20.54411],[-54.667607,-20.54411],[-54.667607,-20.544119],[-54.667598,-20.544119],[-54.667598,-20.544128],[-54.667588,-20.544127],[-54.667588,-20.544136],[-54.667578,-20.544136],[-54.667578,-20.544145],[-54.667569,-20.544145],[-54.667568,-20.544154],[-54.667559,-20.544154],[-54.667559,-20.544163],[-54.667549,-20.544163],[-54.667549,-20.544172],[-54.667539,-20.544172],[-54.667539,-20.544181],[-54.66753,-20.544181],[-54.667529,-20.544199],[-54.66752,-20.544199],[-54.66752,-20.544208],[-54.66751,-20.544208],[-54.66751,-20.544226],[-54.667491,-20.544225],[-54.667491,-20.544235],[-54.667481,-20.544234],[-54.667481,-20.544243],[-54.667471,-20.544243],[-54.667471,-20.544252],[-54.667442,-20.544252],[-54.667442,-20.544261],[-54.667385,-20.54426],[-54.667385,-20.544269],[-54.667375,-20.544269],[-54.667375,-20.544278],[-54.667365,-20.544278],[-54.667365,-20.544287],[-54.667356,-20.544287],[-54.667355,-20.544296],[-54.667307,-20.544295],[-54.667307,-20.544304],[-54.667298,-20.544304],[-54.667298,-20.544313],[-54.667269,-20.544313],[-54.667269,-20.544322],[-54.66724,-20.544321],[-54.66724,-20.54433],[-54.667211,-20.54433],[-54.667211,-20.544339],[-54.667173,-20.544339],[-54.667172,-20.544348],[-54.667144,-20.544347],[-54.667144,-20.544356],[-54.667115,-20.544356],[-54.667115,-20.544365],[-54.667076,-20.544364],[-54.667076,-20.544373],[-54.667047,-20.544373],[-54.667047,-20.544382],[-54.667019,-20.544382],[-54.667018,-20.544391],[-54.66698,-20.54439],[-54.66698,-20.544399],[-54.666951,-20.544399],[-54.666951,-20.544408],[-54.666913,-20.544407],[-54.666913,-20.544416],[-54.666884,-20.544416],[-54.666884,-20.544425],[-54.666855,-20.544425],[-54.666855,-20.544434],[-54.666816,-20.544433],[-54.666816,-20.544442],[-54.666788,-20.544442],[-54.666787,-20.544451],[-54.666759,-20.54445],[-54.666758,-20.544459],[-54.66672,-20.544459],[-54.66672,-20.544468],[-54.666672,-20.544467],[-54.666672,-20.544476],[-54.666605,-20.544475],[-54.666605,-20.544484],[-54.666557,-20.544484],[-54.666557,-20.544493],[-54.666499,-20.544492],[-54.666499,-20.544501],[-54.66648,-20.544501],[-54.66648,-20.54451],[-54.66647,-20.54451],[-54.66647,-20.544519],[-54.66646,-20.544519],[-54.66646,-20.544528],[-54.666451,-20.544528],[-54.666451,-20.544537],[-54.666441,-20.544536],[-54.666441,-20.544545],[-54.666431,-20.544545],[-54.666431,-20.544554],[-54.666421,-20.544554],[-54.666421,-20.544563],[-54.666412,-20.544563],[-54.666412,-20.544572],[-54.666402,-20.544572],[-54.666402,-20.544581],[-54.666383,-20.544581],[-54.666383,-20.54459],[-54.666363,-20.54459],[-54.666363,-20.544599],[-54.666344,-20.544598],[-54.666344,-20.544607],[-54.666325,-20.544607],[-54.666325,-20.544616],[-54.666095,-20.544613],[-54.666095,-20.544604],[-54.665884,-20.544601],[-54.665884,-20.544592],[-54.665769,-20.544591],[-54.665769,-20.544582],[-54.665654,-20.54458],[-54.665654,-20.544607],[-54.665644,-20.544607],[-54.665644,-20.544616],[-54.665586,-20.544615],[-54.665586,-20.544624],[-54.665165,-20.544619],[-54.665164,-20.544628],[-54.665126,-20.544627],[-54.665126,-20.544636],[-54.664685,-20.54463],[-54.664685,-20.544639],[-54.664656,-20.544639],[-54.664656,-20.544648],[-54.664627,-20.544647],[-54.664627,-20.544656],[-54.664608,-20.544656],[-54.664608,-20.544665],[-54.664589,-20.544665],[-54.664589,-20.544674],[-54.66456,-20.544674],[-54.66456,-20.544683],[-54.664521,-20.544682],[-54.664521,-20.544691],[-54.66409,-20.544685],[-54.66409,-20.544694],[-54.664032,-20.544694],[-54.664032,-20.544703],[-54.663975,-20.544702],[-54.663974,-20.544711],[-54.663917,-20.54471],[-54.663917,-20.544719],[-54.663869,-20.544719],[-54.663869,-20.544728],[-54.663811,-20.544727],[-54.663811,-20.544736],[-54.662958,-20.544724],[-54.662958,-20.544733],[-54.6629,-20.544733],[-54.6629,-20.544742],[-54.662871,-20.544741],[-54.662871,-20.54475],[-54.662843,-20.54475],[-54.662842,-20.544759],[-54.662814,-20.544758],[-54.662813,-20.544767],[-54.662794,-20.544767],[-54.662794,-20.544776],[-54.662785,-20.544776],[-54.662784,-20.544785],[-54.662775,-20.544785],[-54.662775,-20.544794],[-54.662765,-20.544794],[-54.662765,-20.544803],[-54.662755,-20.544803],[-54.662755,-20.544812],[-54.662746,-20.544812],[-54.662746,-20.544821],[-54.662726,-20.54482],[-54.662726,-20.54483],[-54.662707,-20.544829],[-54.662707,-20.544838],[-54.662688,-20.544838],[-54.662688,-20.544847],[-54.662333,-20.544842],[-54.662333,-20.544851],[-54.662314,-20.544851],[-54.662314,-20.54486],[-54.662285,-20.54486],[-54.662285,-20.544869],[-54.662256,-20.544868],[-54.662256,-20.544877],[-54.662227,-20.544877],[-54.662227,-20.544886],[-54.662198,-20.544886],[-54.662198,-20.544895],[-54.662188,-20.544895],[-54.662188,-20.544904],[-54.659687,-20.54487],[-54.659686,-20.544879],[-54.659658,-20.544878],[-54.659658,-20.544887],[-54.659629,-20.544887],[-54.659629,-20.544896],[-54.65959,-20.544896],[-54.65959,-20.544905],[-54.659571,-20.544904],[-54.659571,-20.544913],[-54.659561,-20.544913],[-54.659561,-20.544922],[-54.659552,-20.544922],[-54.659551,-20.544931],[-54.659542,-20.544931],[-54.659542,-20.54494],[-54.659532,-20.54494],[-54.659532,-20.544949],[-54.659522,-20.544949],[-54.659522,-20.544958],[-54.659513,-20.544958],[-54.659512,-20.544967],[-54.659503,-20.544967],[-54.659503,-20.544976],[-54.659493,-20.544976],[-54.659493,-20.544985],[-54.659483,-20.544984],[-54.659483,-20.544993],[-54.659474,-20.544993],[-54.659474,-20.545002],[-54.659464,-20.545002],[-54.659464,-20.545011],[-54.659454,-20.545011],[-54.659454,-20.54502],[-54.659445,-20.54502],[-54.659444,-20.545029],[-54.659435,-20.545029],[-54.659435,-20.545038],[-54.659425,-20.545038],[-54.659425,-20.545047],[-54.659415,-20.545047],[-54.659415,-20.545056],[-54.659406,-20.545056],[-54.659406,-20.545065],[-54.659396,-20.545065],[-54.659396,-20.545074],[-54.659386,-20.545073],[-54.659386,-20.545082],[-54.659377,-20.545082],[-54.659376,-20.545091],[-54.659367,-20.545091],[-54.659367,-20.5451],[-54.659357,-20.5451],[-54.659357,-20.545109],[-54.659347,-20.545109],[-54.659347,-20.545118],[-54.659338,-20.545118],[-54.659337,-20.545127],[-54.659328,-20.545127],[-54.659328,-20.545136],[-54.659318,-20.545136],[-54.659318,-20.545145],[-54.659308,-20.545145],[-54.659308,-20.545154],[-54.659299,-20.545153],[-54.659299,-20.545163],[-54.659289,-20.545162],[-54.659289,-20.545171],[-54.659279,-20.545171],[-54.659279,-20.54518],[-54.65927,-20.54518],[-54.659269,-20.545189],[-54.65926,-20.545189],[-54.65926,-20.545198],[-54.65925,-20.545198],[-54.65925,-20.545207],[-54.65924,-20.545207],[-54.65924,-20.545216],[-54.659231,-20.545216],[-54.659231,-20.545225],[-54.659221,-20.545225],[-54.659221,-20.545234],[-54.659211,-20.545234],[-54.659211,-20.545243],[-54.659202,-20.545242],[-54.659201,-20.545252],[-54.659192,-20.545251],[-54.659192,-20.54526],[-54.659182,-20.54526],[-54.659182,-20.545269],[-54.659172,-20.545269],[-54.659172,-20.545278],[-54.659163,-20.545278],[-54.659162,-20.545287],[-54.659153,-20.545287],[-54.659153,-20.545296],[-54.659143,-20.545296],[-54.659143,-20.545305],[-54.659133,-20.545305],[-54.659133,-20.545314],[-54.659124,-20.545314],[-54.659124,-20.545323],[-54.659114,-20.545323],[-54.659114,-20.545332],[-54.659104,-20.545331],[-54.659104,-20.54534],[-54.659095,-20.54534],[-54.659094,-20.545349],[-54.659085,-20.545349],[-54.659085,-20.545358],[-54.659075,-20.545358],[-54.659075,-20.545367],[-54.659065,-20.545367],[-54.659065,-20.545376],[-54.659056,-20.545376],[-54.659056,-20.545385],[-54.659046,-20.545385],[-54.659046,-20.545394],[-54.659036,-20.545394],[-54.659036,-20.545403],[-54.659026,-20.545403],[-54.659026,-20.545412],[-54.659017,-20.545412],[-54.659017,-20.545421],[-54.659007,-20.54542],[-54.659007,-20.545429],[-54.658997,-20.545429],[-54.658997,-20.545438],[-54.658988,-20.545438],[-54.658987,-20.545447],[-54.658978,-20.545447],[-54.658978,-20.545456],[-54.658968,-20.545456],[-54.658968,-20.545465],[-54.658958,-20.545465],[-54.658958,-20.545474],[-54.658949,-20.545474],[-54.658949,-20.545483],[-54.658939,-20.545483],[-54.658939,-20.545492],[-54.658929,-20.545492],[-54.658929,-20.545501],[-54.65892,-20.545501],[-54.658919,-20.54551],[-54.65891,-20.545509],[-54.65891,-20.545518],[-54.6589,-20.545518],[-54.6589,-20.545527],[-54.65889,-20.545527],[-54.65889,-20.545536],[-54.658881,-20.545536],[-54.658881,-20.545545],[-54.658871,-20.545545],[-54.658871,-20.545554],[-54.658861,-20.545554],[-54.658861,-20.545563],[-54.658851,-20.545563],[-54.658851,-20.545572],[-54.658842,-20.545572],[-54.658842,-20.545581],[-54.658832,-20.545581],[-54.658832,-20.54559],[-54.658822,-20.54559],[-54.658822,-20.545599],[-54.658813,-20.545598],[-54.658812,-20.545607],[-54.658803,-20.545607],[-54.658803,-20.545616],[-54.658793,-20.545616],[-54.658793,-20.545625],[-54.658783,-20.545625],[-54.658783,-20.545634],[-54.658774,-20.545634],[-54.658774,-20.545643],[-54.658764,-20.545643],[-54.658764,-20.545652],[-54.658754,-20.545652],[-54.658754,-20.545661],[-54.658745,-20.545661],[-54.658744,-20.54567],[-54.658735,-20.54567],[-54.658735,-20.545688],[-54.658725,-20.545688],[-54.658724,-20.545724],[-54.658715,-20.545724],[-54.658714,-20.54576],[-54.658705,-20.54576],[-54.658704,-20.545796],[-54.658695,-20.545796],[-54.658694,-20.545823],[-54.658694,-20.545832],[-54.658684,-20.545831],[-54.658684,-20.54585],[-54.658675,-20.545849],[-54.658674,-20.545858],[-54.658665,-20.545858],[-54.658662,-20.54603],[-54.658653,-20.54603],[-54.658652,-20.546102],[-54.658661,-20.546102],[-54.65866,-20.546147],[-54.65867,-20.546147],[-54.658669,-20.546211],[-54.658679,-20.546211],[-54.658678,-20.54622],[-54.658688,-20.54622],[-54.658688,-20.546229],[-54.658698,-20.546229],[-54.658697,-20.546238],[-54.658707,-20.546238],[-54.658707,-20.546247],[-54.658716,-20.546247],[-54.658716,-20.546256],[-54.658726,-20.546256],[-54.658726,-20.546266],[-54.658735,-20.546266],[-54.658735,-20.546275],[-54.658745,-20.546275],[-54.658745,-20.546284],[-54.658754,-20.546284],[-54.658754,-20.546293],[-54.658764,-20.546293],[-54.658764,-20.546302],[-54.658773,-20.546302],[-54.658773,-20.546311],[-54.658783,-20.546311],[-54.658782,-20.54632],[-54.658792,-20.546321],[-54.658792,-20.54633],[-54.658801,-20.54633],[-54.658801,-20.546339],[-54.65882,-20.546339],[-54.65882,-20.546348],[-54.65883,-20.546348],[-54.65883,-20.546357],[-54.658839,-20.546357],[-54.658839,-20.546366],[-54.658849,-20.546367],[-54.658849,-20.546376],[-54.658858,-20.546376],[-54.658858,-20.546385],[-54.658868,-20.546385],[-54.658868,-20.546394],[-54.658877,-20.546394],[-54.658877,-20.546403],[-54.658887,-20.546403],[-54.658886,-20.546439],[-54.658896,-20.546439],[-54.658896,-20.546448],[-54.658905,-20.546449],[-54.658904,-20.546512],[-54.658895,-20.546512],[-54.658894,-20.546521],[-54.658885,-20.546521],[-54.658885,-20.54653],[-54.658875,-20.546529],[-54.658875,-20.546538],[-54.658865,-20.546538],[-54.658844,-20.547929],[-54.658835,-20.547929],[-54.658827,-20.548407],[-54.658645,-20.548405],[-54.658645,-20.548414],[-54.65737,-20.548396],[-54.65737,-20.548387],[-54.657332,-20.548387],[-54.657332,-20.548378],[-54.657323,-20.548378],[-54.657323,-20.548369],[-54.657304,-20.548368],[-54.657304,-20.548359],[-54.657294,-20.548359],[-54.657294,-20.54835],[-54.657275,-20.54835],[-54.657275,-20.548341],[-54.657266,-20.548341],[-54.657266,-20.548332],[-54.657247,-20.548332],[-54.657247,-20.548323],[-54.657237,-20.548322],[-54.657237,-20.548313],[-54.657218,-20.548313],[-54.657218,-20.548304],[-54.657209,-20.548304],[-54.657209,-20.548295],[-54.657199,-20.548295],[-54.657199,-20.548286],[-54.65718,-20.548285],[-54.65718,-20.548276],[-54.657171,-20.548276],[-54.657171,-20.548267],[-54.657152,-20.548267],[-54.657152,-20.548258],[-54.657142,-20.548258],[-54.657142,-20.548249],[-54.657133,-20.548249],[-54.657133,-20.54824],[-54.657123,-20.54824],[-54.657123,-20.548231],[-54.657114,-20.54823],[-54.657117,-20.548059],[-54.657107,-20.548059],[-54.657107,-20.54805],[-54.657097,-20.54805],[-54.657098,-20.548013],[-54.657088,-20.548013],[-54.657089,-20.548004],[-54.657079,-20.548004],[-54.657079,-20.547995],[-54.65707,-20.547995],[-54.65707,-20.547986],[-54.65706,-20.547986],[-54.65706,-20.547977],[-54.657051,-20.547977],[-54.657051,-20.547968],[-54.657041,-20.547968],[-54.657041,-20.547959],[-54.657032,-20.547958],[-54.657032,-20.547949],[-54.657022,-20.547949],[-54.657022,-20.54794],[-54.657013,-20.54794],[-54.657013,-20.547931],[-54.657003,-20.547931],[-54.657004,-20.547922],[-54.656994,-20.547922],[-54.656994,-20.547895],[-54.656985,-20.547895],[-54.656985,-20.547867],[-54.656976,-20.547867],[-54.656976,-20.547831],[-54.656967,-20.547831],[-54.656967,-20.547795],[-54.656958,-20.547795],[-54.656958,-20.547768],[-54.656948,-20.547768],[-54.656949,-20.547732],[-54.656939,-20.547731],[-54.656939,-20.547722],[-54.65694,-20.547713],[-54.656834,-20.547712],[-54.656834,-20.547703],[-54.656729,-20.547701],[-54.656729,-20.547692],[-54.656624,-20.547691],[-54.656624,-20.547682],[-54.656518,-20.547681],[-54.656518,-20.547672],[-54.65649,-20.547671],[-54.65649,-20.547653],[-54.65648,-20.547653],[-54.65648,-20.547644],[-54.656471,-20.547644],[-54.656471,-20.547635],[-54.656461,-20.547635],[-54.656462,-20.547626],[-54.656452,-20.547625],[-54.656452,-20.547616],[-54.656443,-20.547616],[-54.656443,-20.547607],[-54.656203,-20.547604],[-54.656203,-20.547613],[-54.656145,-20.547612],[-54.656145,-20.547621],[-54.656126,-20.547621],[-54.656126,-20.54763],[-54.656107,-20.54763],[-54.656107,-20.547639],[-54.656087,-20.547639],[-54.656087,-20.547648],[-54.656068,-20.547647],[-54.656068,-20.547656],[-54.656049,-20.547656],[-54.656049,-20.547665],[-54.65602,-20.547665],[-54.65602,-20.547674],[-54.656001,-20.547674],[-54.656001,-20.547683],[-54.655569,-20.547677],[-54.655569,-20.547686],[-54.655559,-20.547686],[-54.655559,-20.547704],[-54.65555,-20.547704],[-54.655549,-20.547713],[-54.65554,-20.547712],[-54.65554,-20.547721],[-54.65553,-20.547721],[-54.65553,-20.54773],[-54.65552,-20.54773],[-54.65552,-20.547739],[-54.655511,-20.547739],[-54.65551,-20.547757],[-54.655501,-20.547757],[-54.655501,-20.547766],[-54.655491,-20.547766],[-54.655491,-20.547775],[-54.655481,-20.547775],[-54.655481,-20.547784],[-54.655472,-20.547784],[-54.655472,-20.547793],[-54.655462,-20.547793],[-54.655462,-20.547802],[-54.655452,-20.547802],[-54.655452,-20.547811],[-54.655443,-20.54781],[-54.655442,-20.547819],[-54.655433,-20.547819],[-54.655433,-20.547828],[-54.655423,-20.547828],[-54.655423,-20.547837],[-54.655413,-20.547837],[-54.655413,-20.547846],[-54.655404,-20.547846],[-54.655403,-20.547855],[-54.655394,-20.547855],[-54.655394,-20.547864],[-54.655384,-20.547864],[-54.655384,-20.547873],[-54.655374,-20.547873],[-54.655374,-20.547882],[-54.655365,-20.547882],[-54.655365,-20.547891],[-54.655355,-20.547891],[-54.655355,-20.5479],[-54.655345,-20.547899],[-54.655345,-20.547908],[-54.655336,-20.547908],[-54.655335,-20.547917],[-54.655326,-20.547917],[-54.655326,-20.547926],[-54.655316,-20.547926],[-54.655316,-20.547935],[-54.655306,-20.547935],[-54.655306,-20.547944],[-54.655297,-20.547944],[-54.655297,-20.547953],[-54.655287,-20.547953],[-54.655287,-20.547962],[-54.655277,-20.547962],[-54.655277,-20.547971],[-54.655268,-20.547971],[-54.655267,-20.54798],[-54.655258,-20.54798],[-54.655258,-20.547989],[-54.655248,-20.547988],[-54.655248,-20.547997],[-54.655238,-20.547997],[-54.655238,-20.548006],[-54.655229,-20.548006],[-54.655228,-20.548015],[-54.655219,-20.548015],[-54.655219,-20.548024],[-54.655209,-20.548024],[-54.655209,-20.548033],[-54.655199,-20.548033],[-54.655199,-20.548042],[-54.65519,-20.548042],[-54.65519,-20.548051],[-54.65518,-20.548051],[-54.65518,-20.54806],[-54.65517,-20.54806],[-54.65517,-20.548069],[-54.655161,-20.548069],[-54.65516,-20.548078],[-54.655151,-20.548077],[-54.655151,-20.548086],[-54.655141,-20.548086],[-54.655141,-20.548095],[-54.655131,-20.548095],[-54.655131,-20.548104],[-54.655122,-20.548104],[-54.655122,-20.548113],[-54.655112,-20.548113],[-54.655112,-20.548122],[-54.655102,-20.548122],[-54.655102,-20.548131],[-54.655092,-20.548131],[-54.655092,-20.54814],[-54.655083,-20.54814],[-54.655083,-20.548149],[-54.655073,-20.548149],[-54.655073,-20.548158],[-54.655063,-20.548158],[-54.655063,-20.548167],[-54.655054,-20.548166],[-54.655053,-20.548175],[-54.655044,-20.548175],[-54.655044,-20.548184],[-54.655034,-20.548184],[-54.655034,-20.548193],[-54.655024,-20.548193],[-54.655024,-20.548202],[-54.655005,-20.548202],[-54.655005,-20.548211],[-54.654995,-20.548211],[-54.654995,-20.54822],[-54.654986,-20.54822],[-54.654986,-20.548229],[-54.654976,-20.548229],[-54.654976,-20.548238],[-54.654966,-20.548237],[-54.654966,-20.548246],[-54.654957,-20.548246],[-54.654956,-20.548255],[-54.654947,-20.548255],[-54.654947,-20.548264],[-54.654937,-20.548264],[-54.654937,-20.548273],[-54.654927,-20.548273],[-54.654927,-20.548282],[-54.654918,-20.548282],[-54.654917,-20.548291],[-54.654908,-20.548291],[-54.654908,-20.5483],[-54.654898,-20.5483],[-54.654898,-20.548309],[-54.654888,-20.548309],[-54.654888,-20.548318],[-54.654879,-20.548318],[-54.654879,-20.548327],[-54.654869,-20.548326],[-54.654869,-20.548335],[-54.654859,-20.548335],[-54.654859,-20.548344],[-54.65485,-20.548344],[-54.654849,-20.548353],[-54.65484,-20.548353],[-54.65484,-20.548362],[-54.65483,-20.548362],[-54.65483,-20.548371],[-54.65482,-20.548371],[-54.65482,-20.54838],[-54.654811,-20.54838],[-54.654811,-20.548389],[-54.654801,-20.548389],[-54.654801,-20.548398],[-54.654791,-20.548398],[-54.654791,-20.548407],[-54.654781,-20.548407],[-54.654781,-20.548416],[-54.654772,-20.548415],[-54.654772,-20.548424],[-54.654762,-20.548424],[-54.654762,-20.548433],[-54.654752,-20.548433],[-54.654752,-20.548442],[-54.654743,-20.548442],[-54.654742,-20.548451],[-54.654733,-20.548451],[-54.654733,-20.54846],[-54.654723,-20.54846],[-54.654723,-20.548469],[-54.654713,-20.548469],[-54.654713,-20.548478],[-54.654704,-20.548478],[-54.654704,-20.548487],[-54.654694,-20.548487],[-54.654694,-20.548496],[-54.654684,-20.548496],[-54.654684,-20.548505],[-54.654675,-20.548504],[-54.654674,-20.548513],[-54.654665,-20.548513],[-54.654665,-20.548522],[-54.654655,-20.548522],[-54.654655,-20.548531],[-54.654645,-20.548531],[-54.654645,-20.54854],[-54.654636,-20.54854],[-54.654636,-20.548549],[-54.654626,-20.548549],[-54.654626,-20.548558],[-54.654616,-20.548558],[-54.654616,-20.548567],[-54.654606,-20.548567],[-54.654606,-20.548576],[-54.654597,-20.548576],[-54.654597,-20.548585],[-54.654587,-20.548585],[-54.654587,-20.548594],[-54.654577,-20.548593],[-54.654577,-20.548602],[-54.654568,-20.548602],[-54.654567,-20.548611],[-54.654558,-20.548611],[-54.654558,-20.54862],[-54.654548,-20.54862],[-54.654548,-20.548629],[-54.654538,-20.548629],[-54.654538,-20.548638],[-54.654529,-20.548638],[-54.654529,-20.548647],[-54.654519,-20.548647],[-54.654519,-20.548656],[-54.654509,-20.548656],[-54.654509,-20.548665],[-54.6545,-20.548665],[-54.654499,-20.548674],[-54.65449,-20.548674],[-54.65449,-20.548683],[-54.65448,-20.548682],[-54.65448,-20.548691],[-54.65447,-20.548691],[-54.65447,-20.5487],[-54.654461,-20.5487],[-54.65446,-20.548709],[-54.654451,-20.548709],[-54.654451,-20.548718],[-54.654441,-20.548718],[-54.654441,-20.548727],[-54.654431,-20.548727],[-54.654431,-20.548736],[-54.654422,-20.548736],[-54.654422,-20.548745],[-54.654412,-20.548745],[-54.654412,-20.548754],[-54.654402,-20.548754],[-54.654402,-20.548763],[-54.654393,-20.548762],[-54.654392,-20.548772],[-54.654383,-20.548771],[-54.654383,-20.54878],[-54.654373,-20.54878],[-54.654373,-20.548789],[-54.654363,-20.548789],[-54.654363,-20.548798],[-54.654354,-20.548798],[-54.654354,-20.548807],[-54.654344,-20.548807],[-54.654344,-20.548816],[-54.654334,-20.548816],[-54.654334,-20.548825],[-54.654324,-20.548825],[-54.654324,-20.548834],[-54.654315,-20.548834],[-54.654315,-20.548843],[-54.654305,-20.548843],[-54.654305,-20.548852],[-54.654295,-20.548851],[-54.654295,-20.548861],[-54.654286,-20.54886],[-54.654285,-20.548869],[-54.654276,-20.548869],[-54.654276,-20.548878],[-54.654266,-20.548878],[-54.654266,-20.548887],[-54.654256,-20.548887],[-54.654256,-20.548896],[-54.654247,-20.548896],[-54.654247,-20.548905],[-54.654237,-20.548905],[-54.654237,-20.548914],[-54.654227,-20.548914],[-54.654227,-20.548923],[-54.654218,-20.548923],[-54.654217,-20.548932],[-54.654208,-20.548932],[-54.654208,-20.548941],[-54.654198,-20.54894],[-54.654198,-20.548949],[-54.654188,-20.548949],[-54.654188,-20.548958],[-54.654179,-20.548958],[-54.654179,-20.548967],[-54.654169,-20.548967],[-54.654169,-20.548976],[-54.654159,-20.548976],[-54.654159,-20.548985],[-54.654149,-20.548985],[-54.654149,-20.548994],[-54.65414,-20.548994],[-54.65414,-20.549003],[-54.65413,-20.549003],[-54.65413,-20.549012],[-54.65412,-20.549012],[-54.65412,-20.549021],[-54.654101,-20.54902],[-54.654101,-20.549029],[-54.654091,-20.549029],[-54.654089,-20.549147],[-54.65408,-20.549147],[-54.65408,-20.549156],[-54.65407,-20.549155],[-54.65407,-20.549164],[-54.65406,-20.549164],[-54.65406,-20.549173],[-54.654051,-20.549173],[-54.654051,-20.549182],[-54.654041,-20.549182],[-54.654041,-20.549191],[-54.654031,-20.549191],[-54.654031,-20.5492],[-54.654022,-20.5492],[-54.654021,-20.549209],[-54.654012,-20.549209],[-54.654012,-20.549218],[-54.654002,-20.549218],[-54.654002,-20.549227],[-54.653992,-20.549227],[-54.653992,-20.549236],[-54.653983,-20.549236],[-54.653983,-20.549245],[-54.653973,-20.549244],[-54.653973,-20.549272],[-54.653963,-20.549271],[-54.653963,-20.54928],[-54.653953,-20.54928],[-54.653953,-20.549289],[-54.653944,-20.549289],[-54.653943,-20.549298],[-54.653934,-20.549298],[-54.653934,-20.549307],[-54.653924,-20.549307],[-54.653924,-20.549316],[-54.653914,-20.549316],[-54.653914,-20.549325],[-54.653905,-20.549325],[-54.653904,-20.549334],[-54.653895,-20.549334],[-54.653895,-20.549343],[-54.653885,-20.549343],[-54.653885,-20.549352],[-54.653875,-20.549351],[-54.653875,-20.549361],[-54.653866,-20.54936],[-54.653866,-20.549369],[-54.653856,-20.549369],[-54.653856,-20.549378],[-54.653846,-20.549378],[-54.653846,-20.549387],[-54.653837,-20.549387],[-54.653836,-20.549396],[-54.653827,-20.549396],[-54.653827,-20.549405],[-54.653817,-20.549405],[-54.653817,-20.549414],[-54.653807,-20.549414],[-54.653807,-20.549423],[-54.653798,-20.549423],[-54.653798,-20.549432],[-54.653778,-20.549431],[-54.653778,-20.54944],[-54.653769,-20.54944],[-54.653768,-20.549449],[-54.653759,-20.549449],[-54.653759,-20.549458],[-54.653749,-20.549458],[-54.653749,-20.549467],[-54.65373,-20.549467],[-54.65373,-20.549476],[-54.65372,-20.549476],[-54.65372,-20.549485],[-54.65371,-20.549485],[-54.65371,-20.549494],[-54.653701,-20.549494],[-54.653701,-20.549503],[-54.653691,-20.549503],[-54.653691,-20.549512],[-54.653681,-20.549511],[-54.653681,-20.54952],[-54.653672,-20.54952],[-54.653671,-20.549529],[-54.653662,-20.549529],[-54.653662,-20.549538],[-54.653652,-20.549538],[-54.653652,-20.549547],[-54.653642,-20.549547],[-54.653642,-20.549556],[-54.653633,-20.549556],[-54.653632,-20.549565],[-54.653623,-20.549565],[-54.653623,-20.549574],[-54.653613,-20.549574],[-54.653613,-20.549583],[-54.653603,-20.549583],[-54.653603,-20.549592],[-54.653594,-20.549591],[-54.653594,-20.549601],[-54.653584,-20.5496],[-54.653584,-20.549609],[-54.653574,-20.549609],[-54.653574,-20.549618],[-54.653565,-20.549618],[-54.653564,-20.549627],[-54.653555,-20.549627],[-54.653555,-20.549636],[-54.653545,-20.549636],[-54.653545,-20.549645],[-54.653535,-20.549645],[-54.653535,-20.549654],[-54.653526,-20.549654],[-54.653526,-20.549663],[-54.653516,-20.549663],[-54.653516,-20.549672],[-54.653506,-20.549672],[-54.653506,-20.549681],[-54.653497,-20.54968],[-54.653496,-20.54969],[-54.653487,-20.549689],[-54.653487,-20.549698],[-54.653477,-20.549698],[-54.653477,-20.549707],[-54.653467,-20.549707],[-54.653467,-20.549716],[-54.653458,-20.549716],[-54.653457,-20.549725],[-54.653448,-20.549725],[-54.653448,-20.549734],[-54.653438,-20.549734],[-54.653438,-20.549743],[-54.653428,-20.549743],[-54.653428,-20.549752],[-54.653419,-20.549752],[-54.653419,-20.549761],[-54.653409,-20.549761],[-54.653409,-20.54977],[-54.653399,-20.549769],[-54.653399,-20.549778],[-54.65339,-20.549778],[-54.653389,-20.549787],[-54.65338,-20.549787],[-54.65338,-20.549796],[-54.65337,-20.549796],[-54.65337,-20.549805],[-54.65336,-20.549805],[-54.65336,-20.549814],[-54.653351,-20.549814],[-54.653351,-20.549823],[-54.653341,-20.549823],[-54.653341,-20.549832],[-54.653331,-20.549832],[-54.653331,-20.54985],[-54.653321,-20.54985],[-54.653321,-20.549859],[-54.653312,-20.549859],[-54.653311,-20.549868],[-54.653302,-20.549867],[-54.653302,-20.549877],[-54.653292,-20.549876],[-54.653292,-20.549885],[-54.653282,-20.549885],[-54.653282,-20.549894],[-54.653273,-20.549894],[-54.653273,-20.549903],[-54.653263,-20.549903],[-54.653263,-20.549912],[-54.653253,-20.549912],[-54.653253,-20.549921],[-54.653244,-20.549921],[-54.653243,-20.54993],[-54.653234,-20.54993],[-54.653234,-20.549939],[-54.653224,-20.549939],[-54.653224,-20.549948],[-54.653214,-20.549948],[-54.653214,-20.549957],[-54.653205,-20.549956],[-54.653204,-20.549984],[-54.653195,-20.549983],[-54.653194,-20.550011],[-54.653185,-20.55001],[-54.653184,-20.550037],[-54.653175,-20.550037],[-54.653175,-20.550046],[-54.653165,-20.550046],[-54.653165,-20.550055],[-54.653155,-20.550055],[-54.653155,-20.550064],[-54.653146,-20.550064],[-54.653145,-20.550073],[-54.653136,-20.550073],[-54.653136,-20.550082],[-54.653126,-20.550082],[-54.653126,-20.5501],[-54.653116,-20.5501],[-54.653116,-20.550109],[-54.653106,-20.550109],[-54.653106,-20.550127],[-54.653097,-20.550127],[-54.653096,-20.550145],[-54.653087,-20.550145],[-54.653086,-20.550163],[-54.653077,-20.550162],[-54.653077,-20.55018],[-54.653067,-20.55018],[-54.653067,-20.550189],[-54.653057,-20.550189],[-54.653057,-20.550234],[-54.653047,-20.550234],[-54.653047,-20.550243],[-54.653037,-20.550243],[-54.653037,-20.550252],[-54.653028,-20.550252],[-54.653027,-20.550261],[-54.653018,-20.550261],[-54.653018,-20.55027],[-54.653008,-20.55027],[-54.653008,-20.550279],[-54.652998,-20.550279],[-54.652998,-20.550288],[-54.652989,-20.550288],[-54.652989,-20.550297],[-54.652979,-20.550297],[-54.652979,-20.550306],[-54.652969,-20.550305],[-54.652969,-20.550314],[-54.65296,-20.550314],[-54.652959,-20.550323],[-54.65295,-20.550323],[-54.65295,-20.550332],[-54.65294,-20.550332],[-54.65294,-20.550341],[-54.65293,-20.550341],[-54.65293,-20.55035],[-54.652921,-20.55035],[-54.65292,-20.550359],[-54.652911,-20.550359],[-54.652911,-20.550368],[-54.652901,-20.550368],[-54.652901,-20.550377],[-54.652891,-20.550377],[-54.652891,-20.550386],[-54.652882,-20.550386],[-54.652882,-20.550395],[-54.652872,-20.550394],[-54.652872,-20.550403],[-54.652862,-20.550403],[-54.652862,-20.550412],[-54.652833,-20.550412],[-54.652833,-20.550421],[-54.652814,-20.550421],[-54.652814,-20.55043],[-54.652776,-20.550429],[-54.652775,-20.550438],[-54.652766,-20.550438],[-54.652766,-20.550447],[-54.652756,-20.550447],[-54.652756,-20.550456],[-54.652746,-20.550456],[-54.652746,-20.550465],[-54.652737,-20.550465],[-54.652737,-20.550474],[-54.652727,-20.550474],[-54.652727,-20.550483],[-54.652717,-20.550483],[-54.652717,-20.550492],[-54.652708,-20.550492],[-54.652707,-20.550501],[-54.652698,-20.5505],[-54.652698,-20.550509],[-54.652688,-20.550509],[-54.652688,-20.550518],[-54.652678,-20.550518],[-54.652678,-20.550527],[-54.652669,-20.550527],[-54.652669,-20.550536],[-54.652659,-20.550536],[-54.652659,-20.550545],[-54.652649,-20.550545],[-54.652649,-20.550554],[-54.652639,-20.550554],[-54.652639,-20.550563],[-54.65263,-20.550563],[-54.65263,-20.550572],[-54.65262,-20.550572],[-54.65262,-20.550581],[-54.65261,-20.550581],[-54.65261,-20.55059],[-54.652601,-20.550589],[-54.6526,-20.550598],[-54.652591,-20.550598],[-54.652591,-20.550607],[-54.652581,-20.550607],[-54.652581,-20.550616],[-54.652571,-20.550616],[-54.652571,-20.550625],[-54.652562,-20.550625],[-54.652562,-20.550634],[-54.652552,-20.550634],[-54.652552,-20.550643],[-54.652542,-20.550643],[-54.652542,-20.550652],[-54.652533,-20.550652],[-54.652532,-20.550661],[-54.652523,-20.550661],[-54.652523,-20.550679],[-54.652513,-20.550679],[-54.65251,-20.550841],[-54.652501,-20.550841],[-54.652501,-20.55085],[-54.652491,-20.55085],[-54.652491,-20.550859],[-54.652481,-20.550859],[-54.652481,-20.550877],[-54.652472,-20.550877],[-54.652471,-20.550886],[-54.652462,-20.550886],[-54.652462,-20.550895],[-54.652452,-20.550894],[-54.652452,-20.550903],[-54.652442,-20.550903],[-54.652442,-20.550912],[-54.652433,-20.550912],[-54.652433,-20.550921],[-54.652423,-20.550921],[-54.652423,-20.550939],[-54.652413,-20.550939],[-54.652413,-20.550948],[-54.652403,-20.550948],[-54.652403,-20.550975],[-54.652393,-20.550975],[-54.652393,-20.550984],[-54.652384,-20.550984],[-54.652383,-20.550993],[-54.652374,-20.550993],[-54.652374,-20.551002],[-54.652364,-20.551002],[-54.652364,-20.551011],[-54.652354,-20.551011],[-54.652354,-20.55102],[-54.652345,-20.551019],[-54.652345,-20.551028],[-54.652335,-20.551028],[-54.652335,-20.551037],[-54.652325,-20.551037],[-54.652325,-20.551046],[-54.652277,-20.551046],[-54.652277,-20.551055],[-54.652268,-20.551055],[-54.652267,-20.551064],[-54.652258,-20.551063],[-54.652258,-20.551072],[-54.652238,-20.551072],[-54.652238,-20.551081],[-54.652229,-20.551081],[-54.652229,-20.55109],[-54.652209,-20.55109],[-54.652209,-20.551099],[-54.6522,-20.551099],[-54.6522,-20.551108],[-54.65218,-20.551108],[-54.65218,-20.551117],[-54.652171,-20.551116],[-54.652171,-20.551125],[-54.652161,-20.551125],[-54.652161,-20.551134],[-54.652142,-20.551134],[-54.652142,-20.551143],[-54.652132,-20.551143],[-54.652132,-20.551152],[-54.652113,-20.551152],[-54.652112,-20.551161],[-54.652103,-20.551161],[-54.652103,-20.55117],[-54.652093,-20.55117],[-54.652093,-20.551179],[-54.65192,-20.551176],[-54.65192,-20.551185],[-54.651911,-20.551185],[-54.651911,-20.551194],[-54.651901,-20.551194],[-54.651901,-20.551203],[-54.651891,-20.551203],[-54.651891,-20.551212],[-54.651882,-20.551212],[-54.651881,-20.551221],[-54.651872,-20.551221],[-54.651872,-20.55123],[-54.651862,-20.55123],[-54.651862,-20.551239],[-54.651852,-20.551239],[-54.651852,-20.551248],[-54.651843,-20.551247],[-54.651843,-20.551256],[-54.651833,-20.551256],[-54.651833,-20.551265],[-54.651823,-20.551265],[-54.651823,-20.551274],[-54.651814,-20.551274],[-54.651813,-20.551283],[-54.651804,-20.551283],[-54.651804,-20.551292],[-54.651794,-20.551292],[-54.651794,-20.551301],[-54.651784,-20.551301],[-54.651784,-20.55131],[-54.651775,-20.55131],[-54.651775,-20.551319],[-54.651765,-20.551319],[-54.651765,-20.551328],[-54.651755,-20.551328],[-54.651754,-20.5514],[-54.651745,-20.5514],[-54.651744,-20.551409],[-54.651735,-20.551408],[-54.651735,-20.551418],[-54.651715,-20.551417],[-54.651715,-20.551426],[-54.651706,-20.551426],[-54.651706,-20.551435],[-54.651686,-20.551435],[-54.651686,-20.551444],[-54.651677,-20.551444],[-54.651677,-20.551453],[-54.651657,-20.551453],[-54.651657,-20.551462],[-54.651648,-20.551461],[-54.651648,-20.551471],[-54.651628,-20.55147],[-54.651628,-20.551479],[-54.651619,-20.551479],[-54.651619,-20.551488],[-54.651609,-20.551488],[-54.651609,-20.551497],[-54.65159,-20.551497],[-54.651589,-20.551506],[-54.65158,-20.551506],[-54.65158,-20.551515],[-54.651561,-20.551515],[-54.65156,-20.551524],[-54.651551,-20.551523],[-54.651551,-20.551532],[-54.651541,-20.551532],[-54.651541,-20.551541],[-54.651522,-20.551541],[-54.651522,-20.55155],[-54.651503,-20.55155],[-54.651502,-20.551559],[-54.651493,-20.551559],[-54.651493,-20.551568],[-54.651483,-20.551568],[-54.651483,-20.551577],[-54.651454,-20.551576],[-54.651454,-20.551585],[-54.651444,-20.551585],[-54.651444,-20.551594],[-54.651435,-20.551594],[-54.651435,-20.551603],[-54.651425,-20.551603],[-54.651425,-20.551612],[-54.651415,-20.551612],[-54.651415,-20.551621],[-54.651406,-20.551621],[-54.651405,-20.55163],[-54.651396,-20.55163],[-54.651396,-20.551639],[-54.651386,-20.551639],[-54.651386,-20.551648],[-54.651376,-20.551647],[-54.651376,-20.551656],[-54.651367,-20.551656],[-54.651367,-20.551665],[-54.651357,-20.551665],[-54.651357,-20.551674],[-54.651347,-20.551674],[-54.651347,-20.551683],[-54.651337,-20.551683],[-54.651337,-20.551692],[-54.651328,-20.551692],[-54.651328,-20.551701],[-54.651318,-20.551701],[-54.651318,-20.55171],[-54.651308,-20.55171],[-54.651308,-20.551719],[-54.651299,-20.551719],[-54.651298,-20.551728],[-54.651289,-20.551728],[-54.651289,-20.551737],[-54.651279,-20.551736],[-54.651279,-20.551745],[-54.651269,-20.551745],[-54.651269,-20.551754],[-54.65126,-20.551754],[-54.65126,-20.551763],[-54.65125,-20.551763],[-54.65125,-20.551772],[-54.65124,-20.551772],[-54.65124,-20.551781],[-54.651231,-20.551781],[-54.65123,-20.55179],[-54.651221,-20.55179],[-54.651221,-20.551799],[-54.651211,-20.551799],[-54.651211,-20.551808],[-54.651173,-20.551807],[-54.651172,-20.551816],[-54.651163,-20.551816],[-54.651163,-20.551825],[-54.651144,-20.551825],[-54.651143,-20.551834],[-54.651134,-20.551834],[-54.651134,-20.551843],[-54.651124,-20.551843],[-54.651124,-20.551852],[-54.651114,-20.551852],[-54.651114,-20.551861],[-54.651105,-20.551861],[-54.651105,-20.55187],[-54.651095,-20.551869],[-54.651095,-20.551878],[-54.651085,-20.551878],[-54.651085,-20.551887],[-54.651076,-20.551887],[-54.651075,-20.551896],[-54.651066,-20.551896],[-54.651066,-20.551905],[-54.651056,-20.551905],[-54.651056,-20.551914],[-54.651046,-20.551914],[-54.651046,-20.551923],[-54.651037,-20.551923],[-54.651036,-20.551932],[-54.651027,-20.551932],[-54.651027,-20.551941],[-54.651017,-20.551941],[-54.651017,-20.55195],[-54.651007,-20.551949],[-54.651007,-20.551959],[-54.650998,-20.551958],[-54.650998,-20.551967],[-54.650988,-20.551967],[-54.650988,-20.551976],[-54.650978,-20.551976],[-54.650978,-20.551985],[-54.650969,-20.551985],[-54.650968,-20.552012],[-54.650959,-20.552012],[-54.650958,-20.552048],[-54.650948,-20.552048],[-54.650948,-20.552057],[-54.650939,-20.552057],[-54.650939,-20.552066],[-54.650919,-20.552066],[-54.650919,-20.552075],[-54.65091,-20.552075],[-54.65091,-20.552084],[-54.6509,-20.552083],[-54.6509,-20.552093],[-54.65089,-20.552092],[-54.65089,-20.552101],[-54.65088,-20.552101],[-54.65088,-20.55211],[-54.650871,-20.55211],[-54.65087,-20.552146],[-54.650861,-20.552146],[-54.65086,-20.552182],[-54.65085,-20.552182],[-54.65085,-20.552191],[-54.650841,-20.552191],[-54.650841,-20.5522],[-54.650831,-20.5522],[-54.650831,-20.552209],[-54.650812,-20.552209],[-54.650812,-20.552218],[-54.650802,-20.552218],[-54.650802,-20.552227],[-54.650783,-20.552226],[-54.650783,-20.552235],[-54.650773,-20.552235],[-54.650773,-20.552244],[-54.650763,-20.552244],[-54.650763,-20.552253],[-54.650744,-20.552253],[-54.650744,-20.552262],[-54.650734,-20.552262],[-54.650734,-20.552271],[-54.650715,-20.552271],[-54.650715,-20.55228],[-54.650705,-20.55228],[-54.650705,-20.552289],[-54.650695,-20.552288],[-54.650695,-20.552297],[-54.650676,-20.552297],[-54.650676,-20.552306],[-54.650666,-20.552306],[-54.650666,-20.552315],[-54.650647,-20.552315],[-54.650647,-20.552324],[-54.650637,-20.552324],[-54.650637,-20.552333],[-54.650618,-20.552333],[-54.650618,-20.552342],[-54.650608,-20.552341],[-54.650608,-20.55235],[-54.650599,-20.55235],[-54.650599,-20.552359],[-54.650589,-20.552359],[-54.650589,-20.552368],[-54.650579,-20.552368],[-54.650579,-20.552377],[-54.65056,-20.552377],[-54.65056,-20.552386],[-54.650541,-20.552386],[-54.65054,-20.552395],[-54.650531,-20.552395],[-54.650531,-20.552404],[-54.650512,-20.552403],[-54.650511,-20.552412],[-54.650492,-20.552412],[-54.650492,-20.552421],[-54.650473,-20.552421],[-54.650473,-20.55243],[-54.650463,-20.55243],[-54.650463,-20.552439],[-54.650444,-20.552439],[-54.650444,-20.552448],[-54.650425,-20.552447],[-54.650424,-20.552456],[-54.650415,-20.552456],[-54.650414,-20.552483],[-54.650405,-20.552483],[-54.650405,-20.552492],[-54.650395,-20.552492],[-54.650395,-20.552501],[-54.650385,-20.552501],[-54.650385,-20.55251],[-54.650376,-20.55251],[-54.650376,-20.552519],[-54.650366,-20.552519],[-54.650366,-20.552528],[-54.650356,-20.552528],[-54.650356,-20.552537],[-54.650347,-20.552537],[-54.650346,-20.552546],[-54.650337,-20.552545],[-54.650337,-20.552554],[-54.650327,-20.552554],[-54.650327,-20.552563],[-54.650317,-20.552563],[-54.650317,-20.552572],[-54.650308,-20.552572],[-54.650307,-20.552581],[-54.650298,-20.552581],[-54.650298,-20.552599],[-54.650288,-20.552599],[-54.650287,-20.552644],[-54.650278,-20.552644],[-54.650277,-20.552689],[-54.650267,-20.552689],[-54.650267,-20.552734],[-54.650257,-20.552734],[-54.650257,-20.552779],[-54.650247,-20.552779],[-54.650246,-20.552824],[-54.650237,-20.552824],[-54.650236,-20.552842],[-54.650227,-20.552842],[-54.650227,-20.55286],[-54.650217,-20.55286],[-54.650217,-20.552869],[-54.650207,-20.552869],[-54.650207,-20.552878],[-54.650197,-20.552878],[-54.650197,-20.552887],[-54.650188,-20.552887],[-54.650188,-20.552896],[-54.650178,-20.552895],[-54.650178,-20.552904],[-54.650168,-20.552904],[-54.650168,-20.552913],[-54.650159,-20.552913],[-54.650158,-20.552922],[-54.650149,-20.552922],[-54.650149,-20.552931],[-54.650139,-20.552931],[-54.650139,-20.55294],[-54.650129,-20.55294],[-54.650129,-20.552949],[-54.65012,-20.552949],[-54.650119,-20.552976],[-54.65011,-20.552976],[-54.650109,-20.552994],[-54.6501,-20.552994],[-54.6501,-20.553012],[-54.65009,-20.553012],[-54.65009,-20.553039],[-54.65008,-20.553039],[-54.65008,-20.553057],[-54.65007,-20.553057],[-54.65007,-20.553084],[-54.65006,-20.553083],[-54.65006,-20.553102],[-54.65005,-20.553101],[-54.65005,-20.553119],[-54.65004,-20.553119],[-54.65004,-20.553146],[-54.65003,-20.553146],[-54.65003,-20.553164],[-54.650021,-20.553164],[-54.65002,-20.553191],[-54.650011,-20.553191],[-54.65001,-20.553209],[-54.650001,-20.553209],[-54.65,-20.553227],[-54.649991,-20.553227],[-54.64999,-20.553254],[-54.649981,-20.553254],[-54.649981,-20.553272],[-54.649971,-20.553272],[-54.649971,-20.55329],[-54.649961,-20.55329],[-54.649961,-20.553308],[-54.649951,-20.553308],[-54.649951,-20.553317],[-54.649941,-20.553317],[-54.649941,-20.553326],[-54.649932,-20.553326],[-54.649932,-20.553335],[-54.649922,-20.553334],[-54.649922,-20.553343],[-54.649912,-20.553343],[-54.649912,-20.553352],[-54.649903,-20.553352],[-54.649902,-20.553361],[-54.649893,-20.553361],[-54.649893,-20.55337],[-54.649883,-20.55337],[-54.649883,-20.553379],[-54.649873,-20.553379],[-54.649873,-20.553388],[-54.649864,-20.553388],[-54.649864,-20.553397],[-54.649854,-20.553397],[-54.649854,-20.553406],[-54.649844,-20.553406],[-54.649844,-20.553415],[-54.649835,-20.553415],[-54.649834,-20.553424],[-54.649825,-20.553423],[-54.649825,-20.553432],[-54.649815,-20.553432],[-54.649815,-20.553441],[-54.649805,-20.553441],[-54.649805,-20.55345],[-54.649796,-20.55345],[-54.649796,-20.553459],[-54.649786,-20.553459],[-54.649786,-20.553468],[-54.649776,-20.553468],[-54.649776,-20.553477],[-54.649766,-20.553477],[-54.649766,-20.553486],[-54.649757,-20.553486],[-54.649757,-20.553495],[-54.649747,-20.553495],[-54.649747,-20.553504],[-54.649737,-20.553504],[-54.649737,-20.553513],[-54.649728,-20.553512],[-54.649727,-20.553521],[-54.649718,-20.553521],[-54.649718,-20.55353],[-54.649708,-20.55353],[-54.649708,-20.553539],[-54.649698,-20.553539],[-54.649698,-20.553548],[-54.649689,-20.553548],[-54.649689,-20.553557],[-54.649679,-20.553557],[-54.649679,-20.553566],[-54.649669,-20.553566],[-54.649669,-20.553575],[-54.64966,-20.553575],[-54.649659,-20.553584],[-54.64965,-20.553584],[-54.64965,-20.553593],[-54.64964,-20.553593],[-54.64964,-20.553611],[-54.64963,-20.55361],[-54.64963,-20.553629],[-54.64962,-20.553628],[-54.64962,-20.553637],[-54.649611,-20.553637],[-54.64961,-20.553655],[-54.649601,-20.553655],[-54.649601,-20.553664],[-54.649591,-20.553664],[-54.64959,-20.5537],[-54.649581,-20.5537],[-54.649581,-20.553709],[-54.649571,-20.553709],[-54.649571,-20.553718],[-54.649561,-20.553718],[-54.64956,-20.553781],[-54.649551,-20.553781],[-54.649551,-20.55379],[-54.649541,-20.55379],[-54.649541,-20.553799],[-54.649531,-20.553799],[-54.649531,-20.553808],[-54.649522,-20.553808],[-54.649522,-20.553817],[-54.649512,-20.553817],[-54.649512,-20.553826],[-54.649502,-20.553825],[-54.649502,-20.553834],[-54.649493,-20.553834],[-54.649492,-20.553843],[-54.649483,-20.553843],[-54.649483,-20.553852],[-54.649473,-20.553852],[-54.649473,-20.553861],[-54.649454,-20.553861],[-54.649454,-20.55387],[-54.649444,-20.55387],[-54.649444,-20.553879],[-54.649434,-20.553879],[-54.649434,-20.553888],[-54.649425,-20.553888],[-54.649424,-20.553897],[-54.649415,-20.553896],[-54.649415,-20.553906],[-54.649405,-20.553905],[-54.649405,-20.553914],[-54.649395,-20.553914],[-54.649395,-20.553923],[-54.649386,-20.553923],[-54.649386,-20.553932],[-54.649376,-20.553932],[-54.649376,-20.553941],[-54.649366,-20.553941],[-54.649366,-20.55395],[-54.649357,-20.55395],[-54.649356,-20.553959],[-54.649347,-20.553959],[-54.649347,-20.553968],[-54.649328,-20.553968],[-54.649327,-20.553977],[-54.649318,-20.553976],[-54.649318,-20.553985],[-54.649308,-20.553985],[-54.649308,-20.553994],[-54.649298,-20.553994],[-54.649298,-20.554003],[-54.649289,-20.554003],[-54.649288,-20.554012],[-54.649279,-20.554012],[-54.649279,-20.554021],[-54.649269,-20.554021],[-54.649269,-20.55403],[-54.649259,-20.55403],[-54.649259,-20.554039],[-54.64925,-20.554039],[-54.64925,-20.554048],[-54.64924,-20.554048],[-54.64924,-20.554057],[-54.64923,-20.554057],[-54.64923,-20.554066],[-54.649221,-20.554065],[-54.64922,-20.554074],[-54.649211,-20.554074],[-54.649211,-20.554083],[-54.649201,-20.554083],[-54.649201,-20.554092],[-54.649191,-20.554092],[-54.649191,-20.554101],[-54.649182,-20.554101],[-54.649182,-20.55411],[-54.649172,-20.55411],[-54.649172,-20.554119],[-54.649162,-20.554119],[-54.649162,-20.554128],[-54.649152,-20.554128],[-54.649152,-20.554137],[-54.649143,-20.554137],[-54.649143,-20.554146],[-54.649133,-20.554146],[-54.649133,-20.554155],[-54.649123,-20.554154],[-54.649123,-20.554163],[-54.649114,-20.554163],[-54.649113,-20.554172],[-54.649094,-20.554172],[-54.649094,-20.554181],[-54.649075,-20.554181],[-54.649075,-20.55419],[-54.649056,-20.55419],[-54.649056,-20.554199],[-54.649027,-20.554198],[-54.649027,-20.554207],[-54.648998,-20.554207],[-54.648998,-20.554216],[-54.648979,-20.554216],[-54.648978,-20.554225],[-54.648969,-20.554225],[-54.648969,-20.554234],[-54.64895,-20.554233],[-54.648949,-20.554242],[-54.64894,-20.554242],[-54.64894,-20.554251],[-54.64893,-20.554251],[-54.64893,-20.55426],[-54.64892,-20.55426],[-54.64892,-20.554269],[-54.648911,-20.554269],[-54.648911,-20.554278],[-54.648901,-20.554278],[-54.648901,-20.554287],[-54.648891,-20.554287],[-54.648891,-20.554296],[-54.648881,-20.554296],[-54.648881,-20.554305],[-54.648872,-20.554305],[-54.648872,-20.554314],[-54.648862,-20.554313],[-54.648862,-20.554322],[-54.648852,-20.554322],[-54.648852,-20.554331],[-54.648354,-20.554325],[-54.648354,-20.554334],[-54.648344,-20.554333],[-54.648344,-20.554343],[-54.648334,-20.554342],[-54.648334,-20.554351],[-54.648325,-20.554351],[-54.648324,-20.55436],[-54.648315,-20.55436],[-54.648315,-20.554369],[-54.648305,-20.554369],[-54.648305,-20.554378],[-54.648295,-20.554378],[-54.648295,-20.554387],[-54.648286,-20.554387],[-54.648285,-20.554396],[-54.648276,-20.554396],[-54.648276,-20.554405],[-54.648266,-20.554405],[-54.648266,-20.554414],[-54.648256,-20.554414],[-54.648256,-20.554423],[-54.648247,-20.554422],[-54.648247,-20.554431],[-54.648237,-20.554431],[-54.648237,-20.55444],[-54.648218,-20.55444],[-54.648218,-20.554449],[-54.648208,-20.554449],[-54.648208,-20.554458],[-54.648198,-20.554458],[-54.648198,-20.554467],[-54.648189,-20.554467],[-54.648188,-20.554476],[-54.648179,-20.554476],[-54.648179,-20.554485],[-54.648169,-20.554485],[-54.648169,-20.554494],[-54.648159,-20.554494],[-54.648159,-20.554503],[-54.64815,-20.554502],[-54.64815,-20.554484],[-54.64814,-20.554484],[-54.648141,-20.554466],[-54.648131,-20.554466],[-54.648131,-20.554439],[-54.648122,-20.554439],[-54.648122,-20.554421],[-54.648113,-20.554421],[-54.648113,-20.554403],[-54.648103,-20.554402],[-54.648104,-20.554384],[-54.648094,-20.554384],[-54.648094,-20.554366],[-54.648085,-20.554366],[-54.648085,-20.554348],[-54.648075,-20.554348],[-54.648075,-20.554339],[-54.648056,-20.554339],[-54.648057,-20.554321],[-54.648066,-20.554321],[-54.648067,-20.554248],[-54.648077,-20.554249],[-54.648077,-20.55424],[-54.648087,-20.55424],[-54.648087,-20.554231],[-54.648096,-20.554231],[-54.648096,-20.554222],[-54.648106,-20.554222],[-54.648106,-20.554213],[-54.648116,-20.554213],[-54.648116,-20.554204],[-54.648125,-20.554204],[-54.648126,-20.554195],[-54.648135,-20.554195],[-54.648135,-20.554186],[-54.648145,-20.554186],[-54.648145,-20.554177],[-54.648155,-20.554177],[-54.648155,-20.554168],[-54.648164,-20.554168],[-54.648164,-20.554159],[-54.648174,-20.55416],[-54.648174,-20.554151],[-54.648184,-20.554151],[-54.648184,-20.554142],[-54.648194,-20.554142],[-54.648194,-20.554133],[-54.648203,-20.554133],[-54.648203,-20.554124],[-54.648213,-20.554124],[-54.648213,-20.554115],[-54.648223,-20.554115],[-54.648223,-20.554106],[-54.648232,-20.554106],[-54.648233,-20.554097],[-54.648242,-20.554097],[-54.648242,-20.554088],[-54.648252,-20.554088],[-54.648252,-20.554079],[-54.648262,-20.55408],[-54.648262,-20.55407],[-54.648271,-20.554071],[-54.648271,-20.554062],[-54.648281,-20.554062],[-54.648281,-20.554053],[-54.648291,-20.554053],[-54.648291,-20.554044],[-54.6483,-20.554044],[-54.648301,-20.554035],[-54.64831,-20.554035],[-54.64831,-20.554026],[-54.64832,-20.554026],[-54.64832,-20.554017],[-54.64833,-20.554017],[-54.64833,-20.554008],[-54.648339,-20.554008],[-54.64834,-20.553999],[-54.648349,-20.553999],[-54.648349,-20.55399],[-54.648359,-20.553991],[-54.648359,-20.553981],[-54.648369,-20.553982],[-54.648369,-20.553973],[-54.648378,-20.553973],[-54.648378,-20.553964],[-54.648388,-20.553964],[-54.648388,-20.553955],[-54.648398,-20.553955],[-54.648398,-20.553946],[-54.648407,-20.553946],[-54.648408,-20.553937],[-54.648417,-20.553937],[-54.648417,-20.553928],[-54.648427,-20.553928],[-54.648427,-20.553919],[-54.648437,-20.553919],[-54.648437,-20.55391],[-54.648446,-20.55391],[-54.648446,-20.553901],[-54.648456,-20.553902],[-54.648456,-20.553893],[-54.648466,-20.553893],[-54.648466,-20.553884],[-54.648476,-20.553884],[-54.648476,-20.553875],[-54.648485,-20.553875],[-54.648485,-20.553866],[-54.648495,-20.553866],[-54.648495,-20.553857],[-54.648505,-20.553857],[-54.648505,-20.553848],[-54.648514,-20.553848],[-54.648515,-20.553839],[-54.648524,-20.553839],[-54.648524,-20.55383],[-54.648534,-20.55383],[-54.648534,-20.553821],[-54.648544,-20.553821],[-54.648544,-20.553812],[-54.648553,-20.553813],[-54.648553,-20.553804],[-54.648563,-20.553804],[-54.648563,-20.553795],[-54.648573,-20.553795],[-54.648573,-20.553786],[-54.648582,-20.553786],[-54.648583,-20.553777],[-54.648592,-20.553777],[-54.648592,-20.553768],[-54.648602,-20.553768],[-54.648602,-20.553759],[-54.648612,-20.553759],[-54.648612,-20.55375],[-54.648621,-20.55375],[-54.648621,-20.553741],[-54.648631,-20.553741],[-54.648631,-20.553732],[-54.648641,-20.553732],[-54.648641,-20.553723],[-54.648651,-20.553724],[-54.648651,-20.553715],[-54.64866,-20.553715],[-54.64866,-20.553706],[-54.64867,-20.553706],[-54.64867,-20.553697],[-54.64868,-20.553697],[-54.64868,-20.553688],[-54.648689,-20.553688],[-54.64869,-20.553679],[-54.648699,-20.553679],[-54.648699,-20.55367],[-54.648709,-20.55367],[-54.648709,-20.553661],[-54.648719,-20.553661],[-54.648719,-20.553652],[-54.648728,-20.553652],[-54.648728,-20.553643],[-54.648738,-20.553643],[-54.648738,-20.553634],[-54.648748,-20.553635],[-54.648748,-20.553626],[-54.648757,-20.553626],[-54.648758,-20.553617],[-54.648767,-20.553617],[-54.648767,-20.553608],[-54.648777,-20.553608],[-54.648777,-20.553599],[-54.648787,-20.553599],[-54.648787,-20.55359],[-54.648796,-20.55359],[-54.648797,-20.553581],[-54.648806,-20.553581],[-54.648806,-20.553572],[-54.648816,-20.553572],[-54.648816,-20.553563],[-54.648826,-20.553563],[-54.648826,-20.553554],[-54.648835,-20.553555],[-54.648835,-20.553545],[-54.648845,-20.553546],[-54.648845,-20.553537],[-54.648855,-20.553537],[-54.648855,-20.553528],[-54.648864,-20.553528],[-54.648865,-20.553519],[-54.648874,-20.553519],[-54.648874,-20.55351],[-54.648884,-20.55351],[-54.648884,-20.553501],[-54.648894,-20.553501],[-54.648894,-20.553492],[-54.648903,-20.553492],[-54.648903,-20.553483],[-54.648913,-20.553483],[-54.648913,-20.553474],[-54.648923,-20.553474],[-54.648923,-20.553465],[-54.648952,-20.553466],[-54.648952,-20.553457],[-54.648961,-20.553457],[-54.648962,-20.553448],[-54.648971,-20.553448],[-54.648971,-20.553439],[-54.648981,-20.553439],[-54.648981,-20.55343],[-54.648991,-20.55343],[-54.648991,-20.553421],[-54.649,-20.553421],[-54.649,-20.553412],[-54.64901,-20.553412],[-54.64901,-20.553403],[-54.64902,-20.553403],[-54.64902,-20.553394],[-54.649029,-20.553395],[-54.64903,-20.553386],[-54.649039,-20.553386],[-54.649039,-20.553377],[-54.649049,-20.553377],[-54.649049,-20.553368],[-54.649059,-20.553368],[-54.649059,-20.553359],[-54.649068,-20.553359],[-54.649069,-20.55335],[-54.649078,-20.55335],[-54.649078,-20.553341],[-54.649088,-20.553341],[-54.649088,-20.553332],[-54.649098,-20.553332],[-54.649098,-20.553323],[-54.649107,-20.553323],[-54.649107,-20.553314],[-54.649117,-20.553315],[-54.649117,-20.553305],[-54.649136,-20.553306],[-54.649136,-20.553297],[-54.649146,-20.553297],[-54.649146,-20.553288],[-54.649156,-20.553288],[-54.649156,-20.553279],[-54.649165,-20.553279],[-54.649166,-20.55327],[-54.649175,-20.55327],[-54.649175,-20.553261],[-54.649185,-20.553261],[-54.649185,-20.553252],[-54.649195,-20.553252],[-54.649195,-20.553243],[-54.649204,-20.553243],[-54.649205,-20.553234],[-54.649214,-20.553235],[-54.649214,-20.553226],[-54.649224,-20.553226],[-54.649224,-20.553217],[-54.649234,-20.553217],[-54.649234,-20.553208],[-54.649243,-20.553208],[-54.649243,-20.553199],[-54.649253,-20.553199],[-54.649253,-20.55319],[-54.649263,-20.55319],[-54.649263,-20.553181],[-54.649272,-20.553181],[-54.649273,-20.553172],[-54.649282,-20.553172],[-54.649282,-20.553163],[-54.649292,-20.553163],[-54.649292,-20.553154],[-54.649302,-20.553154],[-54.649302,-20.553145],[-54.649311,-20.553146],[-54.649311,-20.553137],[-54.649321,-20.553137],[-54.649321,-20.553128],[-54.649331,-20.553128],[-54.649331,-20.553119],[-54.649341,-20.553119],[-54.649341,-20.55311],[-54.64935,-20.55311],[-54.64935,-20.553101],[-54.64936,-20.553101],[-54.64936,-20.553092],[-54.64937,-20.553092],[-54.64937,-20.553083],[-54.649379,-20.553083],[-54.64938,-20.553074],[-54.649389,-20.553074],[-54.649389,-20.553065],[-54.649399,-20.553065],[-54.649399,-20.553056],[-54.649418,-20.553057],[-54.649418,-20.553048],[-54.649428,-20.553048],[-54.649428,-20.553039],[-54.649438,-20.553039],[-54.649438,-20.55303],[-54.649447,-20.55303],[-54.649447,-20.553021],[-54.649467,-20.553021],[-54.649467,-20.553012],[-54.649486,-20.553012],[-54.649486,-20.553003],[-54.649496,-20.553004],[-54.649496,-20.552995],[-54.649505,-20.552995],[-54.649506,-20.552986],[-54.649515,-20.552986],[-54.649515,-20.552977],[-54.649525,-20.552977],[-54.649525,-20.552968],[-54.649535,-20.552968],[-54.649535,-20.552959],[-54.649544,-20.552959],[-54.649544,-20.55295],[-54.649554,-20.55295],[-54.649554,-20.552941],[-54.649564,-20.552941],[-54.649564,-20.552932],[-54.649573,-20.552932],[-54.649574,-20.552923],[-54.649583,-20.552924],[-54.649583,-20.552914],[-54.649593,-20.552915],[-54.649593,-20.552906],[-54.649603,-20.552906],[-54.649603,-20.552897],[-54.649612,-20.552897],[-54.649612,-20.552888],[-54.649622,-20.552888],[-54.649622,-20.552879],[-54.649632,-20.552879],[-54.649632,-20.55287],[-54.649642,-20.55287],[-54.649642,-20.552861],[-54.649651,-20.552861],[-54.649651,-20.552852],[-54.649661,-20.552852],[-54.649661,-20.552843],[-54.649671,-20.552843],[-54.649671,-20.552834],[-54.64968,-20.552835],[-54.649681,-20.552825],[-54.64969,-20.552826],[-54.64969,-20.552817],[-54.6497,-20.552817],[-54.6497,-20.552808],[-54.64971,-20.552808],[-54.64971,-20.552799],[-54.649719,-20.552799],[-54.649719,-20.55279],[-54.649729,-20.55279],[-54.649729,-20.552781],[-54.649739,-20.552781],[-54.649739,-20.552772],[-54.649748,-20.552772],[-54.649749,-20.552763],[-54.649758,-20.552763],[-54.649758,-20.552754],[-54.649768,-20.552754],[-54.649768,-20.552745],[-54.649778,-20.552746],[-54.649778,-20.552727],[-54.649788,-20.552728],[-54.649788,-20.552719],[-54.649797,-20.552719],[-54.649798,-20.552701],[-54.649807,-20.552701],[-54.649807,-20.552683],[-54.649817,-20.552683],[-54.64982,-20.552502],[-54.649829,-20.552502],[-54.649831,-20.552367],[-54.649841,-20.552367],[-54.649841,-20.552358],[-54.649851,-20.552358],[-54.649851,-20.552349],[-54.64986,-20.552349],[-54.649861,-20.55234],[-54.64987,-20.55234],[-54.64987,-20.552331],[-54.64988,-20.552332],[-54.64988,-20.552322],[-54.64989,-20.552323],[-54.64989,-20.552314],[-54.649899,-20.552314],[-54.649899,-20.552305],[-54.649909,-20.552305],[-54.649909,-20.552278],[-54.649919,-20.552278],[-54.649919,-20.552251],[-54.649929,-20.552251],[-54.649929,-20.552233],[-54.649948,-20.552233],[-54.649949,-20.552224],[-54.649968,-20.552224],[-54.649968,-20.552215],[-54.649978,-20.552215],[-54.649978,-20.552206],[-54.649997,-20.552207],[-54.649997,-20.552198],[-54.650007,-20.552198],[-54.650007,-20.552189],[-54.650016,-20.552189],[-54.650016,-20.55218],[-54.650026,-20.55218],[-54.650026,-20.552171],[-54.650045,-20.552171],[-54.650045,-20.552162],[-54.650055,-20.552162],[-54.650055,-20.552153],[-54.650074,-20.552154],[-54.650074,-20.552145],[-54.650084,-20.552145],[-54.650084,-20.552136],[-54.650094,-20.552136],[-54.650094,-20.552127],[-54.650113,-20.552127],[-54.650113,-20.552118],[-54.650132,-20.552118],[-54.650133,-20.552109],[-54.650142,-20.552109],[-54.650142,-20.5521],[-54.650161,-20.552101],[-54.650162,-20.552092],[-54.650171,-20.552092],[-54.650171,-20.552083],[-54.6502,-20.552083],[-54.6502,-20.552092],[-54.650296,-20.552093],[-54.650296,-20.552084],[-54.650305,-20.552084],[-54.650306,-20.552075],[-54.650315,-20.552076],[-54.650315,-20.552067],[-54.650325,-20.552067],[-54.650325,-20.552058],[-54.650335,-20.552058],[-54.650335,-20.552049],[-54.650344,-20.552049],[-54.650345,-20.55204],[-54.650354,-20.55204],[-54.650355,-20.551986],[-54.650374,-20.551986],[-54.650374,-20.551977],[-54.650384,-20.551977],[-54.650384,-20.551968],[-54.650394,-20.551968],[-54.650394,-20.551959],[-54.650403,-20.551959],[-54.650403,-20.55195],[-54.650413,-20.55195],[-54.650413,-20.551941],[-54.650423,-20.551942],[-54.650423,-20.551933],[-54.650432,-20.551933],[-54.650433,-20.551924],[-54.650442,-20.551924],[-54.650442,-20.551915],[-54.650452,-20.551915],[-54.650452,-20.551906],[-54.650462,-20.551906],[-54.650462,-20.551897],[-54.650471,-20.551897],[-54.650471,-20.551888],[-54.650481,-20.551888],[-54.650481,-20.551879],[-54.650491,-20.551879],[-54.650491,-20.55187],[-54.650501,-20.55187],[-54.650501,-20.551861],[-54.65051,-20.551861],[-54.65051,-20.551852],[-54.65052,-20.551853],[-54.65052,-20.551844],[-54.650539,-20.551844],[-54.650539,-20.551835],[-54.650549,-20.551835],[-54.650549,-20.551826],[-54.650559,-20.551826],[-54.650559,-20.551817],[-54.650568,-20.551817],[-54.650569,-20.551799],[-54.650578,-20.551799],[-54.650578,-20.55179],[-54.650588,-20.55179],[-54.650588,-20.551781],[-54.650598,-20.551781],[-54.650598,-20.551763],[-54.650608,-20.551763],[-54.650608,-20.551754],[-54.650617,-20.551755],[-54.650617,-20.551746],[-54.650627,-20.551746],[-54.650627,-20.551737],[-54.650694,-20.551738],[-54.650694,-20.551729],[-54.650704,-20.551729],[-54.650704,-20.55172],[-54.650714,-20.55172],[-54.650714,-20.551711],[-54.650723,-20.551711],[-54.650724,-20.551702],[-54.650733,-20.551702],[-54.650733,-20.551693],[-54.650743,-20.551693],[-54.650743,-20.551684],[-54.650753,-20.551684],[-54.650753,-20.551675],[-54.650762,-20.551675],[-54.650763,-20.551666],[-54.650772,-20.551666],[-54.650772,-20.551657],[-54.650782,-20.551657],[-54.650782,-20.551648],[-54.650792,-20.551649],[-54.650792,-20.55164],[-54.650801,-20.55164],[-54.650801,-20.551631],[-54.650811,-20.551631],[-54.650811,-20.551622],[-54.650821,-20.551622],[-54.650821,-20.551613],[-54.65083,-20.551613],[-54.650831,-20.551604],[-54.65084,-20.551604],[-54.65084,-20.551595],[-54.65085,-20.551595],[-54.65085,-20.551586],[-54.65086,-20.551586],[-54.65086,-20.551577],[-54.650879,-20.551577],[-54.650879,-20.551568],[-54.650889,-20.551569],[-54.650889,-20.55156],[-54.650898,-20.55156],[-54.650898,-20.551551],[-54.650908,-20.551551],[-54.650908,-20.551542],[-54.650918,-20.551542],[-54.650918,-20.551533],[-54.650928,-20.551533],[-54.650928,-20.551524],[-54.650937,-20.551524],[-54.650937,-20.551515],[-54.650947,-20.551515],[-54.650947,-20.551506],[-54.650957,-20.551506],[-54.650957,-20.551497],[-54.650966,-20.551497],[-54.650967,-20.551488],[-54.650976,-20.551489],[-54.650976,-20.551479],[-54.650995,-20.55148],[-54.650996,-20.551471],[-54.651015,-20.551471],[-54.651015,-20.551462],[-54.651024,-20.551462],[-54.651025,-20.551453],[-54.651034,-20.551453],[-54.651034,-20.551444],[-54.651044,-20.551444],[-54.651044,-20.551435],[-54.651054,-20.551435],[-54.651054,-20.551426],[-54.651063,-20.551426],[-54.651064,-20.551417],[-54.651073,-20.551418],[-54.651073,-20.551409],[-54.651083,-20.551409],[-54.651083,-20.5514],[-54.651093,-20.5514],[-54.651093,-20.551391],[-54.651102,-20.551391],[-54.651102,-20.551382],[-54.651112,-20.551382],[-54.651112,-20.551373],[-54.651122,-20.551373],[-54.651122,-20.551364],[-54.651131,-20.551364],[-54.651132,-20.551355],[-54.651141,-20.551355],[-54.651141,-20.551346],[-54.651151,-20.551346],[-54.651151,-20.551337],[-54.65117,-20.551338],[-54.65117,-20.551329],[-54.65118,-20.551329],[-54.65118,-20.55132],[-54.65119,-20.55132],[-54.65119,-20.551311],[-54.651199,-20.551311],[-54.6512,-20.551302],[-54.651209,-20.551302],[-54.651209,-20.551293],[-54.651219,-20.551293],[-54.651219,-20.551284],[-54.651229,-20.551284],[-54.651229,-20.551275],[-54.651238,-20.551275],[-54.651238,-20.551266],[-54.651248,-20.551266],[-54.651248,-20.551257],[-54.651258,-20.551258],[-54.651258,-20.551249],[-54.651267,-20.551249],[-54.651268,-20.55124],[-54.651277,-20.55124],[-54.651277,-20.551231],[-54.651287,-20.551231],[-54.651287,-20.551222],[-54.651297,-20.551222],[-54.651297,-20.551213],[-54.651306,-20.551213],[-54.651306,-20.551204],[-54.651316,-20.551204],[-54.651316,-20.551195],[-54.651326,-20.551195],[-54.651326,-20.551186],[-54.651336,-20.551186],[-54.651336,-20.551177],[-54.651345,-20.551177],[-54.651345,-20.551168],[-54.651355,-20.551169],[-54.651355,-20.55116],[-54.651365,-20.55116],[-54.651365,-20.551151],[-54.651374,-20.551151],[-54.651375,-20.551142],[-54.651384,-20.551142],[-54.651384,-20.551133],[-54.651394,-20.551133],[-54.651394,-20.551124],[-54.651404,-20.551124],[-54.651404,-20.551115],[-54.651413,-20.551115],[-54.651413,-20.551106],[-54.651423,-20.551106],[-54.651423,-20.551097],[-54.651433,-20.551097],[-54.651433,-20.551088],[-54.651442,-20.551088],[-54.651443,-20.551079],[-54.651452,-20.55108],[-54.651452,-20.551071],[-54.651462,-20.551071],[-54.651462,-20.551062],[-54.651472,-20.551062],[-54.651472,-20.551053],[-54.651481,-20.551053],[-54.651481,-20.551044],[-54.651491,-20.551044],[-54.651491,-20.551035],[-54.651501,-20.551035],[-54.651501,-20.551026],[-54.651511,-20.551026],[-54.651511,-20.551017],[-54.65152,-20.551017],[-54.65152,-20.551008],[-54.65153,-20.551008],[-54.65153,-20.550999],[-54.65154,-20.550999],[-54.65154,-20.55099],[-54.651549,-20.550991],[-54.65155,-20.550982],[-54.651559,-20.550982],[-54.651559,-20.550973],[-54.651569,-20.550973],[-54.651569,-20.550964],[-54.651579,-20.550964],[-54.651579,-20.550955],[-54.651588,-20.550955],[-54.651588,-20.550946],[-54.651598,-20.550946],[-54.651598,-20.550937],[-54.651608,-20.550937],[-54.651608,-20.550928],[-54.651617,-20.550928],[-54.651618,-20.550919],[-54.651627,-20.550919],[-54.651627,-20.55091],[-54.651637,-20.550911],[-54.651637,-20.550901],[-54.651647,-20.550902],[-54.651647,-20.550893],[-54.651656,-20.550893],[-54.651657,-20.550884],[-54.651666,-20.550884],[-54.651666,-20.550875],[-54.651676,-20.550875],[-54.651676,-20.550866],[-54.651686,-20.550866],[-54.651686,-20.550857],[-54.651695,-20.550857],[-54.651695,-20.550848],[-54.651705,-20.550848],[-54.651705,-20.550839],[-54.651715,-20.550839],[-54.651715,-20.55083],[-54.651724,-20.55083],[-54.651725,-20.550803],[-54.651734,-20.550803],[-54.651735,-20.550767],[-54.651745,-20.550767],[-54.651747,-20.550632],[-54.651756,-20.550632],[-54.651756,-20.550623],[-54.651766,-20.550623],[-54.651766,-20.550614],[-54.651776,-20.550614],[-54.651776,-20.550605],[-54.651785,-20.550605],[-54.651786,-20.550596],[-54.651795,-20.550597],[-54.651795,-20.550588],[-54.651805,-20.550588],[-54.651805,-20.550579],[-54.651815,-20.550579],[-54.651815,-20.55057],[-54.651824,-20.55057],[-54.651824,-20.550561],[-54.651834,-20.550561],[-54.651834,-20.550552],[-54.651844,-20.550552],[-54.651844,-20.550543],[-54.651863,-20.550543],[-54.651863,-20.550534],[-54.651873,-20.550534],[-54.651874,-20.550444],[-54.651884,-20.550444],[-54.651887,-20.55021],[-54.651897,-20.55021],[-54.651897,-20.550201],[-54.651907,-20.550201],[-54.651907,-20.550192],[-54.651916,-20.550192],[-54.651916,-20.550183],[-54.651926,-20.550183],[-54.651926,-20.550174],[-54.651936,-20.550174],[-54.651936,-20.550165],[-54.651946,-20.550165],[-54.651946,-20.550156],[-54.651955,-20.550156],[-54.651955,-20.550147],[-54.651965,-20.550147],[-54.651965,-20.550138],[-54.651975,-20.550138],[-54.651975,-20.550129],[-54.651984,-20.55013],[-54.651987,-20.549967],[-54.651996,-20.549967],[-54.651997,-20.549913],[-54.652007,-20.549913],[-54.652008,-20.54985],[-54.652017,-20.54985],[-54.652018,-20.549796],[-54.652028,-20.549796],[-54.652029,-20.549751],[-54.652038,-20.549751],[-54.652039,-20.549688],[-54.65203,-20.549688],[-54.652033,-20.549444],[-54.652043,-20.549444],[-54.652043,-20.549435],[-54.652053,-20.549435],[-54.652053,-20.549417],[-54.652062,-20.549417],[-54.652063,-20.549408],[-54.652072,-20.549408],[-54.652072,-20.549399],[-54.652082,-20.549399],[-54.652082,-20.549381],[-54.652092,-20.549382],[-54.652092,-20.549372],[-54.652101,-20.549373],[-54.652102,-20.549364],[-54.652111,-20.549364],[-54.652111,-20.549355],[-54.652121,-20.549355],[-54.652121,-20.549337],[-54.652131,-20.549337],[-54.652131,-20.549328],[-54.65214,-20.549328],[-54.652141,-20.549319],[-54.65215,-20.549319],[-54.65215,-20.54931],[-54.65216,-20.54931],[-54.65216,-20.549292],[-54.65217,-20.549292],[-54.65217,-20.549283],[-54.65218,-20.549283],[-54.65218,-20.549274],[-54.652189,-20.549274],[-54.65219,-20.549256],[-54.652199,-20.549257],[-54.6522,-20.549202],[-54.65221,-20.549202],[-54.65221,-20.549193],[-54.652219,-20.549194],[-54.652219,-20.549185],[-54.652229,-20.549185],[-54.652229,-20.549176],[-54.652239,-20.549176],[-54.652239,-20.549167],[-54.652248,-20.549167],[-54.652249,-20.549158],[-54.652258,-20.549158],[-54.652258,-20.549149],[-54.652268,-20.549149],[-54.652268,-20.54914],[-54.652287,-20.54914],[-54.652287,-20.549131],[-54.652297,-20.549131],[-54.652297,-20.549122],[-54.652307,-20.549123],[-54.652307,-20.549114],[-54.652316,-20.549114],[-54.652316,-20.549105],[-54.652326,-20.549105],[-54.652326,-20.549096],[-54.652336,-20.549096],[-54.652336,-20.549087],[-54.652346,-20.549087],[-54.652346,-20.549078],[-54.652355,-20.549078],[-54.652355,-20.549069],[-54.652365,-20.549069],[-54.652365,-20.54906],[-54.652375,-20.54906],[-54.652375,-20.549051],[-54.652384,-20.549051],[-54.652385,-20.549042],[-54.652394,-20.549042],[-54.652394,-20.549033],[-54.652404,-20.549034],[-54.652404,-20.549025],[-54.652414,-20.549025],[-54.652414,-20.549016],[-54.652423,-20.549016],[-54.652423,-20.549007],[-54.652433,-20.549007],[-54.652433,-20.548998],[-54.652443,-20.548998],[-54.652443,-20.548989],[-54.652452,-20.548989],[-54.652453,-20.54898],[-54.652462,-20.54898],[-54.652462,-20.548971],[-54.652472,-20.548971],[-54.652472,-20.548953],[-54.652482,-20.548953],[-54.652482,-20.548944],[-54.652491,-20.548944],[-54.652492,-20.548935],[-54.652501,-20.548936],[-54.652501,-20.548927],[-54.652511,-20.548927],[-54.652511,-20.548918],[-54.652521,-20.548918],[-54.652521,-20.548909],[-54.65253,-20.548909],[-54.652531,-20.5489],[-54.65254,-20.5489],[-54.65254,-20.548891],[-54.65255,-20.548891],[-54.65255,-20.548882],[-54.65256,-20.548882],[-54.65256,-20.548873],[-54.652569,-20.548873],[-54.652569,-20.548864],[-54.652579,-20.548864],[-54.652579,-20.548855],[-54.652589,-20.548855],[-54.652589,-20.548846],[-54.652598,-20.548847],[-54.652599,-20.548838],[-54.652608,-20.548838],[-54.652608,-20.548829],[-54.652618,-20.548829],[-54.652618,-20.54882],[-54.652628,-20.54882],[-54.652628,-20.548811],[-54.652637,-20.548811],[-54.652637,-20.548802],[-54.652647,-20.548802],[-54.652647,-20.548793],[-54.652657,-20.548793],[-54.652657,-20.548784],[-54.652667,-20.548784],[-54.652667,-20.548775],[-54.652676,-20.548775],[-54.652676,-20.548766],[-54.652686,-20.548766],[-54.652686,-20.548757],[-54.652696,-20.548758],[-54.652696,-20.548749],[-54.652705,-20.548749],[-54.652706,-20.54874],[-54.652715,-20.54874],[-54.652715,-20.548731],[-54.652725,-20.548731],[-54.652725,-20.548722],[-54.652735,-20.548722],[-54.652735,-20.548713],[-54.652744,-20.548713],[-54.652745,-20.548695],[-54.652754,-20.548695],[-54.652755,-20.548668],[-54.652764,-20.548668],[-54.652764,-20.54865],[-54.652774,-20.54865],[-54.652774,-20.548623],[-54.652784,-20.548623],[-54.652784,-20.548605],[-54.652794,-20.548605],[-54.652794,-20.548587],[-54.652804,-20.548587],[-54.652804,-20.54856],[-54.652814,-20.54856],[-54.652814,-20.548542],[-54.652824,-20.548543],[-54.652828,-20.548281],[-54.652818,-20.548281],[-54.652819,-20.548226],[-54.652809,-20.548226],[-54.65281,-20.548172],[-54.6528,-20.548172],[-54.652801,-20.548127],[-54.652811,-20.548127],[-54.652811,-20.548118],[-54.65282,-20.548118],[-54.652822,-20.548046],[-54.652831,-20.548046],[-54.652837,-20.54764],[-54.652847,-20.54764],[-54.652847,-20.547631],[-54.652857,-20.547631],[-54.652857,-20.547613],[-54.652867,-20.547613],[-54.652867,-20.547595],[-54.652876,-20.547595],[-54.652877,-20.547568],[-54.652886,-20.547568],[-54.652887,-20.54755],[-54.652896,-20.54755],[-54.652897,-20.547532],[-54.652906,-20.547532],[-54.652907,-20.547505],[-54.652916,-20.547505],[-54.652916,-20.547487],[-54.652926,-20.547487],[-54.652926,-20.54746],[-54.652936,-20.54746],[-54.652936,-20.547442],[-54.652946,-20.547443],[-54.652946,-20.547406],[-54.652956,-20.547407],[-54.652956,-20.547398],[-54.652966,-20.547398],[-54.652967,-20.547307],[-54.652977,-20.547307],[-54.652977,-20.547289],[-54.652987,-20.54729],[-54.652987,-20.547262],[-54.652997,-20.547263],[-54.652997,-20.547236],[-54.653007,-20.547236],[-54.653007,-20.547209],[-54.653017,-20.547209],[-54.653017,-20.547182],[-54.653027,-20.547182],[-54.653027,-20.547164],[-54.653036,-20.547164],[-54.653037,-20.547137],[-54.653046,-20.547137],[-54.653051,-20.54683],[-54.653061,-20.54683],[-54.653062,-20.546758],[-54.653052,-20.546758],[-54.653053,-20.546694],[-54.653044,-20.546694],[-54.653044,-20.546685],[-54.653034,-20.546685],[-54.653034,-20.546676],[-54.653025,-20.546676],[-54.653025,-20.546667],[-54.653015,-20.546667],[-54.653015,-20.546658],[-54.653006,-20.546658],[-54.653006,-20.546649],[-54.652996,-20.546649],[-54.652996,-20.54664],[-54.652987,-20.546639],[-54.652987,-20.54663],[-54.652977,-20.54663],[-54.652978,-20.546621],[-54.652968,-20.546621],[-54.652968,-20.546612],[-54.652959,-20.546612],[-54.652959,-20.546603],[-54.652949,-20.546603],[-54.652949,-20.546594],[-54.65294,-20.546594],[-54.65294,-20.546566],[-54.65293,-20.546566],[-54.652931,-20.546548],[-54.652921,-20.546548],[-54.652921,-20.54653],[-54.652912,-20.54653],[-54.652912,-20.546521],[-54.652902,-20.546521],[-54.652903,-20.546512],[-54.652893,-20.546512],[-54.652893,-20.546503],[-54.652884,-20.546503],[-54.652884,-20.546493],[-54.652874,-20.546493],[-54.652874,-20.546484],[-54.652826,-20.546484],[-54.652826,-20.546475],[-54.652778,-20.546474],[-54.652779,-20.546465],[-54.652731,-20.546464],[-54.652731,-20.546455],[-54.652721,-20.546455],[-54.65273,-20.54585],[-54.65274,-20.54585],[-54.652741,-20.545778],[-54.652751,-20.545778],[-54.652751,-20.545769],[-54.65276,-20.545769],[-54.652761,-20.54576],[-54.65277,-20.54576],[-54.652773,-20.54558],[-54.652783,-20.54558],[-54.652784,-20.545499],[-54.652774,-20.545499],[-54.652774,-20.545481],[-54.652765,-20.54548],[-54.652765,-20.545453],[-54.652756,-20.545453],[-54.652757,-20.545345],[-54.652758,-20.545309],[-54.652768,-20.545309],[-54.652768,-20.5453],[-54.652777,-20.5453],[-54.652777,-20.545291],[-54.652787,-20.545291],[-54.652787,-20.545282],[-54.652797,-20.545282],[-54.652797,-20.545273],[-54.652806,-20.545273],[-54.652807,-20.545264],[-54.652816,-20.545264],[-54.652816,-20.545255],[-54.652826,-20.545256],[-54.652826,-20.545247],[-54.652836,-20.545247],[-54.652836,-20.545238],[-54.652845,-20.545238],[-54.652846,-20.54522],[-54.652865,-20.54522],[-54.652865,-20.545211],[-54.652874,-20.545211],[-54.652875,-20.545202],[-54.652884,-20.545202],[-54.652885,-20.54513],[-54.652876,-20.54513],[-54.652876,-20.545121],[-54.652847,-20.54512],[-54.652847,-20.545111],[-54.652828,-20.545111],[-54.652828,-20.545102],[-54.652819,-20.545102],[-54.652819,-20.545093],[-54.6528,-20.545093],[-54.6528,-20.545084],[-54.652781,-20.545083],[-54.652781,-20.545074],[-54.652771,-20.545074],[-54.652773,-20.54493],[-54.652783,-20.54493],[-54.652785,-20.544767],[-54.652776,-20.544767],[-54.652776,-20.544758],[-54.652766,-20.544758],[-54.652766,-20.544749],[-54.652757,-20.544749],[-54.652757,-20.54474],[-54.652747,-20.54474],[-54.652748,-20.544731],[-54.652738,-20.544731],[-54.652738,-20.544722],[-54.652729,-20.544721],[-54.652729,-20.544712],[-54.652719,-20.544712],[-54.652719,-20.544694],[-54.65271,-20.544694],[-54.65271,-20.544685],[-54.6527,-20.544685],[-54.6527,-20.544676],[-54.652691,-20.544676],[-54.652691,-20.544658],[-54.652682,-20.544658],[-54.652682,-20.544649],[-54.652672,-20.544648],[-54.652672,-20.544639],[-54.652663,-20.544639],[-54.652663,-20.544621],[-54.652653,-20.544621],[-54.652654,-20.544612],[-54.652644,-20.544612],[-54.652644,-20.544603],[-54.652635,-20.544603],[-54.652635,-20.544594],[-54.652625,-20.544594],[-54.652625,-20.544585],[-54.652616,-20.544584],[-54.652616,-20.544539],[-54.652607,-20.544539],[-54.652607,-20.54453],[-54.652597,-20.54453],[-54.652597,-20.544521],[-54.652588,-20.544521],[-54.652588,-20.544512],[-54.652578,-20.544512],[-54.652579,-20.544503],[-54.652569,-20.544503],[-54.652569,-20.544494],[-54.652559,-20.544493],[-54.65256,-20.544484],[-54.65255,-20.544484],[-54.65255,-20.544475],[-54.65256,-20.544475],[-54.65256,-20.544439],[-54.65257,-20.544439],[-54.652573,-20.544232],[-54.652583,-20.544232],[-54.652583,-20.544205],[-54.652573,-20.544205],[-54.652574,-20.544168],[-54.652564,-20.544168],[-54.652565,-20.54415],[-54.652574,-20.54415],[-54.652576,-20.544042],[-54.652566,-20.544042],[-54.652567,-20.544015],[-54.652557,-20.544015],[-54.652558,-20.543979],[-54.652548,-20.543978],[-54.652554,-20.543617],[-54.652544,-20.543617],[-54.652544,-20.543608],[-54.652535,-20.543608],[-54.652535,-20.543572],[-54.652526,-20.543572],[-54.652528,-20.543409],[-54.652519,-20.543409],[-54.652519,-20.543382],[-54.652509,-20.543382],[-54.65251,-20.543364],[-54.6525,-20.543364],[-54.6525,-20.543337],[-54.652491,-20.543337],[-54.652491,-20.543328],[-54.652481,-20.543327],[-54.652482,-20.543318],[-54.652472,-20.543318],[-54.652472,-20.543309],[-54.652463,-20.543309],[-54.652463,-20.5433],[-54.652453,-20.5433],[-54.652453,-20.543291],[-54.652444,-20.543291],[-54.652444,-20.543273],[-54.652453,-20.543273],[-54.652454,-20.543246],[-54.652463,-20.543246],[-54.652464,-20.54321],[-54.652474,-20.54321],[-54.652474,-20.543192],[-54.652483,-20.543192],[-54.652484,-20.543183],[-54.652493,-20.543183],[-54.652494,-20.54312],[-54.652485,-20.54312],[-54.652485,-20.543111],[-54.652475,-20.543111],[-54.652475,-20.543102],[-54.652466,-20.543101],[-54.652466,-20.543092],[-54.652456,-20.543092],[-54.652456,-20.543083],[-54.652447,-20.543083],[-54.652447,-20.543074],[-54.652437,-20.543074],[-54.652439,-20.542975],[-54.652448,-20.542975],[-54.652449,-20.542921],[-54.65244,-20.54292],[-54.65244,-20.542911],[-54.65243,-20.542911],[-54.65243,-20.542902],[-54.652421,-20.542902],[-54.652421,-20.542893],[-54.652411,-20.542893],[-54.652411,-20.542884],[-54.652402,-20.542884],[-54.652402,-20.542875],[-54.652392,-20.542875],[-54.652393,-20.542866],[-54.652383,-20.542866],[-54.65239,-20.542378],[-54.652381,-20.542378],[-54.652382,-20.542306],[-54.652372,-20.542305],[-54.652373,-20.54226],[-54.652363,-20.54226],[-54.652364,-20.542224],[-54.652354,-20.542224],[-54.652355,-20.542188],[-54.652345,-20.542188],[-54.652346,-20.542152],[-54.652336,-20.542151],[-54.652337,-20.542115],[-54.652327,-20.542115],[-54.652328,-20.542088],[-54.652318,-20.542088],[-54.652319,-20.542052],[-54.652309,-20.542052],[-54.652313,-20.54179],[-54.652304,-20.54179],[-54.652304,-20.541763],[-54.652294,-20.541763],[-54.652296,-20.541672],[-54.652286,-20.541672],[-54.652287,-20.541645],[-54.652277,-20.541645],[-54.652277,-20.541627],[-54.652268,-20.541627],[-54.652268,-20.5416],[-54.652259,-20.5416],[-54.652259,-20.541582],[-54.652249,-20.541581],[-54.65225,-20.541554],[-54.65224,-20.541554],[-54.65224,-20.541536],[-54.652231,-20.541536],[-54.652231,-20.541527],[-54.652221,-20.541527],[-54.652221,-20.541518],[-54.652212,-20.541518],[-54.652212,-20.541509],[-54.652202,-20.541509],[-54.652203,-20.541499],[-54.652193,-20.541499],[-54.652193,-20.541472],[-54.652184,-20.541472],[-54.652184,-20.541445],[-54.652175,-20.541445],[-54.652175,-20.541418],[-54.652165,-20.541418],[-54.652166,-20.541391],[-54.652156,-20.541391],[-54.652157,-20.541363],[-54.652147,-20.541363],[-54.652148,-20.541336],[-54.652138,-20.541336],[-54.652138,-20.5413],[-54.652129,-20.5413],[-54.652133,-20.541038],[-54.652123,-20.541038],[-54.652124,-20.541011],[-54.652114,-20.541011],[-54.652114,-20.540993],[-54.652105,-20.540992],[-54.652105,-20.540965],[-54.652096,-20.540965],[-54.652096,-20.540947],[-54.652086,-20.540947],[-54.652087,-20.54092],[-54.652077,-20.54092],[-54.652077,-20.540902],[-54.652068,-20.540902],[-54.652068,-20.540884],[-54.652059,-20.540883],[-54.652059,-20.540874],[-54.652049,-20.540874],[-54.652049,-20.540856],[-54.65204,-20.540856],[-54.65204,-20.540838],[-54.652031,-20.540838],[-54.652031,-20.54082],[-54.652021,-20.54082],[-54.652021,-20.540802],[-54.652012,-20.540802],[-54.652012,-20.540784],[-54.652003,-20.540783],[-54.652003,-20.540765],[-54.651993,-20.540765],[-54.651993,-20.540756],[-54.651984,-20.540756],[-54.651984,-20.540738],[-54.651975,-20.540738],[-54.651975,-20.540729],[-54.651965,-20.540729],[-54.651965,-20.54072],[-54.651956,-20.54072],[-54.651956,-20.540711],[-54.651946,-20.54071],[-54.651946,-20.540701],[-54.651937,-20.540701],[-54.651937,-20.540692],[-54.651927,-20.540692],[-54.651927,-20.540683],[-54.651918,-20.540683],[-54.651918,-20.540674],[-54.651908,-20.540674],[-54.651909,-20.540665],[-54.651899,-20.540665],[-54.651899,-20.540656],[-54.651889,-20.540655],[-54.65189,-20.540646],[-54.65188,-20.540646],[-54.65188,-20.540637],[-54.651871,-20.540637],[-54.651871,-20.540628],[-54.651861,-20.540628],[-54.651861,-20.540619],[-54.651852,-20.540619],[-54.651852,-20.54061],[-54.651842,-20.54061],[-54.651842,-20.540601],[-54.651833,-20.5406],[-54.651833,-20.540591],[-54.651823,-20.540591],[-54.651824,-20.540582],[-54.651814,-20.540582],[-54.651814,-20.540573],[-54.651804,-20.540573],[-54.651805,-20.540564],[-54.651795,-20.540564],[-54.651795,-20.540555],[-54.651786,-20.540555],[-54.651786,-20.540546],[-54.651776,-20.540546],[-54.651776,-20.540536],[-54.651767,-20.540536],[-54.651767,-20.540527],[-54.651757,-20.540527],[-54.651757,-20.540518],[-54.651748,-20.540518],[-54.651748,-20.540509],[-54.651738,-20.540509],[-54.651738,-20.5405],[-54.651729,-20.5405],[-54.651729,-20.540491],[-54.651719,-20.540491],[-54.65172,-20.540482],[-54.65171,-20.540481],[-54.65171,-20.540472],[-54.651701,-20.540472],[-54.651701,-20.540463],[-54.651691,-20.540463],[-54.651691,-20.540454],[-54.651682,-20.540454],[-54.651682,-20.540445],[-54.651672,-20.540445],[-54.651672,-20.540427],[-54.651663,-20.540427],[-54.651663,-20.5404],[-54.651654,-20.540399],[-54.651654,-20.540372],[-54.651645,-20.540372],[-54.651645,-20.540345],[-54.651635,-20.540345],[-54.651637,-20.540264],[-54.651627,-20.540264],[-54.651627,-20.540236],[-54.651618,-20.540236],[-54.651618,-20.540227],[-54.651608,-20.540227],[-54.651609,-20.540209],[-54.651599,-20.540209],[-54.651599,-20.5402],[-54.65159,-20.5402],[-54.65159,-20.540191],[-54.65158,-20.540191],[-54.65158,-20.540182],[-54.651571,-20.540182],[-54.651571,-20.540172],[-54.651561,-20.540172],[-54.651562,-20.540154],[-54.651552,-20.540154],[-54.651552,-20.540145],[-54.651543,-20.540145],[-54.651543,-20.540127],[-54.651533,-20.540127],[-54.651533,-20.540118],[-54.651524,-20.540118],[-54.651524,-20.540109],[-54.651514,-20.540109],[-54.651515,-20.540099],[-54.651505,-20.540099],[-54.651505,-20.54009],[-54.651495,-20.54009],[-54.651496,-20.540081],[-54.651486,-20.540081],[-54.651486,-20.540072],[-54.651477,-20.540072],[-54.651477,-20.540063],[-54.651467,-20.540063],[-54.651467,-20.540054],[-54.651458,-20.540054],[-54.651458,-20.540045],[-54.651314,-20.540043],[-54.651314,-20.540034],[-54.651305,-20.540033],[-54.651305,-20.540024],[-54.651295,-20.540024],[-54.651295,-20.540015],[-54.651286,-20.540015],[-54.651286,-20.540006],[-54.651276,-20.540006],[-54.651276,-20.539997],[-54.651267,-20.539997],[-54.651267,-20.539988],[-54.651257,-20.539988],[-54.651258,-20.539979],[-54.651248,-20.539978],[-54.651248,-20.539969],[-54.651238,-20.539969],[-54.651239,-20.53996],[-54.651229,-20.53996],[-54.651229,-20.539951],[-54.65122,-20.539951],[-54.65122,-20.539942],[-54.65121,-20.539942],[-54.65121,-20.539933],[-54.651201,-20.539933],[-54.651201,-20.539924],[-54.651191,-20.539924],[-54.651191,-20.539915],[-54.651182,-20.539914],[-54.651182,-20.539905],[-54.651172,-20.539905],[-54.651172,-20.539896],[-54.651163,-20.539896],[-54.651163,-20.539887],[-54.651144,-20.539887],[-54.651144,-20.539878],[-54.651134,-20.539878],[-54.651135,-20.539869],[-54.651125,-20.539868],[-54.651125,-20.539859],[-54.651116,-20.539859],[-54.651116,-20.53985],[-54.651106,-20.53985],[-54.651106,-20.539841],[-54.651097,-20.539841],[-54.651097,-20.539832],[-54.651087,-20.539832],[-54.651087,-20.539823],[-54.651078,-20.539823],[-54.651078,-20.539814],[-54.651068,-20.539814],[-54.651068,-20.539804],[-54.651059,-20.539804],[-54.651059,-20.539795],[-54.651049,-20.539795],[-54.65105,-20.539786],[-54.65104,-20.539786],[-54.65104,-20.539777],[-54.651031,-20.539777],[-54.651031,-20.539768],[-54.651021,-20.539768],[-54.651021,-20.539759],[-54.651012,-20.539759],[-54.651012,-20.53975],[-54.651002,-20.539749],[-54.651002,-20.53974],[-54.650993,-20.53974],[-54.650993,-20.539713],[-54.650984,-20.539713],[-54.650984,-20.539677],[-54.650975,-20.539677],[-54.650975,-20.53965],[-54.650965,-20.53965],[-54.650966,-20.539622],[-54.650956,-20.539622],[-54.650956,-20.539613],[-54.650947,-20.539613],[-54.650947,-20.539586],[-54.650938,-20.539586],[-54.650938,-20.539577],[-54.650928,-20.539577],[-54.650928,-20.539568],[-54.650919,-20.539568],[-54.650919,-20.539559],[-54.650909,-20.539558],[-54.650909,-20.539549],[-54.6509,-20.539549],[-54.6509,-20.53954],[-54.65089,-20.53954],[-54.65089,-20.539531],[-54.650881,-20.539531],[-54.650881,-20.539522],[-54.650871,-20.539522],[-54.650872,-20.539513],[-54.650632,-20.53951],[-54.650632,-20.539501],[-54.650613,-20.5395],[-54.650613,-20.539491],[-54.650594,-20.539491],[-54.650594,-20.539482],[-54.650584,-20.539482],[-54.650585,-20.539473],[-54.650556,-20.539472],[-54.650556,-20.539463],[-54.650546,-20.539463],[-54.650547,-20.539454],[-54.650537,-20.539454],[-54.650537,-20.539445],[-54.650527,-20.539445],[-54.650528,-20.539436],[-54.650518,-20.539436],[-54.650518,-20.539427],[-54.650509,-20.539427],[-54.650509,-20.539418],[-54.650499,-20.539417],[-54.650499,-20.539408],[-54.650308,-20.539406],[-54.650308,-20.539397],[-54.650289,-20.539397],[-54.650289,-20.539388],[-54.650279,-20.539387],[-54.650279,-20.539378],[-54.65025,-20.539378],[-54.650251,-20.539369],[-54.650231,-20.539369],[-54.650232,-20.53936],[-54.650212,-20.539359],[-54.650213,-20.53935],[-54.650203,-20.53935],[-54.650203,-20.539341],[-54.650184,-20.539341],[-54.650184,-20.539332],[-54.650165,-20.539332],[-54.650165,-20.539323],[-54.650155,-20.539323],[-54.650156,-20.539313],[-54.650146,-20.539313],[-54.650146,-20.539304],[-54.650137,-20.539304],[-54.650137,-20.539295],[-54.650127,-20.539295],[-54.650127,-20.539286],[-54.650118,-20.539286],[-54.650118,-20.539277],[-54.650108,-20.539277],[-54.650108,-20.539268],[-54.650099,-20.539268],[-54.650099,-20.539259],[-54.650089,-20.539258],[-54.650089,-20.539249],[-54.649783,-20.539245],[-54.649783,-20.539236],[-54.649764,-20.539236],[-54.649764,-20.539227],[-54.649745,-20.539227],[-54.649745,-20.539218],[-54.649726,-20.539217],[-54.649726,-20.539208],[-54.649716,-20.539208],[-54.649716,-20.539199],[-54.649707,-20.539199],[-54.649707,-20.53919],[-54.649697,-20.53919],[-54.649698,-20.539163],[-54.649688,-20.539163],[-54.649688,-20.539154],[-54.649679,-20.539154],[-54.649679,-20.539144],[-54.649669,-20.539144],[-54.649669,-20.539135],[-54.64966,-20.539135],[-54.64966,-20.539126],[-54.64965,-20.539126],[-54.649651,-20.539117],[-54.649641,-20.539117],[-54.649641,-20.539108],[-54.649631,-20.539108],[-54.649632,-20.539099],[-54.649344,-20.539095],[-54.649344,-20.539086],[-54.649335,-20.539086],[-54.649335,-20.539077],[-54.649325,-20.539076],[-54.649325,-20.539067],[-54.649316,-20.539067],[-54.649316,-20.539058],[-54.649278,-20.539058],[-54.649278,-20.539049],[-54.649259,-20.539048],[-54.649259,-20.539039],[-54.649249,-20.539039],[-54.649249,-20.53903],[-54.64924,-20.53903],[-54.64924,-20.539021],[-54.64923,-20.539021],[-54.64923,-20.539012],[-54.649221,-20.539012],[-54.649221,-20.539003],[-54.649211,-20.539003],[-54.649211,-20.538994],[-54.649202,-20.538994],[-54.649202,-20.538984],[-54.648876,-20.53898],[-54.648876,-20.538971],[-54.648867,-20.538971],[-54.648867,-20.538962],[-54.648857,-20.538962],[-54.648857,-20.538953],[-54.648848,-20.538953],[-54.648848,-20.538944],[-54.648838,-20.538943],[-54.648838,-20.538934],[-54.648829,-20.538934],[-54.648829,-20.538925],[-54.648819,-20.538925],[-54.64882,-20.538916],[-54.64881,-20.538916],[-54.64881,-20.538907],[-54.648801,-20.538907],[-54.648801,-20.538898],[-54.648791,-20.538898],[-54.648791,-20.538889],[-54.648772,-20.538888],[-54.648772,-20.538879],[-54.648763,-20.538879],[-54.648763,-20.53887],[-54.648744,-20.53887],[-54.648744,-20.538861],[-54.648734,-20.538861],[-54.648734,-20.538852],[-54.648725,-20.538852],[-54.648725,-20.538843],[-54.648715,-20.538842],[-54.648715,-20.538833],[-54.648706,-20.538833],[-54.648706,-20.538824],[-54.648696,-20.538824],[-54.648696,-20.538815],[-54.648687,-20.538815],[-54.648687,-20.538806],[-54.648677,-20.538806],[-54.648678,-20.538797],[-54.648668,-20.538797],[-54.648668,-20.538788],[-54.648659,-20.538787],[-54.648659,-20.538778],[-54.648649,-20.538778],[-54.648649,-20.538769],[-54.64864,-20.538769],[-54.64864,-20.53876],[-54.64863,-20.53876],[-54.64863,-20.538751],[-54.648621,-20.538751],[-54.648621,-20.538742],[-54.648611,-20.538742],[-54.648611,-20.538733],[-54.648602,-20.538733],[-54.648602,-20.538723],[-54.648592,-20.538723],[-54.648593,-20.538714],[-54.648583,-20.538714],[-54.648583,-20.538705],[-54.648574,-20.538705],[-54.648574,-20.538696],[-54.648564,-20.538696],[-54.648564,-20.538687],[-54.648555,-20.538687],[-54.648555,-20.538678],[-54.648545,-20.538678],[-54.648545,-20.538669],[-54.648536,-20.538668],[-54.648536,-20.538659],[-54.648526,-20.538659],[-54.648526,-20.53865],[-54.648517,-20.53865],[-54.648517,-20.538641],[-54.648507,-20.538641],[-54.648508,-20.538632],[-54.648498,-20.538632],[-54.648498,-20.538623],[-54.648489,-20.538623],[-54.648489,-20.538614],[-54.64846,-20.538613],[-54.64846,-20.538604],[-54.64845,-20.538604],[-54.648451,-20.538595],[-54.648441,-20.538595],[-54.648441,-20.538586],[-54.648432,-20.538586],[-54.648432,-20.538577],[-54.648422,-20.538577],[-54.648422,-20.538568],[-54.648413,-20.538567],[-54.648413,-20.538558],[-54.648403,-20.538558],[-54.648403,-20.538549],[-54.648394,-20.538549],[-54.648394,-20.53854],[-54.648384,-20.53854],[-54.648384,-20.538531],[-54.648375,-20.538531],[-54.648375,-20.538522],[-54.648365,-20.538522],[-54.648366,-20.538513],[-54.648356,-20.538512],[-54.648356,-20.538503],[-54.648347,-20.538503],[-54.648347,-20.538494],[-54.648337,-20.538494],[-54.648337,-20.538485],[-54.648328,-20.538485],[-54.648328,-20.538476],[-54.648318,-20.538476],[-54.648318,-20.538467],[-54.648309,-20.538467],[-54.648309,-20.538458],[-54.648299,-20.538458],[-54.648299,-20.538448],[-54.64829,-20.538448],[-54.64829,-20.538439],[-54.64828,-20.538439],[-54.648281,-20.53843],[-54.648271,-20.53843],[-54.648271,-20.538421],[-54.648262,-20.538421],[-54.648264,-20.538258],[-54.648274,-20.538258],[-54.648274,-20.538249],[-54.648283,-20.53825],[-54.648283,-20.538241],[-54.648293,-20.538241],[-54.648293,-20.538232],[-54.648303,-20.538232],[-54.648303,-20.538223],[-54.648312,-20.538223],[-54.648313,-20.538214],[-54.648322,-20.538214],[-54.648322,-20.538205],[-54.648332,-20.538205],[-54.648332,-20.538196],[-54.648342,-20.538196],[-54.648342,-20.538187],[-54.648351,-20.538187],[-54.648352,-20.538178],[-54.648361,-20.538178],[-54.648361,-20.538169],[-54.648371,-20.53817],[-54.648371,-20.53816],[-54.648381,-20.538161],[-54.648381,-20.538106],[-54.648372,-20.538106],[-54.648372,-20.538097],[-54.648362,-20.538097],[-54.648363,-20.538079],[-54.648353,-20.538079],[-54.648353,-20.538061],[-54.648344,-20.538061],[-54.648344,-20.538052],[-54.648334,-20.538052],[-54.648335,-20.538034],[-54.648325,-20.538033],[-54.648325,-20.538015],[-54.648316,-20.538015],[-54.648316,-20.538006],[-54.648306,-20.538006],[-54.648306,-20.537988],[-54.648297,-20.537988],[-54.648297,-20.53797],[-54.648288,-20.53797],[-54.648288,-20.537961],[-54.648278,-20.537961],[-54.648278,-20.537942],[-54.648269,-20.537942],[-54.648269,-20.537924],[-54.64826,-20.537924],[-54.64826,-20.537915],[-54.64825,-20.537915],[-54.64825,-20.537897],[-54.648241,-20.537897],[-54.648241,-20.537879],[-54.648231,-20.537879],[-54.648232,-20.53787],[-54.648222,-20.537869],[-54.648222,-20.537851],[-54.648213,-20.537851],[-54.648213,-20.537833],[-54.648203,-20.537833],[-54.648204,-20.537824],[-54.648194,-20.537824],[-54.648194,-20.537806],[-54.648185,-20.537806],[-54.648185,-20.537797],[-54.648175,-20.537797],[-54.648175,-20.537779],[-54.648166,-20.537778],[-54.648166,-20.53776],[-54.648157,-20.53776],[-54.648157,-20.537751],[-54.648147,-20.537751],[-54.648147,-20.537733],[-54.648138,-20.537733],[-54.648138,-20.537715],[-54.648129,-20.537715],[-54.648129,-20.537706],[-54.648119,-20.537706],[-54.648119,-20.537687],[-54.64811,-20.537687],[-54.64811,-20.537669],[-54.6481,-20.537669],[-54.648101,-20.53766],[-54.648091,-20.53766],[-54.648091,-20.537642],[-54.648082,-20.537642],[-54.648082,-20.537624],[-54.648072,-20.537624],[-54.648073,-20.537615],[-54.648063,-20.537614],[-54.648063,-20.537605],[-54.648053,-20.537605],[-54.648054,-20.537596],[-54.648044,-20.537596],[-54.648046,-20.537461],[-54.647787,-20.537457],[-54.647787,-20.537448],[-54.647778,-20.537448],[-54.647778,-20.537439],[-54.647768,-20.537439],[-54.647769,-20.53743],[-54.647759,-20.53743],[-54.647759,-20.537421],[-54.64775,-20.537421],[-54.64775,-20.537412],[-54.647731,-20.537411],[-54.647731,-20.537402],[-54.647721,-20.537402],[-54.647721,-20.537393],[-54.647712,-20.537393],[-54.647712,-20.537384],[-54.647702,-20.537384],[-54.647702,-20.537375],[-54.647693,-20.537375],[-54.647693,-20.537366],[-54.647683,-20.537366],[-54.647683,-20.537356],[-54.647674,-20.537356],[-54.647674,-20.537347],[-54.647655,-20.537347],[-54.647655,-20.537338],[-54.647645,-20.537338],[-54.647646,-20.537329],[-54.647636,-20.537329],[-54.647636,-20.53732],[-54.647626,-20.53732],[-54.647627,-20.537256],[-54.647618,-20.537256],[-54.647619,-20.537184],[-54.647609,-20.537184],[-54.64761,-20.537112],[-54.647601,-20.537112],[-54.647602,-20.537039],[-54.647592,-20.537039],[-54.647594,-20.536967],[-54.647584,-20.536967],[-54.647585,-20.536913],[-54.647575,-20.536913],[-54.647575,-20.536903],[-54.647556,-20.536903],[-54.647556,-20.536894],[-54.647547,-20.536894],[-54.647547,-20.536885],[-54.647537,-20.536885],[-54.647537,-20.536876],[-54.647528,-20.536876],[-54.647528,-20.536867],[-54.647518,-20.536867],[-54.647519,-20.536858],[-54.647509,-20.536857],[-54.647509,-20.536848],[-54.647471,-20.536848],[-54.647471,-20.53683],[-54.647461,-20.53683],[-54.647462,-20.536821],[-54.647452,-20.536821],[-54.647452,-20.536812],[-54.647443,-20.536811],[-54.647443,-20.536802],[-54.647433,-20.536802],[-54.647433,-20.536793],[-54.647424,-20.536793],[-54.647424,-20.536775],[-54.647414,-20.536775],[-54.647414,-20.536766],[-54.647405,-20.536766],[-54.647405,-20.536757],[-54.647395,-20.536757],[-54.647396,-20.536748],[-54.647386,-20.536747],[-54.647386,-20.536738],[-54.647377,-20.536738],[-54.647377,-20.53672],[-54.647367,-20.53672],[-54.647367,-20.536711],[-54.647358,-20.536711],[-54.647358,-20.536693],[-54.647348,-20.536693],[-54.647349,-20.536684],[-54.647339,-20.536684],[-54.647339,-20.536675],[-54.64733,-20.536674],[-54.64733,-20.536665],[-54.64732,-20.536665],[-54.64732,-20.536656],[-54.647311,-20.536656],[-54.647311,-20.536647],[-54.647301,-20.536647],[-54.647301,-20.536638],[-54.647292,-20.536638],[-54.647292,-20.536629],[-54.647282,-20.536629],[-54.647282,-20.53662],[-54.647273,-20.536619],[-54.647273,-20.53661],[-54.647263,-20.53661],[-54.647264,-20.536601],[-54.647254,-20.536601],[-54.647258,-20.536339]]]]},"properties":{"Nome":"MB ANHA2","Bacia":"ANHANDUI"}}]}