{"type":"FeatureCollection","features":[{"type":"Feature","geometry":{"type":"MultiPolygon","coordinates":[[[[-54.622844,-20.495812],[-54.622844,-20.495803],[-54.622854,-20.495804],[-54.622854,-20.495795],[-54.622873,-20.495795],[-54.622873,-20.495786],[-54.622883,-20.495786],[-54.622883,-20.495777],[-54.622893,-20.495777],[-54.622893,-20.495768],[-54.622902,-20.495768],[-54.622902,-20.495759],[-54.622912,-20.495759],[-54.622912,-20.49575],[-54.623478,-20.495758],[-54.623477,-20.495767],[-54.623487,-20.495767],[-54.623487,-20.495776],[-54.623506,-20.495776],[-54.623506,-20.495785],[-54.623515,-20.495786],[-54.623515,-20.495795],[-54.623525,-20.495795],[-54.623525,-20.495804],[-54.623544,-20.495804],[-54.623544,-20.495813],[-54.623553,-20.495813],[-54.623553,-20.495822],[-54.623572,-20.495822],[-54.623572,-20.495831],[-54.623582,-20.495832],[-54.623582,-20.495841],[-54.623591,-20.495841],[-54.623591,-20.49585],[-54.62361,-20.49585],[-54.62361,-20.495859],[-54.62362,-20.495859],[-54.62362,-20.495868],[-54.623639,-20.495868],[-54.623639,-20.495878],[-54.623648,-20.495878],[-54.623648,-20.495887],[-54.623658,-20.495887],[-54.623657,-20.495896],[-54.623677,-20.495896],[-54.623676,-20.495905],[-54.623686,-20.495905],[-54.623686,-20.495914],[-54.623705,-20.495915],[-54.623705,-20.495924],[-54.623715,-20.495924],[-54.623714,-20.495933],[-54.624251,-20.49594],[-54.624251,-20.495931],[-54.624289,-20.495932],[-54.62429,-20.495923],[-54.624309,-20.495923],[-54.624309,-20.495914],[-54.624318,-20.495914],[-54.624319,-20.495905],[-54.624328,-20.495905],[-54.624328,-20.495896],[-54.624338,-20.495896],[-54.624338,-20.495887],[-54.624348,-20.495887],[-54.624348,-20.495878],[-54.624357,-20.495878],[-54.624358,-20.495869],[-54.624367,-20.495869],[-54.624367,-20.49586],[-54.624377,-20.495861],[-54.624377,-20.495852],[-54.624387,-20.495852],[-54.624387,-20.495843],[-54.624396,-20.495843],[-54.624396,-20.495834],[-54.624406,-20.495834],[-54.624406,-20.495825],[-54.624416,-20.495825],[-54.624416,-20.495816],[-54.624435,-20.495816],[-54.624435,-20.495825],[-54.624444,-20.495825],[-54.624444,-20.495834],[-54.624454,-20.495835],[-54.624454,-20.495844],[-54.624463,-20.495844],[-54.624463,-20.495853],[-54.624473,-20.495853],[-54.624473,-20.495862],[-54.624482,-20.495862],[-54.624482,-20.495871],[-54.624492,-20.495871],[-54.624492,-20.49588],[-54.624501,-20.49588],[-54.624501,-20.495889],[-54.624511,-20.495889],[-54.62451,-20.495898],[-54.62452,-20.495899],[-54.62452,-20.495908],[-54.624529,-20.495908],[-54.624529,-20.495917],[-54.624539,-20.495917],[-54.624539,-20.495926],[-54.624548,-20.495926],[-54.624548,-20.495935],[-54.624558,-20.495935],[-54.624558,-20.495944],[-54.624567,-20.495944],[-54.624567,-20.495953],[-54.624577,-20.495954],[-54.624576,-20.495963],[-54.624586,-20.495963],[-54.624586,-20.495972],[-54.624596,-20.495972],[-54.624595,-20.495981],[-54.624605,-20.495981],[-54.624605,-20.49599],[-54.624614,-20.49599],[-54.624614,-20.495999],[-54.624624,-20.495999],[-54.624624,-20.496008],[-54.624633,-20.496009],[-54.624633,-20.496018],[-54.624643,-20.496018],[-54.624643,-20.496027],[-54.624652,-20.496027],[-54.624652,-20.496036],[-54.624662,-20.496036],[-54.624661,-20.496045],[-54.624671,-20.496045],[-54.624671,-20.496054],[-54.624681,-20.496054],[-54.62468,-20.496063],[-54.62469,-20.496063],[-54.62469,-20.496073],[-54.624699,-20.496073],[-54.624699,-20.496082],[-54.624709,-20.496082],[-54.624709,-20.496091],[-54.624718,-20.496091],[-54.624718,-20.4961],[-54.624728,-20.4961],[-54.624728,-20.496109],[-54.624756,-20.49611],[-54.624756,-20.496101],[-54.624776,-20.496101],[-54.624776,-20.496092],[-54.624795,-20.496092],[-54.624795,-20.496083],[-54.625466,-20.496092],[-54.625466,-20.496083],[-54.625648,-20.496086],[-54.625648,-20.496095],[-54.625657,-20.496095],[-54.625657,-20.496104],[-54.625667,-20.496104],[-54.625667,-20.496113],[-54.625676,-20.496113],[-54.625676,-20.496122],[-54.625686,-20.496122],[-54.625686,-20.496131],[-54.625695,-20.496131],[-54.625695,-20.49614],[-54.625705,-20.496141],[-54.625705,-20.49615],[-54.625714,-20.49615],[-54.625714,-20.496159],[-54.625724,-20.496159],[-54.625723,-20.496168],[-54.625733,-20.496168],[-54.625733,-20.496177],[-54.625742,-20.496177],[-54.625742,-20.496186],[-54.625752,-20.496186],[-54.625752,-20.496195],[-54.625761,-20.496196],[-54.625761,-20.496205],[-54.625771,-20.496205],[-54.625771,-20.496214],[-54.62578,-20.496214],[-54.62578,-20.496223],[-54.626585,-20.496234],[-54.626585,-20.496243],[-54.626652,-20.496244],[-54.626652,-20.496253],[-54.626671,-20.496253],[-54.626671,-20.496262],[-54.62669,-20.496262],[-54.62669,-20.496271],[-54.626719,-20.496272],[-54.626718,-20.496281],[-54.626728,-20.496281],[-54.626728,-20.49629],[-54.626747,-20.49629],[-54.626747,-20.496299],[-54.626766,-20.4963],[-54.626766,-20.496309],[-54.626785,-20.496309],[-54.626785,-20.496318],[-54.626794,-20.496318],[-54.626794,-20.496327],[-54.626814,-20.496327],[-54.626813,-20.496336],[-54.626833,-20.496337],[-54.626832,-20.496346],[-54.626842,-20.496346],[-54.626842,-20.496373],[-54.626861,-20.496373],[-54.626861,-20.496382],[-54.62687,-20.496382],[-54.62687,-20.496391],[-54.62688,-20.496391],[-54.626879,-20.4964],[-54.626889,-20.496401],[-54.626889,-20.49641],[-54.626898,-20.49641],[-54.626898,-20.496419],[-54.626908,-20.496419],[-54.626908,-20.496428],[-54.626917,-20.496428],[-54.626917,-20.496437],[-54.626927,-20.496437],[-54.626927,-20.496446],[-54.626936,-20.496446],[-54.626936,-20.496455],[-54.626946,-20.496456],[-54.626946,-20.496465],[-54.626955,-20.496465],[-54.626955,-20.496474],[-54.626965,-20.496474],[-54.626964,-20.496483],[-54.626974,-20.496483],[-54.626974,-20.496492],[-54.626993,-20.496492],[-54.626993,-20.496501],[-54.627003,-20.496501],[-54.627002,-20.496511],[-54.627012,-20.496511],[-54.627012,-20.49652],[-54.627021,-20.49652],[-54.627021,-20.496529],[-54.627031,-20.496529],[-54.627031,-20.496538],[-54.62704,-20.496538],[-54.62704,-20.496547],[-54.627059,-20.496547],[-54.627059,-20.496556],[-54.627069,-20.496557],[-54.627069,-20.496566],[-54.627078,-20.496566],[-54.627078,-20.496575],[-54.627088,-20.496575],[-54.627087,-20.496584],[-54.627097,-20.496584],[-54.627097,-20.496593],[-54.627107,-20.496593],[-54.627106,-20.496602],[-54.627116,-20.496602],[-54.627116,-20.496611],[-54.627135,-20.496612],[-54.627135,-20.496621],[-54.627144,-20.496621],[-54.627144,-20.49663],[-54.627154,-20.49663],[-54.627154,-20.496639],[-54.627163,-20.496639],[-54.627163,-20.496648],[-54.627173,-20.496648],[-54.627173,-20.496657],[-54.627182,-20.496657],[-54.627182,-20.496666],[-54.627192,-20.496667],[-54.627192,-20.496676],[-54.627201,-20.496676],[-54.627201,-20.496685],[-54.627211,-20.496685],[-54.62721,-20.496694],[-54.62722,-20.496694],[-54.62722,-20.496703],[-54.627229,-20.496703],[-54.627229,-20.496712],[-54.627239,-20.496712],[-54.627239,-20.49673],[-54.627248,-20.496731],[-54.627248,-20.49674],[-54.627258,-20.49674],[-54.627257,-20.496749],[-54.627267,-20.496749],[-54.627267,-20.496758],[-54.627851,-20.496766],[-54.627851,-20.496775],[-54.627899,-20.496776],[-54.627899,-20.496785],[-54.627909,-20.496785],[-54.627908,-20.496794],[-54.627918,-20.496794],[-54.627918,-20.496803],[-54.627928,-20.496803],[-54.627927,-20.496812],[-54.627937,-20.496812],[-54.627937,-20.496821],[-54.627946,-20.496821],[-54.627946,-20.49683],[-54.627956,-20.496831],[-54.627956,-20.49684],[-54.627965,-20.49684],[-54.627965,-20.496849],[-54.627975,-20.496849],[-54.627975,-20.496858],[-54.627984,-20.496858],[-54.627984,-20.496867],[-54.627994,-20.496867],[-54.627993,-20.496876],[-54.628003,-20.496876],[-54.628003,-20.496885],[-54.628012,-20.496886],[-54.628012,-20.496895],[-54.628022,-20.496895],[-54.628022,-20.496904],[-54.628031,-20.496904],[-54.628031,-20.496913],[-54.628041,-20.496913],[-54.628041,-20.496922],[-54.62805,-20.496922],[-54.62805,-20.496931],[-54.62806,-20.496931],[-54.62806,-20.49694],[-54.628069,-20.49694],[-54.628069,-20.49695],[-54.628079,-20.49695],[-54.628078,-20.496959],[-54.628088,-20.496959],[-54.628088,-20.496968],[-54.628097,-20.496968],[-54.628097,-20.496977],[-54.628107,-20.496977],[-54.628107,-20.496986],[-54.628116,-20.496986],[-54.628116,-20.496995],[-54.628126,-20.496995],[-54.628126,-20.497004],[-54.628135,-20.497005],[-54.628135,-20.497014],[-54.628145,-20.497014],[-54.628145,-20.497023],[-54.628154,-20.497023],[-54.628154,-20.497032],[-54.628164,-20.497032],[-54.628163,-20.497041],[-54.62848,-20.497045],[-54.62848,-20.497054],[-54.628499,-20.497055],[-54.628499,-20.497064],[-54.628508,-20.497064],[-54.628508,-20.497073],[-54.628518,-20.497073],[-54.628517,-20.497082],[-54.628527,-20.497082],[-54.628527,-20.497091],[-54.628536,-20.497091],[-54.628536,-20.4971],[-54.628546,-20.497101],[-54.628546,-20.49711],[-54.628555,-20.49711],[-54.628555,-20.497119],[-54.628565,-20.497119],[-54.628565,-20.497128],[-54.628574,-20.497128],[-54.628574,-20.497137],[-54.628584,-20.497137],[-54.628584,-20.497146],[-54.628593,-20.497146],[-54.628593,-20.497155],[-54.628603,-20.497155],[-54.628602,-20.497165],[-54.628641,-20.497165],[-54.628641,-20.497174],[-54.62865,-20.497174],[-54.62865,-20.497183],[-54.62866,-20.497183],[-54.628659,-20.497192],[-54.628669,-20.497193],[-54.628669,-20.497202],[-54.628679,-20.497202],[-54.628678,-20.497211],[-54.628698,-20.497211],[-54.628697,-20.49722],[-54.628707,-20.49722],[-54.628707,-20.497229],[-54.628716,-20.497229],[-54.628716,-20.497238],[-54.628726,-20.497238],[-54.628726,-20.497247],[-54.628745,-20.497248],[-54.628745,-20.497257],[-54.628754,-20.497257],[-54.628754,-20.497266],[-54.628764,-20.497266],[-54.628764,-20.497275],[-54.628773,-20.497275],[-54.628773,-20.497284],[-54.628792,-20.497284],[-54.628792,-20.497294],[-54.628802,-20.497294],[-54.628802,-20.497303],[-54.628811,-20.497303],[-54.628811,-20.497312],[-54.62883,-20.497312],[-54.62883,-20.497321],[-54.62884,-20.497321],[-54.628839,-20.49733],[-54.628849,-20.49733],[-54.628849,-20.497339],[-54.628858,-20.49734],[-54.628858,-20.497349],[-54.628877,-20.497349],[-54.628877,-20.497358],[-54.628887,-20.497358],[-54.628887,-20.497367],[-54.628954,-20.497368],[-54.628954,-20.497377],[-54.628982,-20.497377],[-54.628982,-20.497386],[-54.628992,-20.497387],[-54.628992,-20.497396],[-54.629001,-20.497396],[-54.629001,-20.497405],[-54.629011,-20.497405],[-54.629011,-20.497414],[-54.62902,-20.497414],[-54.62902,-20.497423],[-54.62903,-20.497423],[-54.62903,-20.497432],[-54.629039,-20.497432],[-54.629039,-20.497441],[-54.629049,-20.497442],[-54.629048,-20.497451],[-54.630208,-20.497466],[-54.630208,-20.497457],[-54.630218,-20.497457],[-54.630218,-20.497448],[-54.630237,-20.497449],[-54.630237,-20.49744],[-54.630247,-20.49744],[-54.630247,-20.497431],[-54.630266,-20.497431],[-54.630266,-20.497422],[-54.630276,-20.497422],[-54.630276,-20.497413],[-54.630295,-20.497413],[-54.630295,-20.497404],[-54.630305,-20.497404],[-54.630305,-20.497395],[-54.630324,-20.497396],[-54.630324,-20.497387],[-54.630334,-20.497387],[-54.630334,-20.497378],[-54.630353,-20.497378],[-54.630353,-20.497369],[-54.630363,-20.497369],[-54.630363,-20.49736],[-54.630382,-20.49736],[-54.630382,-20.497351],[-54.63044,-20.497352],[-54.63044,-20.497343],[-54.630449,-20.497343],[-54.63045,-20.497334],[-54.630478,-20.497335],[-54.630478,-20.497326],[-54.630488,-20.497326],[-54.630488,-20.497317],[-54.630498,-20.497317],[-54.630498,-20.497308],[-54.630507,-20.497308],[-54.630508,-20.497299],[-54.630517,-20.497299],[-54.630517,-20.49729],[-54.630527,-20.49729],[-54.630527,-20.497281],[-54.630537,-20.497281],[-54.630537,-20.497272],[-54.630546,-20.497272],[-54.630546,-20.497263],[-54.630556,-20.497263],[-54.630556,-20.497254],[-54.630566,-20.497255],[-54.630565,-20.497273],[-54.630575,-20.497273],[-54.630575,-20.497291],[-54.630584,-20.497291],[-54.630584,-20.497309],[-54.630594,-20.497309],[-54.630593,-20.497336],[-54.630603,-20.497336],[-54.630603,-20.497354],[-54.630612,-20.497354],[-54.630612,-20.497373],[-54.630621,-20.497373],[-54.630621,-20.4974],[-54.630631,-20.4974],[-54.63063,-20.497418],[-54.630822,-20.497421],[-54.630822,-20.497412],[-54.630851,-20.497412],[-54.630851,-20.497403],[-54.63088,-20.497403],[-54.63088,-20.497394],[-54.630909,-20.497395],[-54.630909,-20.497386],[-54.631014,-20.497387],[-54.631014,-20.497369],[-54.631024,-20.497369],[-54.631024,-20.497351],[-54.631034,-20.497351],[-54.631034,-20.497333],[-54.631044,-20.497333],[-54.631044,-20.497324],[-54.631053,-20.497324],[-54.631054,-20.497315],[-54.631073,-20.497316],[-54.631073,-20.497307],[-54.631082,-20.497307],[-54.631083,-20.497298],[-54.631102,-20.497298],[-54.631102,-20.497289],[-54.631121,-20.497289],[-54.631121,-20.49728],[-54.63114,-20.49728],[-54.631141,-20.497271],[-54.63116,-20.497272],[-54.63116,-20.497263],[-54.631179,-20.497263],[-54.631179,-20.497254],[-54.631189,-20.497254],[-54.631189,-20.497245],[-54.631208,-20.497245],[-54.631208,-20.497236],[-54.631227,-20.497236],[-54.631227,-20.497227],[-54.631247,-20.497228],[-54.631247,-20.497219],[-54.631266,-20.497219],[-54.631266,-20.49721],[-54.631285,-20.49721],[-54.631285,-20.497201],[-54.631295,-20.497201],[-54.631295,-20.497192],[-54.631314,-20.497193],[-54.631314,-20.497183],[-54.631334,-20.497184],[-54.631334,-20.497175],[-54.631353,-20.497175],[-54.631353,-20.497166],[-54.631363,-20.497166],[-54.631363,-20.497157],[-54.631391,-20.497157],[-54.631392,-20.497148],[-54.631411,-20.497149],[-54.631411,-20.49714],[-54.63144,-20.49714],[-54.63144,-20.497131],[-54.631469,-20.497131],[-54.631469,-20.497122],[-54.631497,-20.497123],[-54.631498,-20.497114],[-54.631517,-20.497114],[-54.631517,-20.497105],[-54.631546,-20.497105],[-54.631546,-20.497096],[-54.631574,-20.497097],[-54.631575,-20.497088],[-54.631584,-20.497088],[-54.631584,-20.497079],[-54.631594,-20.497079],[-54.631594,-20.49707],[-54.631604,-20.49707],[-54.631604,-20.497061],[-54.631613,-20.497061],[-54.631614,-20.497052],[-54.631623,-20.497052],[-54.631623,-20.497043],[-54.631633,-20.497043],[-54.631633,-20.497034],[-54.631643,-20.497034],[-54.631643,-20.497025],[-54.631652,-20.497026],[-54.631652,-20.497017],[-54.631662,-20.497017],[-54.631662,-20.497008],[-54.631672,-20.497008],[-54.631672,-20.49699],[-54.631682,-20.49699],[-54.631682,-20.496981],[-54.631691,-20.496981],[-54.631691,-20.496972],[-54.631711,-20.496972],[-54.631711,-20.496963],[-54.63172,-20.496963],[-54.63172,-20.496954],[-54.63174,-20.496954],[-54.63174,-20.496945],[-54.631759,-20.496946],[-54.631759,-20.496937],[-54.631817,-20.496937],[-54.631817,-20.496928],[-54.631826,-20.496929],[-54.631826,-20.49692],[-54.631846,-20.49692],[-54.631846,-20.496911],[-54.631865,-20.496911],[-54.631865,-20.496902],[-54.631875,-20.496902],[-54.631875,-20.496893],[-54.631894,-20.496893],[-54.631894,-20.496884],[-54.631913,-20.496885],[-54.631913,-20.496876],[-54.631932,-20.496876],[-54.631933,-20.496867],[-54.631952,-20.496867],[-54.631952,-20.496858],[-54.631971,-20.496858],[-54.631971,-20.496849],[-54.63199,-20.49685],[-54.631991,-20.496841],[-54.63201,-20.496841],[-54.63201,-20.496832],[-54.632019,-20.496832],[-54.63202,-20.496823],[-54.632039,-20.496823],[-54.632039,-20.496814],[-54.632173,-20.496816],[-54.632173,-20.496807],[-54.632211,-20.496807],[-54.632212,-20.496798],[-54.632231,-20.496799],[-54.632231,-20.496808],[-54.63224,-20.496808],[-54.63224,-20.496817],[-54.632259,-20.496817],[-54.632259,-20.496826],[-54.63225,-20.496826],[-54.632249,-20.496835],[-54.632345,-20.496836],[-54.632345,-20.496827],[-54.632585,-20.496831],[-54.632585,-20.496822],[-54.632595,-20.496822],[-54.632595,-20.496813],[-54.632604,-20.496813],[-54.632604,-20.496804],[-54.632633,-20.496804],[-54.632633,-20.496795],[-54.632653,-20.496795],[-54.632653,-20.496786],[-54.632672,-20.496787],[-54.632672,-20.496778],[-54.632682,-20.496778],[-54.632682,-20.496769],[-54.632691,-20.496769],[-54.632691,-20.49676],[-54.632701,-20.49676],[-54.632701,-20.496751],[-54.632711,-20.496751],[-54.632711,-20.496742],[-54.63272,-20.496742],[-54.632721,-20.496733],[-54.63273,-20.496733],[-54.63273,-20.496724],[-54.63274,-20.496724],[-54.63274,-20.496715],[-54.63275,-20.496715],[-54.63275,-20.496706],[-54.632759,-20.496707],[-54.632759,-20.496697],[-54.632807,-20.496698],[-54.632807,-20.496689],[-54.632836,-20.49669],[-54.632836,-20.49668],[-54.632856,-20.496681],[-54.632856,-20.496672],[-54.632884,-20.496672],[-54.632885,-20.496663],[-54.632894,-20.496663],[-54.632894,-20.496654],[-54.632904,-20.496654],[-54.632904,-20.496645],[-54.632914,-20.496645],[-54.632914,-20.496636],[-54.632923,-20.496637],[-54.632923,-20.496627],[-54.632933,-20.496628],[-54.632933,-20.496619],[-54.632943,-20.496619],[-54.632943,-20.49661],[-54.632952,-20.49661],[-54.632953,-20.496601],[-54.632962,-20.496601],[-54.632962,-20.496592],[-54.632972,-20.496592],[-54.632972,-20.496583],[-54.632982,-20.496583],[-54.632982,-20.496574],[-54.632991,-20.496574],[-54.632991,-20.496565],[-54.633001,-20.496565],[-54.633001,-20.496556],[-54.633011,-20.496556],[-54.633011,-20.496547],[-54.633021,-20.496548],[-54.633021,-20.496539],[-54.63303,-20.496539],[-54.63303,-20.49653],[-54.63304,-20.49653],[-54.63304,-20.496521],[-54.63305,-20.496521],[-54.63305,-20.496512],[-54.633059,-20.496512],[-54.63306,-20.496503],[-54.633069,-20.496503],[-54.633069,-20.496494],[-54.633079,-20.496494],[-54.633079,-20.496485],[-54.633089,-20.496485],[-54.633089,-20.496476],[-54.633098,-20.496476],[-54.633098,-20.496467],[-54.633108,-20.496467],[-54.633108,-20.496458],[-54.633118,-20.496459],[-54.633118,-20.49645],[-54.633127,-20.49645],[-54.633128,-20.496441],[-54.633147,-20.496441],[-54.633147,-20.496432],[-54.633156,-20.496432],[-54.633157,-20.496423],[-54.633166,-20.496423],[-54.633166,-20.496414],[-54.633185,-20.496414],[-54.633186,-20.496405],[-54.633195,-20.496405],[-54.633195,-20.496396],[-54.633205,-20.496397],[-54.633205,-20.496388],[-54.633215,-20.496388],[-54.633215,-20.496379],[-54.633224,-20.496379],[-54.633225,-20.49637],[-54.633234,-20.49637],[-54.633234,-20.496361],[-54.633244,-20.496361],[-54.633244,-20.496352],[-54.633254,-20.496352],[-54.633254,-20.496343],[-54.633263,-20.496343],[-54.633263,-20.496334],[-54.633273,-20.496334],[-54.633274,-20.49628],[-54.633283,-20.49628],[-54.633284,-20.496271],[-54.633293,-20.496271],[-54.633293,-20.496262],[-54.633303,-20.496262],[-54.633303,-20.496253],[-54.633313,-20.496254],[-54.633313,-20.496244],[-54.633322,-20.496245],[-54.633322,-20.496236],[-54.633332,-20.496236],[-54.633332,-20.496227],[-54.633342,-20.496227],[-54.633342,-20.496218],[-54.633351,-20.496218],[-54.633352,-20.496209],[-54.633361,-20.496209],[-54.633361,-20.4962],[-54.633371,-20.4962],[-54.633371,-20.496191],[-54.633381,-20.496191],[-54.633381,-20.496182],[-54.63339,-20.496182],[-54.63339,-20.496173],[-54.6334,-20.496173],[-54.6334,-20.496164],[-54.63341,-20.496165],[-54.63341,-20.496156],[-54.633419,-20.496156],[-54.63342,-20.496147],[-54.633429,-20.496147],[-54.633429,-20.496138],[-54.633439,-20.496138],[-54.633439,-20.496129],[-54.633449,-20.496129],[-54.633449,-20.49612],[-54.633458,-20.49612],[-54.633458,-20.496111],[-54.633468,-20.496111],[-54.633468,-20.496102],[-54.633478,-20.496102],[-54.633478,-20.496093],[-54.633488,-20.496093],[-54.633488,-20.496084],[-54.633497,-20.496084],[-54.633497,-20.496075],[-54.633507,-20.496076],[-54.633507,-20.496067],[-54.633517,-20.496067],[-54.633517,-20.496058],[-54.633526,-20.496058],[-54.633527,-20.496049],[-54.633536,-20.496049],[-54.633536,-20.49604],[-54.633546,-20.49604],[-54.633546,-20.496031],[-54.633556,-20.496031],[-54.633556,-20.496022],[-54.633565,-20.496022],[-54.633565,-20.496013],[-54.633575,-20.496013],[-54.633575,-20.496004],[-54.633585,-20.496004],[-54.633585,-20.495995],[-54.633594,-20.495995],[-54.633595,-20.495986],[-54.633604,-20.495987],[-54.633604,-20.495978],[-54.633614,-20.495978],[-54.633614,-20.495969],[-54.633624,-20.495969],[-54.633624,-20.49596],[-54.633633,-20.49596],[-54.633633,-20.495951],[-54.633643,-20.495951],[-54.633643,-20.495942],[-54.633653,-20.495942],[-54.633653,-20.495933],[-54.633662,-20.495933],[-54.633663,-20.495924],[-54.633672,-20.495924],[-54.633672,-20.495915],[-54.633682,-20.495915],[-54.633682,-20.495906],[-54.633692,-20.495907],[-54.633692,-20.495897],[-54.633701,-20.495898],[-54.633702,-20.495889],[-54.633711,-20.495889],[-54.633711,-20.49588],[-54.633721,-20.49588],[-54.633721,-20.495871],[-54.633731,-20.495871],[-54.633731,-20.495862],[-54.63374,-20.495862],[-54.63374,-20.495853],[-54.63375,-20.495853],[-54.63375,-20.495844],[-54.63376,-20.495844],[-54.63376,-20.495835],[-54.633769,-20.495835],[-54.63377,-20.495826],[-54.633779,-20.495826],[-54.633779,-20.495817],[-54.633789,-20.495818],[-54.633789,-20.495808],[-54.633799,-20.495809],[-54.633799,-20.4958],[-54.633808,-20.4958],[-54.633808,-20.495791],[-54.633818,-20.495791],[-54.633818,-20.495782],[-54.633828,-20.495782],[-54.633828,-20.495773],[-54.633837,-20.495773],[-54.633838,-20.495764],[-54.633847,-20.495764],[-54.633847,-20.495755],[-54.633866,-20.495755],[-54.633868,-20.495665],[-54.633877,-20.495665],[-54.633883,-20.495322],[-54.633892,-20.495322],[-54.633892,-20.495313],[-54.633902,-20.495313],[-54.633902,-20.495304],[-54.633912,-20.495304],[-54.633912,-20.495295],[-54.633912,-20.495286],[-54.633902,-20.495286],[-54.633903,-20.495241],[-54.633894,-20.495241],[-54.633894,-20.495196],[-54.633885,-20.495196],[-54.633885,-20.495169],[-54.633875,-20.495169],[-54.633876,-20.495159],[-54.633856,-20.495159],[-54.633857,-20.49515],[-54.633847,-20.49515],[-54.633847,-20.495141],[-54.633818,-20.495141],[-54.633819,-20.495132],[-54.63379,-20.495131],[-54.63379,-20.495122],[-54.633771,-20.495122],[-54.633771,-20.495113],[-54.633742,-20.495113],[-54.633746,-20.494851],[-54.633756,-20.494851],[-54.633756,-20.494842],[-54.633766,-20.494842],[-54.633766,-20.494833],[-54.633785,-20.494833],[-54.633785,-20.494815],[-54.633795,-20.494815],[-54.633795,-20.494788],[-54.633805,-20.494788],[-54.633809,-20.494508],[-54.633819,-20.494509],[-54.633822,-20.494256],[-54.633832,-20.494256],[-54.633833,-20.494193],[-54.633843,-20.494193],[-54.633843,-20.494184],[-54.633852,-20.494184],[-54.633852,-20.494175],[-54.633862,-20.494175],[-54.633862,-20.494166],[-54.633872,-20.494166],[-54.633872,-20.494157],[-54.633881,-20.494157],[-54.633882,-20.494148],[-54.633891,-20.494148],[-54.633891,-20.494139],[-54.633901,-20.494139],[-54.633901,-20.49413],[-54.633911,-20.494131],[-54.633911,-20.494121],[-54.63392,-20.494122],[-54.63392,-20.494113],[-54.63393,-20.494113],[-54.63393,-20.494104],[-54.63394,-20.494104],[-54.63394,-20.494095],[-54.633949,-20.494095],[-54.63395,-20.494086],[-54.633959,-20.494086],[-54.633959,-20.494077],[-54.633969,-20.494077],[-54.633969,-20.494068],[-54.633979,-20.494068],[-54.633979,-20.494059],[-54.633988,-20.494059],[-54.633989,-20.49405],[-54.633998,-20.49405],[-54.633998,-20.494041],[-54.634008,-20.494042],[-54.634008,-20.494033],[-54.634018,-20.494033],[-54.634018,-20.494024],[-54.634027,-20.494024],[-54.634027,-20.494015],[-54.634037,-20.494015],[-54.634037,-20.494006],[-54.634123,-20.494007],[-54.634123,-20.493998],[-54.634143,-20.493998],[-54.634143,-20.493989],[-54.634152,-20.493989],[-54.634152,-20.49398],[-54.634162,-20.49398],[-54.634162,-20.493971],[-54.634172,-20.493972],[-54.634172,-20.493963],[-54.634182,-20.493963],[-54.634182,-20.493954],[-54.634191,-20.493954],[-54.634191,-20.493945],[-54.634201,-20.493945],[-54.634201,-20.493936],[-54.634211,-20.493936],[-54.634211,-20.493927],[-54.63422,-20.493927],[-54.634221,-20.493918],[-54.63423,-20.493918],[-54.63423,-20.493909],[-54.63424,-20.493909],[-54.63424,-20.4939],[-54.63425,-20.4939],[-54.63425,-20.493891],[-54.634259,-20.493891],[-54.634259,-20.493882],[-54.634269,-20.493883],[-54.634269,-20.493874],[-54.634279,-20.493874],[-54.634279,-20.493865],[-54.634288,-20.493865],[-54.634289,-20.493856],[-54.634298,-20.493856],[-54.634298,-20.493847],[-54.634308,-20.493847],[-54.634308,-20.493838],[-54.634318,-20.493838],[-54.634318,-20.493829],[-54.634327,-20.493829],[-54.634327,-20.49382],[-54.634337,-20.49382],[-54.634337,-20.493811],[-54.634347,-20.493811],[-54.634347,-20.493802],[-54.634356,-20.493802],[-54.634357,-20.493793],[-54.634366,-20.493794],[-54.634366,-20.493785],[-54.634376,-20.493785],[-54.634376,-20.493776],[-54.634386,-20.493776],[-54.634386,-20.493767],[-54.634395,-20.493767],[-54.634396,-20.493758],[-54.634405,-20.493758],[-54.634405,-20.493749],[-54.634415,-20.493749],[-54.634415,-20.49374],[-54.634425,-20.49374],[-54.634425,-20.493731],[-54.634434,-20.493731],[-54.634434,-20.493722],[-54.634444,-20.493722],[-54.634444,-20.493713],[-54.634454,-20.493713],[-54.634454,-20.493704],[-54.634463,-20.493705],[-54.634464,-20.493696],[-54.634473,-20.493696],[-54.634473,-20.493687],[-54.634483,-20.493687],[-54.634483,-20.493678],[-54.634493,-20.493678],[-54.634493,-20.493669],[-54.634502,-20.493669],[-54.634502,-20.49366],[-54.634512,-20.49366],[-54.634512,-20.493633],[-54.634503,-20.493633],[-54.634503,-20.493615],[-54.634494,-20.493615],[-54.634494,-20.493597],[-54.634484,-20.493597],[-54.634485,-20.493578],[-54.634475,-20.493578],[-54.634475,-20.49356],[-54.634466,-20.49356],[-54.634466,-20.493533],[-54.634456,-20.493533],[-54.634457,-20.493515],[-54.634447,-20.493515],[-54.634447,-20.493497],[-54.634438,-20.493497],[-54.634438,-20.493478],[-54.634429,-20.493478],[-54.634429,-20.49346],[-54.634419,-20.49346],[-54.634422,-20.49328],[-54.634432,-20.49328],[-54.634432,-20.493271],[-54.63447,-20.493271],[-54.63447,-20.493262],[-54.634509,-20.493263],[-54.634509,-20.493254],[-54.634528,-20.493254],[-54.634528,-20.493218],[-54.634538,-20.493218],[-54.634539,-20.493182],[-54.634548,-20.493182],[-54.634549,-20.493146],[-54.634558,-20.493146],[-54.634559,-20.49311],[-54.634568,-20.49311],[-54.634569,-20.493092],[-54.634578,-20.493092],[-54.634578,-20.493083],[-54.634588,-20.493083],[-54.634588,-20.493074],[-54.634598,-20.493074],[-54.634598,-20.493065],[-54.634607,-20.493065],[-54.634608,-20.493056],[-54.634617,-20.493057],[-54.634617,-20.493047],[-54.634627,-20.493048],[-54.634627,-20.49303],[-54.634637,-20.49303],[-54.634637,-20.493021],[-54.634646,-20.493021],[-54.634647,-20.493012],[-54.634656,-20.493012],[-54.634656,-20.492994],[-54.634666,-20.492994],[-54.634666,-20.492985],[-54.634676,-20.492985],[-54.634676,-20.492967],[-54.634686,-20.492967],[-54.634686,-20.492958],[-54.634695,-20.492958],[-54.634696,-20.49294],[-54.634705,-20.49294],[-54.634705,-20.492931],[-54.634715,-20.492931],[-54.634715,-20.492913],[-54.634725,-20.492913],[-54.634725,-20.492904],[-54.634734,-20.492905],[-54.634735,-20.492887],[-54.634744,-20.492887],[-54.634744,-20.492878],[-54.634754,-20.492878],[-54.634754,-20.49286],[-54.634764,-20.49286],[-54.634764,-20.492833],[-54.634774,-20.492833],[-54.634774,-20.492824],[-54.634784,-20.492824],[-54.634784,-20.492815],[-54.634803,-20.492815],[-54.634803,-20.492806],[-54.634813,-20.492806],[-54.634813,-20.492797],[-54.634822,-20.492797],[-54.634822,-20.492788],[-54.634832,-20.492789],[-54.634832,-20.492779],[-54.634842,-20.49278],[-54.634842,-20.492771],[-54.634852,-20.492771],[-54.634852,-20.492762],[-54.634861,-20.492762],[-54.634861,-20.492753],[-54.634871,-20.492753],[-54.634871,-20.492744],[-54.634881,-20.492744],[-54.634881,-20.492735],[-54.63489,-20.492735],[-54.634892,-20.492618],[-54.634902,-20.492618],[-54.634903,-20.492546],[-54.634893,-20.492546],[-54.634894,-20.492473],[-54.634885,-20.492473],[-54.634886,-20.492401],[-54.634876,-20.492401],[-54.634877,-20.492329],[-54.634868,-20.492328],[-54.634869,-20.492247],[-54.63486,-20.492247],[-54.634861,-20.492175],[-54.634851,-20.492175],[-54.634852,-20.49213],[-54.634861,-20.49213],[-54.634861,-20.492121],[-54.634871,-20.492121],[-54.634871,-20.492112],[-54.634881,-20.492112],[-54.634881,-20.492103],[-54.634891,-20.492103],[-54.634891,-20.492094],[-54.6349,-20.492094],[-54.6349,-20.492085],[-54.63491,-20.492085],[-54.63491,-20.492076],[-54.63492,-20.492076],[-54.63492,-20.492067],[-54.634929,-20.492067],[-54.63493,-20.492058],[-54.634939,-20.492059],[-54.634939,-20.492049],[-54.634949,-20.49205],[-54.634949,-20.492041],[-54.634959,-20.492041],[-54.634959,-20.492032],[-54.634968,-20.492032],[-54.634968,-20.492023],[-54.634978,-20.492023],[-54.634978,-20.492014],[-54.634988,-20.492014],[-54.634988,-20.492005],[-54.634997,-20.492005],[-54.634998,-20.491996],[-54.635007,-20.491996],[-54.635007,-20.491987],[-54.635017,-20.491987],[-54.635017,-20.491978],[-54.635027,-20.491978],[-54.635027,-20.491969],[-54.635036,-20.49197],[-54.635036,-20.491961],[-54.635046,-20.491961],[-54.63505,-20.491726],[-54.635059,-20.491726],[-54.635059,-20.491717],[-54.635069,-20.491717],[-54.635069,-20.491708],[-54.635079,-20.491708],[-54.635079,-20.491699],[-54.635088,-20.491699],[-54.635089,-20.49169],[-54.635098,-20.49169],[-54.635098,-20.491681],[-54.635108,-20.491682],[-54.635108,-20.491673],[-54.635118,-20.491673],[-54.635118,-20.491664],[-54.635127,-20.491664],[-54.635127,-20.491655],[-54.635137,-20.491655],[-54.635137,-20.491646],[-54.635147,-20.491646],[-54.635147,-20.491637],[-54.635156,-20.491637],[-54.635157,-20.491628],[-54.635166,-20.491628],[-54.635166,-20.491619],[-54.635176,-20.491619],[-54.635176,-20.49161],[-54.635186,-20.49161],[-54.635186,-20.491601],[-54.635195,-20.491601],[-54.635195,-20.491592],[-54.635205,-20.491593],[-54.635205,-20.491584],[-54.635215,-20.491584],[-54.635215,-20.491575],[-54.635224,-20.491575],[-54.635225,-20.491566],[-54.635234,-20.491566],[-54.635234,-20.491557],[-54.635244,-20.491557],[-54.635244,-20.491548],[-54.635254,-20.491548],[-54.635254,-20.491539],[-54.635263,-20.491539],[-54.635263,-20.49153],[-54.635273,-20.49153],[-54.635273,-20.491521],[-54.635283,-20.491521],[-54.635283,-20.491512],[-54.635293,-20.491512],[-54.635293,-20.491503],[-54.635302,-20.491504],[-54.635302,-20.491495],[-54.635312,-20.491495],[-54.635312,-20.491486],[-54.635322,-20.491486],[-54.635322,-20.491477],[-54.635341,-20.491477],[-54.635341,-20.491468],[-54.635351,-20.491468],[-54.635351,-20.491459],[-54.63536,-20.491459],[-54.635361,-20.49145],[-54.635418,-20.491451],[-54.635418,-20.49146],[-54.635427,-20.49146],[-54.635427,-20.491469],[-54.635437,-20.491469],[-54.635437,-20.491478],[-54.635446,-20.491478],[-54.635446,-20.491487],[-54.635456,-20.491488],[-54.635456,-20.491497],[-54.635465,-20.491497],[-54.635465,-20.491506],[-54.635475,-20.491506],[-54.635475,-20.491515],[-54.635484,-20.491515],[-54.635484,-20.491524],[-54.635494,-20.491524],[-54.635493,-20.491533],[-54.635503,-20.491533],[-54.635503,-20.491542],[-54.635512,-20.491543],[-54.635512,-20.491552],[-54.635522,-20.491552],[-54.635522,-20.491561],[-54.635531,-20.491561],[-54.635531,-20.49157],[-54.635541,-20.49157],[-54.635541,-20.491579],[-54.63555,-20.491579],[-54.63555,-20.491588],[-54.63556,-20.491588],[-54.63556,-20.491597],[-54.635569,-20.491598],[-54.635569,-20.491607],[-54.635579,-20.491607],[-54.635578,-20.491616],[-54.635588,-20.491616],[-54.635588,-20.491625],[-54.635597,-20.491625],[-54.635597,-20.491634],[-54.635607,-20.491634],[-54.635607,-20.491643],[-54.635616,-20.491643],[-54.635616,-20.491652],[-54.635626,-20.491652],[-54.635626,-20.491662],[-54.635635,-20.491662],[-54.635635,-20.491671],[-54.635645,-20.491671],[-54.635645,-20.49168],[-54.635654,-20.49168],[-54.635654,-20.491689],[-54.635664,-20.491689],[-54.635663,-20.491698],[-54.635673,-20.491698],[-54.635673,-20.491707],[-54.635682,-20.491707],[-54.635682,-20.491716],[-54.635701,-20.491717],[-54.635701,-20.491726],[-54.635711,-20.491726],[-54.635711,-20.491735],[-54.63572,-20.491735],[-54.63572,-20.491744],[-54.63573,-20.491744],[-54.63573,-20.491753],[-54.635739,-20.491753],[-54.635739,-20.491762],[-54.635749,-20.491763],[-54.635749,-20.491772],[-54.635758,-20.491772],[-54.635768,-20.491772],[-54.635768,-20.491763],[-54.635777,-20.491763],[-54.635778,-20.491754],[-54.635787,-20.491754],[-54.635787,-20.491745],[-54.635797,-20.491745],[-54.635797,-20.491736],[-54.635816,-20.491736],[-54.635816,-20.491727],[-54.635826,-20.491727],[-54.635826,-20.491718],[-54.635836,-20.491719],[-54.635836,-20.49171],[-54.635845,-20.49171],[-54.635845,-20.491701],[-54.635855,-20.491701],[-54.635855,-20.491692],[-54.635865,-20.491692],[-54.635865,-20.491683],[-54.635874,-20.491683],[-54.635875,-20.491674],[-54.635884,-20.491674],[-54.635884,-20.491665],[-54.635894,-20.491665],[-54.635894,-20.491656],[-54.635904,-20.491656],[-54.635904,-20.491647],[-54.635913,-20.491647],[-54.635914,-20.491638],[-54.635923,-20.491638],[-54.635923,-20.491629],[-54.635933,-20.49163],[-54.635933,-20.491621],[-54.635943,-20.491621],[-54.635943,-20.491612],[-54.635952,-20.491612],[-54.635952,-20.491603],[-54.635962,-20.491603],[-54.635962,-20.491594],[-54.636096,-20.491596],[-54.636096,-20.491587],[-54.636106,-20.491587],[-54.636106,-20.491578],[-54.636116,-20.491578],[-54.636116,-20.491569],[-54.636125,-20.491569],[-54.636126,-20.49156],[-54.636135,-20.49156],[-54.636135,-20.491551],[-54.636145,-20.491551],[-54.636145,-20.491542],[-54.636155,-20.491542],[-54.636155,-20.491533],[-54.636164,-20.491533],[-54.636164,-20.491524],[-54.636174,-20.491524],[-54.636174,-20.491515],[-54.636184,-20.491516],[-54.636184,-20.491507],[-54.636193,-20.491507],[-54.636194,-20.491498],[-54.636203,-20.491498],[-54.636203,-20.491489],[-54.636213,-20.491489],[-54.636213,-20.49148],[-54.636223,-20.49148],[-54.636223,-20.491471],[-54.636232,-20.491471],[-54.636232,-20.491462],[-54.636242,-20.491462],[-54.636244,-20.491318],[-54.636235,-20.491318],[-54.636235,-20.491309],[-54.636225,-20.491308],[-54.636225,-20.491299],[-54.636216,-20.491299],[-54.636216,-20.49129],[-54.636206,-20.49129],[-54.636206,-20.491281],[-54.636197,-20.491281],[-54.636197,-20.491272],[-54.636187,-20.491272],[-54.636188,-20.491263],[-54.636178,-20.491263],[-54.636178,-20.491254],[-54.636169,-20.491254],[-54.636169,-20.491244],[-54.636159,-20.491244],[-54.636159,-20.491235],[-54.63615,-20.491235],[-54.63615,-20.491226],[-54.63614,-20.491226],[-54.63614,-20.491217],[-54.636131,-20.491217],[-54.636131,-20.491208],[-54.636121,-20.491208],[-54.636122,-20.491199],[-54.636112,-20.491199],[-54.636112,-20.49119],[-54.636122,-20.49119],[-54.636122,-20.491154],[-54.636132,-20.491154],[-54.636132,-20.491118],[-54.636142,-20.491118],[-54.636142,-20.491082],[-54.636152,-20.491082],[-54.636153,-20.491046],[-54.636162,-20.491046],[-54.636163,-20.49101],[-54.636172,-20.49101],[-54.636173,-20.490974],[-54.636182,-20.490974],[-54.636183,-20.490956],[-54.636192,-20.490956],[-54.636192,-20.490947],[-54.636202,-20.490947],[-54.636202,-20.490938],[-54.636212,-20.490938],[-54.636212,-20.490929],[-54.636221,-20.490929],[-54.636222,-20.49092],[-54.636231,-20.49092],[-54.636231,-20.490911],[-54.636241,-20.490911],[-54.636241,-20.490902],[-54.636251,-20.490902],[-54.636251,-20.490893],[-54.63628,-20.490894],[-54.63628,-20.490885],[-54.636289,-20.490885],[-54.63629,-20.490858],[-54.636318,-20.490858],[-54.636319,-20.490849],[-54.636357,-20.49085],[-54.636357,-20.490841],[-54.636386,-20.490841],[-54.636386,-20.490832],[-54.636415,-20.490832],[-54.636415,-20.490823],[-54.636424,-20.490824],[-54.636424,-20.490815],[-54.636444,-20.490815],[-54.636444,-20.490806],[-54.636453,-20.490806],[-54.636454,-20.490797],[-54.636463,-20.490797],[-54.636463,-20.490788],[-54.636473,-20.490788],[-54.636473,-20.490779],[-54.636483,-20.490779],[-54.636483,-20.49077],[-54.636492,-20.49077],[-54.636492,-20.490761],[-54.636502,-20.490761],[-54.636502,-20.490743],[-54.636512,-20.490743],[-54.636512,-20.490734],[-54.636522,-20.490735],[-54.636522,-20.490726],[-54.636531,-20.490726],[-54.636531,-20.490717],[-54.636541,-20.490717],[-54.636541,-20.490708],[-54.636551,-20.490708],[-54.636551,-20.490699],[-54.63656,-20.490699],[-54.636561,-20.49069],[-54.63657,-20.49069],[-54.63657,-20.490681],[-54.63658,-20.490681],[-54.63658,-20.490672],[-54.63659,-20.490672],[-54.63659,-20.490663],[-54.636599,-20.490663],[-54.636599,-20.490654],[-54.636609,-20.490654],[-54.636609,-20.490645],[-54.636619,-20.490646],[-54.636619,-20.490618],[-54.636629,-20.490619],[-54.636629,-20.490592],[-54.636639,-20.490592],[-54.636641,-20.490438],[-54.636651,-20.490438],[-54.636651,-20.490429],[-54.63666,-20.490429],[-54.636661,-20.49042],[-54.63667,-20.490421],[-54.63667,-20.490411],[-54.63668,-20.490412],[-54.63668,-20.490403],[-54.63669,-20.490403],[-54.63669,-20.490394],[-54.636699,-20.490394],[-54.636699,-20.490385],[-54.636709,-20.490385],[-54.636709,-20.490376],[-54.636719,-20.490376],[-54.636719,-20.490367],[-54.636728,-20.490367],[-54.636729,-20.490358],[-54.636738,-20.490358],[-54.636738,-20.490349],[-54.636748,-20.490349],[-54.636748,-20.49034],[-54.636758,-20.49034],[-54.636758,-20.490331],[-54.636767,-20.490332],[-54.636767,-20.490323],[-54.636777,-20.490323],[-54.636777,-20.490314],[-54.636787,-20.490314],[-54.636787,-20.490305],[-54.636796,-20.490305],[-54.636797,-20.490296],[-54.636806,-20.490296],[-54.636806,-20.490287],[-54.636816,-20.490287],[-54.636816,-20.490278],[-54.636826,-20.490278],[-54.636826,-20.490269],[-54.636835,-20.490269],[-54.636836,-20.49026],[-54.636845,-20.49026],[-54.636845,-20.490251],[-54.636855,-20.490251],[-54.636855,-20.490242],[-54.636874,-20.490243],[-54.636874,-20.490234],[-54.636884,-20.490234],[-54.636884,-20.490225],[-54.636894,-20.490225],[-54.636894,-20.490216],[-54.636913,-20.490216],[-54.636913,-20.490198],[-54.636923,-20.490198],[-54.636923,-20.490189],[-54.637038,-20.490191],[-54.637038,-20.4902],[-54.637047,-20.4902],[-54.637047,-20.490209],[-54.637057,-20.490209],[-54.637057,-20.490218],[-54.637076,-20.490218],[-54.637076,-20.490227],[-54.637085,-20.490228],[-54.637085,-20.490237],[-54.637095,-20.490237],[-54.637094,-20.490246],[-54.637104,-20.490246],[-54.637104,-20.490255],[-54.637114,-20.490255],[-54.637113,-20.490264],[-54.637123,-20.490264],[-54.637123,-20.490273],[-54.637142,-20.490273],[-54.637142,-20.490264],[-54.637152,-20.490265],[-54.637152,-20.490255],[-54.637161,-20.490256],[-54.637162,-20.490247],[-54.637171,-20.490247],[-54.637171,-20.490238],[-54.637181,-20.490238],[-54.637181,-20.490229],[-54.637191,-20.490229],[-54.637191,-20.49022],[-54.6372,-20.49022],[-54.6372,-20.490211],[-54.63721,-20.490211],[-54.63721,-20.490202],[-54.63722,-20.490202],[-54.63722,-20.490193],[-54.637229,-20.490193],[-54.63723,-20.490184],[-54.637239,-20.490184],[-54.637239,-20.490175],[-54.637249,-20.490176],[-54.637249,-20.490167],[-54.637259,-20.490167],[-54.637259,-20.490158],[-54.637268,-20.490158],[-54.637268,-20.490149],[-54.637278,-20.490149],[-54.637278,-20.49014],[-54.637288,-20.49014],[-54.637288,-20.490131],[-54.637297,-20.490131],[-54.637298,-20.490122],[-54.637307,-20.490122],[-54.637307,-20.490113],[-54.637317,-20.490113],[-54.637317,-20.490104],[-54.637327,-20.490104],[-54.637327,-20.490095],[-54.637336,-20.490095],[-54.637337,-20.490086],[-54.637346,-20.490087],[-54.637346,-20.490078],[-54.637356,-20.490078],[-54.637356,-20.490069],[-54.637366,-20.490069],[-54.637366,-20.49006],[-54.637375,-20.49006],[-54.637375,-20.490051],[-54.637385,-20.490051],[-54.637385,-20.490042],[-54.637395,-20.490042],[-54.637395,-20.490033],[-54.637404,-20.490033],[-54.637405,-20.490024],[-54.637414,-20.490024],[-54.637414,-20.490015],[-54.637443,-20.490016],[-54.637443,-20.490007],[-54.637472,-20.490007],[-54.637472,-20.489998],[-54.637501,-20.489998],[-54.637501,-20.489989],[-54.637511,-20.489989],[-54.637511,-20.48998],[-54.637549,-20.489981],[-54.637549,-20.489972],[-54.637664,-20.489973],[-54.637664,-20.489983],[-54.63775,-20.489984],[-54.63775,-20.489975],[-54.637904,-20.489977],[-54.637904,-20.489968],[-54.637913,-20.489968],[-54.637913,-20.489959],[-54.637923,-20.489959],[-54.637923,-20.48995],[-54.637942,-20.48995],[-54.637943,-20.489941],[-54.637952,-20.489941],[-54.637952,-20.489932],[-54.637962,-20.489932],[-54.637962,-20.489923],[-54.637972,-20.489924],[-54.637972,-20.489914],[-54.637981,-20.489915],[-54.637981,-20.489906],[-54.637991,-20.489906],[-54.637991,-20.489897],[-54.638001,-20.489897],[-54.638001,-20.489888],[-54.63801,-20.489888],[-54.638011,-20.489879],[-54.63802,-20.489879],[-54.63802,-20.48987],[-54.63803,-20.48987],[-54.63803,-20.489861],[-54.63804,-20.489861],[-54.63804,-20.489852],[-54.638049,-20.489852],[-54.638049,-20.489843],[-54.638059,-20.489843],[-54.638059,-20.489834],[-54.638069,-20.489835],[-54.638069,-20.489825],[-54.638078,-20.489826],[-54.638079,-20.489817],[-54.638088,-20.489817],[-54.638088,-20.489808],[-54.638098,-20.489808],[-54.638098,-20.489799],[-54.638108,-20.489799],[-54.638108,-20.48979],[-54.638117,-20.48979],[-54.638117,-20.489781],[-54.638127,-20.489781],[-54.638127,-20.489772],[-54.638137,-20.489772],[-54.638137,-20.489763],[-54.638146,-20.489763],[-54.638147,-20.489754],[-54.638156,-20.489754],[-54.638156,-20.489745],[-54.638166,-20.489746],[-54.638166,-20.489737],[-54.638176,-20.489737],[-54.638176,-20.489728],[-54.638185,-20.489728],[-54.638186,-20.489719],[-54.638195,-20.489719],[-54.638195,-20.48971],[-54.638205,-20.48971],[-54.638205,-20.489701],[-54.638215,-20.489701],[-54.638215,-20.489692],[-54.638224,-20.489692],[-54.638224,-20.489683],[-54.638234,-20.489683],[-54.638234,-20.489674],[-54.638244,-20.489674],[-54.638244,-20.489665],[-54.638253,-20.489665],[-54.638254,-20.489656],[-54.638263,-20.489657],[-54.638263,-20.489648],[-54.638273,-20.489648],[-54.638273,-20.489639],[-54.638283,-20.489639],[-54.638283,-20.48963],[-54.638292,-20.48963],[-54.638292,-20.489621],[-54.638302,-20.489621],[-54.638302,-20.489612],[-54.638312,-20.489612],[-54.638312,-20.489603],[-54.638321,-20.489603],[-54.638322,-20.489594],[-54.638331,-20.489594],[-54.638331,-20.489585],[-54.638341,-20.489585],[-54.638341,-20.489576],[-54.638351,-20.489576],[-54.638351,-20.489567],[-54.63836,-20.489568],[-54.63836,-20.489559],[-54.63838,-20.489559],[-54.63838,-20.48955],[-54.638399,-20.48955],[-54.638399,-20.489541],[-54.638409,-20.489541],[-54.638409,-20.489532],[-54.638418,-20.489532],[-54.638419,-20.489523],[-54.638428,-20.489523],[-54.638428,-20.489514],[-54.638438,-20.489514],[-54.638438,-20.489505],[-54.638448,-20.489506],[-54.638448,-20.489497],[-54.638457,-20.489497],[-54.638457,-20.489488],[-54.638467,-20.489488],[-54.638467,-20.489479],[-54.638477,-20.489479],[-54.638477,-20.48947],[-54.638486,-20.48947],[-54.638487,-20.489461],[-54.638496,-20.489461],[-54.638496,-20.489452],[-54.638506,-20.489452],[-54.638506,-20.489443],[-54.638516,-20.489443],[-54.638516,-20.489434],[-54.638525,-20.489434],[-54.638525,-20.489425],[-54.638535,-20.489425],[-54.638535,-20.489416],[-54.638545,-20.489417],[-54.638545,-20.489408],[-54.638564,-20.489408],[-54.638564,-20.489399],[-54.638574,-20.489399],[-54.638574,-20.48939],[-54.638583,-20.48939],[-54.638584,-20.489381],[-54.638593,-20.489381],[-54.638593,-20.489372],[-54.638603,-20.489372],[-54.638603,-20.489363],[-54.638613,-20.489363],[-54.638613,-20.489354],[-54.638622,-20.489354],[-54.638622,-20.489345],[-54.638632,-20.489346],[-54.638632,-20.489336],[-54.638642,-20.489337],[-54.638642,-20.489328],[-54.638652,-20.489328],[-54.638652,-20.489319],[-54.638661,-20.489319],[-54.638661,-20.48931],[-54.638671,-20.48931],[-54.638671,-20.489301],[-54.638681,-20.489301],[-54.638681,-20.489292],[-54.63869,-20.489292],[-54.638691,-20.489283],[-54.6387,-20.489283],[-54.6387,-20.489274],[-54.63871,-20.489274],[-54.63871,-20.489265],[-54.63872,-20.489265],[-54.63872,-20.489256],[-54.638729,-20.489257],[-54.638729,-20.489248],[-54.638739,-20.489248],[-54.638739,-20.489239],[-54.638749,-20.489239],[-54.638749,-20.48923],[-54.638758,-20.48923],[-54.638759,-20.489221],[-54.638768,-20.489221],[-54.638768,-20.489212],[-54.638778,-20.489212],[-54.638778,-20.489203],[-54.638788,-20.489203],[-54.638788,-20.489194],[-54.638797,-20.489194],[-54.638797,-20.489185],[-54.638807,-20.489185],[-54.638807,-20.489176],[-54.638817,-20.489176],[-54.638817,-20.489167],[-54.638826,-20.489168],[-54.638827,-20.489159],[-54.638836,-20.489159],[-54.638836,-20.48915],[-54.638846,-20.48915],[-54.638846,-20.489141],[-54.638856,-20.489141],[-54.638856,-20.489132],[-54.638865,-20.489132],[-54.638865,-20.489123],[-54.638875,-20.489123],[-54.638875,-20.489114],[-54.638885,-20.489114],[-54.638885,-20.489105],[-54.638895,-20.489105],[-54.638895,-20.489096],[-54.638904,-20.489096],[-54.638904,-20.489087],[-54.638914,-20.489087],[-54.638914,-20.489078],[-54.638924,-20.489079],[-54.638924,-20.48907],[-54.638933,-20.48907],[-54.638934,-20.489061],[-54.638943,-20.489061],[-54.638943,-20.489052],[-54.638953,-20.489052],[-54.638953,-20.489043],[-54.638963,-20.489043],[-54.638963,-20.489034],[-54.638972,-20.489034],[-54.638972,-20.489025],[-54.638982,-20.489025],[-54.638982,-20.489016],[-54.638992,-20.489016],[-54.638992,-20.489007],[-54.639001,-20.489007],[-54.639002,-20.488998],[-54.639011,-20.488998],[-54.639011,-20.488989],[-54.639021,-20.48899],[-54.639021,-20.488981],[-54.639031,-20.488981],[-54.639031,-20.488972],[-54.63904,-20.488972],[-54.63904,-20.488963],[-54.63905,-20.488963],[-54.639051,-20.4889],[-54.639061,-20.4889],[-54.639061,-20.488864],[-54.639071,-20.488864],[-54.639071,-20.488828],[-54.639081,-20.488828],[-54.639081,-20.488801],[-54.639215,-20.488803],[-54.639216,-20.488794],[-54.639225,-20.488794],[-54.639225,-20.488785],[-54.639235,-20.488785],[-54.639235,-20.488776],[-54.639245,-20.488776],[-54.639245,-20.488767],[-54.639254,-20.488767],[-54.639254,-20.488758],[-54.639264,-20.488758],[-54.639264,-20.488749],[-54.639274,-20.488749],[-54.639274,-20.48874],[-54.639283,-20.48874],[-54.639284,-20.488731],[-54.639293,-20.488731],[-54.639293,-20.488722],[-54.639303,-20.488723],[-54.639303,-20.488713],[-54.639313,-20.488714],[-54.639313,-20.488705],[-54.639322,-20.488705],[-54.639322,-20.488696],[-54.639332,-20.488696],[-54.639332,-20.488687],[-54.639342,-20.488687],[-54.639342,-20.488678],[-54.639351,-20.488678],[-54.639352,-20.488669],[-54.639361,-20.488669],[-54.639361,-20.48866],[-54.639371,-20.48866],[-54.639371,-20.488651],[-54.639381,-20.488651],[-54.639381,-20.488642],[-54.63939,-20.488642],[-54.63939,-20.488633],[-54.6394,-20.488634],[-54.6394,-20.488624],[-54.63941,-20.488625],[-54.63941,-20.488616],[-54.639429,-20.488616],[-54.639429,-20.488607],[-54.639506,-20.488608],[-54.639506,-20.488617],[-54.639544,-20.488617],[-54.639544,-20.488626],[-54.639582,-20.488627],[-54.639582,-20.488636],[-54.639611,-20.488636],[-54.639611,-20.488645],[-54.63963,-20.488646],[-54.63963,-20.488655],[-54.639649,-20.488655],[-54.639649,-20.488664],[-54.639678,-20.488664],[-54.639677,-20.488673],[-54.639706,-20.488674],[-54.639706,-20.488683],[-54.639744,-20.488683],[-54.639744,-20.488692],[-54.639773,-20.488693],[-54.639773,-20.488702],[-54.639802,-20.488702],[-54.639801,-20.488711],[-54.63983,-20.488712],[-54.63983,-20.488721],[-54.639859,-20.488721],[-54.639859,-20.48873],[-54.639878,-20.48873],[-54.639878,-20.488721],[-54.639897,-20.488722],[-54.639897,-20.488713],[-54.639907,-20.488713],[-54.639907,-20.488704],[-54.639917,-20.488704],[-54.639917,-20.488695],[-54.639926,-20.488695],[-54.639926,-20.488686],[-54.639936,-20.488686],[-54.639936,-20.488677],[-54.639946,-20.488677],[-54.639946,-20.488659],[-54.639956,-20.488659],[-54.639956,-20.48865],[-54.639965,-20.48865],[-54.639965,-20.488641],[-54.639975,-20.488641],[-54.639975,-20.488632],[-54.639985,-20.488632],[-54.639985,-20.488623],[-54.639994,-20.488624],[-54.639995,-20.488605],[-54.640004,-20.488606],[-54.640004,-20.488597],[-54.640014,-20.488597],[-54.640014,-20.488588],[-54.640024,-20.488588],[-54.640024,-20.488579],[-54.640033,-20.488579],[-54.640034,-20.488561],[-54.640043,-20.488561],[-54.640043,-20.488552],[-54.640206,-20.488554],[-54.640206,-20.488545],[-54.640216,-20.488545],[-54.640216,-20.488536],[-54.640226,-20.488536],[-54.640226,-20.488527],[-54.640235,-20.488527],[-54.640236,-20.488518],[-54.640245,-20.488519],[-54.640245,-20.48851],[-54.640255,-20.48851],[-54.640255,-20.488501],[-54.640265,-20.488501],[-54.640265,-20.488492],[-54.640274,-20.488492],[-54.640274,-20.488483],[-54.640284,-20.488483],[-54.640284,-20.488474],[-54.640294,-20.488474],[-54.640294,-20.488465],[-54.640303,-20.488465],[-54.640304,-20.488456],[-54.640313,-20.488456],[-54.640313,-20.488447],[-54.640323,-20.488447],[-54.640323,-20.488438],[-54.640333,-20.488439],[-54.640333,-20.488429],[-54.640342,-20.48843],[-54.640343,-20.488421],[-54.640352,-20.488421],[-54.640352,-20.488412],[-54.640362,-20.488412],[-54.640362,-20.488403],[-54.640372,-20.488403],[-54.640372,-20.488394],[-54.640381,-20.488394],[-54.640381,-20.488385],[-54.640391,-20.488385],[-54.640391,-20.488376],[-54.640401,-20.488376],[-54.640401,-20.488367],[-54.64041,-20.488367],[-54.640411,-20.488358],[-54.64042,-20.488358],[-54.64042,-20.488349],[-54.64043,-20.48835],[-54.64043,-20.48834],[-54.64044,-20.488341],[-54.64044,-20.488332],[-54.640449,-20.488332],[-54.640449,-20.488323],[-54.640459,-20.488323],[-54.640459,-20.488314],[-54.640469,-20.488314],[-54.640469,-20.488305],[-54.640478,-20.488305],[-54.640479,-20.488296],[-54.640488,-20.488296],[-54.640488,-20.488287],[-54.640498,-20.488287],[-54.640498,-20.488278],[-54.640508,-20.488278],[-54.640508,-20.488269],[-54.640517,-20.488269],[-54.640517,-20.48826],[-54.640527,-20.488261],[-54.640527,-20.488252],[-54.640537,-20.488252],[-54.640537,-20.488243],[-54.640546,-20.488243],[-54.640547,-20.488234],[-54.640556,-20.488234],[-54.640556,-20.488225],[-54.640566,-20.488225],[-54.640566,-20.488216],[-54.640576,-20.488216],[-54.640576,-20.488207],[-54.640585,-20.488207],[-54.640586,-20.488198],[-54.640595,-20.488198],[-54.640595,-20.488189],[-54.640605,-20.488189],[-54.640605,-20.48818],[-54.640615,-20.48818],[-54.640615,-20.488171],[-54.640624,-20.488172],[-54.640624,-20.488163],[-54.640634,-20.488163],[-54.640634,-20.488154],[-54.640644,-20.488154],[-54.640644,-20.488145],[-54.640653,-20.488145],[-54.640654,-20.488136],[-54.640663,-20.488136],[-54.640663,-20.488127],[-54.640673,-20.488127],[-54.640673,-20.488118],[-54.640683,-20.488118],[-54.640683,-20.488109],[-54.640692,-20.488109],[-54.640692,-20.4881],[-54.640702,-20.4881],[-54.640702,-20.488073],[-54.640712,-20.488073],[-54.640712,-20.488064],[-54.640722,-20.488065],[-54.640722,-20.488055],[-54.640731,-20.488056],[-54.640732,-20.488047],[-54.640741,-20.488047],[-54.640741,-20.488038],[-54.640751,-20.488038],[-54.640751,-20.488029],[-54.640761,-20.488029],[-54.640761,-20.48802],[-54.64077,-20.48802],[-54.64077,-20.488011],[-54.64078,-20.488011],[-54.64078,-20.488002],[-54.64079,-20.488002],[-54.64079,-20.487984],[-54.6408,-20.487984],[-54.6408,-20.487966],[-54.640809,-20.487966],[-54.64081,-20.487957],[-54.640819,-20.487957],[-54.640819,-20.487948],[-54.640829,-20.487949],[-54.640829,-20.48794],[-54.640839,-20.48794],[-54.640839,-20.487931],[-54.640848,-20.487931],[-54.640848,-20.487922],[-54.640858,-20.487922],[-54.640858,-20.487913],[-54.640868,-20.487913],[-54.640868,-20.487904],[-54.640878,-20.487904],[-54.640878,-20.487895],[-54.640887,-20.487895],[-54.640887,-20.487886],[-54.640897,-20.487886],[-54.640897,-20.487877],[-54.640907,-20.487877],[-54.640907,-20.487868],[-54.640916,-20.487868],[-54.640917,-20.487859],[-54.640926,-20.48786],[-54.640926,-20.487851],[-54.640936,-20.487851],[-54.640936,-20.487842],[-54.640946,-20.487842],[-54.640946,-20.487833],[-54.640955,-20.487833],[-54.640955,-20.487824],[-54.640965,-20.487824],[-54.640965,-20.487815],[-54.640975,-20.487815],[-54.640975,-20.487806],[-54.640984,-20.487806],[-54.640985,-20.487797],[-54.640994,-20.487797],[-54.640994,-20.487788],[-54.641004,-20.487788],[-54.641004,-20.487779],[-54.641014,-20.48778],[-54.641014,-20.48777],[-54.641023,-20.487771],[-54.641023,-20.487762],[-54.641033,-20.487762],[-54.641033,-20.487753],[-54.641043,-20.487753],[-54.641043,-20.487744],[-54.641052,-20.487744],[-54.641053,-20.487735],[-54.641062,-20.487735],[-54.641062,-20.487726],[-54.641072,-20.487726],[-54.641072,-20.487717],[-54.641082,-20.487717],[-54.641082,-20.487708],[-54.641091,-20.487708],[-54.641091,-20.487699],[-54.641101,-20.487699],[-54.641101,-20.48769],[-54.641111,-20.487691],[-54.641111,-20.487682],[-54.64112,-20.487682],[-54.641121,-20.487673],[-54.64113,-20.487673],[-54.64113,-20.487664],[-54.64114,-20.487664],[-54.64114,-20.487655],[-54.64115,-20.487655],[-54.64115,-20.487646],[-54.641198,-20.487647],[-54.641198,-20.487638],[-54.641274,-20.487639],[-54.641275,-20.48763],[-54.641303,-20.48763],[-54.641304,-20.487621],[-54.641543,-20.487624],[-54.641543,-20.487615],[-54.641572,-20.487616],[-54.641572,-20.487606],[-54.641582,-20.487607],[-54.641582,-20.487598],[-54.641591,-20.487598],[-54.641592,-20.487589],[-54.641601,-20.487589],[-54.641601,-20.48758],[-54.641611,-20.48758],[-54.641611,-20.487571],[-54.641621,-20.487571],[-54.641621,-20.487562],[-54.64163,-20.487562],[-54.64163,-20.487553],[-54.64164,-20.487553],[-54.64164,-20.487544],[-54.64165,-20.487544],[-54.64165,-20.487535],[-54.641659,-20.487535],[-54.64166,-20.487526],[-54.641669,-20.487527],[-54.641669,-20.487518],[-54.641679,-20.487518],[-54.641679,-20.487509],[-54.641689,-20.487509],[-54.641689,-20.4875],[-54.641698,-20.4875],[-54.641698,-20.487491],[-54.641708,-20.487491],[-54.641708,-20.487482],[-54.641718,-20.487482],[-54.641718,-20.487473],[-54.641727,-20.487473],[-54.641728,-20.487464],[-54.641737,-20.487464],[-54.641737,-20.487455],[-54.641747,-20.487455],[-54.641747,-20.487446],[-54.641757,-20.487446],[-54.641757,-20.487437],[-54.641766,-20.487438],[-54.641766,-20.487429],[-54.641786,-20.487429],[-54.641786,-20.48742],[-54.641795,-20.48742],[-54.641795,-20.487411],[-54.641805,-20.487411],[-54.641805,-20.487402],[-54.641815,-20.487402],[-54.641815,-20.487393],[-54.641825,-20.487393],[-54.641825,-20.487384],[-54.641834,-20.487384],[-54.641834,-20.487375],[-54.641844,-20.487375],[-54.641844,-20.487366],[-54.641854,-20.487366],[-54.641854,-20.487357],[-54.641911,-20.487358],[-54.641911,-20.487349],[-54.641921,-20.487349],[-54.641921,-20.48734],[-54.641931,-20.48734],[-54.641931,-20.487331],[-54.64194,-20.487332],[-54.641941,-20.487323],[-54.64195,-20.487323],[-54.64195,-20.487314],[-54.64196,-20.487314],[-54.64196,-20.487305],[-54.64197,-20.487305],[-54.64197,-20.487296],[-54.641979,-20.487296],[-54.641979,-20.487287],[-54.641989,-20.487287],[-54.641989,-20.487278],[-54.641999,-20.487278],[-54.641999,-20.487269],[-54.642008,-20.487269],[-54.642009,-20.48726],[-54.642018,-20.48726],[-54.642018,-20.487251],[-54.642028,-20.487251],[-54.642028,-20.487242],[-54.642038,-20.487243],[-54.642038,-20.487234],[-54.642047,-20.487234],[-54.642048,-20.487225],[-54.642057,-20.487225],[-54.642057,-20.487216],[-54.642067,-20.487216],[-54.642067,-20.487207],[-54.642077,-20.487207],[-54.642077,-20.487198],[-54.642086,-20.487198],[-54.642086,-20.487189],[-54.642096,-20.487189],[-54.642096,-20.48718],[-54.642106,-20.48718],[-54.642106,-20.487171],[-54.642115,-20.487171],[-54.642116,-20.487162],[-54.642125,-20.487162],[-54.642125,-20.487153],[-54.642135,-20.487154],[-54.642135,-20.487145],[-54.642145,-20.487145],[-54.642145,-20.487136],[-54.642154,-20.487136],[-54.642154,-20.487127],[-54.642164,-20.487127],[-54.642164,-20.487118],[-54.642174,-20.487118],[-54.642174,-20.487109],[-54.642183,-20.487109],[-54.642184,-20.4871],[-54.642193,-20.4871],[-54.642193,-20.487091],[-54.642203,-20.487091],[-54.642203,-20.487082],[-54.642213,-20.487082],[-54.642213,-20.487073],[-54.642222,-20.487074],[-54.642222,-20.487064],[-54.642232,-20.487065],[-54.642232,-20.487056],[-54.642242,-20.487056],[-54.642242,-20.487047],[-54.642251,-20.487047],[-54.642252,-20.487038],[-54.642261,-20.487038],[-54.642261,-20.487029],[-54.642271,-20.487029],[-54.642271,-20.48702],[-54.642281,-20.48702],[-54.642281,-20.487011],[-54.64229,-20.487011],[-54.64229,-20.487002],[-54.6423,-20.487002],[-54.6423,-20.486993],[-54.64231,-20.486993],[-54.64231,-20.486984],[-54.64232,-20.486985],[-54.64232,-20.486975],[-54.642329,-20.486976],[-54.642329,-20.486967],[-54.642339,-20.486967],[-54.642339,-20.486958],[-54.642349,-20.486958],[-54.642349,-20.486949],[-54.642358,-20.486949],[-54.642359,-20.48694],[-54.642368,-20.48694],[-54.642368,-20.486931],[-54.642378,-20.486931],[-54.642378,-20.486922],[-54.642675,-20.486926],[-54.642675,-20.486935],[-54.642684,-20.486935],[-54.642684,-20.486944],[-54.642732,-20.486945],[-54.642732,-20.486936],[-54.643135,-20.486941],[-54.643135,-20.486932],[-54.643144,-20.486933],[-54.643145,-20.486923],[-54.643164,-20.486924],[-54.643164,-20.486915],[-54.643173,-20.486915],[-54.643174,-20.486906],[-54.643193,-20.486906],[-54.643193,-20.486897],[-54.643203,-20.486897],[-54.643203,-20.486888],[-54.643212,-20.486888],[-54.643212,-20.486879],[-54.643222,-20.486879],[-54.643222,-20.48687],[-54.643232,-20.48687],[-54.643232,-20.486861],[-54.643241,-20.486862],[-54.643242,-20.486853],[-54.643251,-20.486853],[-54.643251,-20.486844],[-54.643261,-20.486844],[-54.643261,-20.486835],[-54.643271,-20.486835],[-54.643271,-20.486826],[-54.64328,-20.486826],[-54.64328,-20.486817],[-54.64329,-20.486817],[-54.64329,-20.486808],[-54.6433,-20.486808],[-54.6433,-20.486799],[-54.643309,-20.486799],[-54.64331,-20.48679],[-54.643319,-20.48679],[-54.643319,-20.486781],[-54.643329,-20.486781],[-54.643329,-20.486772],[-54.643339,-20.486773],[-54.643339,-20.486764],[-54.643348,-20.486764],[-54.643348,-20.486755],[-54.643358,-20.486755],[-54.643358,-20.486746],[-54.643368,-20.486746],[-54.643368,-20.486737],[-54.643377,-20.486737],[-54.643378,-20.486728],[-54.643387,-20.486728],[-54.643387,-20.486719],[-54.643397,-20.486719],[-54.643397,-20.48671],[-54.643407,-20.48671],[-54.643411,-20.486403],[-54.643421,-20.486403],[-54.643421,-20.486394],[-54.643431,-20.486395],[-54.643431,-20.486386],[-54.64344,-20.486386],[-54.64344,-20.486377],[-54.64345,-20.486377],[-54.64345,-20.486368],[-54.64346,-20.486368],[-54.64346,-20.486359],[-54.643469,-20.486359],[-54.64347,-20.48635],[-54.643479,-20.48635],[-54.643479,-20.486341],[-54.643489,-20.486341],[-54.643489,-20.486332],[-54.643499,-20.486332],[-54.643499,-20.486323],[-54.643508,-20.486323],[-54.643509,-20.486314],[-54.643518,-20.486314],[-54.643518,-20.486305],[-54.643528,-20.486306],[-54.643528,-20.486297],[-54.643538,-20.486297],[-54.643538,-20.486288],[-54.643547,-20.486288],[-54.643547,-20.486279],[-54.643557,-20.486279],[-54.643557,-20.48627],[-54.643567,-20.48627],[-54.643567,-20.486261],[-54.643576,-20.486261],[-54.643577,-20.486252],[-54.643586,-20.486252],[-54.643586,-20.486243],[-54.643596,-20.486243],[-54.643596,-20.486234],[-54.643606,-20.486234],[-54.643606,-20.486225],[-54.643615,-20.486225],[-54.643615,-20.486216],[-54.643625,-20.486217],[-54.643625,-20.486208],[-54.643635,-20.486208],[-54.643635,-20.486199],[-54.643644,-20.486199],[-54.643645,-20.48619],[-54.643654,-20.48619],[-54.643654,-20.486181],[-54.643664,-20.486181],[-54.643664,-20.486172],[-54.643693,-20.486172],[-54.643693,-20.486163],[-54.643722,-20.486164],[-54.643722,-20.486155],[-54.643731,-20.486155],[-54.643732,-20.486137],[-54.643741,-20.486137],[-54.643742,-20.486101],[-54.643751,-20.486101],[-54.643752,-20.486083],[-54.643761,-20.486083],[-54.643761,-20.486074],[-54.643771,-20.486074],[-54.643771,-20.486065],[-54.643781,-20.486065],[-54.643781,-20.486056],[-54.64379,-20.486056],[-54.643791,-20.486047],[-54.6438,-20.486047],[-54.6438,-20.486038],[-54.64381,-20.486038],[-54.64381,-20.486029],[-54.64382,-20.48603],[-54.64382,-20.486021],[-54.643829,-20.486021],[-54.643829,-20.486012],[-54.643839,-20.486012],[-54.643839,-20.486003],[-54.643849,-20.486003],[-54.643849,-20.485994],[-54.643858,-20.485994],[-54.643859,-20.485985],[-54.643868,-20.485985],[-54.643868,-20.485976],[-54.643878,-20.485976],[-54.643878,-20.485967],[-54.643888,-20.485967],[-54.643888,-20.485958],[-54.643897,-20.485958],[-54.643897,-20.485949],[-54.643907,-20.48595],[-54.643907,-20.48594],[-54.643917,-20.485941],[-54.643917,-20.485932],[-54.643926,-20.485932],[-54.643927,-20.485923],[-54.643936,-20.485923],[-54.643936,-20.485914],[-54.643984,-20.485914],[-54.643984,-20.485923],[-54.64407,-20.485925],[-54.64407,-20.485916],[-54.64408,-20.485916],[-54.64408,-20.485907],[-54.644099,-20.485907],[-54.644099,-20.485898],[-54.644119,-20.485898],[-54.644119,-20.485889],[-54.644128,-20.485889],[-54.644128,-20.48588],[-54.644138,-20.48588],[-54.644138,-20.485871],[-54.644148,-20.485872],[-54.644148,-20.485862],[-54.644167,-20.485863],[-54.644169,-20.485709],[-54.644179,-20.485709],[-54.644179,-20.4857],[-54.644189,-20.4857],[-54.644189,-20.485691],[-54.644198,-20.485692],[-54.644199,-20.485683],[-54.644208,-20.485683],[-54.644208,-20.485674],[-54.644218,-20.485674],[-54.644218,-20.485665],[-54.644228,-20.485665],[-54.644228,-20.485656],[-54.644237,-20.485656],[-54.644237,-20.485647],[-54.644257,-20.485647],[-54.644257,-20.485638],[-54.644381,-20.48564],[-54.644381,-20.485631],[-54.644391,-20.485631],[-54.644391,-20.485622],[-54.644401,-20.485622],[-54.644401,-20.485613],[-54.644391,-20.485613],[-54.644391,-20.485604],[-54.644401,-20.485604],[-54.644401,-20.485595],[-54.644411,-20.485595],[-54.644411,-20.485586],[-54.64442,-20.485586],[-54.644421,-20.485568],[-54.64443,-20.485568],[-54.644436,-20.485225],[-54.644445,-20.485225],[-54.644445,-20.485216],[-54.644455,-20.485216],[-54.644455,-20.485207],[-54.644465,-20.485208],[-54.644465,-20.485199],[-54.644474,-20.485199],[-54.644474,-20.48519],[-54.644484,-20.48519],[-54.644484,-20.485181],[-54.644494,-20.485181],[-54.644494,-20.485172],[-54.644503,-20.485172],[-54.644504,-20.485163],[-54.644513,-20.485163],[-54.644513,-20.485154],[-54.644523,-20.485154],[-54.644523,-20.485145],[-54.644533,-20.485145],[-54.644533,-20.485136],[-54.644542,-20.485136],[-54.644542,-20.485127],[-54.644552,-20.485127],[-54.644552,-20.485118],[-54.644562,-20.485119],[-54.644562,-20.48511],[-54.644572,-20.48511],[-54.644572,-20.485101],[-54.644581,-20.485101],[-54.644581,-20.485092],[-54.644591,-20.485092],[-54.644591,-20.485083],[-54.644601,-20.485083],[-54.644601,-20.485074],[-54.64461,-20.485074],[-54.644611,-20.485065],[-54.64462,-20.485065],[-54.64462,-20.485056],[-54.64463,-20.485056],[-54.64463,-20.485038],[-54.64464,-20.485038],[-54.64464,-20.485029],[-54.644649,-20.485029],[-54.64465,-20.48502],[-54.644659,-20.485021],[-54.644659,-20.485012],[-54.644669,-20.485012],[-54.644669,-20.485003],[-54.644679,-20.485003],[-54.644679,-20.484994],[-54.644688,-20.484994],[-54.644688,-20.484985],[-54.644698,-20.484985],[-54.644698,-20.484976],[-54.644708,-20.484976],[-54.644708,-20.484967],[-54.644717,-20.484967],[-54.644718,-20.484958],[-54.644727,-20.484958],[-54.644727,-20.484949],[-54.644737,-20.484949],[-54.644737,-20.48494],[-54.644747,-20.48494],[-54.644747,-20.484931],[-54.644756,-20.484932],[-54.644756,-20.484923],[-54.644766,-20.484923],[-54.644766,-20.484914],[-54.644776,-20.484914],[-54.644776,-20.484905],[-54.644785,-20.484905],[-54.644786,-20.484896],[-54.644795,-20.484896],[-54.644795,-20.484887],[-54.644805,-20.484887],[-54.644805,-20.484878],[-54.644815,-20.484878],[-54.644815,-20.484869],[-54.644824,-20.484869],[-54.644824,-20.48486],[-54.644834,-20.48486],[-54.644834,-20.484851],[-54.644844,-20.484851],[-54.644844,-20.484842],[-54.644854,-20.484843],[-54.644854,-20.484834],[-54.644863,-20.484834],[-54.644863,-20.484825],[-54.644873,-20.484825],[-54.644873,-20.484816],[-54.644883,-20.484816],[-54.644883,-20.484807],[-54.644892,-20.484807],[-54.644893,-20.484798],[-54.644902,-20.484798],[-54.644902,-20.484789],[-54.644912,-20.484789],[-54.644912,-20.48478],[-54.644931,-20.48478],[-54.644931,-20.484771],[-54.644941,-20.484772],[-54.644941,-20.484762],[-54.644951,-20.484763],[-54.644951,-20.484754],[-54.64497,-20.484754],[-54.64497,-20.484745],[-54.64498,-20.484745],[-54.64498,-20.484736],[-54.644989,-20.484736],[-54.644989,-20.484727],[-54.645009,-20.484727],[-54.645009,-20.484718],[-54.645018,-20.484718],[-54.645018,-20.484709],[-54.645028,-20.484709],[-54.645028,-20.4847],[-54.645038,-20.484701],[-54.645038,-20.484692],[-54.645057,-20.484692],[-54.645057,-20.484683],[-54.645067,-20.484683],[-54.645067,-20.484674],[-54.645076,-20.484674],[-54.645077,-20.484665],[-54.645096,-20.484665],[-54.645096,-20.484656],[-54.645106,-20.484656],[-54.645106,-20.484647],[-54.645115,-20.484647],[-54.645115,-20.484638],[-54.645135,-20.484639],[-54.645135,-20.48463],[-54.645144,-20.48463],[-54.645144,-20.484621],[-54.645154,-20.484621],[-54.645154,-20.484612],[-54.645164,-20.484612],[-54.645164,-20.484603],[-54.645183,-20.484603],[-54.645183,-20.484594],[-54.645193,-20.484594],[-54.645193,-20.484585],[-54.645212,-20.484586],[-54.645212,-20.484577],[-54.645222,-20.484577],[-54.645222,-20.484568],[-54.645241,-20.484568],[-54.645241,-20.484559],[-54.645251,-20.484559],[-54.645251,-20.48455],[-54.64527,-20.48455],[-54.64527,-20.484541],[-54.64528,-20.484541],[-54.64528,-20.484532],[-54.645299,-20.484533],[-54.645299,-20.484524],[-54.645309,-20.484524],[-54.645309,-20.484515],[-54.645328,-20.484515],[-54.645328,-20.484506],[-54.645338,-20.484506],[-54.645338,-20.484497],[-54.645357,-20.484497],[-54.645357,-20.484488],[-54.645367,-20.484488],[-54.645367,-20.484479],[-54.645377,-20.484479],[-54.645377,-20.48447],[-54.645396,-20.484471],[-54.645396,-20.484453],[-54.645406,-20.484453],[-54.645406,-20.484426],[-54.645416,-20.484426],[-54.645416,-20.484408],[-54.645426,-20.484408],[-54.645426,-20.484381],[-54.645436,-20.484381],[-54.645436,-20.484363],[-54.645445,-20.484363],[-54.645446,-20.484336],[-54.645455,-20.484336],[-54.645456,-20.484318],[-54.645465,-20.484318],[-54.645466,-20.484291],[-54.645475,-20.484291],[-54.645476,-20.484264],[-54.645485,-20.484264],[-54.645486,-20.484246],[-54.645495,-20.484246],[-54.645496,-20.484219],[-54.645505,-20.484219],[-54.645505,-20.484201],[-54.645515,-20.484201],[-54.645515,-20.484174],[-54.645525,-20.484174],[-54.645525,-20.484147],[-54.645535,-20.484147],[-54.645535,-20.484129],[-54.645545,-20.48413],[-54.645545,-20.484102],[-54.645555,-20.484103],[-54.645555,-20.484094],[-54.645565,-20.484094],[-54.645565,-20.484085],[-54.645574,-20.484085],[-54.645574,-20.484076],[-54.645584,-20.484076],[-54.645584,-20.484067],[-54.645594,-20.484067],[-54.645594,-20.484058],[-54.645603,-20.484058],[-54.645604,-20.484049],[-54.645613,-20.484049],[-54.645613,-20.48404],[-54.645623,-20.48404],[-54.645623,-20.484031],[-54.645633,-20.484031],[-54.645633,-20.484022],[-54.645642,-20.484022],[-54.645642,-20.484013],[-54.645652,-20.484014],[-54.645652,-20.484005],[-54.645662,-20.484005],[-54.645662,-20.483996],[-54.645671,-20.483996],[-54.645672,-20.483987],[-54.645681,-20.483987],[-54.645682,-20.483933],[-54.645692,-20.483933],[-54.645699,-20.483436],[-54.645709,-20.483436],[-54.64571,-20.483364],[-54.6457,-20.483364],[-54.645702,-20.483256],[-54.645692,-20.483256],[-54.645694,-20.483147],[-54.645684,-20.483147],[-54.645686,-20.483039],[-54.645676,-20.483039],[-54.645678,-20.482939],[-54.645668,-20.482939],[-54.64567,-20.482858],[-54.64567,-20.482849],[-54.64566,-20.482849],[-54.645661,-20.482822],[-54.64567,-20.482822],[-54.645672,-20.482704],[-54.645682,-20.482705],[-54.645683,-20.482587],[-54.645693,-20.482587],[-54.645695,-20.48247],[-54.645704,-20.48247],[-54.645706,-20.482353],[-54.645716,-20.482353],[-54.645718,-20.482226],[-54.645727,-20.482227],[-54.645737,-20.481604],[-54.645727,-20.481603],[-54.645727,-20.481594],[-54.645718,-20.481594],[-54.645718,-20.481585],[-54.645708,-20.481585],[-54.645708,-20.481576],[-54.645699,-20.481576],[-54.645699,-20.481567],[-54.645689,-20.481567],[-54.645689,-20.481558],[-54.64568,-20.481558],[-54.64568,-20.481549],[-54.64567,-20.481549],[-54.645671,-20.48154],[-54.645661,-20.481539],[-54.645661,-20.48153],[-54.645652,-20.48153],[-54.645652,-20.481521],[-54.645642,-20.481521],[-54.645642,-20.481512],[-54.645633,-20.481512],[-54.645633,-20.481503],[-54.645623,-20.481503],[-54.645623,-20.481494],[-54.645614,-20.481494],[-54.645614,-20.481485],[-54.645604,-20.481484],[-54.645604,-20.481475],[-54.645595,-20.481475],[-54.645595,-20.481466],[-54.645585,-20.481466],[-54.645586,-20.481457],[-54.645576,-20.481457],[-54.645576,-20.481448],[-54.645567,-20.481448],[-54.645567,-20.481439],[-54.645557,-20.481439],[-54.645557,-20.48143],[-54.645548,-20.481429],[-54.645548,-20.48142],[-54.645538,-20.48142],[-54.645539,-20.481393],[-54.645529,-20.481393],[-54.645529,-20.481366],[-54.64552,-20.481366],[-54.64552,-20.481339],[-54.645511,-20.481339],[-54.645511,-20.481321],[-54.645501,-20.48132],[-54.645502,-20.481293],[-54.645492,-20.481293],[-54.645493,-20.481266],[-54.645483,-20.481266],[-54.645484,-20.481239],[-54.645474,-20.481239],[-54.645474,-20.481212],[-54.645465,-20.481212],[-54.645465,-20.481185],[-54.645456,-20.481184],[-54.645456,-20.481157],[-54.645446,-20.481157],[-54.645447,-20.48113],[-54.645437,-20.48113],[-54.645438,-20.481103],[-54.645428,-20.481103],[-54.645429,-20.481076],[-54.645419,-20.481076],[-54.645419,-20.481048],[-54.645429,-20.481049],[-54.645429,-20.48104],[-54.645439,-20.48104],[-54.64544,-20.48094],[-54.645431,-20.48094],[-54.645437,-20.480552],[-54.645427,-20.480552],[-54.645431,-20.480263],[-54.645422,-20.480263],[-54.645422,-20.480227],[-54.645432,-20.480227],[-54.645432,-20.480218],[-54.645442,-20.480218],[-54.645442,-20.480209],[-54.645451,-20.480209],[-54.645452,-20.480191],[-54.645461,-20.480191],[-54.645461,-20.480182],[-54.645471,-20.480182],[-54.645471,-20.480164],[-54.645481,-20.480164],[-54.645481,-20.480155],[-54.64549,-20.480155],[-54.645491,-20.480146],[-54.6455,-20.480147],[-54.645503,-20.479993],[-54.645512,-20.479993],[-54.645512,-20.479984],[-54.645522,-20.479984],[-54.645524,-20.479831],[-54.645515,-20.479831],[-54.645519,-20.479515],[-54.645529,-20.479515],[-54.645529,-20.479506],[-54.645539,-20.479506],[-54.645539,-20.479497],[-54.645548,-20.479497],[-54.645549,-20.479488],[-54.645558,-20.479488],[-54.645558,-20.479479],[-54.645568,-20.479479],[-54.645568,-20.47947],[-54.645578,-20.47947],[-54.645578,-20.479461],[-54.645587,-20.479461],[-54.645587,-20.479452],[-54.645597,-20.479452],[-54.645597,-20.479443],[-54.645607,-20.479444],[-54.645607,-20.479435],[-54.645616,-20.479435],[-54.645617,-20.479426],[-54.645626,-20.479426],[-54.645626,-20.479417],[-54.645636,-20.479417],[-54.645636,-20.479408],[-54.645646,-20.479408],[-54.645646,-20.479399],[-54.645655,-20.479399],[-54.645655,-20.47939],[-54.645665,-20.47939],[-54.645665,-20.479381],[-54.645675,-20.479381],[-54.645675,-20.479372],[-54.645685,-20.479372],[-54.645685,-20.479363],[-54.645694,-20.479364],[-54.645694,-20.479354],[-54.645704,-20.479355],[-54.645704,-20.479346],[-54.645714,-20.479346],[-54.645714,-20.479337],[-54.645723,-20.479337],[-54.645724,-20.479328],[-54.645733,-20.479328],[-54.645733,-20.479337],[-54.645819,-20.479338],[-54.645819,-20.479347],[-54.645838,-20.479347],[-54.645833,-20.479663],[-54.645843,-20.479664],[-54.645843,-20.479682],[-54.645852,-20.479682],[-54.645852,-20.479691],[-54.645862,-20.479691],[-54.645861,-20.479709],[-54.645871,-20.479709],[-54.645871,-20.479718],[-54.64588,-20.479718],[-54.64588,-20.479736],[-54.64589,-20.479736],[-54.64589,-20.479745],[-54.645899,-20.479746],[-54.645899,-20.479764],[-54.645909,-20.479764],[-54.645908,-20.479773],[-54.645918,-20.479773],[-54.645918,-20.479782],[-54.645927,-20.479782],[-54.645927,-20.4798],[-54.645937,-20.4798],[-54.645937,-20.479809],[-54.645946,-20.479809],[-54.645946,-20.479827],[-54.645955,-20.479828],[-54.645955,-20.479837],[-54.645965,-20.479837],[-54.645965,-20.479855],[-54.645974,-20.479855],[-54.645974,-20.479864],[-54.645984,-20.479864],[-54.645983,-20.479882],[-54.645993,-20.479882],[-54.645993,-20.479891],[-54.646002,-20.479891],[-54.646002,-20.47991],[-54.646012,-20.47991],[-54.646012,-20.479919],[-54.646021,-20.479919],[-54.646021,-20.479928],[-54.646031,-20.479928],[-54.64603,-20.479946],[-54.64604,-20.479946],[-54.64604,-20.479955],[-54.646049,-20.479955],[-54.646049,-20.479973],[-54.646059,-20.479973],[-54.646059,-20.479983],[-54.646068,-20.479983],[-54.646068,-20.480001],[-54.646077,-20.480001],[-54.646077,-20.48001],[-54.646087,-20.48001],[-54.646087,-20.480028],[-54.646096,-20.480028],[-54.646096,-20.480037],[-54.646106,-20.480037],[-54.646105,-20.480046],[-54.646115,-20.480046],[-54.646115,-20.480065],[-54.646124,-20.480065],[-54.646124,-20.480074],[-54.646134,-20.480074],[-54.646134,-20.480092],[-54.646143,-20.480092],[-54.646143,-20.480101],[-54.646153,-20.480101],[-54.646152,-20.480119],[-54.646162,-20.480119],[-54.646162,-20.480128],[-54.646171,-20.480129],[-54.646171,-20.480147],[-54.646181,-20.480147],[-54.64618,-20.480156],[-54.64619,-20.480156],[-54.64619,-20.480174],[-54.646199,-20.480174],[-54.646199,-20.480183],[-54.646209,-20.480183],[-54.646209,-20.480201],[-54.646218,-20.480201],[-54.646218,-20.480219],[-54.646227,-20.48022],[-54.646227,-20.480247],[-54.646237,-20.480247],[-54.646236,-20.480265],[-54.646246,-20.480265],[-54.646246,-20.480274],[-54.646255,-20.480274],[-54.646255,-20.480301],[-54.646264,-20.480301],[-54.646264,-20.48031],[-54.646274,-20.480311],[-54.646274,-20.48032],[-54.646283,-20.48032],[-54.646283,-20.480347],[-54.646293,-20.480347],[-54.646292,-20.480356],[-54.646302,-20.480356],[-54.646302,-20.480374],[-54.646311,-20.480374],[-54.646311,-20.480392],[-54.646321,-20.480392],[-54.64632,-20.480401],[-54.64633,-20.480402],[-54.64633,-20.48042],[-54.646339,-20.48042],[-54.646339,-20.480447],[-54.646349,-20.480447],[-54.646348,-20.480456],[-54.646358,-20.480456],[-54.646358,-20.480474],[-54.646367,-20.480474],[-54.646367,-20.480492],[-54.646377,-20.480493],[-54.646376,-20.480502],[-54.646386,-20.480502],[-54.646386,-20.480529],[-54.646395,-20.480529],[-54.646395,-20.480547],[-54.646404,-20.480547],[-54.646404,-20.480556],[-54.646414,-20.480556],[-54.646414,-20.480574],[-54.646423,-20.480574],[-54.646423,-20.480583],[-54.646433,-20.480584],[-54.646432,-20.480602],[-54.646442,-20.480602],[-54.646442,-20.480611],[-54.646451,-20.480611],[-54.646451,-20.480629],[-54.646461,-20.480629],[-54.646461,-20.480638],[-54.64647,-20.480638],[-54.64647,-20.480647],[-54.64648,-20.480647],[-54.646479,-20.480665],[-54.646489,-20.480666],[-54.646489,-20.480675],[-54.646498,-20.480675],[-54.646498,-20.480684],[-54.646508,-20.480684],[-54.646508,-20.480702],[-54.646517,-20.480702],[-54.646517,-20.480711],[-54.646527,-20.480711],[-54.646526,-20.48072],[-54.646536,-20.48072],[-54.646535,-20.480766],[-54.646545,-20.480766],[-54.646544,-20.48082],[-54.646554,-20.48082],[-54.646553,-20.480865],[-54.646563,-20.480865],[-54.646562,-20.480919],[-54.646571,-20.48092],[-54.64657,-20.480974],[-54.64658,-20.480974],[-54.646579,-20.481028],[-54.646589,-20.481028],[-54.646588,-20.481064],[-54.646607,-20.481065],[-54.646607,-20.481074],[-54.646617,-20.481074],[-54.646617,-20.481083],[-54.646636,-20.481083],[-54.646636,-20.481092],[-54.646655,-20.481092],[-54.646655,-20.481101],[-54.646664,-20.481101],[-54.646664,-20.48111],[-54.646683,-20.481111],[-54.646683,-20.48112],[-54.646702,-20.48112],[-54.646702,-20.481129],[-54.646712,-20.481129],[-54.646712,-20.481138],[-54.646731,-20.481138],[-54.646731,-20.481148],[-54.64675,-20.481148],[-54.64675,-20.481157],[-54.646759,-20.481157],[-54.646759,-20.481166],[-54.646778,-20.481166],[-54.646778,-20.481175],[-54.646797,-20.481176],[-54.646797,-20.481185],[-54.646816,-20.481185],[-54.646816,-20.481194],[-54.646826,-20.481194],[-54.646826,-20.481203],[-54.646845,-20.481203],[-54.646845,-20.481212],[-54.646864,-20.481213],[-54.646864,-20.481222],[-54.646873,-20.481222],[-54.646873,-20.481231],[-54.646892,-20.481231],[-54.646892,-20.48124],[-54.646911,-20.48124],[-54.646911,-20.481249],[-54.646921,-20.481249],[-54.646921,-20.481258],[-54.64694,-20.481259],[-54.64694,-20.481268],[-54.646959,-20.481268],[-54.646959,-20.481277],[-54.646968,-20.481277],[-54.646968,-20.481286],[-54.646987,-20.481286],[-54.646987,-20.481295],[-54.647006,-20.481296],[-54.647006,-20.481305],[-54.647016,-20.481305],[-54.647016,-20.481314],[-54.647035,-20.481314],[-54.647035,-20.481323],[-54.647054,-20.481323],[-54.647054,-20.481332],[-54.647073,-20.481333],[-54.64707,-20.481513],[-54.64708,-20.481513],[-54.64708,-20.481522],[-54.647089,-20.481523],[-54.647089,-20.481532],[-54.647099,-20.481532],[-54.647098,-20.481541],[-54.647108,-20.481541],[-54.647108,-20.48155],[-54.647117,-20.48155],[-54.647117,-20.481559],[-54.647127,-20.481559],[-54.647127,-20.481568],[-54.647136,-20.481568],[-54.647136,-20.481577],[-54.647146,-20.481578],[-54.647146,-20.481587],[-54.647155,-20.481587],[-54.647155,-20.481596],[-54.647165,-20.481596],[-54.647165,-20.481605],[-54.647174,-20.481605],[-54.647174,-20.481623],[-54.647183,-20.481623],[-54.647183,-20.481632],[-54.647193,-20.481632],[-54.647193,-20.481641],[-54.647202,-20.481642],[-54.647199,-20.481858],[-54.647209,-20.481858],[-54.647208,-20.481867],[-54.647218,-20.481868],[-54.647218,-20.481877],[-54.647227,-20.481877],[-54.647227,-20.481886],[-54.647237,-20.481886],[-54.647237,-20.481895],[-54.647246,-20.481895],[-54.647246,-20.481904],[-54.647256,-20.481904],[-54.647256,-20.481922],[-54.647265,-20.481922],[-54.647265,-20.481931],[-54.647275,-20.481931],[-54.647274,-20.481941],[-54.647284,-20.481941],[-54.647284,-20.48195],[-54.647293,-20.48195],[-54.647293,-20.481959],[-54.647303,-20.481959],[-54.647303,-20.481977],[-54.647312,-20.481977],[-54.647312,-20.482004],[-54.647321,-20.482004],[-54.647321,-20.482031],[-54.647331,-20.482032],[-54.64733,-20.48205],[-54.64734,-20.48205],[-54.647339,-20.482077],[-54.647349,-20.482077],[-54.647349,-20.482095],[-54.647358,-20.482095],[-54.647358,-20.482122],[-54.647367,-20.482122],[-54.647367,-20.482149],[-54.647377,-20.48215],[-54.647376,-20.482168],[-54.647386,-20.482168],[-54.647386,-20.482195],[-54.647395,-20.482195],[-54.647395,-20.482213],[-54.647404,-20.482213],[-54.647404,-20.48224],[-54.647414,-20.48224],[-54.647413,-20.482267],[-54.647423,-20.482268],[-54.647423,-20.482286],[-54.647432,-20.482286],[-54.647432,-20.482313],[-54.647441,-20.482313],[-54.647441,-20.482331],[-54.647451,-20.482331],[-54.64745,-20.482358],[-54.64746,-20.482358],[-54.647459,-20.482386],[-54.647469,-20.482386],[-54.647469,-20.482404],[-54.647478,-20.482404],[-54.647478,-20.482431],[-54.647487,-20.482431],[-54.647487,-20.482449],[-54.647497,-20.482449],[-54.647496,-20.482476],[-54.647506,-20.482476],[-54.647505,-20.482504],[-54.647515,-20.482504],[-54.647515,-20.482522],[-54.647524,-20.482522],[-54.647524,-20.482549],[-54.647533,-20.482549],[-54.647533,-20.482567],[-54.647543,-20.482567],[-54.647542,-20.482594],[-54.647552,-20.482594],[-54.647552,-20.482622],[-54.647561,-20.482622],[-54.64756,-20.482685],[-54.647551,-20.482685],[-54.64755,-20.482703],[-54.647541,-20.482703],[-54.64754,-20.48273],[-54.647531,-20.48273],[-54.64753,-20.482748],[-54.647521,-20.482748],[-54.64752,-20.482775],[-54.647511,-20.482775],[-54.647511,-20.482793],[-54.647501,-20.482792],[-54.647501,-20.48282],[-54.647491,-20.482819],[-54.647491,-20.482837],[-54.647481,-20.482837],[-54.647481,-20.482855],[-54.647471,-20.482855],[-54.647471,-20.482882],[-54.647461,-20.482882],[-54.647461,-20.4829],[-54.647451,-20.4829],[-54.647451,-20.482927],[-54.647441,-20.482927],[-54.647441,-20.482945],[-54.647432,-20.482945],[-54.647431,-20.482963],[-54.647422,-20.482963],[-54.647421,-20.48299],[-54.647412,-20.48299],[-54.647411,-20.483008],[-54.647402,-20.483008],[-54.647399,-20.483179],[-54.64739,-20.483179],[-54.647386,-20.483405],[-54.647377,-20.483405],[-54.647377,-20.483414],[-54.647386,-20.483414],[-54.647386,-20.483423],[-54.647443,-20.483424],[-54.647443,-20.483433],[-54.647472,-20.483433],[-54.647472,-20.483442],[-54.647482,-20.483442],[-54.647481,-20.483451],[-54.647491,-20.483452],[-54.647491,-20.483461],[-54.6475,-20.483461],[-54.6475,-20.48347],[-54.64751,-20.48347],[-54.64751,-20.483479],[-54.647519,-20.483479],[-54.647519,-20.483488],[-54.647529,-20.483488],[-54.647529,-20.483497],[-54.647538,-20.483497],[-54.647538,-20.483506],[-54.647548,-20.483506],[-54.647547,-20.483516],[-54.647557,-20.483516],[-54.647557,-20.483525],[-54.647567,-20.483525],[-54.647566,-20.483534],[-54.647576,-20.483534],[-54.647576,-20.483543],[-54.647585,-20.483543],[-54.647585,-20.483552],[-54.647595,-20.483552],[-54.647595,-20.483561],[-54.647604,-20.483561],[-54.647603,-20.483625],[-54.647594,-20.483625],[-54.647593,-20.483652],[-54.647603,-20.483652],[-54.647603,-20.483661],[-54.647612,-20.483661],[-54.647612,-20.48367],[-54.647622,-20.48367],[-54.647622,-20.483679],[-54.647631,-20.483679],[-54.647631,-20.483688],[-54.647641,-20.483688],[-54.647641,-20.483697],[-54.64765,-20.483698],[-54.64765,-20.483707],[-54.64766,-20.483707],[-54.647659,-20.483716],[-54.647669,-20.483716],[-54.647669,-20.483725],[-54.647678,-20.483725],[-54.647678,-20.483734],[-54.647688,-20.483734],[-54.647688,-20.483743],[-54.647697,-20.483743],[-54.647697,-20.483752],[-54.647707,-20.483752],[-54.647707,-20.483761],[-54.647716,-20.483762],[-54.647716,-20.483771],[-54.647726,-20.483771],[-54.647725,-20.483798],[-54.647735,-20.483798],[-54.647735,-20.483807],[-54.647744,-20.483807],[-54.647744,-20.483816],[-54.647754,-20.483816],[-54.647754,-20.483825],[-54.647763,-20.483825],[-54.647763,-20.483834],[-54.647773,-20.483835],[-54.647772,-20.483844],[-54.647782,-20.483844],[-54.647782,-20.483853],[-54.647792,-20.483853],[-54.647791,-20.483862],[-54.647801,-20.483862],[-54.647801,-20.483871],[-54.64781,-20.483871],[-54.64781,-20.48388],[-54.64782,-20.48388],[-54.64782,-20.483889],[-54.647829,-20.48389],[-54.647829,-20.483899],[-54.647839,-20.483899],[-54.647839,-20.483908],[-54.647848,-20.483908],[-54.647848,-20.483917],[-54.647858,-20.483917],[-54.647857,-20.483926],[-54.647867,-20.483926],[-54.647867,-20.483935],[-54.647876,-20.483935],[-54.647876,-20.483944],[-54.647886,-20.483945],[-54.647886,-20.483954],[-54.647895,-20.483954],[-54.647895,-20.483963],[-54.647905,-20.483963],[-54.647905,-20.483972],[-54.647914,-20.483972],[-54.647914,-20.483981],[-54.647924,-20.483981],[-54.647924,-20.48399],[-54.647933,-20.48399],[-54.647933,-20.483999],[-54.647943,-20.483999],[-54.647942,-20.484009],[-54.647952,-20.484009],[-54.647952,-20.484018],[-54.647961,-20.484018],[-54.647961,-20.484027],[-54.647971,-20.484027],[-54.647971,-20.484036],[-54.64798,-20.484036],[-54.64798,-20.484045],[-54.64799,-20.484045],[-54.64799,-20.484054],[-54.647999,-20.484054],[-54.647999,-20.484063],[-54.648009,-20.484064],[-54.648009,-20.484073],[-54.648018,-20.484073],[-54.648018,-20.484082],[-54.648028,-20.484082],[-54.648027,-20.484109],[-54.648018,-20.484109],[-54.648017,-20.484118],[-54.648008,-20.484118],[-54.648008,-20.484127],[-54.647998,-20.484127],[-54.647998,-20.484136],[-54.647988,-20.484136],[-54.647988,-20.484145],[-54.647979,-20.484144],[-54.647978,-20.484163],[-54.647969,-20.484162],[-54.647969,-20.484171],[-54.647959,-20.484171],[-54.647959,-20.48418],[-54.647949,-20.48418],[-54.647949,-20.484189],[-54.64794,-20.484189],[-54.647939,-20.484207],[-54.64793,-20.484207],[-54.64793,-20.484216],[-54.64792,-20.484216],[-54.64792,-20.484225],[-54.64791,-20.484225],[-54.64791,-20.484234],[-54.647901,-20.484234],[-54.647895,-20.484622],[-54.647904,-20.484622],[-54.647903,-20.48473],[-54.647912,-20.484731],[-54.647912,-20.484749],[-54.647922,-20.484749],[-54.647921,-20.484758],[-54.647931,-20.484758],[-54.647931,-20.484767],[-54.64794,-20.484767],[-54.64794,-20.484776],[-54.64795,-20.484776],[-54.64795,-20.484785],[-54.647959,-20.484785],[-54.647959,-20.484794],[-54.647969,-20.484795],[-54.647969,-20.484804],[-54.647997,-20.484804],[-54.647997,-20.484813],[-54.648007,-20.484813],[-54.648007,-20.484831],[-54.648016,-20.484831],[-54.648016,-20.48484],[-54.648026,-20.48484],[-54.648025,-20.484849],[-54.648035,-20.48485],[-54.648035,-20.484859],[-54.648044,-20.484859],[-54.648044,-20.484868],[-54.648054,-20.484868],[-54.648054,-20.484877],[-54.648073,-20.484877],[-54.648073,-20.484886],[-54.648092,-20.484886],[-54.648092,-20.484896],[-54.648111,-20.484896],[-54.648111,-20.484905],[-54.64813,-20.484905],[-54.64813,-20.484914],[-54.648149,-20.484914],[-54.648149,-20.484923],[-54.648168,-20.484924],[-54.648168,-20.484933],[-54.648187,-20.484933],[-54.648187,-20.484942],[-54.648206,-20.484942],[-54.648206,-20.484951],[-54.648235,-20.484952],[-54.648235,-20.484961],[-54.648254,-20.484961],[-54.648254,-20.48497],[-54.648273,-20.48497],[-54.648273,-20.484979],[-54.648282,-20.484979],[-54.648282,-20.484988],[-54.648301,-20.484989],[-54.648299,-20.485133],[-54.648309,-20.485133],[-54.648306,-20.485296],[-54.648316,-20.485296],[-54.648313,-20.485495],[-54.648322,-20.485495],[-54.648321,-20.485567],[-54.64836,-20.485567],[-54.648359,-20.485576],[-54.648369,-20.485577],[-54.648369,-20.485586],[-54.648378,-20.485586],[-54.648378,-20.485595],[-54.648388,-20.485595],[-54.648388,-20.485604],[-54.648397,-20.485604],[-54.648397,-20.485613],[-54.648407,-20.485613],[-54.648407,-20.485622],[-54.648416,-20.485622],[-54.648416,-20.485631],[-54.648426,-20.485631],[-54.648425,-20.485641],[-54.648435,-20.485641],[-54.648435,-20.48565],[-54.648445,-20.48565],[-54.648444,-20.485659],[-54.648454,-20.485659],[-54.648454,-20.485668],[-54.648463,-20.485668],[-54.648463,-20.485677],[-54.648473,-20.485677],[-54.648473,-20.485686],[-54.648482,-20.485686],[-54.648482,-20.485695],[-54.648492,-20.485696],[-54.648492,-20.485705],[-54.648501,-20.485705],[-54.648501,-20.485714],[-54.648511,-20.485714],[-54.64851,-20.485723],[-54.64852,-20.485723],[-54.64852,-20.485732],[-54.64853,-20.485732],[-54.648529,-20.485741],[-54.648539,-20.485741],[-54.648539,-20.48575],[-54.648548,-20.485751],[-54.648548,-20.48576],[-54.648558,-20.48576],[-54.648558,-20.485769],[-54.648567,-20.485769],[-54.648567,-20.485778],[-54.648577,-20.485778],[-54.648577,-20.485787],[-54.648586,-20.485787],[-54.648586,-20.485796],[-54.648596,-20.485796],[-54.648594,-20.485932],[-54.648584,-20.485932],[-54.648584,-20.485959],[-54.648574,-20.485959],[-54.648573,-20.485995],[-54.648564,-20.485995],[-54.648563,-20.48604],[-54.648554,-20.48604],[-54.648553,-20.486067],[-54.648544,-20.486067],[-54.648543,-20.486094],[-54.648534,-20.486094],[-54.648533,-20.486139],[-54.648523,-20.486139],[-54.648523,-20.486166],[-54.648532,-20.486166],[-54.648532,-20.486184],[-54.648542,-20.486184],[-54.648541,-20.486211],[-54.648551,-20.486211],[-54.648551,-20.486238],[-54.64856,-20.486238],[-54.64856,-20.486265],[-54.648569,-20.486266],[-54.648569,-20.486293],[-54.648578,-20.486293],[-54.648578,-20.48632],[-54.648588,-20.48632],[-54.648587,-20.486338],[-54.648597,-20.486338],[-54.648597,-20.486365],[-54.648606,-20.486365],[-54.648606,-20.486392],[-54.648615,-20.486393],[-54.648615,-20.48642],[-54.648624,-20.48642],[-54.648624,-20.486447],[-54.648634,-20.486447],[-54.648633,-20.486465],[-54.648643,-20.486465],[-54.648642,-20.486492],[-54.648652,-20.486492],[-54.648652,-20.48652],[-54.648661,-20.48652],[-54.648661,-20.486547],[-54.648661,-20.486565],[-54.64867,-20.486565],[-54.648668,-20.486673],[-54.648659,-20.486673],[-54.648652,-20.487134],[-54.648681,-20.487134],[-54.64868,-20.487143],[-54.64869,-20.487143],[-54.64869,-20.487152],[-54.6487,-20.487152],[-54.648699,-20.487161],[-54.648709,-20.487161],[-54.648709,-20.48717],[-54.648718,-20.487171],[-54.648718,-20.48718],[-54.648728,-20.48718],[-54.648728,-20.487189],[-54.648737,-20.487189],[-54.648737,-20.487198],[-54.648747,-20.487198],[-54.648747,-20.487207],[-54.648756,-20.487207],[-54.648756,-20.487216],[-54.648766,-20.487216],[-54.648765,-20.487225],[-54.648775,-20.487226],[-54.648775,-20.487235],[-54.648785,-20.487235],[-54.648784,-20.487244],[-54.648794,-20.487244],[-54.648794,-20.487253],[-54.648803,-20.487253],[-54.648803,-20.487262],[-54.648813,-20.487262],[-54.648813,-20.487271],[-54.648822,-20.487271],[-54.648822,-20.48728],[-54.648832,-20.487281],[-54.648832,-20.48729],[-54.648841,-20.48729],[-54.648841,-20.487308],[-54.64885,-20.487308],[-54.64885,-20.487335],[-54.64886,-20.487335],[-54.648859,-20.487362],[-54.648869,-20.487362],[-54.648868,-20.487389],[-54.648878,-20.48739],[-54.648878,-20.487417],[-54.648887,-20.487417],[-54.648887,-20.487435],[-54.648896,-20.487435],[-54.648896,-20.487444],[-54.648906,-20.487444],[-54.648906,-20.487453],[-54.648915,-20.487453],[-54.648915,-20.487462],[-54.648925,-20.487462],[-54.648925,-20.487471],[-54.648934,-20.487472],[-54.648934,-20.48749],[-54.648944,-20.48749],[-54.648943,-20.487508],[-54.648953,-20.487508],[-54.648953,-20.487526],[-54.648962,-20.487526],[-54.648962,-20.487535],[-54.648972,-20.487535],[-54.648971,-20.487544],[-54.648981,-20.487544],[-54.648981,-20.487553],[-54.64899,-20.487554],[-54.64899,-20.487563],[-54.649,-20.487563],[-54.649,-20.487572],[-54.649009,-20.487572],[-54.649009,-20.487581],[-54.649019,-20.487581],[-54.649019,-20.48759],[-54.649028,-20.48759],[-54.649028,-20.487599],[-54.649038,-20.487599],[-54.649037,-20.487672],[-54.649027,-20.487671],[-54.649026,-20.487726],[-54.649025,-20.487807],[-54.649035,-20.487807],[-54.649034,-20.487816],[-54.649044,-20.487816],[-54.649044,-20.487825],[-54.649053,-20.487825],[-54.649053,-20.487834],[-54.649063,-20.487835],[-54.649063,-20.487844],[-54.649072,-20.487844],[-54.649072,-20.487853],[-54.649082,-20.487853],[-54.649082,-20.487862],[-54.649091,-20.487862],[-54.649091,-20.487871],[-54.649101,-20.487871],[-54.649101,-20.48788],[-54.64911,-20.48788],[-54.64911,-20.487889],[-54.64912,-20.487889],[-54.649119,-20.487898],[-54.649129,-20.487899],[-54.649129,-20.487908],[-54.649138,-20.487908],[-54.649138,-20.487917],[-54.649148,-20.487917],[-54.649148,-20.487926],[-54.649157,-20.487926],[-54.649157,-20.487944],[-54.649167,-20.487944],[-54.649166,-20.487962],[-54.649176,-20.487962],[-54.649176,-20.487971],[-54.649185,-20.487972],[-54.649185,-20.48799],[-54.649195,-20.48799],[-54.649194,-20.488008],[-54.649204,-20.488008],[-54.649204,-20.488017],[-54.649213,-20.488017],[-54.649213,-20.488035],[-54.649223,-20.488035],[-54.649222,-20.488053],[-54.649232,-20.488054],[-54.649232,-20.488063],[-54.649241,-20.488063],[-54.649241,-20.488081],[-54.649251,-20.488081],[-54.649251,-20.488099],[-54.64926,-20.488099],[-54.64926,-20.488108],[-54.64927,-20.488108],[-54.649269,-20.488126],[-54.649279,-20.488126],[-54.649279,-20.488144],[-54.649288,-20.488145],[-54.649288,-20.488154],[-54.649298,-20.488154],[-54.649297,-20.488172],[-54.649307,-20.488172],[-54.649307,-20.48819],[-54.649316,-20.48819],[-54.649316,-20.488199],[-54.649326,-20.488199],[-54.649325,-20.488217],[-54.649335,-20.488217],[-54.649335,-20.488236],[-54.649344,-20.488236],[-54.649344,-20.488245],[-54.649354,-20.488245],[-54.649353,-20.488263],[-54.649363,-20.488263],[-54.649363,-20.488281],[-54.649372,-20.488281],[-54.649372,-20.488299],[-54.649382,-20.488299],[-54.649381,-20.488308],[-54.649391,-20.488309],[-54.649391,-20.488327],[-54.6494,-20.488327],[-54.6494,-20.488345],[-54.64941,-20.488345],[-54.64941,-20.488354],[-54.649419,-20.488354],[-54.649419,-20.488363],[-54.649438,-20.488363],[-54.649438,-20.488372],[-54.649467,-20.488373],[-54.649467,-20.488382],[-54.649486,-20.488382],[-54.649484,-20.488481],[-54.649494,-20.488482],[-54.649492,-20.488572],[-54.649502,-20.488572],[-54.649501,-20.488608],[-54.649492,-20.488608],[-54.649491,-20.488653],[-54.649482,-20.488653],[-54.649481,-20.48868],[-54.649472,-20.48868],[-54.649471,-20.488698],[-54.649481,-20.488698],[-54.649481,-20.488716],[-54.64949,-20.488716],[-54.64949,-20.488725],[-54.6495,-20.488725],[-54.6495,-20.488734],[-54.649509,-20.488735],[-54.649509,-20.488744],[-54.649519,-20.488744],[-54.649518,-20.488753],[-54.649528,-20.488753],[-54.649528,-20.488762],[-54.649537,-20.488762],[-54.649537,-20.488771],[-54.649547,-20.488771],[-54.649546,-20.488807],[-54.649556,-20.488807],[-54.649556,-20.488816],[-54.649565,-20.488817],[-54.649565,-20.488835],[-54.649575,-20.488835],[-54.649575,-20.488844],[-54.649584,-20.488844],[-54.649584,-20.488853],[-54.649594,-20.488853],[-54.649593,-20.488862],[-54.649603,-20.488862],[-54.649603,-20.48888],[-54.649612,-20.48888],[-54.649612,-20.488889],[-54.649622,-20.48889],[-54.649622,-20.488899],[-54.649631,-20.488899],[-54.649631,-20.488908],[-54.649641,-20.488908],[-54.64964,-20.488926],[-54.64965,-20.488926],[-54.64965,-20.488935],[-54.649659,-20.488935],[-54.649659,-20.488944],[-54.649669,-20.488944],[-54.649669,-20.488953],[-54.649678,-20.488954],[-54.649678,-20.488963],[-54.649688,-20.488963],[-54.649688,-20.488972],[-54.649697,-20.488972],[-54.649697,-20.488981],[-54.649707,-20.488981],[-54.649707,-20.48899],[-54.649716,-20.48899],[-54.649716,-20.488999],[-54.649726,-20.488999],[-54.649725,-20.489008],[-54.649735,-20.489009],[-54.649735,-20.489018],[-54.649744,-20.489018],[-54.649744,-20.489027],[-54.649754,-20.489027],[-54.649754,-20.489036],[-54.649763,-20.489036],[-54.649763,-20.489045],[-54.649773,-20.489045],[-54.649773,-20.489054],[-54.649782,-20.489054],[-54.649782,-20.489063],[-54.649792,-20.489063],[-54.649792,-20.489073],[-54.649801,-20.489073],[-54.649801,-20.489082],[-54.649811,-20.489082],[-54.64981,-20.489091],[-54.64982,-20.489091],[-54.64982,-20.4891],[-54.649829,-20.4891],[-54.649829,-20.489109],[-54.649839,-20.489109],[-54.649839,-20.489118],[-54.649848,-20.489118],[-54.649848,-20.489127],[-54.649858,-20.489128],[-54.649858,-20.489137],[-54.649867,-20.489137],[-54.649867,-20.489146],[-54.649877,-20.489146],[-54.649877,-20.489155],[-54.649886,-20.489155],[-54.649886,-20.489164],[-54.649943,-20.489165],[-54.649943,-20.489174],[-54.649962,-20.489174],[-54.649962,-20.489183],[-54.649981,-20.489183],[-54.649981,-20.489192],[-54.649991,-20.489193],[-54.649991,-20.489202],[-54.65001,-20.489202],[-54.65001,-20.489211],[-54.650029,-20.489211],[-54.650029,-20.48922],[-54.650038,-20.48922],[-54.650038,-20.489229],[-54.650048,-20.489229],[-54.650048,-20.489239],[-54.650057,-20.489239],[-54.650057,-20.489248],[-54.650067,-20.489248],[-54.650067,-20.489257],[-54.650076,-20.489257],[-54.650076,-20.489266],[-54.650086,-20.489266],[-54.650086,-20.489275],[-54.650095,-20.489275],[-54.650095,-20.489284],[-54.650105,-20.489284],[-54.650104,-20.489293],[-54.650114,-20.489294],[-54.650114,-20.489303],[-54.650123,-20.489303],[-54.650123,-20.489312],[-54.650133,-20.489312],[-54.650133,-20.489321],[-54.650142,-20.489321],[-54.650142,-20.48933],[-54.650152,-20.48933],[-54.650152,-20.489339],[-54.650161,-20.489339],[-54.650161,-20.489348],[-54.650171,-20.489349],[-54.650171,-20.489358],[-54.65018,-20.489358],[-54.65018,-20.489367],[-54.65019,-20.489367],[-54.650189,-20.489376],[-54.650199,-20.489376],[-54.650199,-20.489385],[-54.650208,-20.489385],[-54.650208,-20.489394],[-54.650218,-20.489394],[-54.650218,-20.489403],[-54.650227,-20.489404],[-54.650227,-20.489413],[-54.650237,-20.489413],[-54.650237,-20.489422],[-54.650246,-20.489422],[-54.650246,-20.489431],[-54.650256,-20.489431],[-54.650256,-20.48944],[-54.650265,-20.48944],[-54.650265,-20.489449],[-54.650275,-20.489449],[-54.650274,-20.489458],[-54.650284,-20.489458],[-54.650284,-20.489467],[-54.650293,-20.489468],[-54.650293,-20.489477],[-54.650303,-20.489477],[-54.650303,-20.489486],[-54.650312,-20.489486],[-54.650312,-20.489495],[-54.650322,-20.489495],[-54.650322,-20.489504],[-54.650331,-20.489504],[-54.650331,-20.489513],[-54.650341,-20.489513],[-54.65034,-20.489522],[-54.65035,-20.489523],[-54.65035,-20.489532],[-54.65036,-20.489532],[-54.650359,-20.489541],[-54.650369,-20.489541],[-54.650369,-20.48955],[-54.650378,-20.48955],[-54.650378,-20.489559],[-54.650388,-20.489559],[-54.650388,-20.489568],[-54.650397,-20.489568],[-54.650397,-20.489577],[-54.650407,-20.489578],[-54.650407,-20.489587],[-54.650416,-20.489587],[-54.650416,-20.489596],[-54.650426,-20.489596],[-54.650425,-20.489605],[-54.650435,-20.489605],[-54.650435,-20.489614],[-54.650445,-20.489614],[-54.650444,-20.489623],[-54.650454,-20.489623],[-54.650454,-20.489632],[-54.650463,-20.489632],[-54.650463,-20.489641],[-54.650473,-20.489642],[-54.650473,-20.489651],[-54.650482,-20.489651],[-54.650482,-20.48966],[-54.650492,-20.48966],[-54.650492,-20.489669],[-54.650501,-20.489669],[-54.650501,-20.489678],[-54.650511,-20.489678],[-54.65051,-20.489687],[-54.65052,-20.489687],[-54.65052,-20.489696],[-54.65053,-20.489697],[-54.650529,-20.489706],[-54.650539,-20.489706],[-54.650539,-20.489715],[-54.650548,-20.489715],[-54.650548,-20.489724],[-54.650558,-20.489724],[-54.650558,-20.489733],[-54.650567,-20.489733],[-54.650567,-20.489742],[-54.650577,-20.489742],[-54.650574,-20.489896],[-54.650584,-20.489896],[-54.650584,-20.489905],[-54.650593,-20.489905],[-54.650593,-20.489914],[-54.650603,-20.489914],[-54.650603,-20.489923],[-54.650612,-20.489923],[-54.650612,-20.489932],[-54.650622,-20.489933],[-54.650622,-20.489942],[-54.650631,-20.489942],[-54.650631,-20.489951],[-54.650641,-20.489951],[-54.65064,-20.489996],[-54.65063,-20.489996],[-54.65063,-20.490014],[-54.65064,-20.490014],[-54.650639,-20.490059],[-54.650629,-20.490059],[-54.650629,-20.490077],[-54.650639,-20.490077],[-54.650638,-20.490122],[-54.650628,-20.490122],[-54.650628,-20.49014],[-54.650638,-20.490141],[-54.650637,-20.490168],[-54.650628,-20.490167],[-54.650627,-20.490186],[-54.650637,-20.490186],[-54.650637,-20.490195],[-54.650627,-20.490195],[-54.650627,-20.490222],[-54.650617,-20.490222],[-54.650617,-20.490267],[-54.650607,-20.490267],[-54.650607,-20.490303],[-54.650597,-20.490303],[-54.650596,-20.490357],[-54.650606,-20.490357],[-54.650606,-20.490366],[-54.650615,-20.490366],[-54.650615,-20.490375],[-54.650625,-20.490375],[-54.650624,-20.490393],[-54.650634,-20.490393],[-54.650634,-20.490402],[-54.650643,-20.490402],[-54.650643,-20.49043],[-54.650653,-20.49043],[-54.650652,-20.490439],[-54.650662,-20.490439],[-54.650662,-20.490448],[-54.650671,-20.490448],[-54.650671,-20.490457],[-54.650681,-20.490457],[-54.650681,-20.490475],[-54.65069,-20.490475],[-54.65069,-20.490493],[-54.650699,-20.490494],[-54.650699,-20.490503],[-54.650709,-20.490503],[-54.650709,-20.490512],[-54.650718,-20.490512],[-54.650718,-20.49053],[-54.650728,-20.49053],[-54.650728,-20.490539],[-54.650737,-20.490539],[-54.650737,-20.490557],[-54.650746,-20.490557],[-54.650746,-20.490575],[-54.650756,-20.490576],[-54.650756,-20.490585],[-54.650765,-20.490585],[-54.650765,-20.490594],[-54.650775,-20.490594],[-54.650774,-20.490612],[-54.650784,-20.490612],[-54.650784,-20.49063],[-54.650793,-20.49063],[-54.650793,-20.490648],[-54.650803,-20.490648],[-54.650802,-20.490657],[-54.650812,-20.490658],[-54.650812,-20.490667],[-54.650821,-20.490667],[-54.650821,-20.490685],[-54.650831,-20.490685],[-54.650831,-20.490694],[-54.65084,-20.490694],[-54.65084,-20.490712],[-54.650849,-20.490712],[-54.650849,-20.490721],[-54.650859,-20.490721],[-54.650859,-20.49074],[-54.650868,-20.49074],[-54.650868,-20.490749],[-54.650878,-20.490749],[-54.650877,-20.490767],[-54.650887,-20.490767],[-54.650887,-20.490785],[-54.650896,-20.490785],[-54.650896,-20.490794],[-54.650906,-20.490794],[-54.650906,-20.490803],[-54.650915,-20.490803],[-54.650915,-20.490822],[-54.650924,-20.490822],[-54.650924,-20.490831],[-54.650934,-20.490831],[-54.650934,-20.490849],[-54.650943,-20.490849],[-54.650943,-20.490858],[-54.650953,-20.490858],[-54.650952,-20.490876],[-54.650962,-20.490876],[-54.650962,-20.490885],[-54.650971,-20.490886],[-54.650971,-20.490904],[-54.650981,-20.490904],[-54.650981,-20.490913],[-54.65099,-20.490913],[-54.65099,-20.490931],[-54.650999,-20.490931],[-54.650999,-20.49094],[-54.651009,-20.49094],[-54.651009,-20.490958],[-54.651018,-20.490958],[-54.651018,-20.490967],[-54.651028,-20.490968],[-54.651027,-20.490986],[-54.651037,-20.490986],[-54.651037,-20.490995],[-54.651046,-20.490995],[-54.651045,-20.491112],[-54.651054,-20.491112],[-54.651054,-20.491139],[-54.651063,-20.49114],[-54.651063,-20.491167],[-54.651073,-20.491167],[-54.651072,-20.491194],[-54.651082,-20.491194],[-54.651081,-20.491212],[-54.651091,-20.491212],[-54.651091,-20.491221],[-54.6511,-20.491221],[-54.6511,-20.49123],[-54.65111,-20.491231],[-54.65111,-20.49124],[-54.651119,-20.49124],[-54.651119,-20.491258],[-54.651129,-20.491258],[-54.651129,-20.491267],[-54.651138,-20.491267],[-54.651138,-20.491276],[-54.651148,-20.491276],[-54.651147,-20.491285],[-54.651157,-20.491285],[-54.651157,-20.491294],[-54.651166,-20.491295],[-54.651166,-20.491304],[-54.651176,-20.491304],[-54.651176,-20.491322],[-54.651185,-20.491322],[-54.651185,-20.491349],[-54.651194,-20.491349],[-54.651194,-20.491376],[-54.651204,-20.491376],[-54.651203,-20.491385],[-54.651213,-20.491385],[-54.651213,-20.491394],[-54.651232,-20.491395],[-54.651232,-20.491404],[-54.651241,-20.491404],[-54.651241,-20.491413],[-54.651251,-20.491413],[-54.651251,-20.491422],[-54.65127,-20.491422],[-54.65127,-20.491431],[-54.651289,-20.491432],[-54.651289,-20.491441],[-54.651298,-20.491441],[-54.651298,-20.49145],[-54.651327,-20.49145],[-54.651327,-20.491459],[-54.651356,-20.49146],[-54.651355,-20.491469],[-54.651365,-20.491469],[-54.651365,-20.491478],[-54.651394,-20.491478],[-54.651394,-20.491487],[-54.651422,-20.491488],[-54.651422,-20.491497],[-54.651432,-20.491497],[-54.651432,-20.491506],[-54.65146,-20.491506],[-54.65146,-20.491515],[-54.651489,-20.491516],[-54.651489,-20.491525],[-54.651498,-20.491525],[-54.651498,-20.491534],[-54.651517,-20.491534],[-54.651517,-20.491543],[-54.651536,-20.491543],[-54.651536,-20.491552],[-54.651546,-20.491553],[-54.651546,-20.491562],[-54.651574,-20.491562],[-54.651574,-20.491571],[-54.651603,-20.491571],[-54.651603,-20.49158],[-54.651622,-20.491581],[-54.651622,-20.49159],[-54.651632,-20.49159],[-54.651631,-20.491599],[-54.651651,-20.491599],[-54.65165,-20.491608],[-54.65167,-20.491608],[-54.651669,-20.491617],[-54.651679,-20.491618],[-54.651679,-20.491627],[-54.651698,-20.491627],[-54.651698,-20.491636],[-54.651708,-20.491636],[-54.651707,-20.491645],[-54.651727,-20.491645],[-54.651726,-20.491654],[-54.651736,-20.491654],[-54.651736,-20.491663],[-54.651755,-20.491664],[-54.651755,-20.491673],[-54.651774,-20.491673],[-54.651774,-20.491682],[-54.651783,-20.491682],[-54.651783,-20.491691],[-54.651803,-20.491691],[-54.651802,-20.4917],[-54.651812,-20.491701],[-54.651812,-20.49171],[-54.651831,-20.49171],[-54.651831,-20.491719],[-54.65184,-20.491719],[-54.65184,-20.491728],[-54.651859,-20.491728],[-54.651859,-20.491737],[-54.651869,-20.491737],[-54.651868,-20.491765],[-54.651878,-20.491765],[-54.651878,-20.491801],[-54.651887,-20.491801],[-54.651887,-20.491828],[-54.651896,-20.491828],[-54.651896,-20.491855],[-54.651905,-20.491855],[-54.651905,-20.491882],[-54.651915,-20.491883],[-54.651914,-20.491919],[-54.651924,-20.491919],[-54.651923,-20.491946],[-54.651933,-20.491946],[-54.651932,-20.491973],[-54.651942,-20.491973],[-54.651942,-20.492],[-54.651951,-20.492],[-54.651951,-20.492028],[-54.65196,-20.492028],[-54.65196,-20.492064],[-54.651969,-20.492064],[-54.651969,-20.492091],[-54.651979,-20.492091],[-54.651978,-20.492118],[-54.651988,-20.492118],[-54.651987,-20.492145],[-54.651997,-20.492146],[-54.651996,-20.492182],[-54.652006,-20.492182],[-54.652005,-20.492209],[-54.652015,-20.492209],[-54.652015,-20.492236],[-54.652024,-20.492236],[-54.652024,-20.492263],[-54.652033,-20.492263],[-54.652033,-20.4923],[-54.652042,-20.4923],[-54.652042,-20.492309],[-54.652033,-20.492309],[-54.652033,-20.492318],[-54.652023,-20.492318],[-54.652023,-20.492327],[-54.652013,-20.492326],[-54.652013,-20.492335],[-54.652004,-20.492335],[-54.652003,-20.492344],[-54.651994,-20.492344],[-54.651994,-20.492353],[-54.651984,-20.492353],[-54.651984,-20.492362],[-54.651974,-20.492362],[-54.651974,-20.492371],[-54.651965,-20.492371],[-54.651965,-20.49238],[-54.651955,-20.49238],[-54.651955,-20.492389],[-54.651945,-20.492389],[-54.651945,-20.492398],[-54.651935,-20.492398],[-54.651935,-20.492407],[-54.651926,-20.492407],[-54.651926,-20.492416],[-54.651916,-20.492415],[-54.651916,-20.492424],[-54.651906,-20.492424],[-54.651906,-20.492433],[-54.651897,-20.492433],[-54.651896,-20.492442],[-54.651887,-20.492442],[-54.651887,-20.492451],[-54.651877,-20.492451],[-54.651877,-20.49246],[-54.651867,-20.49246],[-54.651867,-20.492469],[-54.651858,-20.492469],[-54.651858,-20.492478],[-54.651848,-20.492478],[-54.651848,-20.492487],[-54.651838,-20.492487],[-54.651838,-20.492496],[-54.651829,-20.492496],[-54.651828,-20.492505],[-54.651819,-20.492504],[-54.651819,-20.492513],[-54.651809,-20.492513],[-54.651809,-20.492522],[-54.651799,-20.492522],[-54.651799,-20.492531],[-54.65179,-20.492531],[-54.65179,-20.49254],[-54.65178,-20.49254],[-54.65178,-20.492549],[-54.65177,-20.492549],[-54.65177,-20.492558],[-54.651761,-20.492558],[-54.65176,-20.492567],[-54.651751,-20.492567],[-54.651751,-20.492576],[-54.651741,-20.492576],[-54.651741,-20.492585],[-54.651731,-20.492584],[-54.651731,-20.492594],[-54.651712,-20.492593],[-54.651712,-20.492611],[-54.651702,-20.492611],[-54.651702,-20.492638],[-54.651692,-20.492638],[-54.651692,-20.492674],[-54.651682,-20.492674],[-54.651682,-20.492701],[-54.651672,-20.492701],[-54.651672,-20.492737],[-54.651662,-20.492737],[-54.651662,-20.492764],[-54.651652,-20.492764],[-54.651652,-20.492791],[-54.651642,-20.492791],[-54.651641,-20.492827],[-54.651632,-20.492827],[-54.651631,-20.492854],[-54.651622,-20.492854],[-54.651621,-20.492881],[-54.651612,-20.492881],[-54.651611,-20.492917],[-54.651602,-20.492917],[-54.651601,-20.492944],[-54.651592,-20.492944],[-54.651591,-20.49298],[-54.651582,-20.49298],[-54.651581,-20.493007],[-54.651572,-20.493007],[-54.651571,-20.493034],[-54.651562,-20.493034],[-54.651561,-20.493043],[-54.651437,-20.493041],[-54.651437,-20.49305],[-54.651427,-20.49305],[-54.651427,-20.493059],[-54.651417,-20.493059],[-54.651417,-20.493068],[-54.651408,-20.493068],[-54.651408,-20.493077],[-54.651398,-20.493077],[-54.651398,-20.493086],[-54.651388,-20.493086],[-54.651388,-20.493095],[-54.651379,-20.493094],[-54.651378,-20.493103],[-54.651369,-20.493103],[-54.651369,-20.493112],[-54.651359,-20.493112],[-54.651359,-20.493121],[-54.651349,-20.493121],[-54.651349,-20.49313],[-54.65134,-20.49313],[-54.65134,-20.493139],[-54.65133,-20.493139],[-54.65133,-20.493157],[-54.65132,-20.493157],[-54.65132,-20.493166],[-54.651301,-20.493166],[-54.651301,-20.493175],[-54.651291,-20.493175],[-54.651291,-20.493184],[-54.651281,-20.493183],[-54.651281,-20.493192],[-54.651118,-20.49319],[-54.651119,-20.493181],[-54.65109,-20.493181],[-54.65109,-20.493172],[-54.651061,-20.493171],[-54.651061,-20.493162],[-54.651042,-20.493162],[-54.651042,-20.493153],[-54.651023,-20.493153],[-54.651023,-20.493144],[-54.651004,-20.493144],[-54.651004,-20.493135],[-54.650985,-20.493134],[-54.650985,-20.493125],[-54.650966,-20.493125],[-54.650966,-20.493116],[-54.650947,-20.493116],[-54.650947,-20.493107],[-54.650938,-20.493107],[-54.650938,-20.493098],[-54.650919,-20.493097],[-54.650919,-20.493088],[-54.650909,-20.493088],[-54.650909,-20.493079],[-54.6509,-20.493079],[-54.6509,-20.49307],[-54.650881,-20.49307],[-54.650881,-20.493061],[-54.650871,-20.493061],[-54.650871,-20.493051],[-54.650852,-20.493051],[-54.650852,-20.493042],[-54.650843,-20.493042],[-54.650843,-20.493033],[-54.650824,-20.493033],[-54.650824,-20.493024],[-54.650814,-20.493024],[-54.650814,-20.493015],[-54.650805,-20.493014],[-54.650805,-20.493005],[-54.650776,-20.493005],[-54.650776,-20.493014],[-54.650766,-20.493014],[-54.650766,-20.493023],[-54.650757,-20.493023],[-54.650757,-20.493032],[-54.650747,-20.493032],[-54.650747,-20.493041],[-54.650737,-20.493041],[-54.650737,-20.49305],[-54.650728,-20.49305],[-54.650727,-20.493059],[-54.650718,-20.493058],[-54.650718,-20.493067],[-54.650708,-20.493067],[-54.650708,-20.493076],[-54.650698,-20.493076],[-54.650698,-20.493085],[-54.650689,-20.493085],[-54.650689,-20.493094],[-54.650679,-20.493094],[-54.650679,-20.493103],[-54.650669,-20.493103],[-54.650669,-20.493112],[-54.65066,-20.493112],[-54.650659,-20.493121],[-54.65065,-20.493121],[-54.65065,-20.49313],[-54.65064,-20.49313],[-54.65064,-20.493139],[-54.65063,-20.493139],[-54.65063,-20.493148],[-54.650621,-20.493147],[-54.650621,-20.493156],[-54.650611,-20.493156],[-54.650611,-20.493165],[-54.650601,-20.493165],[-54.650601,-20.493174],[-54.650592,-20.493174],[-54.650591,-20.493183],[-54.650582,-20.493183],[-54.650582,-20.493192],[-54.650572,-20.493192],[-54.650572,-20.493201],[-54.650562,-20.493201],[-54.650562,-20.49321],[-54.650553,-20.49321],[-54.650552,-20.493219],[-54.650543,-20.493219],[-54.650543,-20.493228],[-54.650533,-20.493228],[-54.650533,-20.493237],[-54.650523,-20.493236],[-54.650523,-20.493245],[-54.650514,-20.493245],[-54.650514,-20.493254],[-54.650504,-20.493254],[-54.650504,-20.493263],[-54.650494,-20.493263],[-54.650494,-20.493272],[-54.650485,-20.493272],[-54.650484,-20.493281],[-54.650475,-20.493281],[-54.650475,-20.49329],[-54.650465,-20.49329],[-54.650465,-20.493299],[-54.650455,-20.493299],[-54.650455,-20.493308],[-54.650446,-20.493308],[-54.650446,-20.493317],[-54.650436,-20.493316],[-54.650436,-20.493326],[-54.650426,-20.493325],[-54.650426,-20.493334],[-54.650417,-20.493334],[-54.650416,-20.493343],[-54.650407,-20.493343],[-54.650407,-20.493352],[-54.650397,-20.493352],[-54.650397,-20.493361],[-54.650387,-20.493361],[-54.650387,-20.49337],[-54.650378,-20.49337],[-54.650378,-20.493379],[-54.650368,-20.493379],[-54.650368,-20.493388],[-54.650358,-20.493388],[-54.650358,-20.493397],[-54.650349,-20.493397],[-54.650348,-20.493406],[-54.650339,-20.493405],[-54.650338,-20.493433],[-54.650348,-20.493433],[-54.650348,-20.493451],[-54.650357,-20.493451],[-54.650357,-20.493478],[-54.650366,-20.493478],[-54.650366,-20.493496],[-54.650376,-20.493496],[-54.650376,-20.493505],[-54.650385,-20.493505],[-54.650385,-20.493514],[-54.650395,-20.493515],[-54.650395,-20.493524],[-54.650404,-20.493524],[-54.650404,-20.493533],[-54.650414,-20.493533],[-54.650413,-20.493542],[-54.650423,-20.493542],[-54.650423,-20.493551],[-54.650432,-20.493551],[-54.650432,-20.49356],[-54.650442,-20.49356],[-54.650442,-20.493569],[-54.650451,-20.49357],[-54.650451,-20.493579],[-54.650461,-20.493579],[-54.650461,-20.493588],[-54.65047,-20.493588],[-54.65047,-20.493597],[-54.65048,-20.493597],[-54.65048,-20.493606],[-54.650489,-20.493606],[-54.650489,-20.493615],[-54.650499,-20.493615],[-54.650498,-20.493624],[-54.650508,-20.493625],[-54.650508,-20.493634],[-54.650517,-20.493634],[-54.650517,-20.493643],[-54.650527,-20.493643],[-54.650527,-20.493652],[-54.650536,-20.493652],[-54.650536,-20.493661],[-54.650546,-20.493661],[-54.650546,-20.49367],[-54.650555,-20.49367],[-54.650555,-20.493679],[-54.650565,-20.493679],[-54.650565,-20.493688],[-54.650574,-20.493689],[-54.650574,-20.493698],[-54.650584,-20.493698],[-54.650583,-20.493707],[-54.650593,-20.493707],[-54.650593,-20.493716],[-54.650602,-20.493716],[-54.650602,-20.493725],[-54.650612,-20.493725],[-54.650612,-20.493734],[-54.650621,-20.493734],[-54.650621,-20.493743],[-54.650631,-20.493744],[-54.650631,-20.493753],[-54.65064,-20.493753],[-54.65064,-20.493762],[-54.65065,-20.493762],[-54.65065,-20.493771],[-54.650659,-20.493771],[-54.650659,-20.49378],[-54.650669,-20.49378],[-54.650668,-20.493789],[-54.650678,-20.493789],[-54.650678,-20.493798],[-54.650687,-20.493799],[-54.650687,-20.493808],[-54.650697,-20.493808],[-54.650697,-20.493817],[-54.650706,-20.493817],[-54.650706,-20.493826],[-54.650716,-20.493826],[-54.650716,-20.493835],[-54.650725,-20.493835],[-54.650725,-20.493844],[-54.650735,-20.493844],[-54.650735,-20.493853],[-54.650744,-20.493853],[-54.650744,-20.493862],[-54.650754,-20.493863],[-54.650753,-20.493872],[-54.650763,-20.493872],[-54.650763,-20.493881],[-54.650772,-20.493881],[-54.650772,-20.49389],[-54.650782,-20.49389],[-54.650782,-20.493899],[-54.650791,-20.493899],[-54.650791,-20.493908],[-54.650801,-20.493908],[-54.650801,-20.493917],[-54.65081,-20.493918],[-54.65081,-20.493927],[-54.65082,-20.493927],[-54.65082,-20.493936],[-54.650829,-20.493936],[-54.650829,-20.493945],[-54.650839,-20.493945],[-54.650838,-20.493954],[-54.650848,-20.493954],[-54.650848,-20.493963],[-54.650857,-20.493963],[-54.650857,-20.493972],[-54.650867,-20.493973],[-54.650867,-20.493982],[-54.650876,-20.493982],[-54.650876,-20.493991],[-54.650886,-20.493991],[-54.650886,-20.494],[-54.650895,-20.494],[-54.650895,-20.494009],[-54.650905,-20.494009],[-54.650904,-20.494018],[-54.650914,-20.494018],[-54.650914,-20.494027],[-54.650924,-20.494027],[-54.650923,-20.494036],[-54.650933,-20.494037],[-54.650933,-20.494046],[-54.650942,-20.494046],[-54.650942,-20.494055],[-54.650952,-20.494055],[-54.650952,-20.494064],[-54.650961,-20.494064],[-54.650961,-20.494073],[-54.650971,-20.494073],[-54.650971,-20.494082],[-54.65098,-20.494082],[-54.65098,-20.494091],[-54.65099,-20.494092],[-54.650989,-20.494101],[-54.650999,-20.494101],[-54.650999,-20.49411],[-54.651009,-20.49411],[-54.651008,-20.494119],[-54.651018,-20.494119],[-54.651018,-20.494128],[-54.651027,-20.494128],[-54.651027,-20.494137],[-54.651037,-20.494137],[-54.651037,-20.494146],[-54.651046,-20.494147],[-54.651046,-20.494156],[-54.651056,-20.494156],[-54.651056,-20.494165],[-54.651065,-20.494165],[-54.651065,-20.494174],[-54.651075,-20.494174],[-54.651074,-20.494183],[-54.651084,-20.494183],[-54.651084,-20.494192],[-54.651094,-20.494192],[-54.651093,-20.494201],[-54.651103,-20.494201],[-54.651103,-20.49421],[-54.651112,-20.494211],[-54.651112,-20.49422],[-54.651122,-20.49422],[-54.651122,-20.494229],[-54.651131,-20.494229],[-54.651131,-20.494238],[-54.651141,-20.494238],[-54.651141,-20.494247],[-54.65115,-20.494247],[-54.65115,-20.494256],[-54.65116,-20.494256],[-54.651159,-20.494265],[-54.651169,-20.494266],[-54.651169,-20.494275],[-54.651179,-20.494275],[-54.651178,-20.494284],[-54.651188,-20.494284],[-54.651188,-20.494293],[-54.651197,-20.494293],[-54.651197,-20.494302],[-54.651207,-20.494302],[-54.651207,-20.494311],[-54.651216,-20.494311],[-54.651216,-20.49432],[-54.651226,-20.494321],[-54.651226,-20.49433],[-54.651235,-20.49433],[-54.651234,-20.494384],[-54.651225,-20.494384],[-54.651225,-20.494402],[-54.651215,-20.494402],[-54.651215,-20.49442],[-54.651205,-20.49442],[-54.651205,-20.494447],[-54.651195,-20.494447],[-54.651195,-20.494465],[-54.651185,-20.494464],[-54.651185,-20.494483],[-54.651175,-20.494482],[-54.651175,-20.4945],[-54.651166,-20.4945],[-54.651165,-20.494527],[-54.651156,-20.494527],[-54.651155,-20.494545],[-54.651146,-20.494545],[-54.651145,-20.494563],[-54.651136,-20.494563],[-54.651135,-20.49459],[-54.651126,-20.49459],[-54.651126,-20.494608],[-54.651116,-20.494608],[-54.651116,-20.494626],[-54.651106,-20.494626],[-54.651106,-20.494644],[-54.651096,-20.494644],[-54.651096,-20.494671],[-54.651086,-20.494671],[-54.651086,-20.494689],[-54.651076,-20.494689],[-54.651076,-20.494707],[-54.651067,-20.494707],[-54.651066,-20.494734],[-54.651057,-20.494734],[-54.651056,-20.494752],[-54.651047,-20.494752],[-54.651046,-20.494788],[-54.651056,-20.494788],[-54.651055,-20.494806],[-54.651065,-20.494806],[-54.651065,-20.494833],[-54.651074,-20.494833],[-54.651074,-20.494851],[-54.651083,-20.494851],[-54.651083,-20.494878],[-54.651093,-20.494879],[-54.651092,-20.494897],[-54.651102,-20.494897],[-54.651102,-20.494915],[-54.651111,-20.494915],[-54.651111,-20.494942],[-54.65112,-20.494942],[-54.65112,-20.49496],[-54.65113,-20.49496],[-54.651129,-20.494987],[-54.651139,-20.494988],[-54.651124,-20.495945],[-54.651143,-20.495945],[-54.651138,-20.496324],[-54.651157,-20.496324],[-54.651157,-20.496333],[-54.651176,-20.496334],[-54.651176,-20.496343],[-54.651185,-20.496343],[-54.651185,-20.496352],[-54.651204,-20.496352],[-54.651204,-20.496361],[-54.651223,-20.496361],[-54.651224,-20.496352],[-54.651233,-20.496352],[-54.651233,-20.496343],[-54.6513,-20.496344],[-54.6513,-20.496353],[-54.65131,-20.496354],[-54.65131,-20.496363],[-54.651319,-20.496363],[-54.651319,-20.496372],[-54.651329,-20.496372],[-54.651329,-20.496381],[-54.651338,-20.496381],[-54.651338,-20.49639],[-54.651348,-20.49639],[-54.651347,-20.496399],[-54.651357,-20.496399],[-54.651357,-20.496408],[-54.651366,-20.496408],[-54.651366,-20.496417],[-54.651376,-20.496418],[-54.651376,-20.496427],[-54.651385,-20.496427],[-54.651385,-20.496436],[-54.651395,-20.496436],[-54.651395,-20.496445],[-54.651404,-20.496445],[-54.651404,-20.496454],[-54.651414,-20.496454],[-54.651414,-20.496463],[-54.651423,-20.496463],[-54.651423,-20.496472],[-54.651433,-20.496473],[-54.651432,-20.496482],[-54.651442,-20.496482],[-54.651442,-20.496491],[-54.651451,-20.496491],[-54.651451,-20.4965],[-54.651461,-20.4965],[-54.651461,-20.496509],[-54.65147,-20.496509],[-54.651469,-20.496581],[-54.651479,-20.496582],[-54.651477,-20.496699],[-54.651467,-20.496699],[-54.651466,-20.496789],[-54.651456,-20.496789],[-54.651455,-20.496879],[-54.651446,-20.496879],[-54.651444,-20.496969],[-54.651435,-20.496969],[-54.651433,-20.49706],[-54.651424,-20.497059],[-54.651423,-20.497123],[-54.651413,-20.497122],[-54.651413,-20.497132],[-54.651403,-20.497131],[-54.651403,-20.49714],[-54.651394,-20.49714],[-54.651393,-20.497158],[-54.651384,-20.497158],[-54.651384,-20.497167],[-54.651374,-20.497167],[-54.651374,-20.497176],[-54.651364,-20.497176],[-54.651364,-20.497185],[-54.651355,-20.497185],[-54.651354,-20.497194],[-54.651345,-20.497194],[-54.651345,-20.497203],[-54.651335,-20.497203],[-54.651335,-20.497212],[-54.651325,-20.497212],[-54.651325,-20.497221],[-54.651316,-20.497221],[-54.651316,-20.49723],[-54.651306,-20.497229],[-54.651306,-20.497238],[-54.651296,-20.497238],[-54.651296,-20.497247],[-54.651287,-20.497247],[-54.651286,-20.497256],[-54.651277,-20.497256],[-54.651277,-20.497274],[-54.651267,-20.497274],[-54.651267,-20.497283],[-54.651257,-20.497283],[-54.651257,-20.497292],[-54.651248,-20.497292],[-54.651247,-20.497301],[-54.651238,-20.497301],[-54.651238,-20.49731],[-54.651228,-20.49731],[-54.651228,-20.497319],[-54.651218,-20.497319],[-54.651218,-20.497328],[-54.651209,-20.497327],[-54.651209,-20.497336],[-54.651199,-20.497336],[-54.651199,-20.497345],[-54.651189,-20.497345],[-54.651189,-20.497354],[-54.65118,-20.497354],[-54.651179,-20.497363],[-54.65117,-20.497363],[-54.65117,-20.497372],[-54.65116,-20.497372],[-54.65116,-20.497381],[-54.65115,-20.497381],[-54.65115,-20.49739],[-54.651141,-20.49739],[-54.65114,-20.497399],[-54.651131,-20.497399],[-54.651131,-20.497408],[-54.651121,-20.497408],[-54.651121,-20.497417],[-54.651111,-20.497416],[-54.651111,-20.497425],[-54.651102,-20.497425],[-54.651102,-20.497434],[-54.651092,-20.497434],[-54.651092,-20.497443],[-54.651082,-20.497443],[-54.651082,-20.497452],[-54.651073,-20.497452],[-54.651072,-20.497461],[-54.651063,-20.497461],[-54.651063,-20.49747],[-54.651053,-20.49747],[-54.651053,-20.497479],[-54.651043,-20.497479],[-54.651043,-20.497488],[-54.651034,-20.497488],[-54.651034,-20.497497],[-54.651024,-20.497496],[-54.651024,-20.497506],[-54.651014,-20.497505],[-54.651014,-20.497514],[-54.651005,-20.497514],[-54.651004,-20.497523],[-54.650995,-20.497523],[-54.650995,-20.497532],[-54.650985,-20.497532],[-54.650985,-20.497541],[-54.650975,-20.497541],[-54.650975,-20.49755],[-54.650966,-20.49755],[-54.650966,-20.497559],[-54.650956,-20.497559],[-54.650956,-20.497568],[-54.650946,-20.497568],[-54.650946,-20.497577],[-54.650937,-20.497577],[-54.650936,-20.497586],[-54.650927,-20.497585],[-54.650927,-20.497595],[-54.650917,-20.497594],[-54.650917,-20.497603],[-54.650907,-20.497603],[-54.650907,-20.497612],[-54.650898,-20.497612],[-54.650897,-20.497621],[-54.650888,-20.497621],[-54.650888,-20.49763],[-54.650878,-20.49763],[-54.650878,-20.497639],[-54.650868,-20.497639],[-54.650868,-20.497648],[-54.650859,-20.497648],[-54.650859,-20.497657],[-54.650849,-20.497657],[-54.650849,-20.497666],[-54.650839,-20.497666],[-54.650839,-20.497675],[-54.65083,-20.497674],[-54.650829,-20.497684],[-54.65082,-20.497683],[-54.65082,-20.497692],[-54.65081,-20.497692],[-54.65081,-20.497701],[-54.6508,-20.497701],[-54.6508,-20.497719],[-54.650791,-20.497719],[-54.650788,-20.497873],[-54.650779,-20.497872],[-54.650778,-20.497891],[-54.650769,-20.49789],[-54.650769,-20.497908],[-54.65073,-20.497908],[-54.65073,-20.497926],[-54.65072,-20.497926],[-54.65072,-20.497935],[-54.650711,-20.497935],[-54.65071,-20.497944],[-54.650701,-20.497944],[-54.650701,-20.497953],[-54.650691,-20.497953],[-54.650691,-20.497962],[-54.650662,-20.497961],[-54.650662,-20.49797],[-54.650633,-20.49797],[-54.650633,-20.497979],[-54.650595,-20.497978],[-54.650595,-20.497987],[-54.650585,-20.497987],[-54.650585,-20.497996],[-54.650576,-20.497996],[-54.650575,-20.498005],[-54.650566,-20.498005],[-54.650566,-20.498014],[-54.650556,-20.498014],[-54.650556,-20.498023],[-54.650546,-20.498023],[-54.650546,-20.498032],[-54.650537,-20.498032],[-54.650536,-20.498041],[-54.650527,-20.498041],[-54.650527,-20.49805],[-54.650517,-20.49805],[-54.650517,-20.498059],[-54.650507,-20.498058],[-54.650507,-20.498067],[-54.650498,-20.498067],[-54.650498,-20.498076],[-54.650488,-20.498076],[-54.650488,-20.498103],[-54.650478,-20.498103],[-54.650478,-20.498112],[-54.650468,-20.498112],[-54.650468,-20.498121],[-54.650459,-20.498121],[-54.650458,-20.498148],[-54.650449,-20.498148],[-54.650448,-20.498157],[-54.650439,-20.498157],[-54.650439,-20.498175],[-54.650429,-20.498175],[-54.650429,-20.498184],[-54.650419,-20.498184],[-54.650419,-20.498202],[-54.650409,-20.498202],[-54.650409,-20.498238],[-54.650399,-20.498238],[-54.650398,-20.49831],[-54.650389,-20.49831],[-54.650388,-20.498373],[-54.650378,-20.498373],[-54.650378,-20.498382],[-54.650368,-20.498382],[-54.650368,-20.498391],[-54.650359,-20.498391],[-54.650358,-20.4984],[-54.650349,-20.498399],[-54.650349,-20.498408],[-54.650339,-20.498408],[-54.650339,-20.498417],[-54.650329,-20.498417],[-54.650329,-20.498426],[-54.65032,-20.498426],[-54.65032,-20.498435],[-54.65031,-20.498435],[-54.65031,-20.498444],[-54.6503,-20.498444],[-54.6503,-20.498453],[-54.650291,-20.498453],[-54.65029,-20.498462],[-54.650281,-20.498462],[-54.650281,-20.498471],[-54.650271,-20.498471],[-54.650271,-20.49848],[-54.650261,-20.49848],[-54.650261,-20.498489],[-54.650252,-20.498488],[-54.650252,-20.498497],[-54.650242,-20.498497],[-54.650242,-20.498506],[-54.65006,-20.498504],[-54.65006,-20.498513],[-54.649964,-20.498512],[-54.649964,-20.498521],[-54.649954,-20.498521],[-54.649954,-20.49853],[-54.649944,-20.498529],[-54.649944,-20.498538],[-54.649935,-20.498538],[-54.649935,-20.498547],[-54.649925,-20.498547],[-54.649925,-20.498556],[-54.649915,-20.498556],[-54.649915,-20.498565],[-54.649906,-20.498565],[-54.649905,-20.498574],[-54.649896,-20.498574],[-54.649896,-20.498583],[-54.649886,-20.498583],[-54.649886,-20.498592],[-54.649876,-20.498592],[-54.649876,-20.498601],[-54.649867,-20.498601],[-54.649867,-20.49861],[-54.649857,-20.498609],[-54.649857,-20.498619],[-54.649847,-20.498618],[-54.649847,-20.498627],[-54.649837,-20.498627],[-54.649837,-20.498645],[-54.649828,-20.498645],[-54.649827,-20.498654],[-54.649818,-20.498654],[-54.649818,-20.498663],[-54.649808,-20.498663],[-54.649732,-20.498662],[-54.649731,-20.498671],[-54.649616,-20.498669],[-54.649616,-20.498678],[-54.649607,-20.498678],[-54.649607,-20.498687],[-54.649597,-20.498687],[-54.649597,-20.498696],[-54.649587,-20.498696],[-54.649587,-20.498705],[-54.649578,-20.498705],[-54.649577,-20.498714],[-54.649568,-20.498714],[-54.649568,-20.498723],[-54.649558,-20.498723],[-54.649558,-20.498732],[-54.649548,-20.498732],[-54.649548,-20.498741],[-54.649539,-20.498741],[-54.649539,-20.49875],[-54.649261,-20.498746],[-54.64926,-20.498755],[-54.649232,-20.498755],[-54.649232,-20.498764],[-54.649222,-20.498763],[-54.649222,-20.498772],[-54.649212,-20.498772],[-54.649212,-20.498781],[-54.649203,-20.498781],[-54.649202,-20.49879],[-54.649193,-20.49879],[-54.649193,-20.498799],[-54.649183,-20.498799],[-54.649183,-20.498808],[-54.649173,-20.498808],[-54.649173,-20.498817],[-54.649164,-20.498817],[-54.649164,-20.498826],[-54.649154,-20.498826],[-54.649154,-20.498835],[-54.649144,-20.498835],[-54.649144,-20.498844],[-54.649135,-20.498844],[-54.649134,-20.498853],[-54.648943,-20.49885],[-54.648943,-20.498859],[-54.648933,-20.498859],[-54.648933,-20.498868],[-54.648923,-20.498868],[-54.648923,-20.498877],[-54.648914,-20.498877],[-54.648913,-20.498886],[-54.648894,-20.498885],[-54.648894,-20.498894],[-54.648885,-20.498894],[-54.648884,-20.498903],[-54.648875,-20.498903],[-54.648875,-20.498912],[-54.648865,-20.498912],[-54.648865,-20.498921],[-54.648846,-20.498921],[-54.648846,-20.49893],[-54.648836,-20.49893],[-54.648836,-20.498939],[-54.648826,-20.498939],[-54.648826,-20.498948],[-54.648817,-20.498948],[-54.648817,-20.498957],[-54.648797,-20.498956],[-54.648797,-20.498965],[-54.648644,-20.498963],[-54.648643,-20.49899],[-54.648634,-20.49899],[-54.648634,-20.499008],[-54.648567,-20.499007],[-54.648566,-20.499016],[-54.648519,-20.499016],[-54.648518,-20.499025],[-54.648509,-20.499025],[-54.648509,-20.499034],[-54.648499,-20.499034],[-54.648499,-20.499043],[-54.648489,-20.499042],[-54.648489,-20.499052],[-54.64848,-20.499051],[-54.648479,-20.49906],[-54.64847,-20.49906],[-54.64847,-20.499069],[-54.64846,-20.499069],[-54.64846,-20.499078],[-54.64845,-20.499078],[-54.64845,-20.499087],[-54.648441,-20.499087],[-54.648441,-20.499096],[-54.648431,-20.499096],[-54.648431,-20.499114],[-54.648421,-20.499114],[-54.648421,-20.499123],[-54.648411,-20.499123],[-54.648411,-20.499141],[-54.648402,-20.499141],[-54.648401,-20.499159],[-54.648392,-20.499159],[-54.648391,-20.499177],[-54.648382,-20.499176],[-54.648382,-20.499186],[-54.648372,-20.499185],[-54.648372,-20.499203],[-54.648362,-20.499203],[-54.648362,-20.499221],[-54.648352,-20.499221],[-54.648352,-20.499239],[-54.648343,-20.499239],[-54.648342,-20.499248],[-54.648333,-20.499248],[-54.648333,-20.499266],[-54.648323,-20.499266],[-54.648323,-20.499284],[-54.648313,-20.499284],[-54.648313,-20.499302],[-54.648303,-20.499302],[-54.648303,-20.49932],[-54.648293,-20.49932],[-54.648293,-20.499338],[-54.648284,-20.499338],[-54.648283,-20.499347],[-54.648226,-20.499346],[-54.648226,-20.499355],[-54.648025,-20.499352],[-54.648024,-20.499361],[-54.647977,-20.499361],[-54.647976,-20.49937],[-54.647928,-20.499369],[-54.647928,-20.499378],[-54.6479,-20.499378],[-54.647899,-20.499387],[-54.64789,-20.499387],[-54.64789,-20.499396],[-54.64788,-20.499395],[-54.64788,-20.499404],[-54.64787,-20.499404],[-54.64787,-20.499413],[-54.647861,-20.499413],[-54.647861,-20.499422],[-54.647851,-20.499422],[-54.647851,-20.499431],[-54.647841,-20.499431],[-54.647841,-20.49944],[-54.647832,-20.49944],[-54.647831,-20.499449],[-54.647822,-20.499449],[-54.647822,-20.499458],[-54.647812,-20.499458],[-54.647812,-20.499467],[-54.647802,-20.499467],[-54.647802,-20.499476],[-54.647793,-20.499476],[-54.647793,-20.499485],[-54.647783,-20.499484],[-54.647783,-20.499493],[-54.647773,-20.499493],[-54.647773,-20.499502],[-54.647764,-20.499502],[-54.647763,-20.499547],[-54.647715,-20.499547],[-54.647715,-20.499556],[-54.647686,-20.499555],[-54.647686,-20.499564],[-54.647667,-20.499564],[-54.647667,-20.499573],[-54.647647,-20.499573],[-54.647647,-20.499582],[-54.647628,-20.499582],[-54.647628,-20.499591],[-54.647609,-20.49959],[-54.647609,-20.499599],[-54.64759,-20.499599],[-54.647588,-20.49968],[-54.647598,-20.499681],[-54.647597,-20.499708],[-54.647588,-20.499708],[-54.647588,-20.499717],[-54.647578,-20.499716],[-54.647578,-20.499725],[-54.647568,-20.499725],[-54.647568,-20.499734],[-54.647559,-20.499734],[-54.647559,-20.499743],[-54.647549,-20.499743],[-54.647549,-20.499752],[-54.647539,-20.499752],[-54.647539,-20.499761],[-54.64753,-20.499761],[-54.647529,-20.49977],[-54.64752,-20.49977],[-54.64752,-20.499779],[-54.64751,-20.499779],[-54.64751,-20.499788],[-54.6475,-20.499788],[-54.647499,-20.499878],[-54.647489,-20.499878],[-54.647489,-20.499887],[-54.64748,-20.499887],[-54.64748,-20.499896],[-54.64747,-20.499896],[-54.64747,-20.499923],[-54.64746,-20.499923],[-54.647459,-20.499968],[-54.64745,-20.499968],[-54.64745,-20.499977],[-54.64744,-20.499976],[-54.64744,-20.499985],[-54.64743,-20.499985],[-54.64743,-20.499994],[-54.647421,-20.499994],[-54.64742,-20.500003],[-54.647411,-20.500003],[-54.647411,-20.500012],[-54.647401,-20.500012],[-54.647401,-20.500021],[-54.6472,-20.500018],[-54.6472,-20.500027],[-54.647133,-20.500026],[-54.647132,-20.500036],[-54.647123,-20.500035],[-54.647123,-20.500044],[-54.647113,-20.500044],[-54.647113,-20.500053],[-54.647103,-20.500053],[-54.647103,-20.500062],[-54.647094,-20.500062],[-54.647094,-20.500071],[-54.647084,-20.500071],[-54.647084,-20.50008],[-54.647074,-20.50008],[-54.647074,-20.500089],[-54.647065,-20.500089],[-54.647064,-20.500098],[-54.647055,-20.500098],[-54.647055,-20.500107],[-54.647045,-20.500107],[-54.647045,-20.500116],[-54.647035,-20.500115],[-54.647035,-20.500124],[-54.647026,-20.500124],[-54.647025,-20.500133],[-54.647016,-20.500133],[-54.647016,-20.500142],[-54.647006,-20.500142],[-54.647006,-20.500151],[-54.646996,-20.500151],[-54.646996,-20.500169],[-54.646987,-20.500169],[-54.646986,-20.500178],[-54.646977,-20.500178],[-54.646977,-20.500196],[-54.646967,-20.500196],[-54.646967,-20.500214],[-54.646957,-20.500214],[-54.646957,-20.500232],[-54.646947,-20.500232],[-54.646947,-20.50025],[-54.646937,-20.50025],[-54.646937,-20.500268],[-54.646928,-20.500268],[-54.646927,-20.500286],[-54.646918,-20.500285],[-54.646917,-20.500304],[-54.646908,-20.500303],[-54.646908,-20.500321],[-54.646898,-20.500321],[-54.646898,-20.500339],[-54.646888,-20.500339],[-54.646888,-20.500348],[-54.646878,-20.500348],[-54.646878,-20.500357],[-54.646773,-20.500356],[-54.646773,-20.500365],[-54.646457,-20.50036],[-54.646456,-20.500369],[-54.646418,-20.500369],[-54.646418,-20.500378],[-54.646399,-20.500378],[-54.646399,-20.500387],[-54.646379,-20.500387],[-54.646379,-20.500396],[-54.64636,-20.500395],[-54.64636,-20.500404],[-54.646341,-20.500404],[-54.646341,-20.500413],[-54.646312,-20.500413],[-54.646312,-20.500422],[-54.646293,-20.500421],[-54.646293,-20.50043],[-54.646273,-20.50043],[-54.646273,-20.500439],[-54.646244,-20.500439],[-54.646245,-20.50043],[-54.646235,-20.50043],[-54.646235,-20.500421],[-54.646226,-20.500421],[-54.646226,-20.500412],[-54.646216,-20.500411],[-54.646216,-20.500402],[-54.646207,-20.500402],[-54.646207,-20.500393],[-54.646073,-20.500391],[-54.646073,-20.5004],[-54.646044,-20.5004],[-54.646044,-20.500409],[-54.646015,-20.500409],[-54.646015,-20.500418],[-54.645996,-20.500417],[-54.645995,-20.500426],[-54.645804,-20.500424],[-54.645804,-20.500433],[-54.645794,-20.500433],[-54.645794,-20.500469],[-54.645784,-20.500469],[-54.645784,-20.500478],[-54.645774,-20.500478],[-54.645774,-20.500487],[-54.645765,-20.500487],[-54.645764,-20.500496],[-54.645755,-20.500495],[-54.645755,-20.500504],[-54.645745,-20.500504],[-54.645745,-20.500513],[-54.645735,-20.500513],[-54.645735,-20.500522],[-54.645726,-20.500522],[-54.645726,-20.500531],[-54.645716,-20.500531],[-54.645716,-20.50054],[-54.645706,-20.50054],[-54.645706,-20.500549],[-54.645697,-20.500549],[-54.645696,-20.500558],[-54.645687,-20.500558],[-54.645687,-20.500576],[-54.645658,-20.500575],[-54.645658,-20.500584],[-54.645619,-20.500584],[-54.645619,-20.500593],[-54.645581,-20.500592],[-54.645581,-20.500601],[-54.645437,-20.500599],[-54.645437,-20.500609],[-54.645408,-20.500608],[-54.645408,-20.500617],[-54.645379,-20.500617],[-54.645379,-20.500626],[-54.645322,-20.500625],[-54.645321,-20.500634],[-54.645293,-20.500634],[-54.645293,-20.500643],[-54.645273,-20.500642],[-54.645273,-20.500651],[-54.645244,-20.500651],[-54.645244,-20.50066],[-54.645216,-20.50066],[-54.645215,-20.500669],[-54.645187,-20.500668],[-54.645187,-20.500677],[-54.645158,-20.500677],[-54.645158,-20.500686],[-54.645129,-20.500686],[-54.645129,-20.500695],[-54.644956,-20.500692],[-54.644956,-20.500701],[-54.644937,-20.500701],[-54.644937,-20.50071],[-54.644908,-20.50071],[-54.644908,-20.500719],[-54.644889,-20.500718],[-54.644889,-20.500728],[-54.64486,-20.500727],[-54.64486,-20.500736],[-54.644841,-20.500736],[-54.644841,-20.500745],[-54.644831,-20.500745],[-54.644831,-20.500754],[-54.644821,-20.500754],[-54.644821,-20.500763],[-54.644811,-20.500763],[-54.644811,-20.500772],[-54.644802,-20.500771],[-54.644802,-20.500781],[-54.644792,-20.50078],[-54.644792,-20.500789],[-54.644782,-20.500789],[-54.644782,-20.500807],[-54.644763,-20.500807],[-54.644763,-20.500816],[-54.644753,-20.500816],[-54.644753,-20.500825],[-54.644734,-20.500825],[-54.644734,-20.500834],[-54.644724,-20.500834],[-54.644724,-20.500843],[-54.644714,-20.500843],[-54.644714,-20.500852],[-54.644705,-20.500851],[-54.644705,-20.50086],[-54.644695,-20.50086],[-54.644695,-20.500869],[-54.644685,-20.500869],[-54.644685,-20.500887],[-54.644647,-20.500887],[-54.644647,-20.500896],[-54.644225,-20.50089],[-54.644225,-20.500899],[-54.644215,-20.500899],[-54.644215,-20.500908],[-54.644205,-20.500908],[-54.644205,-20.500917],[-54.644196,-20.500917],[-54.644196,-20.500926],[-54.644186,-20.500926],[-54.644186,-20.500935],[-54.644176,-20.500935],[-54.644176,-20.500944],[-54.644167,-20.500943],[-54.644166,-20.500952],[-54.644157,-20.500952],[-54.644157,-20.500961],[-54.644147,-20.500961],[-54.644147,-20.50097],[-54.644137,-20.50097],[-54.644137,-20.500979],[-54.644128,-20.500979],[-54.644128,-20.500988],[-54.644118,-20.500988],[-54.644118,-20.500997],[-54.644108,-20.500997],[-54.644108,-20.501006],[-54.644099,-20.501006],[-54.644098,-20.501015],[-54.644003,-20.501013],[-54.644003,-20.501004],[-54.643993,-20.501004],[-54.643993,-20.500995],[-54.643984,-20.500995],[-54.643984,-20.500986],[-54.643974,-20.500986],[-54.643974,-20.500977],[-54.643965,-20.500977],[-54.643965,-20.500968],[-54.643907,-20.500967],[-54.643908,-20.500958],[-54.643879,-20.500958],[-54.643879,-20.500949],[-54.64386,-20.500948],[-54.64386,-20.500966],[-54.64385,-20.500966],[-54.64385,-20.500975],[-54.64384,-20.500975],[-54.64384,-20.500984],[-54.643831,-20.500984],[-54.64383,-20.500993],[-54.643821,-20.500993],[-54.643821,-20.501002],[-54.643811,-20.501002],[-54.643811,-20.501011],[-54.643801,-20.501011],[-54.643801,-20.501029],[-54.643791,-20.501029],[-54.643791,-20.501038],[-54.643782,-20.501038],[-54.643782,-20.501047],[-54.643772,-20.501046],[-54.643772,-20.501055],[-54.643762,-20.501055],[-54.643762,-20.501064],[-54.643753,-20.501064],[-54.643752,-20.501082],[-54.643743,-20.501082],[-54.643742,-20.5011],[-54.643733,-20.5011],[-54.643733,-20.501109],[-54.643723,-20.501109],[-54.643723,-20.501118],[-54.643704,-20.501118],[-54.643704,-20.501127],[-54.643694,-20.501127],[-54.643694,-20.501136],[-54.643684,-20.501136],[-54.643684,-20.501145],[-54.643675,-20.501144],[-54.643675,-20.501154],[-54.643665,-20.501153],[-54.643665,-20.501162],[-54.643655,-20.501162],[-54.643655,-20.501171],[-54.643646,-20.501171],[-54.643645,-20.50118],[-54.643636,-20.50118],[-54.643636,-20.501189],[-54.643626,-20.501189],[-54.643626,-20.501198],[-54.643616,-20.501198],[-54.643616,-20.501207],[-54.643607,-20.501207],[-54.643607,-20.501216],[-54.643597,-20.501216],[-54.643597,-20.501225],[-54.643587,-20.501225],[-54.643587,-20.501234],[-54.643577,-20.501233],[-54.643577,-20.501242],[-54.643568,-20.501242],[-54.643568,-20.501251],[-54.643558,-20.501251],[-54.643558,-20.50126],[-54.643548,-20.50126],[-54.643548,-20.501269],[-54.643539,-20.501269],[-54.643538,-20.501278],[-54.643519,-20.501278],[-54.643519,-20.501287],[-54.6435,-20.501287],[-54.6435,-20.501296],[-54.643481,-20.501295],[-54.643481,-20.501304],[-54.643299,-20.501302],[-54.643298,-20.501311],[-54.643289,-20.501311],[-54.643289,-20.50132],[-54.643279,-20.50132],[-54.643279,-20.501356],[-54.643269,-20.501356],[-54.643269,-20.501365],[-54.643259,-20.501365],[-54.643259,-20.501374],[-54.643249,-20.501373],[-54.643249,-20.501383],[-54.64324,-20.501382],[-54.64324,-20.501391],[-54.64323,-20.501391],[-54.64323,-20.5014],[-54.64322,-20.5014],[-54.64322,-20.501409],[-54.643201,-20.501409],[-54.643201,-20.501418],[-54.643191,-20.501418],[-54.643191,-20.501427],[-54.643182,-20.501427],[-54.643181,-20.501436],[-54.643172,-20.501436],[-54.643172,-20.501445],[-54.643162,-20.501445],[-54.643162,-20.501454],[-54.643152,-20.501453],[-54.643152,-20.501462],[-54.643143,-20.501462],[-54.643143,-20.501471],[-54.643133,-20.501471],[-54.643133,-20.50148],[-54.643123,-20.50148],[-54.643123,-20.501489],[-54.643114,-20.501489],[-54.643113,-20.501498],[-54.643104,-20.501498],[-54.643104,-20.501507],[-54.643094,-20.501507],[-54.643094,-20.501516],[-54.643084,-20.501516],[-54.643084,-20.501525],[-54.643075,-20.501525],[-54.643075,-20.501534],[-54.643065,-20.501534],[-54.643065,-20.501543],[-54.643055,-20.501542],[-54.643055,-20.501551],[-54.643045,-20.501551],[-54.643045,-20.50156],[-54.643036,-20.50156],[-54.643035,-20.501578],[-54.643026,-20.501578],[-54.643025,-20.501614],[-54.643016,-20.501614],[-54.643015,-20.501659],[-54.643006,-20.501659],[-54.643005,-20.501704],[-54.642995,-20.501704],[-54.642995,-20.50174],[-54.642985,-20.50174],[-54.642983,-20.501894],[-54.642973,-20.501894],[-54.642973,-20.501903],[-54.642963,-20.501902],[-54.642963,-20.501911],[-54.642935,-20.501911],[-54.642934,-20.50192],[-54.642915,-20.50192],[-54.642915,-20.501929],[-54.642886,-20.501928],[-54.642886,-20.501937],[-54.642867,-20.501937],[-54.642867,-20.501946],[-54.642838,-20.501946],[-54.642838,-20.501955],[-54.642819,-20.501955],[-54.642819,-20.501964],[-54.64279,-20.501963],[-54.64279,-20.501972],[-54.64278,-20.501972],[-54.64278,-20.502008],[-54.64277,-20.502008],[-54.64277,-20.502026],[-54.64276,-20.502026],[-54.64276,-20.502035],[-54.642751,-20.502035],[-54.64275,-20.502053],[-54.642741,-20.502053],[-54.642741,-20.502062],[-54.642693,-20.502061],[-54.642693,-20.50207],[-54.642683,-20.50207],[-54.642683,-20.502079],[-54.642424,-20.502076],[-54.642424,-20.502085],[-54.642414,-20.502085],[-54.642414,-20.502094],[-54.642405,-20.502093],[-54.642404,-20.502103],[-54.642395,-20.502102],[-54.642395,-20.502111],[-54.642385,-20.502111],[-54.642385,-20.50212],[-54.642375,-20.50212],[-54.642375,-20.502129],[-54.642366,-20.502129],[-54.642366,-20.502138],[-54.642356,-20.502138],[-54.642356,-20.502147],[-54.642346,-20.502147],[-54.642346,-20.502156],[-54.642337,-20.502156],[-54.642336,-20.502165],[-54.642327,-20.502165],[-54.642327,-20.502174],[-54.642317,-20.502174],[-54.642317,-20.502183],[-54.642307,-20.502182],[-54.642307,-20.502191],[-54.642298,-20.502191],[-54.642298,-20.5022],[-54.642288,-20.5022],[-54.642288,-20.502209],[-54.642278,-20.502209],[-54.642278,-20.502218],[-54.642269,-20.502218],[-54.642268,-20.502227],[-54.642259,-20.502227],[-54.642259,-20.502236],[-54.642249,-20.502236],[-54.642249,-20.502245],[-54.642239,-20.502245],[-54.642239,-20.502254],[-54.64223,-20.502254],[-54.64223,-20.502263],[-54.64222,-20.502263],[-54.64222,-20.502272],[-54.64221,-20.502271],[-54.64221,-20.50228],[-54.6422,-20.50228],[-54.6422,-20.502289],[-54.642191,-20.502289],[-54.642191,-20.502298],[-54.642181,-20.502298],[-54.642181,-20.502307],[-54.642171,-20.502307],[-54.642171,-20.502316],[-54.642162,-20.502316],[-54.642161,-20.502325],[-54.642152,-20.502325],[-54.642152,-20.502334],[-54.642142,-20.502334],[-54.642142,-20.502343],[-54.642132,-20.502343],[-54.642132,-20.502352],[-54.642123,-20.502352],[-54.642123,-20.502361],[-54.642113,-20.50236],[-54.642113,-20.502369],[-54.642103,-20.502369],[-54.642103,-20.502378],[-54.642094,-20.502378],[-54.642093,-20.502387],[-54.642084,-20.502387],[-54.642084,-20.502396],[-54.642074,-20.502396],[-54.642074,-20.502405],[-54.642064,-20.502405],[-54.642064,-20.502414],[-54.642055,-20.502414],[-54.642055,-20.502423],[-54.642045,-20.502423],[-54.642045,-20.502432],[-54.642035,-20.502432],[-54.642035,-20.502441],[-54.642026,-20.502441],[-54.642025,-20.50245],[-54.642016,-20.502449],[-54.642016,-20.502458],[-54.642006,-20.502458],[-54.642006,-20.502467],[-54.641996,-20.502467],[-54.641996,-20.502476],[-54.641987,-20.502476],[-54.641987,-20.502485],[-54.641977,-20.502485],[-54.641977,-20.502494],[-54.641967,-20.502494],[-54.641967,-20.502503],[-54.641957,-20.502503],[-54.641957,-20.502512],[-54.641881,-20.502511],[-54.64188,-20.502529],[-54.641871,-20.502529],[-54.641871,-20.502538],[-54.641861,-20.502538],[-54.641861,-20.502547],[-54.641851,-20.502547],[-54.641851,-20.502556],[-54.641842,-20.502555],[-54.641842,-20.502564],[-54.641832,-20.502564],[-54.641832,-20.502573],[-54.641822,-20.502573],[-54.641822,-20.502582],[-54.641813,-20.502582],[-54.641812,-20.502591],[-54.641803,-20.502591],[-54.641803,-20.5026],[-54.641793,-20.5026],[-54.641793,-20.502609],[-54.641783,-20.502609],[-54.641783,-20.502618],[-54.641774,-20.502618],[-54.641773,-20.502627],[-54.641764,-20.502627],[-54.641764,-20.502636],[-54.641754,-20.502635],[-54.641754,-20.502645],[-54.641744,-20.502644],[-54.641744,-20.502653],[-54.641735,-20.502653],[-54.641735,-20.502662],[-54.641725,-20.502662],[-54.641725,-20.502671],[-54.641696,-20.502671],[-54.641696,-20.50268],[-54.641686,-20.50268],[-54.641686,-20.502689],[-54.641677,-20.502689],[-54.641677,-20.502698],[-54.641638,-20.502697],[-54.641638,-20.502706],[-54.641629,-20.502706],[-54.641628,-20.502715],[-54.6416,-20.502715],[-54.641599,-20.502724],[-54.64158,-20.502723],[-54.64158,-20.502732],[-54.641561,-20.502732],[-54.641561,-20.502741],[-54.641551,-20.502741],[-54.641551,-20.50275],[-54.641542,-20.50275],[-54.641541,-20.502759],[-54.641532,-20.502759],[-54.641532,-20.502768],[-54.641522,-20.502768],[-54.641522,-20.502777],[-54.641512,-20.502777],[-54.641512,-20.502786],[-54.641503,-20.502786],[-54.641503,-20.502795],[-54.641493,-20.502794],[-54.641493,-20.502804],[-54.641483,-20.502803],[-54.641483,-20.502812],[-54.641474,-20.502812],[-54.641473,-20.502821],[-54.641464,-20.502821],[-54.641464,-20.50283],[-54.641454,-20.50283],[-54.641454,-20.502839],[-54.641444,-20.502839],[-54.641444,-20.502848],[-54.641435,-20.502848],[-54.641434,-20.502866],[-54.641425,-20.502866],[-54.641425,-20.502875],[-54.641415,-20.502875],[-54.641415,-20.502884],[-54.641377,-20.502883],[-54.641376,-20.502892],[-54.641108,-20.502889],[-54.641108,-20.50288],[-54.641012,-20.502878],[-54.641012,-20.502887],[-54.640993,-20.502887],[-54.640993,-20.502896],[-54.640964,-20.502896],[-54.640964,-20.502905],[-54.640907,-20.502904],[-54.640907,-20.502913],[-54.640849,-20.502912],[-54.640834,-20.503923],[-54.640824,-20.503923],[-54.640805,-20.503923],[-54.640805,-20.503932],[-54.640795,-20.503932],[-54.640795,-20.503941],[-54.640785,-20.503941],[-54.640785,-20.50395],[-54.640776,-20.50395],[-54.640775,-20.503959],[-54.640766,-20.503959],[-54.640766,-20.503968],[-54.640756,-20.503967],[-54.640756,-20.503976],[-54.640746,-20.503976],[-54.640746,-20.503985],[-54.640708,-20.503985],[-54.640708,-20.503994],[-54.64067,-20.503993],[-54.640669,-20.504002],[-54.64066,-20.504002],[-54.64066,-20.504011],[-54.640631,-20.504011],[-54.640631,-20.50402],[-54.640621,-20.50402],[-54.640621,-20.504029],[-54.640611,-20.504029],[-54.640611,-20.504038],[-54.640602,-20.504038],[-54.640601,-20.50411],[-54.640591,-20.50411],[-54.640589,-20.504263],[-54.640579,-20.504263],[-54.640579,-20.504272],[-54.640569,-20.504272],[-54.640569,-20.504281],[-54.64056,-20.504281],[-54.64056,-20.50429],[-54.64055,-20.50429],[-54.64055,-20.504299],[-54.640531,-20.504299],[-54.640531,-20.504308],[-54.640521,-20.504307],[-54.640521,-20.504316],[-54.640511,-20.504316],[-54.640511,-20.504325],[-54.640501,-20.504325],[-54.640501,-20.504343],[-54.640492,-20.504343],[-54.640491,-20.504352],[-54.640482,-20.504352],[-54.640482,-20.504361],[-54.640472,-20.504361],[-54.640472,-20.50437],[-54.640462,-20.50437],[-54.640462,-20.504379],[-54.640453,-20.504379],[-54.640452,-20.504397],[-54.640443,-20.504397],[-54.640443,-20.504406],[-54.640433,-20.504406],[-54.640433,-20.504415],[-54.640423,-20.504414],[-54.640423,-20.504423],[-54.640404,-20.504423],[-54.640404,-20.504432],[-54.640394,-20.504432],[-54.640394,-20.504441],[-54.640375,-20.504441],[-54.640375,-20.50445],[-54.640365,-20.50445],[-54.640365,-20.504459],[-54.640356,-20.504459],[-54.640356,-20.504468],[-54.640346,-20.504468],[-54.640346,-20.504477],[-54.640336,-20.504476],[-54.640336,-20.504485],[-54.640327,-20.504485],[-54.640326,-20.504494],[-54.640317,-20.504494],[-54.640316,-20.504521],[-54.640307,-20.504521],[-54.640307,-20.504539],[-54.640297,-20.504539],[-54.640297,-20.504548],[-54.640278,-20.504548],[-54.640278,-20.504557],[-54.640268,-20.504557],[-54.640268,-20.504566],[-54.640258,-20.504566],[-54.640258,-20.504575],[-54.640248,-20.504575],[-54.640248,-20.504584],[-54.640229,-20.504583],[-54.640229,-20.504592],[-54.640219,-20.504592],[-54.640219,-20.504601],[-54.64021,-20.504601],[-54.64021,-20.50461],[-54.6402,-20.50461],[-54.6402,-20.504619],[-54.640181,-20.504619],[-54.640181,-20.504628],[-54.640161,-20.504628],[-54.640161,-20.504637],[-54.640152,-20.504637],[-54.640152,-20.504646],[-54.640142,-20.504645],[-54.640142,-20.504654],[-54.640132,-20.504654],[-54.640132,-20.504672],[-54.640122,-20.504672],[-54.640122,-20.504681],[-54.640113,-20.504681],[-54.640113,-20.50469],[-54.640093,-20.50469],[-54.640093,-20.504699],[-54.640084,-20.504699],[-54.640084,-20.504708],[-54.640074,-20.504708],[-54.640074,-20.504717],[-54.640064,-20.504717],[-54.640064,-20.504726],[-54.640045,-20.504725],[-54.640045,-20.504734],[-54.640035,-20.504734],[-54.640035,-20.504743],[-54.640025,-20.504743],[-54.640025,-20.504752],[-54.640016,-20.504752],[-54.640016,-20.504761],[-54.640006,-20.504761],[-54.640006,-20.50477],[-54.639996,-20.50477],[-54.639996,-20.504779],[-54.639814,-20.504776],[-54.639814,-20.504794],[-54.639823,-20.504795],[-54.639823,-20.504813],[-54.639814,-20.504813],[-54.639813,-20.504831],[-54.639823,-20.504831],[-54.639822,-20.504867],[-54.639813,-20.504867],[-54.639812,-20.50493],[-54.639821,-20.50493],[-54.639821,-20.504939],[-54.639831,-20.504939],[-54.639831,-20.504948],[-54.63984,-20.504948],[-54.639839,-20.505002],[-54.63983,-20.505002],[-54.63983,-20.505011],[-54.63982,-20.505011],[-54.63982,-20.50502],[-54.63981,-20.50502],[-54.63981,-20.505047],[-54.6398,-20.505047],[-54.639799,-20.50511],[-54.63979,-20.50511],[-54.639789,-20.505155],[-54.63978,-20.505155],[-54.639779,-20.505182],[-54.63977,-20.505182],[-54.639769,-20.505218],[-54.639759,-20.505218],[-54.639759,-20.505236],[-54.63975,-20.505236],[-54.639749,-20.50529],[-54.639739,-20.50529],[-54.639739,-20.505326],[-54.639729,-20.505326],[-54.639728,-20.505362],[-54.639681,-20.505362],[-54.63968,-20.50538],[-54.639671,-20.505379],[-54.63967,-20.505398],[-54.639661,-20.505397],[-54.639661,-20.505406],[-54.639651,-20.505406],[-54.639651,-20.505433],[-54.639641,-20.505433],[-54.639641,-20.505451],[-54.639631,-20.505451],[-54.639631,-20.505478],[-54.639621,-20.505478],[-54.639621,-20.505496],[-54.639611,-20.505496],[-54.639611,-20.505514],[-54.639602,-20.505514],[-54.639601,-20.505523],[-54.639592,-20.505523],[-54.639592,-20.505532],[-54.639582,-20.505532],[-54.639582,-20.505541],[-54.639572,-20.505541],[-54.639572,-20.50555],[-54.639563,-20.50555],[-54.639562,-20.505559],[-54.639553,-20.505558],[-54.639553,-20.505568],[-54.639543,-20.505567],[-54.639543,-20.505576],[-54.639533,-20.505576],[-54.639533,-20.505585],[-54.639524,-20.505585],[-54.639523,-20.50563],[-54.639513,-20.50563],[-54.639512,-20.505693],[-54.639503,-20.505693],[-54.639503,-20.505702],[-54.639493,-20.505702],[-54.639493,-20.505711],[-54.639483,-20.505711],[-54.639483,-20.50572],[-54.639474,-20.50572],[-54.639474,-20.505729],[-54.639454,-20.505729],[-54.639454,-20.505738],[-54.639445,-20.505738],[-54.639445,-20.505747],[-54.639435,-20.505747],[-54.639435,-20.505756],[-54.639416,-20.505755],[-54.639415,-20.505773],[-54.639406,-20.505773],[-54.639406,-20.505782],[-54.639387,-20.505782],[-54.639386,-20.505791],[-54.639377,-20.505791],[-54.639377,-20.505782],[-54.639367,-20.505782],[-54.639367,-20.505791],[-54.639338,-20.50579],[-54.639338,-20.505799],[-54.639281,-20.505799],[-54.639281,-20.505808],[-54.639271,-20.505807],[-54.639271,-20.505817],[-54.639261,-20.505816],[-54.639261,-20.505825],[-54.639252,-20.505825],[-54.639252,-20.505834],[-54.639242,-20.505834],[-54.639242,-20.505843],[-54.639232,-20.505843],[-54.639232,-20.505852],[-54.639223,-20.505852],[-54.639222,-20.505861],[-54.639203,-20.505861],[-54.639203,-20.50587],[-54.639194,-20.50587],[-54.639193,-20.505879],[-54.639184,-20.505879],[-54.639184,-20.505888],[-54.639174,-20.505887],[-54.639174,-20.505896],[-54.639164,-20.505896],[-54.639164,-20.505905],[-54.639145,-20.505905],[-54.639145,-20.505914],[-54.639135,-20.505914],[-54.639135,-20.505923],[-54.639126,-20.505923],[-54.639125,-20.505932],[-54.639116,-20.505932],[-54.639116,-20.505941],[-54.639097,-20.505941],[-54.639096,-20.50595],[-54.639087,-20.505949],[-54.639087,-20.505959],[-54.639077,-20.505958],[-54.639077,-20.505967],[-54.639067,-20.505967],[-54.639067,-20.505976],[-54.639048,-20.505976],[-54.639048,-20.505985],[-54.639029,-20.505985],[-54.639029,-20.505994],[-54.639019,-20.505994],[-54.639019,-20.506003],[-54.639009,-20.506003],[-54.639009,-20.506012],[-54.639,-20.506012],[-54.638999,-20.506021],[-54.63899,-20.50602],[-54.63899,-20.506029],[-54.638894,-20.506028],[-54.638894,-20.506037],[-54.638855,-20.506037],[-54.638855,-20.506055],[-54.638807,-20.506054],[-54.638807,-20.506045],[-54.638798,-20.506045],[-54.638798,-20.506054],[-54.638788,-20.506054],[-54.638788,-20.506045],[-54.638692,-20.506043],[-54.638693,-20.506034],[-54.638434,-20.506031],[-54.638434,-20.50604],[-54.638415,-20.50604],[-54.638414,-20.506049],[-54.638405,-20.506049],[-54.638405,-20.506058],[-54.638395,-20.506057],[-54.638395,-20.506066],[-54.638385,-20.506066],[-54.638385,-20.506075],[-54.638376,-20.506075],[-54.638376,-20.506084],[-54.638366,-20.506084],[-54.638366,-20.506093],[-54.638347,-20.506093],[-54.638346,-20.506102],[-54.638337,-20.506102],[-54.638337,-20.506111],[-54.638327,-20.506111],[-54.638327,-20.50612],[-54.638317,-20.50612],[-54.638317,-20.506129],[-54.638308,-20.506129],[-54.638308,-20.506138],[-54.638298,-20.506137],[-54.638298,-20.506146],[-54.638116,-20.506144],[-54.638116,-20.506135],[-54.638106,-20.506135],[-54.638107,-20.506126],[-54.638097,-20.506126],[-54.638097,-20.506108],[-54.638088,-20.506107],[-54.638088,-20.506089],[-54.638078,-20.506089],[-54.638079,-20.506071],[-54.638069,-20.506071],[-54.638069,-20.506053],[-54.63806,-20.506053],[-54.63806,-20.506035],[-54.63805,-20.506035],[-54.638051,-20.506017],[-54.638041,-20.506017],[-54.638041,-20.506007],[-54.638032,-20.506007],[-54.638032,-20.505989],[-54.638013,-20.505989],[-54.638013,-20.50598],[-54.638003,-20.50598],[-54.638003,-20.505971],[-54.637984,-20.505971],[-54.637984,-20.505962],[-54.637965,-20.505961],[-54.637965,-20.505952],[-54.637956,-20.505952],[-54.637956,-20.505943],[-54.637946,-20.505943],[-54.637947,-20.505934],[-54.637937,-20.505934],[-54.637937,-20.505925],[-54.637927,-20.505925],[-54.637928,-20.505916],[-54.637918,-20.505916],[-54.637918,-20.505906],[-54.637909,-20.505906],[-54.637899,-20.505906],[-54.637898,-20.506006],[-54.637888,-20.506005],[-54.637888,-20.506014],[-54.637543,-20.50601],[-54.637543,-20.506028],[-54.637533,-20.506028],[-54.637532,-20.506064],[-54.637523,-20.506064],[-54.637522,-20.506091],[-54.637513,-20.506091],[-54.637513,-20.5061],[-54.637503,-20.506099],[-54.637503,-20.506109],[-54.637493,-20.506108],[-54.637493,-20.506117],[-54.637484,-20.506117],[-54.637484,-20.506126],[-54.637464,-20.506126],[-54.637464,-20.506135],[-54.637455,-20.506135],[-54.637454,-20.506144],[-54.637445,-20.506144],[-54.637445,-20.506153],[-54.636889,-20.506145],[-54.636889,-20.506154],[-54.636879,-20.506154],[-54.636879,-20.506163],[-54.63687,-20.506163],[-54.636869,-20.506172],[-54.63686,-20.506172],[-54.63686,-20.506181],[-54.63685,-20.506181],[-54.63685,-20.50619],[-54.63684,-20.50619],[-54.63684,-20.506199],[-54.636831,-20.506199],[-54.636831,-20.506208],[-54.636821,-20.506208],[-54.636821,-20.506217],[-54.636811,-20.506216],[-54.636811,-20.506226],[-54.636801,-20.506225],[-54.636801,-20.506234],[-54.636792,-20.506234],[-54.636792,-20.506243],[-54.636782,-20.506243],[-54.636782,-20.506252],[-54.636772,-20.506252],[-54.636772,-20.506261],[-54.636763,-20.506261],[-54.636762,-20.50627],[-54.636743,-20.50627],[-54.636743,-20.506279],[-54.636734,-20.506279],[-54.636733,-20.506288],[-54.636724,-20.506288],[-54.636724,-20.506297],[-54.636714,-20.506296],[-54.636714,-20.506305],[-54.636704,-20.506305],[-54.636704,-20.506314],[-54.636695,-20.506314],[-54.636695,-20.506323],[-54.636685,-20.506323],[-54.636685,-20.506332],[-54.636675,-20.506332],[-54.636675,-20.506341],[-54.636666,-20.506341],[-54.636665,-20.50635],[-54.636656,-20.50635],[-54.636656,-20.506359],[-54.636646,-20.506359],[-54.636646,-20.506368],[-54.636636,-20.506368],[-54.636636,-20.506377],[-54.636627,-20.506377],[-54.636627,-20.506386],[-54.636617,-20.506385],[-54.636617,-20.506394],[-54.636607,-20.506394],[-54.636607,-20.506403],[-54.636597,-20.506403],[-54.636597,-20.506412],[-54.636588,-20.506412],[-54.636588,-20.506421],[-54.636578,-20.506421],[-54.636578,-20.50643],[-54.636568,-20.50643],[-54.636568,-20.506439],[-54.636559,-20.506439],[-54.636558,-20.506448],[-54.636549,-20.506448],[-54.636549,-20.506457],[-54.636539,-20.506457],[-54.636539,-20.506466],[-54.636529,-20.506466],[-54.636529,-20.506475],[-54.63652,-20.506474],[-54.63652,-20.506483],[-54.63651,-20.506483],[-54.63651,-20.506492],[-54.6365,-20.506492],[-54.6365,-20.506501],[-54.636491,-20.506501],[-54.63649,-20.50651],[-54.636481,-20.50651],[-54.636481,-20.506519],[-54.636471,-20.506519],[-54.636471,-20.506528],[-54.636461,-20.506528],[-54.63645,-20.507268],[-54.63644,-20.507268],[-54.63644,-20.507295],[-54.63643,-20.507295],[-54.63643,-20.507322],[-54.63642,-20.507322],[-54.63642,-20.507349],[-54.63641,-20.507349],[-54.63641,-20.507394],[-54.6364,-20.507394],[-54.6364,-20.507403],[-54.63639,-20.507403],[-54.63639,-20.507421],[-54.636381,-20.507421],[-54.63638,-20.507457],[-54.63637,-20.507457],[-54.63637,-20.507484],[-54.63636,-20.507484],[-54.63636,-20.50752],[-54.63635,-20.50752],[-54.63635,-20.507547],[-54.63634,-20.507547],[-54.636338,-20.507718],[-54.636328,-20.507718],[-54.636328,-20.507727],[-54.636318,-20.507727],[-54.636318,-20.507745],[-54.636309,-20.507745],[-54.636308,-20.507754],[-54.636299,-20.507754],[-54.636299,-20.507772],[-54.636289,-20.507772],[-54.636289,-20.50779],[-54.636279,-20.50779],[-54.636279,-20.507799],[-54.636269,-20.507798],[-54.636269,-20.507807],[-54.63626,-20.507807],[-54.636259,-20.507816],[-54.63625,-20.507816],[-54.636249,-20.50787],[-54.63624,-20.50787],[-54.636239,-20.507906],[-54.636229,-20.507906],[-54.636229,-20.507915],[-54.63622,-20.507915],[-54.63622,-20.507924],[-54.63621,-20.507924],[-54.63621,-20.507933],[-54.6362,-20.507933],[-54.6362,-20.507942],[-54.63619,-20.507942],[-54.63619,-20.507951],[-54.636181,-20.507951],[-54.636181,-20.50796],[-54.636171,-20.50796],[-54.636171,-20.507969],[-54.636161,-20.507969],[-54.636161,-20.507978],[-54.636152,-20.507977],[-54.636151,-20.507986],[-54.636142,-20.507986],[-54.636142,-20.507995],[-54.636132,-20.507995],[-54.636132,-20.508004],[-54.636122,-20.508004],[-54.636122,-20.508013],[-54.636113,-20.508013],[-54.636113,-20.508022],[-54.636103,-20.508022],[-54.636103,-20.508031],[-54.636093,-20.508031],[-54.636093,-20.50804],[-54.636084,-20.50804],[-54.636083,-20.508049],[-54.636074,-20.508049],[-54.636074,-20.508058],[-54.636064,-20.508058],[-54.636063,-20.508157],[-54.636053,-20.508157],[-54.636053,-20.508166],[-54.636043,-20.508166],[-54.636043,-20.508175],[-54.636034,-20.508175],[-54.636033,-20.508193],[-54.636024,-20.508192],[-54.636024,-20.508201],[-54.636014,-20.508201],[-54.636014,-20.50821],[-54.636004,-20.50821],[-54.636004,-20.508219],[-54.635995,-20.508219],[-54.635994,-20.508237],[-54.635985,-20.508237],[-54.635985,-20.508246],[-54.635975,-20.508246],[-54.635975,-20.508255],[-54.635965,-20.508255],[-54.635965,-20.508273],[-54.635955,-20.508273],[-54.635955,-20.508282],[-54.635946,-20.508282],[-54.635946,-20.508291],[-54.635936,-20.508291],[-54.635936,-20.5083],[-54.635926,-20.508299],[-54.635926,-20.508309],[-54.635916,-20.508308],[-54.635916,-20.508317],[-54.635907,-20.508317],[-54.635906,-20.508344],[-54.635897,-20.508344],[-54.635897,-20.508353],[-54.635887,-20.508353],[-54.635887,-20.508362],[-54.635877,-20.508362],[-54.635877,-20.508371],[-54.635868,-20.508371],[-54.635867,-20.50838],[-54.635858,-20.50838],[-54.635858,-20.508389],[-54.635848,-20.508389],[-54.635848,-20.508398],[-54.635838,-20.508398],[-54.635838,-20.508407],[-54.635829,-20.508407],[-54.635829,-20.508416],[-54.635819,-20.508415],[-54.635819,-20.508424],[-54.635809,-20.508424],[-54.635809,-20.508433],[-54.6358,-20.508433],[-54.635799,-20.508442],[-54.63579,-20.508442],[-54.63579,-20.508451],[-54.63578,-20.508451],[-54.63578,-20.50846],[-54.63577,-20.50846],[-54.63577,-20.508469],[-54.635761,-20.508469],[-54.635761,-20.508478],[-54.635751,-20.508478],[-54.635751,-20.508487],[-54.635741,-20.508487],[-54.635741,-20.508496],[-54.635732,-20.508495],[-54.635731,-20.508505],[-54.635722,-20.508504],[-54.635722,-20.508513],[-54.635712,-20.508513],[-54.635712,-20.508522],[-54.635702,-20.508522],[-54.635702,-20.508531],[-54.635693,-20.508531],[-54.635692,-20.50854],[-54.635683,-20.50854],[-54.635683,-20.508549],[-54.635673,-20.508549],[-54.635673,-20.508558],[-54.635654,-20.508558],[-54.635654,-20.508567],[-54.635644,-20.508567],[-54.635644,-20.508576],[-54.635634,-20.508575],[-54.635634,-20.508584],[-54.635625,-20.508584],[-54.635625,-20.508593],[-54.635615,-20.508593],[-54.635615,-20.508602],[-54.635605,-20.508602],[-54.635605,-20.508611],[-54.635596,-20.508611],[-54.635595,-20.50862],[-54.635586,-20.50862],[-54.635586,-20.508629],[-54.635576,-20.508629],[-54.635576,-20.508638],[-54.635566,-20.508638],[-54.635566,-20.508647],[-54.635557,-20.508647],[-54.635557,-20.508656],[-54.635547,-20.508656],[-54.635547,-20.508665],[-54.635537,-20.508664],[-54.635537,-20.508673],[-54.635527,-20.508673],[-54.635527,-20.508682],[-54.635518,-20.508682],[-54.635518,-20.508691],[-54.635508,-20.508691],[-54.635508,-20.5087],[-54.635498,-20.5087],[-54.635498,-20.508709],[-54.635489,-20.508709],[-54.635488,-20.508718],[-54.635479,-20.508718],[-54.635479,-20.508727],[-54.635469,-20.508727],[-54.635469,-20.508736],[-54.635459,-20.508736],[-54.635459,-20.508745],[-54.63545,-20.508744],[-54.63545,-20.508754],[-54.63544,-20.508753],[-54.63544,-20.508762],[-54.63543,-20.508762],[-54.63543,-20.508771],[-54.635421,-20.508771],[-54.63542,-20.50878],[-54.635411,-20.50878],[-54.635411,-20.508789],[-54.635401,-20.508789],[-54.635401,-20.508798],[-54.635391,-20.508798],[-54.635391,-20.508807],[-54.635382,-20.508807],[-54.635382,-20.508816],[-54.635362,-20.508816],[-54.635362,-20.508825],[-54.635353,-20.508824],[-54.635353,-20.508833],[-54.635343,-20.508833],[-54.635343,-20.508842],[-54.635333,-20.508842],[-54.635333,-20.508851],[-54.635323,-20.508851],[-54.635323,-20.50886],[-54.635314,-20.50886],[-54.635314,-20.508869],[-54.635304,-20.508869],[-54.635304,-20.508878],[-54.635294,-20.508878],[-54.635294,-20.508887],[-54.635285,-20.508887],[-54.635284,-20.508932],[-54.635274,-20.508932],[-54.635272,-20.509103],[-54.635253,-20.509103],[-54.635252,-20.509112],[-54.635243,-20.509112],[-54.635243,-20.509121],[-54.635233,-20.509121],[-54.635233,-20.50913],[-54.635223,-20.50913],[-54.635223,-20.509139],[-54.635214,-20.509139],[-54.635213,-20.509148],[-54.635204,-20.509148],[-54.635204,-20.509157],[-54.635194,-20.509156],[-54.635194,-20.509165],[-54.635184,-20.509165],[-54.635184,-20.509174],[-54.635175,-20.509174],[-54.635175,-20.509183],[-54.635165,-20.509183],[-54.635165,-20.509192],[-54.635155,-20.509192],[-54.635155,-20.509201],[-54.635146,-20.509201],[-54.635145,-20.50921],[-54.635136,-20.50921],[-54.635136,-20.509219],[-54.635126,-20.509219],[-54.635126,-20.509228],[-54.635116,-20.509228],[-54.635116,-20.509237],[-54.635107,-20.509236],[-54.635107,-20.509246],[-54.635097,-20.509245],[-54.635097,-20.509254],[-54.635087,-20.509254],[-54.635087,-20.509263],[-54.635078,-20.509263],[-54.635077,-20.509272],[-54.635068,-20.509272],[-54.635068,-20.509281],[-54.635058,-20.509281],[-54.635058,-20.50929],[-54.635048,-20.50929],[-54.635048,-20.509299],[-54.635039,-20.509299],[-54.635039,-20.509308],[-54.635029,-20.509308],[-54.635029,-20.509317],[-54.635019,-20.509317],[-54.635019,-20.509326],[-54.635009,-20.509325],[-54.635009,-20.509334],[-54.635,-20.509334],[-54.635,-20.509343],[-54.63499,-20.509343],[-54.63499,-20.509352],[-54.63498,-20.509352],[-54.63498,-20.509361],[-54.634971,-20.509361],[-54.63497,-20.50937],[-54.634942,-20.50937],[-54.634942,-20.509379],[-54.634932,-20.509379],[-54.634932,-20.509388],[-54.634922,-20.509387],[-54.634922,-20.509397],[-54.634913,-20.509396],[-54.634912,-20.509405],[-54.634903,-20.509405],[-54.634903,-20.509414],[-54.634893,-20.509414],[-54.634893,-20.509423],[-54.634883,-20.509423],[-54.634883,-20.509432],[-54.634874,-20.509432],[-54.634874,-20.509441],[-54.634864,-20.509441],[-54.634864,-20.50945],[-54.634854,-20.50945],[-54.634854,-20.509459],[-54.634844,-20.509459],[-54.634844,-20.509468],[-54.634835,-20.509468],[-54.634835,-20.509477],[-54.634825,-20.509476],[-54.634825,-20.509485],[-54.634815,-20.509485],[-54.634815,-20.509494],[-54.634806,-20.509494],[-54.634805,-20.509503],[-54.634796,-20.509503],[-54.634796,-20.509512],[-54.634786,-20.509512],[-54.634786,-20.509521],[-54.634767,-20.509521],[-54.634767,-20.50953],[-54.634757,-20.50953],[-54.634757,-20.509539],[-54.634747,-20.509539],[-54.634747,-20.509548],[-54.634738,-20.509548],[-54.634738,-20.509557],[-54.634728,-20.509556],[-54.634728,-20.509565],[-54.634718,-20.509565],[-54.634718,-20.509574],[-54.634709,-20.509574],[-54.634708,-20.509583],[-54.634699,-20.509583],[-54.634699,-20.509592],[-54.634689,-20.509592],[-54.634689,-20.509601],[-54.634679,-20.509601],[-54.634679,-20.50961],[-54.63467,-20.50961],[-54.63467,-20.509619],[-54.63466,-20.509619],[-54.63466,-20.509628],[-54.63465,-20.509628],[-54.63465,-20.509637],[-54.63464,-20.509636],[-54.63464,-20.509646],[-54.634631,-20.509645],[-54.634631,-20.509654],[-54.634592,-20.509654],[-54.634592,-20.509663],[-54.634583,-20.509663],[-54.63458,-20.509852],[-54.63457,-20.509852],[-54.63457,-20.509861],[-54.63456,-20.509861],[-54.63456,-20.50987],[-54.634551,-20.50987],[-54.63455,-20.509888],[-54.634541,-20.509888],[-54.634541,-20.509897],[-54.634531,-20.509897],[-54.634531,-20.509906],[-54.634521,-20.509906],[-54.634521,-20.509915],[-54.634512,-20.509915],[-54.634511,-20.509924],[-54.634502,-20.509924],[-54.634502,-20.509933],[-54.634492,-20.509932],[-54.634492,-20.509942],[-54.634482,-20.509941],[-54.634482,-20.50995],[-54.634473,-20.50995],[-54.634473,-20.509959],[-54.634463,-20.509959],[-54.634463,-20.509968],[-54.634453,-20.509968],[-54.634453,-20.510013],[-54.634462,-20.510013],[-54.634461,-20.510068],[-54.634452,-20.510067],[-54.634451,-20.510094],[-54.634442,-20.510094],[-54.634442,-20.510103],[-54.634432,-20.510103],[-54.634431,-20.510157],[-54.634422,-20.510157],[-54.63442,-20.510257],[-54.634411,-20.510256],[-54.634409,-20.510347],[-54.6344,-20.510347],[-54.634398,-20.510437],[-54.634389,-20.510437],[-54.634388,-20.510446],[-54.634379,-20.510446],[-54.634379,-20.510455],[-54.634369,-20.510455],[-54.634369,-20.510464],[-54.634359,-20.510463],[-54.634359,-20.510472],[-54.63435,-20.510472],[-54.63435,-20.510481],[-54.63434,-20.510481],[-54.63434,-20.510508],[-54.63433,-20.510508],[-54.63433,-20.510517],[-54.63432,-20.510517],[-54.63432,-20.510526],[-54.634311,-20.510526],[-54.63431,-20.510535],[-54.634301,-20.510535],[-54.634301,-20.510544],[-54.634291,-20.510544],[-54.634291,-20.510553],[-54.634272,-20.510553],[-54.634272,-20.510562],[-54.634262,-20.510561],[-54.634262,-20.51057],[-54.634252,-20.51057],[-54.634252,-20.510579],[-54.634233,-20.510579],[-54.634233,-20.510588],[-54.634223,-20.510588],[-54.634223,-20.510597],[-54.634214,-20.510597],[-54.634213,-20.510606],[-54.634204,-20.510606],[-54.634204,-20.510615],[-54.634194,-20.510615],[-54.634194,-20.510624],[-54.634184,-20.510624],[-54.634184,-20.510633],[-54.634175,-20.510633],[-54.634175,-20.510642],[-54.634165,-20.510641],[-54.634165,-20.51065],[-54.634155,-20.51065],[-54.634155,-20.510659],[-54.634146,-20.510659],[-54.634145,-20.510668],[-54.634136,-20.510668],[-54.634136,-20.510677],[-54.634002,-20.510675],[-54.634001,-20.510684],[-54.633992,-20.510684],[-54.633987,-20.510982],[-54.633978,-20.510982],[-54.633977,-20.511009],[-54.633968,-20.511009],[-54.633967,-20.511018],[-54.633958,-20.511018],[-54.633958,-20.511036],[-54.633948,-20.511036],[-54.633948,-20.511054],[-54.633919,-20.511053],[-54.633919,-20.511062],[-54.633909,-20.511062],[-54.633909,-20.511071],[-54.6339,-20.511071],[-54.633899,-20.51108],[-54.63389,-20.51108],[-54.63389,-20.511089],[-54.63388,-20.511089],[-54.63388,-20.511098],[-54.63387,-20.511098],[-54.63387,-20.511107],[-54.633861,-20.511107],[-54.633861,-20.511116],[-54.633851,-20.511116],[-54.633851,-20.511125],[-54.633841,-20.511125],[-54.633841,-20.511134],[-54.633832,-20.511134],[-54.633829,-20.511269],[-54.63382,-20.511269],[-54.63382,-20.511278],[-54.63381,-20.511278],[-54.63381,-20.511287],[-54.6338,-20.511287],[-54.6338,-20.511296],[-54.633791,-20.511296],[-54.633791,-20.511305],[-54.633781,-20.511304],[-54.633781,-20.511313],[-54.633771,-20.511313],[-54.633771,-20.511322],[-54.633762,-20.511322],[-54.633761,-20.511331],[-54.633752,-20.511331],[-54.633752,-20.51134],[-54.633742,-20.51134],[-54.633742,-20.511349],[-54.633732,-20.511349],[-54.633732,-20.511358],[-54.633723,-20.511358],[-54.633723,-20.511367],[-54.633713,-20.511367],[-54.633713,-20.511376],[-54.633703,-20.511376],[-54.633703,-20.511385],[-54.633693,-20.511384],[-54.633693,-20.511394],[-54.633684,-20.511393],[-54.633684,-20.511402],[-54.633674,-20.511402],[-54.633674,-20.511411],[-54.633664,-20.511411],[-54.633664,-20.51142],[-54.633655,-20.51142],[-54.633654,-20.511429],[-54.633645,-20.511429],[-54.633645,-20.511438],[-54.633606,-20.511437],[-54.633606,-20.511447],[-54.633597,-20.511446],[-54.633597,-20.511455],[-54.633587,-20.511455],[-54.633587,-20.511473],[-54.633577,-20.511473],[-54.633577,-20.511482],[-54.633567,-20.511482],[-54.633567,-20.5115],[-54.633558,-20.5115],[-54.633557,-20.511509],[-54.633538,-20.511509],[-54.633538,-20.511518],[-54.633528,-20.511518],[-54.633528,-20.511527],[-54.633519,-20.511527],[-54.633519,-20.511536],[-54.633509,-20.511535],[-54.633509,-20.511545],[-54.633499,-20.511544],[-54.633499,-20.511553],[-54.63349,-20.511553],[-54.633489,-20.511562],[-54.63348,-20.511562],[-54.63348,-20.511571],[-54.63347,-20.511571],[-54.63347,-20.51158],[-54.63346,-20.51158],[-54.63346,-20.511589],[-54.633451,-20.511589],[-54.633451,-20.511598],[-54.633441,-20.511598],[-54.633441,-20.511607],[-54.633431,-20.511607],[-54.633431,-20.511616],[-54.633422,-20.511616],[-54.633421,-20.511625],[-54.633412,-20.511624],[-54.633412,-20.511633],[-54.633402,-20.511633],[-54.633402,-20.511642],[-54.633392,-20.511642],[-54.633392,-20.511669],[-54.633382,-20.511669],[-54.633381,-20.51175],[-54.633372,-20.51175],[-54.633371,-20.511759],[-54.633362,-20.511759],[-54.633362,-20.511768],[-54.633352,-20.511768],[-54.633352,-20.511777],[-54.633342,-20.511777],[-54.633342,-20.511786],[-54.633333,-20.511786],[-54.633333,-20.511795],[-54.633323,-20.511795],[-54.633323,-20.511804],[-54.633313,-20.511804],[-54.633313,-20.511813],[-54.633304,-20.511813],[-54.633303,-20.511822],[-54.633294,-20.511822],[-54.633294,-20.511831],[-54.633284,-20.51183],[-54.633284,-20.511839],[-54.633274,-20.511839],[-54.633274,-20.511848],[-54.633255,-20.511848],[-54.633255,-20.511857],[-54.633245,-20.511857],[-54.633245,-20.511866],[-54.633226,-20.511866],[-54.633226,-20.511875],[-54.633207,-20.511875],[-54.633207,-20.511884],[-54.633187,-20.511883],[-54.633187,-20.511892],[-54.633168,-20.511892],[-54.633168,-20.511901],[-54.633158,-20.511901],[-54.633158,-20.51191],[-54.633139,-20.51191],[-54.633139,-20.511919],[-54.63312,-20.511918],[-54.63312,-20.511928],[-54.6331,-20.511927],[-54.6331,-20.511936],[-54.633091,-20.511936],[-54.633091,-20.511945],[-54.633033,-20.511944],[-54.633033,-20.511953],[-54.632975,-20.511953],[-54.632975,-20.511962],[-54.632956,-20.511961],[-54.632956,-20.51197],[-54.632946,-20.51197],[-54.632946,-20.511979],[-54.632937,-20.511979],[-54.632937,-20.511988],[-54.632927,-20.511988],[-54.632927,-20.511997],[-54.632917,-20.511997],[-54.632917,-20.512006],[-54.632908,-20.512006],[-54.632907,-20.512015],[-54.632706,-20.512012],[-54.632706,-20.512021],[-54.632687,-20.512021],[-54.632687,-20.51203],[-54.632668,-20.51203],[-54.632667,-20.512039],[-54.632658,-20.512039],[-54.632658,-20.512048],[-54.632639,-20.512047],[-54.632638,-20.512056],[-54.632619,-20.512056],[-54.632619,-20.512065],[-54.63261,-20.512065],[-54.632609,-20.512074],[-54.63259,-20.512074],[-54.63259,-20.512083],[-54.632571,-20.512083],[-54.632571,-20.512092],[-54.632552,-20.512091],[-54.632551,-20.5121],[-54.632542,-20.5121],[-54.632542,-20.512109],[-54.632523,-20.512109],[-54.632522,-20.512118],[-54.632503,-20.512118],[-54.632503,-20.512127],[-54.632494,-20.512127],[-54.632493,-20.512136],[-54.632474,-20.512135],[-54.632474,-20.512144],[-54.632455,-20.512144],[-54.632455,-20.512153],[-54.632445,-20.512153],[-54.632445,-20.512162],[-54.632426,-20.512162],[-54.632426,-20.512171],[-54.632407,-20.512171],[-54.632406,-20.51218],[-54.632397,-20.51218],[-54.632397,-20.512189],[-54.632378,-20.512188],[-54.632377,-20.512197],[-54.632358,-20.512197],[-54.632358,-20.512206],[-54.632349,-20.512206],[-54.632348,-20.512215],[-54.632339,-20.512215],[-54.632339,-20.512224],[-54.6323,-20.512223],[-54.6323,-20.512232],[-54.632271,-20.512232],[-54.632271,-20.512259],[-54.632281,-20.512259],[-54.63228,-20.512268],[-54.63229,-20.512268],[-54.63229,-20.512295],[-54.632299,-20.512296],[-54.632299,-20.512341],[-54.632289,-20.512341],[-54.632288,-20.512377],[-54.632279,-20.512377],[-54.632278,-20.512404],[-54.632269,-20.512404],[-54.632269,-20.512413],[-54.63223,-20.512412],[-54.63223,-20.512421],[-54.632058,-20.512419],[-54.632058,-20.512428],[-54.631885,-20.512425],[-54.631885,-20.512434],[-54.631693,-20.512432],[-54.631693,-20.512441],[-54.631664,-20.51244],[-54.631664,-20.512449],[-54.631655,-20.512449],[-54.631655,-20.512458],[-54.631645,-20.512458],[-54.631645,-20.512467],[-54.631635,-20.512467],[-54.631635,-20.512476],[-54.631626,-20.512476],[-54.631625,-20.512485],[-54.631616,-20.512485],[-54.631616,-20.512494],[-54.631606,-20.512494],[-54.631606,-20.512503],[-54.631596,-20.512503],[-54.631596,-20.512512],[-54.631587,-20.512512],[-54.631586,-20.512521],[-54.631577,-20.512521],[-54.631577,-20.51253],[-54.631567,-20.512529],[-54.631567,-20.512538],[-54.631557,-20.512538],[-54.631557,-20.512547],[-54.631548,-20.512547],[-54.631548,-20.512556],[-54.631538,-20.512556],[-54.631538,-20.512565],[-54.631528,-20.512565],[-54.631528,-20.512574],[-54.631519,-20.512574],[-54.631518,-20.512583],[-54.631509,-20.512583],[-54.631509,-20.512592],[-54.631499,-20.512592],[-54.631499,-20.512583],[-54.631442,-20.512582],[-54.631442,-20.512591],[-54.631269,-20.512589],[-54.631269,-20.512598],[-54.631097,-20.512595],[-54.631096,-20.512604],[-54.631068,-20.512604],[-54.631067,-20.512613],[-54.63101,-20.512612],[-54.63101,-20.512621],[-54.630981,-20.512621],[-54.630981,-20.51263],[-54.630952,-20.512629],[-54.630952,-20.512638],[-54.630923,-20.512638],[-54.630923,-20.512647],[-54.629697,-20.51263],[-54.629696,-20.512639],[-54.629447,-20.512636],[-54.629447,-20.512645],[-54.629428,-20.512645],[-54.629428,-20.512654],[-54.629409,-20.512653],[-54.629409,-20.512662],[-54.629389,-20.512662],[-54.629389,-20.512671],[-54.62937,-20.512671],[-54.62937,-20.51268],[-54.629351,-20.51268],[-54.629351,-20.512689],[-54.629341,-20.512689],[-54.629341,-20.512698],[-54.629322,-20.512697],[-54.629322,-20.512706],[-54.629302,-20.512706],[-54.629302,-20.512715],[-54.629283,-20.512715],[-54.629283,-20.512724],[-54.629264,-20.512724],[-54.629264,-20.512733],[-54.629245,-20.512732],[-54.629244,-20.512741],[-54.629235,-20.512741],[-54.629235,-20.51275],[-54.629215,-20.51275],[-54.629215,-20.512759],[-54.628372,-20.512748],[-54.628372,-20.512757],[-54.628324,-20.512756],[-54.628324,-20.512765],[-54.628266,-20.512764],[-54.628266,-20.512773],[-54.628199,-20.512772],[-54.628199,-20.512763],[-54.62819,-20.512763],[-54.62819,-20.512754],[-54.62818,-20.512754],[-54.62818,-20.512745],[-54.628171,-20.512745],[-54.628171,-20.512736],[-54.628161,-20.512736],[-54.628161,-20.512727],[-54.628142,-20.512726],[-54.628142,-20.512717],[-54.628075,-20.512716],[-54.628076,-20.512707],[-54.628008,-20.512707],[-54.628009,-20.512698],[-54.627942,-20.512697],[-54.627942,-20.512688],[-54.627875,-20.512687],[-54.627875,-20.512678],[-54.627223,-20.512669],[-54.627223,-20.512678],[-54.627175,-20.512677],[-54.627175,-20.512686],[-54.627127,-20.512685],[-54.627127,-20.512694],[-54.626504,-20.512686],[-54.626504,-20.512695],[-54.625785,-20.512685],[-54.625785,-20.512676],[-54.625776,-20.512676],[-54.625776,-20.512667],[-54.625757,-20.512667],[-54.625757,-20.512658],[-54.625747,-20.512658],[-54.625747,-20.512649],[-54.625738,-20.512648],[-54.625738,-20.512639],[-54.625719,-20.512639],[-54.625719,-20.51263],[-54.625709,-20.51263],[-54.625709,-20.512621],[-54.6257,-20.512621],[-54.6257,-20.512612],[-54.625681,-20.512611],[-54.625681,-20.512602],[-54.625671,-20.512602],[-54.625671,-20.512593],[-54.625662,-20.512593],[-54.625662,-20.512584],[-54.625643,-20.512584],[-54.625643,-20.512575],[-54.625633,-20.512575],[-54.625634,-20.512566],[-54.625624,-20.512566],[-54.625624,-20.512557],[-54.625605,-20.512556],[-54.625605,-20.512547],[-54.625596,-20.512547],[-54.625596,-20.512538],[-54.625576,-20.512538],[-54.625577,-20.512529],[-54.625567,-20.512529],[-54.625567,-20.51252],[-54.625558,-20.512519],[-54.625558,-20.51251],[-54.624944,-20.512502],[-54.624944,-20.512511],[-54.624935,-20.512511],[-54.624935,-20.51252],[-54.624925,-20.51252],[-54.624925,-20.512529],[-54.624915,-20.512529],[-54.624915,-20.512538],[-54.624906,-20.512538],[-54.624905,-20.512547],[-54.624896,-20.512547],[-54.624896,-20.512556],[-54.624886,-20.512555],[-54.624886,-20.512564],[-54.624876,-20.512564],[-54.624876,-20.512573],[-54.624867,-20.512573],[-54.624867,-20.512582],[-54.624857,-20.512582],[-54.624857,-20.512591],[-54.624847,-20.512591],[-54.624847,-20.5126],[-54.624837,-20.5126],[-54.624837,-20.512609],[-54.624828,-20.512609],[-54.624828,-20.512618],[-54.624818,-20.512618],[-54.624818,-20.512627],[-54.624808,-20.512627],[-54.624808,-20.512636],[-54.624799,-20.512636],[-54.624798,-20.512645],[-54.624789,-20.512644],[-54.624789,-20.512653],[-54.624779,-20.512653],[-54.624779,-20.512662],[-54.624769,-20.512662],[-54.624769,-20.512671],[-54.62476,-20.512671],[-54.62476,-20.51268],[-54.62475,-20.51268],[-54.62475,-20.512689],[-54.62474,-20.512689],[-54.62474,-20.512698],[-54.624731,-20.512698],[-54.62473,-20.512707],[-54.624721,-20.512707],[-54.624721,-20.512716],[-54.624711,-20.512716],[-54.624711,-20.512725],[-54.624701,-20.512724],[-54.624701,-20.512734],[-54.624682,-20.512733],[-54.624682,-20.512742],[-54.624663,-20.512742],[-54.624663,-20.512751],[-54.624653,-20.512751],[-54.624653,-20.51276],[-54.624643,-20.51276],[-54.624643,-20.512769],[-54.624586,-20.512768],[-54.624586,-20.512777],[-54.624576,-20.512777],[-54.624576,-20.512786],[-54.624566,-20.512786],[-54.624566,-20.512795],[-54.624537,-20.512794],[-54.624537,-20.512804],[-54.624528,-20.512803],[-54.624527,-20.512812],[-54.624518,-20.512812],[-54.624518,-20.512821],[-54.624508,-20.512821],[-54.624508,-20.51283],[-54.624498,-20.51283],[-54.624498,-20.512839],[-54.624489,-20.512839],[-54.624489,-20.512848],[-54.624479,-20.512848],[-54.624479,-20.512857],[-54.624469,-20.512857],[-54.624469,-20.512866],[-54.62446,-20.512866],[-54.624459,-20.512875],[-54.62445,-20.512875],[-54.62445,-20.512884],[-54.62444,-20.512883],[-54.62444,-20.512892],[-54.62443,-20.512892],[-54.62443,-20.512901],[-54.624421,-20.512901],[-54.624421,-20.51291],[-54.624411,-20.51291],[-54.624411,-20.512919],[-54.624401,-20.512919],[-54.624401,-20.512928],[-54.624392,-20.512928],[-54.624391,-20.512937],[-54.624382,-20.512937],[-54.624382,-20.512946],[-54.624372,-20.512946],[-54.624372,-20.512955],[-54.624362,-20.512955],[-54.624362,-20.512964],[-54.624353,-20.512964],[-54.624352,-20.512973],[-54.624343,-20.512972],[-54.624343,-20.512981],[-54.624333,-20.512981],[-54.624333,-20.51299],[-54.624323,-20.51299],[-54.624323,-20.512999],[-54.624314,-20.512999],[-54.624314,-20.513008],[-54.624304,-20.513008],[-54.624304,-20.513017],[-54.624256,-20.513016],[-54.624256,-20.513025],[-54.624217,-20.513025],[-54.624217,-20.513034],[-54.624208,-20.513034],[-54.624208,-20.513043],[-54.624198,-20.513043],[-54.624198,-20.513052],[-54.624188,-20.513052],[-54.624188,-20.513061],[-54.624179,-20.51306],[-54.624178,-20.51307],[-54.624169,-20.513069],[-54.624169,-20.513078],[-54.624159,-20.513078],[-54.624159,-20.513087],[-54.624149,-20.513087],[-54.624149,-20.513096],[-54.62414,-20.513096],[-54.62414,-20.513105],[-54.62413,-20.513105],[-54.62413,-20.513114],[-54.62412,-20.513114],[-54.62412,-20.513123],[-54.624111,-20.513123],[-54.62411,-20.513132],[-54.624072,-20.513131],[-54.624072,-20.51314],[-54.624005,-20.513139],[-54.624005,-20.513148],[-54.623986,-20.513148],[-54.623985,-20.513157],[-54.623966,-20.513157],[-54.623966,-20.513148],[-54.623717,-20.513144],[-54.623717,-20.513135],[-54.623708,-20.513135],[-54.623708,-20.513126],[-54.623698,-20.513126],[-54.623698,-20.513117],[-54.623689,-20.513117],[-54.623689,-20.513108],[-54.623679,-20.513108],[-54.62368,-20.513099],[-54.62367,-20.513099],[-54.62367,-20.51309],[-54.623661,-20.51309],[-54.623661,-20.51308],[-54.623651,-20.51308],[-54.623651,-20.513071],[-54.623642,-20.513071],[-54.623642,-20.513062],[-54.623632,-20.513062],[-54.623632,-20.513053],[-54.623623,-20.513053],[-54.623623,-20.513044],[-54.623604,-20.513044],[-54.623604,-20.513035],[-54.622703,-20.513022],[-54.622703,-20.513031],[-54.622693,-20.513031],[-54.622693,-20.51304],[-54.622684,-20.51304],[-54.622684,-20.513049],[-54.622674,-20.513049],[-54.622674,-20.513058],[-54.622664,-20.513058],[-54.622664,-20.513067],[-54.622147,-20.51306],[-54.622147,-20.513051],[-54.621811,-20.513046],[-54.621811,-20.513055],[-54.621802,-20.513055],[-54.621801,-20.513064],[-54.621792,-20.513064],[-54.621792,-20.513073],[-54.621782,-20.513073],[-54.621782,-20.513082],[-54.621772,-20.513082],[-54.621772,-20.513091],[-54.621763,-20.513091],[-54.621763,-20.5131],[-54.621753,-20.513099],[-54.621753,-20.513109],[-54.621743,-20.513108],[-54.621743,-20.513117],[-54.621724,-20.513117],[-54.621724,-20.513126],[-54.621714,-20.513126],[-54.621714,-20.513135],[-54.621705,-20.513135],[-54.621704,-20.513144],[-54.621695,-20.513144],[-54.621695,-20.513153],[-54.621685,-20.513153],[-54.621685,-20.513162],[-54.621637,-20.513161],[-54.621637,-20.51317],[-54.621627,-20.51317],[-54.621627,-20.513179],[-54.621618,-20.513179],[-54.621617,-20.513188],[-54.621608,-20.513188],[-54.621608,-20.513197],[-54.621598,-20.513197],[-54.621598,-20.513206],[-54.621588,-20.513206],[-54.621588,-20.513215],[-54.621579,-20.513214],[-54.621579,-20.513224],[-54.621569,-20.513223],[-54.621569,-20.513232],[-54.621559,-20.513232],[-54.621559,-20.513241],[-54.62155,-20.513241],[-54.621549,-20.51325],[-54.62154,-20.51325],[-54.62154,-20.513259],[-54.62153,-20.513259],[-54.62153,-20.513268],[-54.621425,-20.513267],[-54.621424,-20.513276],[-54.621415,-20.513275],[-54.621415,-20.513284],[-54.621405,-20.513284],[-54.621405,-20.513293],[-54.621395,-20.513293],[-54.621395,-20.513302],[-54.620926,-20.513296],[-54.620926,-20.513305],[-54.620887,-20.513304],[-54.620887,-20.513313],[-54.620849,-20.513313],[-54.620849,-20.513322],[-54.62081,-20.513321],[-54.62081,-20.51333],[-54.620772,-20.51333],[-54.620772,-20.513339],[-54.620743,-20.513338],[-54.620743,-20.513348],[-54.620704,-20.513347],[-54.620704,-20.513356],[-54.620685,-20.513356],[-54.620685,-20.513365],[-54.620675,-20.513365],[-54.620675,-20.513374],[-54.620656,-20.513373],[-54.620656,-20.513382],[-54.620637,-20.513382],[-54.620637,-20.513391],[-54.620617,-20.513391],[-54.620617,-20.5134],[-54.620608,-20.5134],[-54.620608,-20.513409],[-54.620588,-20.513409],[-54.620588,-20.513418],[-54.620569,-20.513417],[-54.620569,-20.513426],[-54.620559,-20.513426],[-54.620559,-20.513435],[-54.62055,-20.513435],[-54.62054,-20.513435],[-54.62054,-20.513444],[-54.620521,-20.513444],[-54.620521,-20.513453],[-54.620511,-20.513453],[-54.620511,-20.513462],[-54.620492,-20.513461],[-54.620492,-20.51347],[-54.620472,-20.51347],[-54.620472,-20.513479],[-54.620463,-20.513479],[-54.620463,-20.513488],[-54.620443,-20.513488],[-54.620443,-20.513497],[-54.620424,-20.513497],[-54.620424,-20.513506],[-54.620414,-20.513506],[-54.620414,-20.513515],[-54.620395,-20.513514],[-54.620395,-20.513523],[-54.620376,-20.513523],[-54.620376,-20.513532],[-54.620366,-20.513532],[-54.620366,-20.513541],[-54.620318,-20.51354],[-54.620318,-20.513549],[-54.620308,-20.513549],[-54.620308,-20.513558],[-54.620241,-20.513557],[-54.620241,-20.513548],[-54.620232,-20.513548],[-54.620232,-20.513539],[-54.620222,-20.513539],[-54.620222,-20.51353],[-54.620213,-20.51353],[-54.620213,-20.513494],[-54.620204,-20.513494],[-54.620204,-20.513467],[-54.620195,-20.513466],[-54.620195,-20.513457],[-54.619936,-20.513454],[-54.619936,-20.513463],[-54.619792,-20.513461],[-54.619792,-20.51347],[-54.619648,-20.513468],[-54.619648,-20.513477],[-54.6196,-20.513476],[-54.6196,-20.513485],[-54.61959,-20.513485],[-54.61959,-20.513494],[-54.619581,-20.513494],[-54.619581,-20.513503],[-54.619571,-20.513503],[-54.619571,-20.513512],[-54.619561,-20.513512],[-54.619561,-20.513521],[-54.619552,-20.513521],[-54.619551,-20.51353],[-54.619542,-20.51353],[-54.619542,-20.513539],[-54.619532,-20.513539],[-54.619532,-20.513548],[-54.619522,-20.513547],[-54.619522,-20.513557],[-54.619513,-20.513556],[-54.619513,-20.513565],[-54.619503,-20.513565],[-54.619503,-20.513574],[-54.619493,-20.513574],[-54.619493,-20.513583],[-54.619483,-20.513583],[-54.619483,-20.513592],[-54.619474,-20.513592],[-54.619474,-20.513601],[-54.619464,-20.513601],[-54.619464,-20.51361],[-54.619454,-20.51361],[-54.619454,-20.513619],[-54.619445,-20.513619],[-54.619444,-20.513628],[-54.619435,-20.513628],[-54.619435,-20.513637],[-54.619425,-20.513636],[-54.619425,-20.513645],[-54.619415,-20.513645],[-54.619415,-20.513654],[-54.619406,-20.513654],[-54.619406,-20.513663],[-54.619396,-20.513663],[-54.619396,-20.513672],[-54.619386,-20.513672],[-54.619386,-20.513681],[-54.619367,-20.513681],[-54.619367,-20.51369],[-54.619357,-20.51369],[-54.619357,-20.513699],[-54.619348,-20.513699],[-54.619347,-20.513708],[-54.619232,-20.513706],[-54.619232,-20.513715],[-54.619213,-20.513715],[-54.619213,-20.513724],[-54.619184,-20.513723],[-54.619184,-20.513732],[-54.619165,-20.513732],[-54.619165,-20.513741],[-54.619136,-20.513741],[-54.619136,-20.51375],[-54.619107,-20.513749],[-54.619107,-20.513759],[-54.619088,-20.513758],[-54.619088,-20.513767],[-54.619059,-20.513767],[-54.619059,-20.513776],[-54.61904,-20.513776],[-54.619039,-20.513785],[-54.619011,-20.513784],[-54.619011,-20.513793],[-54.618982,-20.513793],[-54.618982,-20.513802],[-54.618963,-20.513802],[-54.618962,-20.513811],[-54.618934,-20.51381],[-54.618933,-20.513819],[-54.618905,-20.513819],[-54.618905,-20.513828],[-54.618885,-20.513828],[-54.618885,-20.513837],[-54.618857,-20.513836],[-54.618856,-20.513845],[-54.618837,-20.513845],[-54.618837,-20.513854],[-54.618808,-20.513854],[-54.618808,-20.513863],[-54.618779,-20.513862],[-54.618779,-20.513871],[-54.61876,-20.513871],[-54.61876,-20.51388],[-54.617735,-20.513866],[-54.617735,-20.513875],[-54.617639,-20.513874],[-54.617639,-20.513865],[-54.61761,-20.513864],[-54.61761,-20.513855],[-54.617581,-20.513855],[-54.617582,-20.513846],[-54.617055,-20.513839],[-54.617055,-20.51383],[-54.616806,-20.513826],[-54.616777,-20.513826],[-54.616777,-20.513835],[-54.616748,-20.513834],[-54.616748,-20.513844],[-54.61669,-20.513843],[-54.61669,-20.513834],[-54.616719,-20.513834],[-54.616719,-20.513825],[-54.616738,-20.513825],[-54.616739,-20.513816],[-54.616748,-20.513816],[-54.616748,-20.513807],[-54.616758,-20.513808],[-54.616758,-20.513798],[-54.616768,-20.513799],[-54.616768,-20.51379],[-54.616777,-20.51379],[-54.616777,-20.513781],[-54.616787,-20.513781],[-54.616787,-20.513772],[-54.616797,-20.513772],[-54.616797,-20.513763],[-54.616806,-20.513763],[-54.616807,-20.513754],[-54.616816,-20.513754],[-54.616816,-20.513745],[-54.616826,-20.513745],[-54.616826,-20.513736],[-54.616836,-20.513736],[-54.616836,-20.513727],[-54.616845,-20.513727],[-54.616846,-20.513718],[-54.616855,-20.513719],[-54.616855,-20.51371],[-54.616865,-20.51371],[-54.616865,-20.513701],[-54.616875,-20.513701],[-54.616875,-20.513692],[-54.616884,-20.513692],[-54.616884,-20.513683],[-54.616894,-20.513683],[-54.616894,-20.513674],[-54.616904,-20.513674],[-54.616904,-20.513665],[-54.616913,-20.513665],[-54.616914,-20.513656],[-54.616923,-20.513656],[-54.616923,-20.513647],[-54.616933,-20.513647],[-54.616933,-20.513638],[-54.616943,-20.513638],[-54.616943,-20.513629],[-54.616952,-20.51363],[-54.616952,-20.513621],[-54.616962,-20.513621],[-54.616962,-20.513612],[-54.616972,-20.513612],[-54.616972,-20.513603],[-54.616982,-20.513603],[-54.616982,-20.513594],[-54.616991,-20.513594],[-54.616991,-20.513585],[-54.617001,-20.513585],[-54.617001,-20.513576],[-54.617011,-20.513576],[-54.617011,-20.513567],[-54.61702,-20.513567],[-54.617021,-20.513558],[-54.61703,-20.513558],[-54.61703,-20.513549],[-54.61704,-20.51355],[-54.61704,-20.51354],[-54.61705,-20.513541],[-54.61705,-20.513532],[-54.617059,-20.513532],[-54.617059,-20.513523],[-54.617069,-20.513523],[-54.617069,-20.513514],[-54.617079,-20.513514],[-54.617079,-20.513505],[-54.617088,-20.513505],[-54.617089,-20.513496],[-54.617098,-20.513496],[-54.617098,-20.513487],[-54.617108,-20.513487],[-54.617108,-20.513478],[-54.617118,-20.513478],[-54.617118,-20.513469],[-54.617127,-20.513469],[-54.617127,-20.51346],[-54.617137,-20.513461],[-54.617137,-20.513452],[-54.617147,-20.513452],[-54.617147,-20.513443],[-54.617157,-20.513443],[-54.617157,-20.513434],[-54.617166,-20.513434],[-54.617166,-20.513425],[-54.617176,-20.513425],[-54.617176,-20.513416],[-54.617186,-20.513416],[-54.617186,-20.513407],[-54.617195,-20.513407],[-54.617196,-20.513398],[-54.617205,-20.513398],[-54.617205,-20.513389],[-54.617215,-20.513389],[-54.617215,-20.51338],[-54.617225,-20.51338],[-54.617225,-20.513371],[-54.617234,-20.513372],[-54.617234,-20.513363],[-54.617244,-20.513363],[-54.617244,-20.513354],[-54.617254,-20.513354],[-54.617254,-20.513345],[-54.617263,-20.513345],[-54.617264,-20.513336],[-54.617273,-20.513336],[-54.617273,-20.513327],[-54.617283,-20.513327],[-54.617283,-20.513318],[-54.617293,-20.513318],[-54.617293,-20.513309],[-54.617302,-20.513309],[-54.617302,-20.5133],[-54.617312,-20.5133],[-54.617312,-20.513291],[-54.617322,-20.513292],[-54.617322,-20.513282],[-54.617332,-20.513283],[-54.617332,-20.513274],[-54.617341,-20.513274],[-54.617341,-20.513265],[-54.617351,-20.513265],[-54.617351,-20.513256],[-54.617361,-20.513256],[-54.617361,-20.513247],[-54.61737,-20.513247],[-54.617371,-20.513238],[-54.61738,-20.513238],[-54.61738,-20.513229],[-54.61739,-20.513229],[-54.61739,-20.51322],[-54.6174,-20.51322],[-54.6174,-20.513211],[-54.617409,-20.513211],[-54.617409,-20.513202],[-54.617419,-20.513203],[-54.617419,-20.513194],[-54.617429,-20.513194],[-54.617429,-20.513185],[-54.617438,-20.513185],[-54.617439,-20.513176],[-54.617448,-20.513176],[-54.617448,-20.513167],[-54.617458,-20.513167],[-54.617458,-20.513158],[-54.617468,-20.513158],[-54.617468,-20.513149],[-54.617477,-20.513149],[-54.617478,-20.51314],[-54.617487,-20.51314],[-54.617487,-20.513131],[-54.617497,-20.513131],[-54.617497,-20.513122],[-54.617507,-20.513122],[-54.617507,-20.513113],[-54.617516,-20.513114],[-54.617516,-20.513105],[-54.617526,-20.513105],[-54.617526,-20.513096],[-54.617536,-20.513096],[-54.617536,-20.513087],[-54.617545,-20.513087],[-54.617546,-20.513078],[-54.617555,-20.513078],[-54.617555,-20.513069],[-54.617565,-20.513069],[-54.617565,-20.51306],[-54.617575,-20.51306],[-54.617575,-20.513051],[-54.617584,-20.513051],[-54.617584,-20.513042],[-54.617594,-20.513042],[-54.617594,-20.513033],[-54.617604,-20.513034],[-54.617604,-20.513024],[-54.617613,-20.513025],[-54.617614,-20.513016],[-54.617623,-20.513016],[-54.617623,-20.513007],[-54.617633,-20.513007],[-54.617633,-20.512998],[-54.617643,-20.512998],[-54.617643,-20.512989],[-54.617652,-20.512989],[-54.617653,-20.51298],[-54.617662,-20.51298],[-54.617662,-20.512971],[-54.617672,-20.512971],[-54.617672,-20.512962],[-54.617682,-20.512962],[-54.617682,-20.512953],[-54.617691,-20.512953],[-54.617691,-20.512944],[-54.617701,-20.512945],[-54.617701,-20.512936],[-54.617711,-20.512936],[-54.617711,-20.512927],[-54.61772,-20.512927],[-54.617721,-20.512918],[-54.61773,-20.512918],[-54.61773,-20.512909],[-54.61774,-20.512909],[-54.61774,-20.5129],[-54.61775,-20.5129],[-54.61775,-20.512891],[-54.617759,-20.512891],[-54.617759,-20.512882],[-54.617769,-20.512882],[-54.617769,-20.512873],[-54.617779,-20.512873],[-54.617779,-20.512864],[-54.617788,-20.512864],[-54.617789,-20.512855],[-54.617798,-20.512856],[-54.617798,-20.512847],[-54.617808,-20.512847],[-54.617808,-20.512838],[-54.617818,-20.512838],[-54.617818,-20.512829],[-54.617827,-20.512829],[-54.617828,-20.51282],[-54.617837,-20.51282],[-54.617837,-20.512811],[-54.617847,-20.512811],[-54.617847,-20.512802],[-54.617857,-20.512802],[-54.617857,-20.512793],[-54.617866,-20.512793],[-54.617866,-20.512784],[-54.617876,-20.512784],[-54.617876,-20.512775],[-54.617886,-20.512776],[-54.617886,-20.512766],[-54.617895,-20.512767],[-54.617896,-20.512758],[-54.617905,-20.512758],[-54.617905,-20.512749],[-54.618126,-20.512752],[-54.618154,-20.512752],[-54.618155,-20.512743],[-54.618164,-20.512743],[-54.618164,-20.512734],[-54.618174,-20.512734],[-54.618174,-20.512725],[-54.618184,-20.512725],[-54.618184,-20.512716],[-54.618193,-20.512717],[-54.618193,-20.512707],[-54.618203,-20.512708],[-54.618203,-20.512699],[-54.618213,-20.512699],[-54.618213,-20.51269],[-54.618223,-20.51269],[-54.618223,-20.512681],[-54.618232,-20.512681],[-54.618232,-20.512672],[-54.618242,-20.512672],[-54.618242,-20.512663],[-54.618252,-20.512663],[-54.618252,-20.512654],[-54.618261,-20.512654],[-54.618262,-20.512645],[-54.618271,-20.512645],[-54.618271,-20.512636],[-54.618281,-20.512636],[-54.618281,-20.512627],[-54.618291,-20.512628],[-54.618291,-20.512619],[-54.6183,-20.512619],[-54.6183,-20.51261],[-54.61831,-20.51261],[-54.61831,-20.512601],[-54.61832,-20.512601],[-54.61832,-20.512592],[-54.618329,-20.512592],[-54.61833,-20.512583],[-54.618339,-20.512583],[-54.618339,-20.512574],[-54.618349,-20.512574],[-54.618349,-20.512565],[-54.618359,-20.512565],[-54.618359,-20.512556],[-54.618368,-20.512556],[-54.618368,-20.512547],[-54.618378,-20.512547],[-54.618378,-20.512538],[-54.618388,-20.512539],[-54.618388,-20.51253],[-54.618398,-20.51253],[-54.618398,-20.512521],[-54.618407,-20.512521],[-54.618407,-20.512512],[-54.618417,-20.512512],[-54.618417,-20.512503],[-54.618427,-20.512503],[-54.618427,-20.512494],[-54.618436,-20.512494],[-54.618437,-20.512485],[-54.618446,-20.512485],[-54.618446,-20.512476],[-54.618456,-20.512476],[-54.618456,-20.512467],[-54.618466,-20.512467],[-54.618466,-20.512458],[-54.618475,-20.512459],[-54.618479,-20.512233],[-54.618488,-20.512233],[-54.618489,-20.512224],[-54.618498,-20.512224],[-54.618498,-20.512215],[-54.618508,-20.512215],[-54.618508,-20.512206],[-54.618518,-20.512206],[-54.618518,-20.512197],[-54.618527,-20.512197],[-54.618527,-20.512188],[-54.618537,-20.512188],[-54.618537,-20.512179],[-54.618547,-20.51218],[-54.618547,-20.512171],[-54.618556,-20.512171],[-54.618557,-20.512162],[-54.618566,-20.512162],[-54.618566,-20.512153],[-54.618576,-20.512153],[-54.618576,-20.512144],[-54.618586,-20.512144],[-54.618586,-20.512135],[-54.618595,-20.512135],[-54.618595,-20.512126],[-54.618605,-20.512126],[-54.618605,-20.512117],[-54.618615,-20.512117],[-54.618615,-20.512108],[-54.618624,-20.512108],[-54.618625,-20.512099],[-54.618634,-20.512099],[-54.618634,-20.51209],[-54.618644,-20.512091],[-54.618644,-20.512082],[-54.618654,-20.512082],[-54.618654,-20.512073],[-54.618663,-20.512073],[-54.618664,-20.512064],[-54.618673,-20.512064],[-54.618673,-20.512055],[-54.618683,-20.512055],[-54.618683,-20.512037],[-54.618702,-20.512037],[-54.618702,-20.512028],[-54.618712,-20.512028],[-54.618712,-20.512019],[-54.618722,-20.512019],[-54.618722,-20.51201],[-54.618731,-20.512011],[-54.618732,-20.512001],[-54.618741,-20.512002],[-54.618741,-20.511993],[-54.618751,-20.511993],[-54.618751,-20.511984],[-54.618761,-20.511984],[-54.618761,-20.511975],[-54.61877,-20.511975],[-54.61877,-20.511966],[-54.61878,-20.511966],[-54.61878,-20.511957],[-54.61879,-20.511957],[-54.61879,-20.511948],[-54.618799,-20.511948],[-54.6188,-20.511939],[-54.618809,-20.511939],[-54.618809,-20.51193],[-54.618819,-20.51193],[-54.618819,-20.511921],[-54.618829,-20.511922],[-54.618829,-20.511913],[-54.618838,-20.511913],[-54.618839,-20.511904],[-54.618848,-20.511904],[-54.618848,-20.511895],[-54.618858,-20.511895],[-54.618858,-20.511886],[-54.618868,-20.511886],[-54.618868,-20.511877],[-54.618877,-20.511877],[-54.618877,-20.511868],[-54.618887,-20.511868],[-54.618887,-20.511859],[-54.618897,-20.511859],[-54.618897,-20.51185],[-54.618906,-20.51185],[-54.618907,-20.511841],[-54.618916,-20.511841],[-54.618916,-20.511832],[-54.618926,-20.511833],[-54.618926,-20.511824],[-54.618936,-20.511824],[-54.618936,-20.511815],[-54.618945,-20.511815],[-54.618945,-20.511806],[-54.618955,-20.511806],[-54.618955,-20.511797],[-54.618965,-20.511797],[-54.618965,-20.511788],[-54.618974,-20.511788],[-54.618975,-20.511779],[-54.618984,-20.511779],[-54.618984,-20.51177],[-54.618994,-20.51177],[-54.618994,-20.511761],[-54.619004,-20.511761],[-54.619004,-20.511752],[-54.619013,-20.511753],[-54.619014,-20.511743],[-54.619023,-20.511744],[-54.619023,-20.511735],[-54.619033,-20.511735],[-54.619033,-20.511726],[-54.619043,-20.511726],[-54.619043,-20.511717],[-54.619052,-20.511717],[-54.619052,-20.511708],[-54.619062,-20.511708],[-54.619062,-20.511699],[-54.619072,-20.511699],[-54.619072,-20.51169],[-54.619081,-20.51169],[-54.619082,-20.511681],[-54.619091,-20.511681],[-54.619091,-20.511672],[-54.619101,-20.511672],[-54.619101,-20.511663],[-54.619111,-20.511664],[-54.619111,-20.511655],[-54.61912,-20.511655],[-54.61912,-20.511646],[-54.61913,-20.511646],[-54.61913,-20.511637],[-54.61914,-20.511637],[-54.61914,-20.511628],[-54.619149,-20.511628],[-54.61915,-20.511619],[-54.619159,-20.511619],[-54.619159,-20.51161],[-54.619169,-20.51161],[-54.619169,-20.511601],[-54.619179,-20.511601],[-54.619179,-20.511592],[-54.619188,-20.511592],[-54.619189,-20.511583],[-54.619198,-20.511583],[-54.619198,-20.511574],[-54.619399,-20.511577],[-54.6194,-20.511568],[-54.619409,-20.511568],[-54.619409,-20.511559],[-54.619419,-20.511559],[-54.619419,-20.51155],[-54.619429,-20.511551],[-54.619429,-20.511541],[-54.619438,-20.511542],[-54.619439,-20.511533],[-54.619448,-20.511533],[-54.619448,-20.511524],[-54.619458,-20.511524],[-54.619458,-20.511515],[-54.619468,-20.511515],[-54.619468,-20.511506],[-54.619477,-20.511506],[-54.619477,-20.511497],[-54.619487,-20.511497],[-54.619487,-20.511488],[-54.619506,-20.511488],[-54.619506,-20.511479],[-54.619526,-20.51148],[-54.619526,-20.511471],[-54.619535,-20.511471],[-54.619535,-20.511462],[-54.619545,-20.511462],[-54.619545,-20.511453],[-54.619555,-20.511453],[-54.619555,-20.511444],[-54.619564,-20.511444],[-54.619565,-20.511435],[-54.619574,-20.511435],[-54.619574,-20.511426],[-54.619584,-20.511426],[-54.619584,-20.511417],[-54.619594,-20.511417],[-54.619594,-20.511408],[-54.619603,-20.511408],[-54.619604,-20.511399],[-54.619613,-20.5114],[-54.619613,-20.511391],[-54.619623,-20.511391],[-54.619623,-20.511382],[-54.619633,-20.511382],[-54.619633,-20.511373],[-54.619642,-20.511373],[-54.619642,-20.511364],[-54.619652,-20.511364],[-54.619652,-20.511355],[-54.619662,-20.511355],[-54.619662,-20.511346],[-54.619671,-20.511346],[-54.619672,-20.511337],[-54.619681,-20.511337],[-54.619681,-20.511328],[-54.619787,-20.51133],[-54.619787,-20.511321],[-54.619873,-20.511322],[-54.619873,-20.511313],[-54.619883,-20.511313],[-54.619883,-20.511304],[-54.619893,-20.511304],[-54.619893,-20.511295],[-54.619902,-20.511295],[-54.619902,-20.511286],[-54.619912,-20.511286],[-54.619912,-20.511277],[-54.619922,-20.511277],[-54.619922,-20.511268],[-54.619931,-20.511268],[-54.619932,-20.511259],[-54.619951,-20.51126],[-54.619952,-20.511206],[-54.619961,-20.511206],[-54.619961,-20.511197],[-54.619971,-20.511197],[-54.619971,-20.511188],[-54.619981,-20.511188],[-54.619981,-20.511179],[-54.61999,-20.511179],[-54.61999,-20.51117],[-54.62,-20.51117],[-54.62,-20.511161],[-54.62001,-20.511161],[-54.62001,-20.511152],[-54.620019,-20.511152],[-54.62002,-20.511143],[-54.620029,-20.511143],[-54.620029,-20.511134],[-54.620039,-20.511134],[-54.620039,-20.511125],[-54.620049,-20.511126],[-54.620049,-20.511117],[-54.620058,-20.511117],[-54.620059,-20.511108],[-54.620068,-20.511108],[-54.620068,-20.511099],[-54.620078,-20.511099],[-54.620078,-20.51109],[-54.620088,-20.51109],[-54.620088,-20.511081],[-54.620097,-20.511081],[-54.620097,-20.511072],[-54.620107,-20.511072],[-54.620107,-20.511063],[-54.620117,-20.511063],[-54.620117,-20.511054],[-54.620126,-20.511054],[-54.620127,-20.511045],[-54.620136,-20.511046],[-54.620136,-20.511036],[-54.620146,-20.511037],[-54.620146,-20.511028],[-54.620156,-20.511028],[-54.620156,-20.511019],[-54.620165,-20.511019],[-54.620165,-20.51101],[-54.620175,-20.51101],[-54.620175,-20.511001],[-54.620185,-20.511001],[-54.620185,-20.510992],[-54.620194,-20.510992],[-54.620195,-20.510983],[-54.620204,-20.510983],[-54.620204,-20.510974],[-54.620214,-20.510974],[-54.620214,-20.510965],[-54.620224,-20.510965],[-54.620224,-20.510956],[-54.620233,-20.510957],[-54.620234,-20.510948],[-54.620243,-20.510948],[-54.620243,-20.510939],[-54.620253,-20.510939],[-54.620253,-20.51093],[-54.620263,-20.51093],[-54.620263,-20.510921],[-54.620272,-20.510921],[-54.620272,-20.510912],[-54.620282,-20.510912],[-54.620282,-20.510903],[-54.620292,-20.510903],[-54.620292,-20.510894],[-54.620301,-20.510894],[-54.620302,-20.510885],[-54.62033,-20.510886],[-54.62033,-20.510877],[-54.62034,-20.510877],[-54.62034,-20.510868],[-54.62035,-20.510868],[-54.62035,-20.510859],[-54.620359,-20.510859],[-54.62036,-20.51085],[-54.620369,-20.51085],[-54.620369,-20.510841],[-54.620379,-20.510841],[-54.620379,-20.510832],[-54.620389,-20.510832],[-54.620389,-20.510823],[-54.620398,-20.510823],[-54.620399,-20.510814],[-54.620408,-20.510814],[-54.620408,-20.510805],[-54.620418,-20.510806],[-54.620418,-20.510797],[-54.620428,-20.510797],[-54.620428,-20.510788],[-54.620437,-20.510788],[-54.620437,-20.510779],[-54.620447,-20.510779],[-54.620447,-20.51077],[-54.620457,-20.51077],[-54.620457,-20.510761],[-54.620466,-20.510761],[-54.620467,-20.510752],[-54.620476,-20.510752],[-54.620476,-20.510743],[-54.620486,-20.510743],[-54.620486,-20.510734],[-54.620496,-20.510734],[-54.620496,-20.510725],[-54.620505,-20.510725],[-54.620505,-20.510716],[-54.620515,-20.510717],[-54.620515,-20.510708],[-54.620525,-20.510708],[-54.620525,-20.510699],[-54.620534,-20.510699],[-54.620535,-20.51069],[-54.620544,-20.51069],[-54.620544,-20.510681],[-54.620554,-20.510681],[-54.620554,-20.510672],[-54.620554,-20.510645],[-54.620564,-20.510645],[-54.620564,-20.510627],[-54.620574,-20.510627],[-54.620574,-20.510618],[-54.620584,-20.510618],[-54.620584,-20.510609],[-54.620593,-20.510609],[-54.620594,-20.5106],[-54.620603,-20.5106],[-54.620603,-20.510591],[-54.620613,-20.510591],[-54.620613,-20.510582],[-54.620623,-20.510583],[-54.620623,-20.510574],[-54.620632,-20.510574],[-54.620632,-20.510565],[-54.620642,-20.510565],[-54.620642,-20.510556],[-54.620652,-20.510556],[-54.620652,-20.510547],[-54.620661,-20.510547],[-54.620662,-20.510538],[-54.620671,-20.510538],[-54.620671,-20.510529],[-54.620681,-20.510529],[-54.620681,-20.51052],[-54.620691,-20.51052],[-54.620691,-20.510511],[-54.6207,-20.510511],[-54.6207,-20.510502],[-54.62071,-20.510503],[-54.62071,-20.510494],[-54.62072,-20.510494],[-54.62072,-20.510485],[-54.620729,-20.510485],[-54.62073,-20.510431],[-54.62074,-20.510431],[-54.62074,-20.510422],[-54.62075,-20.510422],[-54.62075,-20.510413],[-54.620759,-20.510413],[-54.620759,-20.510404],[-54.620769,-20.510404],[-54.620769,-20.510395],[-54.620779,-20.510395],[-54.620779,-20.510386],[-54.620789,-20.510386],[-54.620789,-20.510377],[-54.620798,-20.510377],[-54.620798,-20.510368],[-54.620808,-20.510368],[-54.620808,-20.510359],[-54.620818,-20.51036],[-54.620818,-20.51035],[-54.620827,-20.510351],[-54.620828,-20.510342],[-54.620837,-20.510342],[-54.620837,-20.510333],[-54.620847,-20.510333],[-54.620847,-20.510324],[-54.620857,-20.510324],[-54.620857,-20.510315],[-54.620866,-20.510315],[-54.620866,-20.510306],[-54.620876,-20.510306],[-54.620876,-20.510297],[-54.620886,-20.510297],[-54.620886,-20.510288],[-54.620895,-20.510288],[-54.620896,-20.510279],[-54.620905,-20.510279],[-54.620905,-20.51027],[-54.620915,-20.510271],[-54.620915,-20.510262],[-54.620925,-20.510262],[-54.620925,-20.510253],[-54.620934,-20.510253],[-54.620934,-20.510244],[-54.620944,-20.510244],[-54.620944,-20.510235],[-54.620954,-20.510235],[-54.620954,-20.510226],[-54.620964,-20.510226],[-54.620964,-20.510217],[-54.620973,-20.510217],[-54.620973,-20.510208],[-54.620983,-20.510208],[-54.620983,-20.510199],[-54.620993,-20.510199],[-54.620993,-20.51019],[-54.621002,-20.51019],[-54.621005,-20.510037],[-54.621014,-20.510037],[-54.621015,-20.510028],[-54.621024,-20.510028],[-54.621024,-20.510019],[-54.621034,-20.510019],[-54.621034,-20.51001],[-54.621044,-20.51001],[-54.621044,-20.510001],[-54.621053,-20.510002],[-54.621053,-20.509993],[-54.621063,-20.509993],[-54.621063,-20.509984],[-54.621073,-20.509984],[-54.621073,-20.509975],[-54.621102,-20.509975],[-54.621102,-20.509966],[-54.621111,-20.509966],[-54.621111,-20.509957],[-54.621121,-20.509957],[-54.621121,-20.509948],[-54.621131,-20.509948],[-54.621131,-20.509939],[-54.62114,-20.50994],[-54.621141,-20.50993],[-54.62115,-20.509931],[-54.62115,-20.509922],[-54.62116,-20.509922],[-54.62116,-20.509913],[-54.62117,-20.509913],[-54.62117,-20.509904],[-54.621179,-20.509904],[-54.621179,-20.509895],[-54.621189,-20.509895],[-54.621189,-20.509886],[-54.621199,-20.509886],[-54.621199,-20.509877],[-54.621209,-20.509877],[-54.621209,-20.509868],[-54.621218,-20.509868],[-54.621218,-20.509859],[-54.621228,-20.509859],[-54.621228,-20.50985],[-54.621238,-20.509851],[-54.621238,-20.509842],[-54.621247,-20.509842],[-54.621248,-20.509833],[-54.621257,-20.509833],[-54.621257,-20.509824],[-54.621267,-20.509824],[-54.621269,-20.509706],[-54.621259,-20.509706],[-54.621259,-20.509697],[-54.62125,-20.509697],[-54.62125,-20.509688],[-54.62124,-20.509688],[-54.62124,-20.50967],[-54.621231,-20.50967],[-54.621231,-20.509661],[-54.621221,-20.509661],[-54.621222,-20.509643],[-54.621212,-20.509643],[-54.621212,-20.509633],[-54.621203,-20.509633],[-54.621203,-20.509624],[-54.621193,-20.509624],[-54.621194,-20.509606],[-54.621184,-20.509606],[-54.621185,-20.509516],[-54.621195,-20.509516],[-54.621195,-20.509498],[-54.621205,-20.509498],[-54.621205,-20.509489],[-54.621215,-20.509489],[-54.621222,-20.508974],[-54.621232,-20.508975],[-54.621233,-20.508902],[-54.621243,-20.508902],[-54.621243,-20.508893],[-54.621252,-20.508894],[-54.621253,-20.508885],[-54.621262,-20.508885],[-54.621262,-20.508876],[-54.621272,-20.508876],[-54.621272,-20.508867],[-54.621282,-20.508867],[-54.621282,-20.508858],[-54.621291,-20.508858],[-54.621292,-20.508849],[-54.621301,-20.508849],[-54.621301,-20.50884],[-54.621311,-20.50884],[-54.621311,-20.508831],[-54.621321,-20.508831],[-54.621321,-20.508822],[-54.62133,-20.508822],[-54.62133,-20.508813],[-54.62134,-20.508813],[-54.62134,-20.508804],[-54.62135,-20.508805],[-54.62135,-20.508796],[-54.621359,-20.508796],[-54.62136,-20.508787],[-54.621369,-20.508787],[-54.621369,-20.508778],[-54.621379,-20.508778],[-54.621379,-20.508769],[-54.621389,-20.508769],[-54.621389,-20.50876],[-54.621398,-20.50876],[-54.621398,-20.508751],[-54.621427,-20.508751],[-54.621428,-20.508697],[-54.621438,-20.508697],[-54.621439,-20.508616],[-54.621448,-20.508616],[-54.62145,-20.508544],[-54.621459,-20.508544],[-54.62146,-20.508472],[-54.62147,-20.508472],[-54.621471,-20.508373],[-54.621481,-20.508373],[-54.621482,-20.508319],[-54.621491,-20.508319],[-54.621492,-20.50831],[-54.621501,-20.50831],[-54.621501,-20.508301],[-54.621511,-20.508301],[-54.621511,-20.508292],[-54.621521,-20.508292],[-54.621521,-20.508283],[-54.62153,-20.508283],[-54.62153,-20.508274],[-54.62154,-20.508274],[-54.62154,-20.508265],[-54.62155,-20.508266],[-54.62155,-20.508256],[-54.621559,-20.508257],[-54.62156,-20.508248],[-54.621579,-20.508248],[-54.621579,-20.508212],[-54.621589,-20.508212],[-54.621589,-20.508176],[-54.621599,-20.508176],[-54.621601,-20.508049],[-54.621611,-20.50805],[-54.621611,-20.508041],[-54.62162,-20.508041],[-54.62162,-20.508032],[-54.62163,-20.508032],[-54.62163,-20.508023],[-54.62164,-20.508023],[-54.62164,-20.508014],[-54.621649,-20.508014],[-54.62165,-20.508005],[-54.621659,-20.508005],[-54.621659,-20.507996],[-54.621669,-20.507996],[-54.621669,-20.507987],[-54.621679,-20.507987],[-54.621679,-20.507978],[-54.621688,-20.507978],[-54.621689,-20.507933],[-54.621679,-20.507933],[-54.621681,-20.507816],[-54.621691,-20.507816],[-54.621693,-20.50769],[-54.621702,-20.50769],[-54.621703,-20.507635],[-54.621713,-20.507636],[-54.621713,-20.507627],[-54.621818,-20.507628],[-54.621818,-20.507619],[-54.621838,-20.507619],[-54.621838,-20.50761],[-54.621847,-20.50761],[-54.621848,-20.507601],[-54.621857,-20.507601],[-54.621857,-20.507592],[-54.621867,-20.507593],[-54.621867,-20.507584],[-54.621877,-20.507584],[-54.621877,-20.507575],[-54.621886,-20.507575],[-54.621886,-20.507566],[-54.621896,-20.507566],[-54.621896,-20.507557],[-54.621906,-20.507557],[-54.621906,-20.507548],[-54.621915,-20.507548],[-54.621916,-20.507539],[-54.621925,-20.507539],[-54.621925,-20.50753],[-54.621935,-20.50753],[-54.621935,-20.507521],[-54.621945,-20.507521],[-54.621945,-20.507512],[-54.621954,-20.507513],[-54.621954,-20.507503],[-54.621964,-20.507504],[-54.621964,-20.507495],[-54.621974,-20.507495],[-54.621974,-20.507486],[-54.621983,-20.507486],[-54.621984,-20.507477],[-54.621993,-20.507477],[-54.621993,-20.507468],[-54.622003,-20.507468],[-54.622003,-20.507459],[-54.622013,-20.507459],[-54.622013,-20.50745],[-54.622022,-20.50745],[-54.622023,-20.507441],[-54.622032,-20.507441],[-54.622032,-20.507432],[-54.622042,-20.507432],[-54.622042,-20.507423],[-54.622052,-20.507424],[-54.622052,-20.507415],[-54.622061,-20.507415],[-54.622061,-20.507406],[-54.622071,-20.507406],[-54.622071,-20.507397],[-54.622081,-20.507397],[-54.622081,-20.507388],[-54.62209,-20.507388],[-54.622091,-20.507379],[-54.6221,-20.507379],[-54.6221,-20.50737],[-54.62211,-20.50737],[-54.62211,-20.507361],[-54.62212,-20.507361],[-54.62212,-20.507352],[-54.622129,-20.507352],[-54.622129,-20.507343],[-54.622139,-20.507343],[-54.622139,-20.507334],[-54.622149,-20.507335],[-54.622149,-20.507326],[-54.622158,-20.507326],[-54.622159,-20.507317],[-54.622168,-20.507317],[-54.622168,-20.507308],[-54.622178,-20.507308],[-54.622178,-20.507299],[-54.622188,-20.507299],[-54.622188,-20.50729],[-54.622197,-20.50729],[-54.622198,-20.507281],[-54.622207,-20.507281],[-54.622207,-20.507272],[-54.622217,-20.507272],[-54.622217,-20.507263],[-54.622227,-20.507263],[-54.622227,-20.507254],[-54.622236,-20.507255],[-54.622236,-20.507245],[-54.622246,-20.507246],[-54.622246,-20.507237],[-54.622256,-20.507237],[-54.622256,-20.507228],[-54.622265,-20.507228],[-54.622266,-20.507219],[-54.622275,-20.507219],[-54.622275,-20.50721],[-54.622285,-20.50721],[-54.622285,-20.507201],[-54.622295,-20.507201],[-54.622295,-20.507192],[-54.622304,-20.507192],[-54.622304,-20.507183],[-54.622314,-20.507183],[-54.622314,-20.507174],[-54.622324,-20.507174],[-54.622324,-20.507165],[-54.622343,-20.507166],[-54.622343,-20.507157],[-54.622353,-20.507157],[-54.622353,-20.507148],[-54.622362,-20.507148],[-54.622363,-20.507139],[-54.622372,-20.507139],[-54.622372,-20.50713],[-54.622382,-20.50713],[-54.622382,-20.507121],[-54.622392,-20.507121],[-54.622392,-20.507112],[-54.622401,-20.507112],[-54.622402,-20.507103],[-54.622411,-20.507103],[-54.622411,-20.507094],[-54.622421,-20.507094],[-54.622421,-20.507085],[-54.622431,-20.507086],[-54.622431,-20.507077],[-54.62244,-20.507077],[-54.62244,-20.507068],[-54.62245,-20.507068],[-54.62245,-20.507059],[-54.62246,-20.507059],[-54.62246,-20.50705],[-54.622469,-20.50705],[-54.62247,-20.507041],[-54.622479,-20.507041],[-54.622479,-20.507032],[-54.622489,-20.507032],[-54.622489,-20.507023],[-54.622499,-20.507023],[-54.622499,-20.507014],[-54.622508,-20.507014],[-54.622508,-20.507005],[-54.622518,-20.507006],[-54.622518,-20.506996],[-54.622528,-20.506997],[-54.622528,-20.506988],[-54.622537,-20.506988],[-54.622538,-20.506979],[-54.622547,-20.506979],[-54.622547,-20.50697],[-54.622557,-20.50697],[-54.622557,-20.506961],[-54.622567,-20.506961],[-54.622567,-20.506952],[-54.622576,-20.506952],[-54.622577,-20.506943],[-54.622586,-20.506943],[-54.622586,-20.506934],[-54.622596,-20.506934],[-54.622596,-20.506925],[-54.622615,-20.506926],[-54.622615,-20.506917],[-54.622625,-20.506917],[-54.622625,-20.506908],[-54.622635,-20.506908],[-54.622635,-20.506899],[-54.622644,-20.506899],[-54.622644,-20.50689],[-54.622654,-20.50689],[-54.622654,-20.506881],[-54.622664,-20.506881],[-54.622664,-20.506872],[-54.622673,-20.506872],[-54.622674,-20.506863],[-54.622683,-20.506863],[-54.622685,-20.506773],[-54.622694,-20.506773],[-54.622694,-20.506764],[-54.622704,-20.506764],[-54.622704,-20.506755],[-54.622714,-20.506755],[-54.622714,-20.506746],[-54.622723,-20.506746],[-54.622723,-20.506737],[-54.622733,-20.506738],[-54.622733,-20.506729],[-54.622743,-20.506729],[-54.622743,-20.506711],[-54.622753,-20.506711],[-54.622753,-20.506702],[-54.622762,-20.506702],[-54.622762,-20.506693],[-54.622772,-20.506693],[-54.622772,-20.506684],[-54.622782,-20.506684],[-54.622782,-20.506675],[-54.622792,-20.506675],[-54.622792,-20.506666],[-54.622801,-20.506666],[-54.622801,-20.506657],[-54.622811,-20.506657],[-54.622811,-20.506648],[-54.622821,-20.506648],[-54.622821,-20.506639],[-54.62283,-20.50664],[-54.622831,-20.506631],[-54.62284,-20.506631],[-54.62284,-20.506622],[-54.62285,-20.506622],[-54.62285,-20.506613],[-54.62286,-20.506613],[-54.62286,-20.506604],[-54.622869,-20.506604],[-54.622869,-20.506595],[-54.622879,-20.506595],[-54.622879,-20.506586],[-54.622889,-20.506586],[-54.622889,-20.506577],[-54.622898,-20.506577],[-54.622899,-20.506568],[-54.622908,-20.506568],[-54.622908,-20.50655],[-54.622918,-20.50655],[-54.622918,-20.506523],[-54.622938,-20.506524],[-54.622938,-20.506515],[-54.622947,-20.506515],[-54.622947,-20.506506],[-54.622957,-20.506506],[-54.622957,-20.506488],[-54.622967,-20.506488],[-54.622967,-20.50647],[-54.622977,-20.50647],[-54.622977,-20.506452],[-54.622987,-20.506452],[-54.622987,-20.506434],[-54.622997,-20.506434],[-54.622997,-20.506416],[-54.623006,-20.506416],[-54.623007,-20.506398],[-54.623016,-20.506398],[-54.623016,-20.506389],[-54.623026,-20.506389],[-54.623026,-20.506371],[-54.623036,-20.506371],[-54.623036,-20.506353],[-54.623046,-20.506354],[-54.623046,-20.506335],[-54.623056,-20.506336],[-54.623056,-20.506327],[-54.623065,-20.506327],[-54.623066,-20.506309],[-54.623075,-20.506309],[-54.623076,-20.506237],[-54.623086,-20.506237],[-54.623086,-20.50621],[-54.623096,-20.50621],[-54.623096,-20.506201],[-54.623106,-20.506201],[-54.623106,-20.506192],[-54.623115,-20.506192],[-54.623115,-20.506183],[-54.623125,-20.506183],[-54.623125,-20.506174],[-54.623135,-20.506174],[-54.623139,-20.505921],[-54.623148,-20.505921],[-54.623148,-20.505912],[-54.623158,-20.505913],[-54.623158,-20.505904],[-54.623168,-20.505904],[-54.623168,-20.505895],[-54.623177,-20.505895],[-54.623177,-20.505886],[-54.623187,-20.505886],[-54.623187,-20.505877],[-54.623197,-20.505877],[-54.623197,-20.505868],[-54.623207,-20.505868],[-54.623207,-20.505859],[-54.623216,-20.505859],[-54.623216,-20.50585],[-54.623226,-20.50585],[-54.623226,-20.505841],[-54.623236,-20.505841],[-54.623236,-20.505832],[-54.623245,-20.505833],[-54.623246,-20.505823],[-54.623255,-20.505824],[-54.623255,-20.505815],[-54.623265,-20.505815],[-54.623265,-20.505806],[-54.623275,-20.505806],[-54.623275,-20.505797],[-54.623284,-20.505797],[-54.623284,-20.505788],[-54.623294,-20.505788],[-54.623294,-20.505779],[-54.623304,-20.505779],[-54.623304,-20.50577],[-54.623313,-20.50577],[-54.623314,-20.505761],[-54.623323,-20.505761],[-54.623323,-20.505752],[-54.623333,-20.505752],[-54.623333,-20.505743],[-54.623343,-20.505744],[-54.62335,-20.505283],[-54.623359,-20.505283],[-54.62336,-20.505229],[-54.62337,-20.505229],[-54.62337,-20.505184],[-54.62338,-20.505184],[-54.62338,-20.505175],[-54.62339,-20.505175],[-54.62339,-20.505166],[-54.623399,-20.505166],[-54.6234,-20.505157],[-54.623409,-20.505157],[-54.623409,-20.505148],[-54.623419,-20.505149],[-54.623419,-20.50514],[-54.623429,-20.50514],[-54.623429,-20.505131],[-54.623438,-20.505131],[-54.623439,-20.505104],[-54.623448,-20.505104],[-54.623449,-20.505068],[-54.623458,-20.505068],[-54.623459,-20.505032],[-54.623469,-20.505032],[-54.623469,-20.504996],[-54.623479,-20.504996],[-54.623479,-20.504969],[-54.623489,-20.504969],[-54.623489,-20.504933],[-54.623499,-20.504933],[-54.623499,-20.504897],[-54.623509,-20.504897],[-54.623509,-20.50487],[-54.623519,-20.50487],[-54.62352,-20.504834],[-54.623529,-20.504834],[-54.62353,-20.504798],[-54.623539,-20.504798],[-54.62354,-20.50478],[-54.623549,-20.50478],[-54.623549,-20.504771],[-54.623559,-20.504771],[-54.623559,-20.504762],[-54.623569,-20.504762],[-54.62357,-20.50469],[-54.623598,-20.504691],[-54.623599,-20.504681],[-54.623608,-20.504682],[-54.623608,-20.504673],[-54.623618,-20.504673],[-54.623618,-20.504664],[-54.623628,-20.504664],[-54.623628,-20.504655],[-54.623637,-20.504655],[-54.623638,-20.504637],[-54.623647,-20.504637],[-54.623648,-20.504619],[-54.623657,-20.504619],[-54.623657,-20.50461],[-54.623667,-20.50461],[-54.623667,-20.504601],[-54.623677,-20.504601],[-54.623677,-20.504592],[-54.623686,-20.504592],[-54.623686,-20.504583],[-54.623696,-20.504583],[-54.623696,-20.504574],[-54.623706,-20.504575],[-54.623706,-20.504566],[-54.623715,-20.504566],[-54.623716,-20.504557],[-54.623725,-20.504557],[-54.623725,-20.504548],[-54.623735,-20.504548],[-54.623735,-20.504539],[-54.623745,-20.504539],[-54.623745,-20.50453],[-54.623754,-20.50453],[-54.623754,-20.504521],[-54.623764,-20.504521],[-54.623764,-20.504512],[-54.623774,-20.504512],[-54.623774,-20.504503],[-54.623783,-20.504503],[-54.623784,-20.504485],[-54.623793,-20.504485],[-54.623793,-20.504476],[-54.623803,-20.504477],[-54.623803,-20.504459],[-54.623813,-20.504459],[-54.623813,-20.504423],[-54.623823,-20.504423],[-54.623823,-20.504396],[-54.623833,-20.504396],[-54.623833,-20.504387],[-54.623843,-20.504387],[-54.623843,-20.504378],[-54.623853,-20.504378],[-54.623853,-20.504369],[-54.623862,-20.504369],[-54.623862,-20.50436],[-54.623872,-20.50436],[-54.623872,-20.504351],[-54.623882,-20.504351],[-54.623882,-20.504342],[-54.623891,-20.504342],[-54.623892,-20.504333],[-54.623901,-20.504333],[-54.623901,-20.504324],[-54.623911,-20.504325],[-54.623911,-20.504316],[-54.623921,-20.504316],[-54.623921,-20.504307],[-54.62393,-20.504307],[-54.62393,-20.504298],[-54.62394,-20.504298],[-54.62394,-20.504289],[-54.62395,-20.504289],[-54.62395,-20.50428],[-54.623959,-20.50428],[-54.62396,-20.504271],[-54.623969,-20.504271],[-54.623969,-20.504262],[-54.623979,-20.504262],[-54.623979,-20.504253],[-54.623989,-20.504253],[-54.623989,-20.504244],[-54.623998,-20.504244],[-54.623998,-20.504235],[-54.624008,-20.504236],[-54.624008,-20.504227],[-54.624018,-20.504227],[-54.624018,-20.504218],[-54.624027,-20.504218],[-54.624028,-20.504209],[-54.624037,-20.504209],[-54.624037,-20.5042],[-54.624047,-20.5042],[-54.624047,-20.504191],[-54.624066,-20.504191],[-54.624067,-20.504173],[-54.624076,-20.504173],[-54.624076,-20.504155],[-54.624086,-20.504155],[-54.624086,-20.504137],[-54.624096,-20.504137],[-54.624096,-20.504128],[-54.624106,-20.504129],[-54.624106,-20.50411],[-54.624125,-20.504111],[-54.624125,-20.504102],[-54.624135,-20.504102],[-54.624135,-20.504084],[-54.624145,-20.504084],[-54.624145,-20.504075],[-54.624154,-20.504075],[-54.624154,-20.504066],[-54.624164,-20.504066],[-54.624164,-20.504048],[-54.624174,-20.504048],[-54.624174,-20.50403],[-54.624184,-20.50403],[-54.624184,-20.504021],[-54.624193,-20.504021],[-54.624194,-20.504012],[-54.624203,-20.504012],[-54.624203,-20.504003],[-54.624261,-20.504004],[-54.624261,-20.503995],[-54.624299,-20.503996],[-54.624299,-20.503987],[-54.624309,-20.503987],[-54.624309,-20.503978],[-54.624319,-20.503978],[-54.624319,-20.503969],[-54.624328,-20.503969],[-54.624329,-20.50396],[-54.624338,-20.50396],[-54.624338,-20.503951],[-54.624348,-20.503951],[-54.624348,-20.503942],[-54.624358,-20.503942],[-54.624358,-20.503933],[-54.624367,-20.503933],[-54.624367,-20.503924],[-54.624377,-20.503925],[-54.624377,-20.503916],[-54.624387,-20.503916],[-54.624387,-20.503907],[-54.624626,-20.50391],[-54.624627,-20.503901],[-54.624636,-20.503901],[-54.624636,-20.503892],[-54.624646,-20.503892],[-54.624646,-20.503883],[-54.624656,-20.503883],[-54.624656,-20.503874],[-54.624665,-20.503874],[-54.624665,-20.503865],[-54.624675,-20.503865],[-54.624675,-20.503856],[-54.624685,-20.503857],[-54.624685,-20.503848],[-54.624695,-20.503848],[-54.624695,-20.503839],[-54.624704,-20.503839],[-54.624704,-20.50383],[-54.624714,-20.50383],[-54.624714,-20.503821],[-54.624724,-20.503821],[-54.624724,-20.503812],[-54.624733,-20.503812],[-54.624735,-20.503722],[-54.624744,-20.503722],[-54.624745,-20.503659],[-54.624755,-20.503659],[-54.624755,-20.503641],[-54.624765,-20.503641],[-54.624765,-20.503632],[-54.624775,-20.503632],[-54.624775,-20.503623],[-54.624784,-20.503623],[-54.624785,-20.503605],[-54.624794,-20.503605],[-54.624794,-20.503596],[-54.624804,-20.503596],[-54.624804,-20.503587],[-54.624814,-20.503587],[-54.624814,-20.503578],[-54.624823,-20.503579],[-54.624823,-20.503569],[-54.624833,-20.50357],[-54.624833,-20.503561],[-54.624843,-20.503561],[-54.624843,-20.503534],[-54.624853,-20.503534],[-54.624854,-20.503462],[-54.624863,-20.503462],[-54.624865,-20.503389],[-54.624874,-20.50339],[-54.624874,-20.503381],[-54.624884,-20.503381],[-54.624884,-20.503372],[-54.624894,-20.503372],[-54.624894,-20.503363],[-54.624903,-20.503363],[-54.624903,-20.503354],[-54.624923,-20.503354],[-54.624923,-20.503345],[-54.624932,-20.503345],[-54.624932,-20.503336],[-54.624942,-20.503336],[-54.624942,-20.503327],[-54.624952,-20.503327],[-54.624952,-20.503318],[-54.624961,-20.503319],[-54.624962,-20.503309],[-54.624971,-20.50331],[-54.624971,-20.503301],[-54.624981,-20.503301],[-54.624981,-20.503292],[-54.624991,-20.503292],[-54.624991,-20.503283],[-54.625,-20.503283],[-54.625,-20.503274],[-54.62501,-20.503274],[-54.62501,-20.503265],[-54.62502,-20.503265],[-54.62502,-20.503256],[-54.62503,-20.503256],[-54.62503,-20.503247],[-54.625039,-20.503247],[-54.625039,-20.503238],[-54.625049,-20.503238],[-54.625049,-20.503229],[-54.625059,-20.50323],[-54.625059,-20.503221],[-54.625068,-20.503221],[-54.625069,-20.503212],[-54.625078,-20.503212],[-54.625078,-20.503203],[-54.625088,-20.503203],[-54.625088,-20.503185],[-54.625098,-20.503185],[-54.625098,-20.503176],[-54.625107,-20.503176],[-54.625108,-20.503158],[-54.625117,-20.503158],[-54.625117,-20.503149],[-54.625127,-20.503149],[-54.625127,-20.503131],[-54.625137,-20.503131],[-54.625137,-20.503122],[-54.625147,-20.503122],[-54.625147,-20.503104],[-54.625156,-20.503104],[-54.625163,-20.50268],[-54.625173,-20.50268],[-54.625173,-20.502635],[-54.625183,-20.502635],[-54.625183,-20.502626],[-54.625193,-20.502626],[-54.625193,-20.502617],[-54.625202,-20.502617],[-54.625202,-20.502608],[-54.625222,-20.502609],[-54.625222,-20.5026],[-54.625231,-20.5026],[-54.625231,-20.502591],[-54.625241,-20.502591],[-54.625241,-20.502582],[-54.625251,-20.502582],[-54.625251,-20.502573],[-54.62526,-20.502573],[-54.625261,-20.502564],[-54.62527,-20.502564],[-54.62527,-20.502555],[-54.62528,-20.502555],[-54.62528,-20.502546],[-54.62529,-20.502546],[-54.62529,-20.502537],[-54.625299,-20.502538],[-54.6253,-20.502528],[-54.625309,-20.502529],[-54.625309,-20.50252],[-54.625319,-20.50252],[-54.625319,-20.502511],[-54.625329,-20.502511],[-54.625329,-20.502502],[-54.625338,-20.502502],[-54.625338,-20.502493],[-54.625348,-20.502493],[-54.625348,-20.502484],[-54.625358,-20.502484],[-54.625358,-20.502475],[-54.625367,-20.502475],[-54.625368,-20.502466],[-54.625377,-20.502466],[-54.625377,-20.502457],[-54.625387,-20.502457],[-54.625392,-20.502132],[-54.626427,-20.502147],[-54.626436,-20.502147],[-54.626439,-20.501993],[-54.626429,-20.501993],[-54.626429,-20.501984],[-54.62642,-20.501984],[-54.62642,-20.501975],[-54.62641,-20.501975],[-54.62641,-20.501966],[-54.626382,-20.501965],[-54.626382,-20.501956],[-54.626372,-20.501956],[-54.626372,-20.501938],[-54.626363,-20.501938],[-54.626363,-20.501911],[-54.626354,-20.501911],[-54.626354,-20.501893],[-54.626344,-20.501893],[-54.626345,-20.501866],[-54.626335,-20.501865],[-54.626336,-20.501838],[-54.626326,-20.501838],[-54.626326,-20.50182],[-54.626317,-20.50182],[-54.626323,-20.501432],[-54.626313,-20.501432],[-54.626314,-20.501396],[-54.626304,-20.501395],[-54.626304,-20.501386],[-54.626295,-20.501386],[-54.626295,-20.501368],[-54.626285,-20.501368],[-54.626286,-20.501359],[-54.626228,-20.501358],[-54.626228,-20.50134],[-54.626238,-20.50134],[-54.626239,-20.501295],[-54.626248,-20.501295],[-54.626248,-20.501286],[-54.626325,-20.501287],[-54.626325,-20.501278],[-54.626335,-20.501278],[-54.626335,-20.501269],[-54.626344,-20.50127],[-54.626345,-20.50126],[-54.626354,-20.501261],[-54.626355,-20.501215],[-54.626345,-20.501215],[-54.626347,-20.501071],[-54.626357,-20.501071],[-54.626357,-20.501053],[-54.626367,-20.501053],[-54.626367,-20.501044],[-54.626377,-20.501044],[-54.626377,-20.501026],[-54.626387,-20.501026],[-54.626387,-20.501008],[-54.626396,-20.501008],[-54.626397,-20.500999],[-54.626406,-20.500999],[-54.626406,-20.500981],[-54.626416,-20.500982],[-54.626417,-20.500945],[-54.626426,-20.500946],[-54.626428,-20.500801],[-54.626438,-20.500801],[-54.626439,-20.500756],[-54.626448,-20.500756],[-54.626449,-20.500684],[-54.62644,-20.500684],[-54.62644,-20.500675],[-54.62643,-20.500675],[-54.626432,-20.500557],[-54.626442,-20.500557],[-54.626442,-20.500548],[-54.626451,-20.500549],[-54.626452,-20.50054],[-54.626461,-20.50054],[-54.626461,-20.500531],[-54.626471,-20.500531],[-54.626471,-20.500522],[-54.626481,-20.500522],[-54.626481,-20.500513],[-54.62649,-20.500513],[-54.626494,-20.500269],[-54.626504,-20.500269],[-54.626504,-20.50026],[-54.626513,-20.50026],[-54.626513,-20.500251],[-54.626523,-20.500252],[-54.626523,-20.500242],[-54.626533,-20.500243],[-54.626533,-20.500234],[-54.626542,-20.500234],[-54.626543,-20.500225],[-54.626552,-20.500225],[-54.626552,-20.500216],[-54.626562,-20.500216],[-54.626562,-20.500207],[-54.626572,-20.500207],[-54.626572,-20.500198],[-54.626581,-20.500198],[-54.626582,-20.500189],[-54.626591,-20.500189],[-54.626591,-20.50018],[-54.626601,-20.50018],[-54.626601,-20.500162],[-54.626611,-20.500162],[-54.626611,-20.500144],[-54.626621,-20.500144],[-54.626621,-20.500117],[-54.626631,-20.500118],[-54.626631,-20.500109],[-54.62664,-20.500109],[-54.626641,-20.500073],[-54.62665,-20.500073],[-54.626651,-20.500064],[-54.62666,-20.500064],[-54.62666,-20.500055],[-54.62667,-20.500055],[-54.626671,-20.500001],[-54.626661,-20.500001],[-54.626662,-20.499955],[-54.626652,-20.499955],[-54.62666,-20.499468],[-54.62665,-20.499468],[-54.62665,-20.499459],[-54.626641,-20.499458],[-54.626641,-20.499449],[-54.626631,-20.499449],[-54.626631,-20.49944],[-54.626622,-20.49944],[-54.626622,-20.499431],[-54.626612,-20.499431],[-54.626612,-20.499422],[-54.626603,-20.499422],[-54.626605,-20.499259],[-54.626596,-20.499259],[-54.626599,-20.49907],[-54.626589,-20.499069],[-54.626589,-20.49906],[-54.62658,-20.49906],[-54.62658,-20.499051],[-54.62657,-20.499051],[-54.62657,-20.499042],[-54.626561,-20.499042],[-54.626561,-20.499033],[-54.626551,-20.499033],[-54.626552,-20.499024],[-54.626542,-20.499024],[-54.626542,-20.499006],[-54.626533,-20.499005],[-54.626533,-20.498996],[-54.626523,-20.498996],[-54.626523,-20.498987],[-54.626514,-20.498987],[-54.626514,-20.498978],[-54.626504,-20.498978],[-54.626504,-20.498969],[-54.626495,-20.498969],[-54.626495,-20.49896],[-54.626485,-20.49896],[-54.626486,-20.498942],[-54.626476,-20.498941],[-54.626476,-20.498932],[-54.626467,-20.498932],[-54.626467,-20.498923],[-54.626457,-20.498923],[-54.626457,-20.498914],[-54.626448,-20.498914],[-54.626448,-20.498905],[-54.626438,-20.498905],[-54.626439,-20.498896],[-54.626429,-20.498896],[-54.626429,-20.498878],[-54.62642,-20.498878],[-54.62642,-20.498868],[-54.62641,-20.498868],[-54.62641,-20.498859],[-54.626401,-20.498859],[-54.626401,-20.49885],[-54.626391,-20.49885],[-54.626391,-20.498841],[-54.626382,-20.498841],[-54.626382,-20.498832],[-54.626372,-20.498832],[-54.626373,-20.498823],[-54.626363,-20.498823],[-54.626363,-20.498814],[-54.626354,-20.498813],[-54.626354,-20.498804],[-54.626344,-20.498804],[-54.626344,-20.498786],[-54.626335,-20.498786],[-54.626335,-20.498777],[-54.626325,-20.498777],[-54.626325,-20.498768],[-54.626316,-20.498768],[-54.626316,-20.498759],[-54.626306,-20.498759],[-54.626307,-20.498741],[-54.626297,-20.49874],[-54.626297,-20.498731],[-54.626288,-20.498731],[-54.626288,-20.498713],[-54.626278,-20.498713],[-54.626279,-20.498695],[-54.626269,-20.498695],[-54.626269,-20.498677],[-54.62626,-20.498677],[-54.62626,-20.498659],[-54.62625,-20.498658],[-54.626253,-20.498523],[-54.626243,-20.498523],[-54.626243,-20.498514],[-54.626234,-20.498514],[-54.626234,-20.498505],[-54.626224,-20.498505],[-54.626224,-20.498496],[-54.626215,-20.498495],[-54.626215,-20.498486],[-54.626205,-20.498486],[-54.626206,-20.498459],[-54.626196,-20.498459],[-54.626197,-20.498423],[-54.626187,-20.498423],[-54.626188,-20.498387],[-54.626178,-20.498387],[-54.626179,-20.49835],[-54.626169,-20.49835],[-54.62617,-20.498314],[-54.62616,-20.498314],[-54.626161,-20.498278],[-54.626151,-20.498278],[-54.626151,-20.498242],[-54.626142,-20.498242],[-54.626142,-20.498205],[-54.626133,-20.498205],[-54.626133,-20.498187],[-54.626124,-20.498187],[-54.626124,-20.498151],[-54.626115,-20.498151],[-54.626115,-20.498133],[-54.626105,-20.498133],[-54.626105,-20.498124],[-54.626096,-20.498124],[-54.626096,-20.498115],[-54.626086,-20.498114],[-54.626086,-20.498105],[-54.626077,-20.498105],[-54.62608,-20.497916],[-54.62607,-20.497916],[-54.62607,-20.497906],[-54.626061,-20.497906],[-54.626061,-20.497897],[-54.626051,-20.497897],[-54.626051,-20.497888],[-54.626042,-20.497888],[-54.626042,-20.49787],[-54.626033,-20.49787],[-54.626033,-20.497861],[-54.626023,-20.497861],[-54.626023,-20.497852],[-54.626014,-20.497852],[-54.626014,-20.497843],[-54.626004,-20.497842],[-54.626005,-20.497824],[-54.625995,-20.497824],[-54.625995,-20.497815],[-54.625986,-20.497815],[-54.625986,-20.497806],[-54.625976,-20.497806],[-54.625976,-20.497797],[-54.625967,-20.497797],[-54.625967,-20.497779],[-54.625957,-20.497779],[-54.625957,-20.497769],[-54.625948,-20.497769],[-54.625948,-20.49776],[-54.625938,-20.49776],[-54.625939,-20.497751],[-54.625929,-20.497751],[-54.625929,-20.497742],[-54.62592,-20.497742],[-54.62592,-20.497724],[-54.62591,-20.497724],[-54.62591,-20.497715],[-54.625901,-20.497715],[-54.625901,-20.497706],[-54.625891,-20.497705],[-54.625892,-20.497696],[-54.625882,-20.497696],[-54.625882,-20.497687],[-54.625853,-20.497687],[-54.625853,-20.497678],[-54.625844,-20.497678],[-54.625844,-20.497669],[-54.625834,-20.497668],[-54.625835,-20.497659],[-54.625825,-20.497659],[-54.625825,-20.49765],[-54.625816,-20.49765],[-54.625816,-20.497641],[-54.625806,-20.497641],[-54.625806,-20.497632],[-54.625797,-20.497632],[-54.625797,-20.497623],[-54.625787,-20.497623],[-54.625787,-20.497614],[-54.625778,-20.497614],[-54.625778,-20.497604],[-54.625768,-20.497604],[-54.625768,-20.497595],[-54.625759,-20.497595],[-54.625759,-20.497586],[-54.625749,-20.497586],[-54.62575,-20.497577],[-54.62574,-20.497577],[-54.62574,-20.497559],[-54.625731,-20.497559],[-54.625731,-20.497541],[-54.625721,-20.497541],[-54.625722,-20.497513],[-54.625712,-20.497513],[-54.625713,-20.497495],[-54.625703,-20.497495],[-54.625703,-20.497468],[-54.625694,-20.497468],[-54.625694,-20.497459],[-54.625684,-20.497459],[-54.625684,-20.49745],[-54.625665,-20.497449],[-54.625665,-20.49744],[-54.625656,-20.49744],[-54.625656,-20.497431],[-54.625637,-20.497431],[-54.625637,-20.497422],[-54.625627,-20.497422],[-54.625628,-20.497413],[-54.625618,-20.497413],[-54.625618,-20.497404],[-54.625599,-20.497403],[-54.625599,-20.497394],[-54.625589,-20.497394],[-54.62559,-20.497385],[-54.62557,-20.497385],[-54.625571,-20.497376],[-54.625561,-20.497376],[-54.625561,-20.497367],[-54.625552,-20.497367],[-54.625552,-20.497358],[-54.625533,-20.497357],[-54.625533,-20.497348],[-54.625523,-20.497348],[-54.625523,-20.497339],[-54.625514,-20.497339],[-54.625514,-20.49733],[-54.625495,-20.49733],[-54.625495,-20.497321],[-54.625485,-20.497321],[-54.625485,-20.497312],[-54.625466,-20.497311],[-54.625466,-20.497302],[-54.625457,-20.497302],[-54.625457,-20.497293],[-54.625447,-20.497293],[-54.625447,-20.497284],[-54.625428,-20.497284],[-54.625428,-20.497275],[-54.625419,-20.497274],[-54.625419,-20.497265],[-54.625409,-20.497265],[-54.62541,-20.497256],[-54.62539,-20.497256],[-54.62539,-20.497247],[-54.625381,-20.497247],[-54.625381,-20.497238],[-54.625362,-20.497238],[-54.625362,-20.497229],[-54.625352,-20.497228],[-54.625353,-20.497219],[-54.625343,-20.497219],[-54.625343,-20.49721],[-54.625324,-20.49721],[-54.625324,-20.497201],[-54.625315,-20.497201],[-54.625315,-20.497192],[-54.625305,-20.497192],[-54.625305,-20.497183],[-54.625286,-20.497182],[-54.625286,-20.497173],[-54.625277,-20.497173],[-54.625277,-20.497164],[-54.625258,-20.497164],[-54.625258,-20.497155],[-54.625248,-20.497155],[-54.625248,-20.497146],[-54.625239,-20.497146],[-54.625239,-20.497137],[-54.62522,-20.497136],[-54.62522,-20.497127],[-54.62521,-20.497127],[-54.62521,-20.497118],[-54.625201,-20.497118],[-54.625201,-20.497109],[-54.625182,-20.497109],[-54.625182,-20.4971],[-54.625172,-20.4971],[-54.625172,-20.497091],[-54.625153,-20.49709],[-54.625153,-20.497081],[-54.625144,-20.497081],[-54.625144,-20.497063],[-54.625135,-20.497063],[-54.625135,-20.497054],[-54.625125,-20.497054],[-54.625125,-20.497045],[-54.625116,-20.497045],[-54.625116,-20.497036],[-54.625106,-20.497035],[-54.625106,-20.497026],[-54.625087,-20.497026],[-54.625087,-20.497017],[-54.625078,-20.497017],[-54.625078,-20.497008],[-54.625068,-20.497008],[-54.625068,-20.496999],[-54.625059,-20.496999],[-54.625059,-20.49699],[-54.62504,-20.496989],[-54.62504,-20.49698],[-54.625011,-20.49698],[-54.625011,-20.496971],[-54.624983,-20.496971],[-54.624983,-20.496961],[-54.624964,-20.496961],[-54.624964,-20.496952],[-54.624935,-20.496952],[-54.624935,-20.496943],[-54.624906,-20.496942],[-54.624907,-20.496933],[-54.624878,-20.496933],[-54.624878,-20.496924],[-54.624859,-20.496924],[-54.624859,-20.496915],[-54.62483,-20.496914],[-54.62483,-20.496905],[-54.624802,-20.496905],[-54.624802,-20.496896],[-54.624773,-20.496895],[-54.624773,-20.496886],[-54.624744,-20.496886],[-54.624744,-20.496877],[-54.624725,-20.496877],[-54.624725,-20.496868],[-54.624697,-20.496867],[-54.624697,-20.496858],[-54.624687,-20.496858],[-54.624687,-20.496849],[-54.624659,-20.496849],[-54.624659,-20.496831],[-54.624649,-20.496831],[-54.62465,-20.496821],[-54.62463,-20.496821],[-54.62463,-20.496812],[-54.624621,-20.496812],[-54.624621,-20.496803],[-54.624602,-20.496803],[-54.624602,-20.496794],[-54.624592,-20.496794],[-54.624593,-20.496785],[-54.624583,-20.496784],[-54.624583,-20.496775],[-54.624574,-20.496775],[-54.624574,-20.496766],[-54.624564,-20.496766],[-54.624564,-20.496757],[-54.624555,-20.496757],[-54.624555,-20.496748],[-54.624545,-20.496748],[-54.624545,-20.496739],[-54.624536,-20.496739],[-54.624536,-20.49673],[-54.624526,-20.496729],[-54.624526,-20.49672],[-54.624517,-20.49672],[-54.624517,-20.496711],[-54.624507,-20.496711],[-54.624508,-20.496702],[-54.624498,-20.496702],[-54.624498,-20.496684],[-54.624489,-20.496684],[-54.624489,-20.496657],[-54.62448,-20.496657],[-54.62448,-20.49663],[-54.62447,-20.496629],[-54.624471,-20.496593],[-54.624461,-20.496593],[-54.624461,-20.496584],[-54.624452,-20.496584],[-54.624452,-20.496575],[-54.624442,-20.496575],[-54.624443,-20.496566],[-54.624433,-20.496566],[-54.624433,-20.496557],[-54.624424,-20.496557],[-54.624424,-20.496547],[-54.624414,-20.496547],[-54.624414,-20.496538],[-54.624405,-20.496538],[-54.624405,-20.496529],[-54.624395,-20.496529],[-54.624395,-20.49652],[-54.624386,-20.49652],[-54.624386,-20.496511],[-54.624376,-20.496511],[-54.624377,-20.496502],[-54.624367,-20.496502],[-54.624367,-20.496493],[-54.624357,-20.496492],[-54.624358,-20.496483],[-54.624348,-20.496483],[-54.624348,-20.496474],[-54.624339,-20.496474],[-54.624339,-20.496465],[-54.624329,-20.496465],[-54.624329,-20.496456],[-54.62432,-20.496456],[-54.62432,-20.496447],[-54.62431,-20.496447],[-54.62431,-20.496438],[-54.624301,-20.496437],[-54.624301,-20.496428],[-54.624291,-20.496428],[-54.624292,-20.496419],[-54.624282,-20.496419],[-54.624282,-20.49641],[-54.624272,-20.49641],[-54.624273,-20.496401],[-54.624253,-20.496401],[-54.624254,-20.496392],[-54.624244,-20.496392],[-54.624244,-20.496382],[-54.624235,-20.496382],[-54.624235,-20.496373],[-54.624225,-20.496373],[-54.624225,-20.496364],[-54.624216,-20.496364],[-54.624216,-20.496355],[-54.624206,-20.496355],[-54.624206,-20.496346],[-54.624197,-20.496346],[-54.624197,-20.496337],[-54.624187,-20.496337],[-54.624188,-20.496328],[-54.623795,-20.496322],[-54.623795,-20.496313],[-54.623776,-20.496313],[-54.623776,-20.496304],[-54.623757,-20.496304],[-54.623757,-20.496295],[-54.623728,-20.496294],[-54.623728,-20.496285],[-54.623709,-20.496285],[-54.623709,-20.496276],[-54.6237,-20.496276],[-54.6237,-20.496267],[-54.623642,-20.496266],[-54.623642,-20.496257],[-54.623633,-20.496257],[-54.623633,-20.496248],[-54.623595,-20.496247],[-54.623596,-20.496175],[-54.623567,-20.496175],[-54.623567,-20.496166],[-54.623529,-20.496165],[-54.623529,-20.496156],[-54.6235,-20.496156],[-54.6235,-20.496147],[-54.623462,-20.496146],[-54.623462,-20.496137],[-54.623433,-20.496137],[-54.623433,-20.496128],[-54.623395,-20.496127],[-54.623395,-20.496118],[-54.623357,-20.496117],[-54.623357,-20.496108],[-54.623338,-20.496108],[-54.623338,-20.496099],[-54.623328,-20.496099],[-54.623329,-20.49609],[-54.623319,-20.49609],[-54.623319,-20.496081],[-54.6233,-20.496081],[-54.6233,-20.496072],[-54.623291,-20.496071],[-54.623291,-20.496062],[-54.623272,-20.496062],[-54.623272,-20.496053],[-54.623253,-20.496053],[-54.623253,-20.496044],[-54.623234,-20.496044],[-54.623234,-20.496035],[-54.623214,-20.496034],[-54.623215,-20.496025],[-54.623195,-20.496025],[-54.623196,-20.496016],[-54.623176,-20.496016],[-54.623177,-20.496007],[-54.623157,-20.496006],[-54.623158,-20.495997],[-54.623138,-20.495997],[-54.623139,-20.495988],[-54.623119,-20.495988],[-54.623119,-20.495979],[-54.6231,-20.495979],[-54.6231,-20.495969],[-54.623081,-20.495969],[-54.623081,-20.49596],[-54.623062,-20.49596],[-54.623062,-20.495951],[-54.623043,-20.495951],[-54.623043,-20.495942],[-54.623034,-20.495941],[-54.623034,-20.495932],[-54.623024,-20.495932],[-54.623025,-20.495923],[-54.622996,-20.495923],[-54.622996,-20.495914],[-54.622986,-20.495914],[-54.622986,-20.495905],[-54.622977,-20.495905],[-54.622977,-20.495896],[-54.622967,-20.495895],[-54.622968,-20.495886],[-54.622958,-20.495886],[-54.622958,-20.495877],[-54.622949,-20.495877],[-54.622949,-20.495868],[-54.622939,-20.495868],[-54.622939,-20.495859],[-54.62293,-20.495859],[-54.62293,-20.49585],[-54.62292,-20.49585],[-54.622921,-20.495832],[-54.622911,-20.495831],[-54.622911,-20.495822],[-54.622901,-20.495822],[-54.622902,-20.495813],[-54.622892,-20.495813],[-54.622892,-20.495804],[-54.622863,-20.495804],[-54.622863,-20.495813],[-54.622844,-20.495812]]]]},"properties":{"Nome":"MB ANHA5","Bacia":"ANHANDUI"}}]}