{"type":"FeatureCollection","features":[{"type":"Feature","geometry":{"type":"MultiPolygon","coordinates":[[[[-54.636246,-20.453706],[-54.636389,-20.453708],[-54.636365,-20.455261],[-54.636375,-20.455261],[-54.636375,-20.45527],[-54.636384,-20.45527],[-54.636384,-20.455289],[-54.636394,-20.455289],[-54.636394,-20.455298],[-54.636403,-20.455298],[-54.636403,-20.455307],[-54.636413,-20.455307],[-54.636412,-20.455325],[-54.636422,-20.455325],[-54.636422,-20.455334],[-54.636431,-20.455334],[-54.636431,-20.455343],[-54.636441,-20.455343],[-54.636441,-20.455353],[-54.63645,-20.455353],[-54.63645,-20.455371],[-54.63646,-20.455371],[-54.636459,-20.45538],[-54.636469,-20.45538],[-54.636469,-20.455389],[-54.636478,-20.455389],[-54.636478,-20.455407],[-54.636488,-20.455407],[-54.636488,-20.455416],[-54.636497,-20.455417],[-54.636497,-20.455426],[-54.636507,-20.455426],[-54.636506,-20.455444],[-54.636516,-20.455444],[-54.636516,-20.455453],[-54.636525,-20.455453],[-54.636525,-20.455462],[-54.636535,-20.455462],[-54.636535,-20.45548],[-54.636544,-20.45548],[-54.636544,-20.455489],[-54.636554,-20.45549],[-54.636553,-20.455499],[-54.636563,-20.455499],[-54.636563,-20.455508],[-54.636572,-20.455508],[-54.636572,-20.455526],[-54.636582,-20.455526],[-54.636582,-20.455535],[-54.636591,-20.455535],[-54.636591,-20.455544],[-54.636601,-20.455544],[-54.6366,-20.455562],[-54.63661,-20.455563],[-54.63661,-20.455572],[-54.636619,-20.455572],[-54.636613,-20.456014],[-54.636603,-20.456014],[-54.636603,-20.456023],[-54.636613,-20.456023],[-54.636612,-20.456032],[-54.636622,-20.456032],[-54.636622,-20.456059],[-54.636631,-20.456059],[-54.636631,-20.456078],[-54.63664,-20.456078],[-54.63664,-20.456096],[-54.63665,-20.456096],[-54.636649,-20.456114],[-54.636659,-20.456114],[-54.636659,-20.456132],[-54.636668,-20.456132],[-54.636668,-20.45615],[-54.636678,-20.45615],[-54.636677,-20.456178],[-54.636687,-20.456178],[-54.636687,-20.456196],[-54.636696,-20.456196],[-54.636696,-20.456214],[-54.636705,-20.456214],[-54.636705,-20.456232],[-54.636715,-20.456232],[-54.636714,-20.45625],[-54.636724,-20.45625],[-54.636724,-20.456277],[-54.636733,-20.456278],[-54.636733,-20.456296],[-54.636742,-20.456296],[-54.636742,-20.456314],[-54.636752,-20.456314],[-54.636752,-20.456332],[-54.636761,-20.456332],[-54.636761,-20.45635],[-54.63677,-20.45635],[-54.63677,-20.456368],[-54.63678,-20.456369],[-54.636779,-20.456396],[-54.636789,-20.456396],[-54.636789,-20.456414],[-54.636798,-20.456414],[-54.636798,-20.456432],[-54.636807,-20.456432],[-54.636807,-20.45645],[-54.636817,-20.45645],[-54.636816,-20.456468],[-54.636826,-20.456468],[-54.636826,-20.456478],[-54.636836,-20.456478],[-54.636835,-20.456496],[-54.636845,-20.456496],[-54.636845,-20.456514],[-54.636854,-20.456514],[-54.636854,-20.456523],[-54.636864,-20.456523],[-54.636863,-20.456541],[-54.636873,-20.456541],[-54.636872,-20.456568],[-54.636882,-20.456569],[-54.636882,-20.456578],[-54.636891,-20.456578],[-54.636891,-20.456587],[-54.636901,-20.456587],[-54.636901,-20.456596],[-54.63691,-20.456596],[-54.63691,-20.456605],[-54.63692,-20.456605],[-54.63692,-20.456614],[-54.636929,-20.456614],[-54.636929,-20.456623],[-54.636939,-20.456624],[-54.636939,-20.456633],[-54.636948,-20.456633],[-54.636948,-20.456642],[-54.636958,-20.456642],[-54.636957,-20.456651],[-54.636967,-20.456651],[-54.636967,-20.45666],[-54.636976,-20.45666],[-54.636976,-20.456669],[-54.636986,-20.456669],[-54.636986,-20.456678],[-54.636995,-20.456678],[-54.636995,-20.456688],[-54.637005,-20.456688],[-54.637005,-20.456697],[-54.637014,-20.456697],[-54.637014,-20.456706],[-54.637024,-20.456706],[-54.637024,-20.456715],[-54.637033,-20.456715],[-54.637033,-20.456724],[-54.637043,-20.456724],[-54.637042,-20.456733],[-54.637052,-20.456733],[-54.637052,-20.456742],[-54.637061,-20.456743],[-54.637061,-20.456752],[-54.637071,-20.456752],[-54.637071,-20.456761],[-54.63708,-20.456761],[-54.63708,-20.45677],[-54.63709,-20.45677],[-54.63709,-20.456779],[-54.637099,-20.456779],[-54.637099,-20.456788],[-54.637109,-20.456788],[-54.637108,-20.456797],[-54.637118,-20.456798],[-54.637118,-20.456807],[-54.637127,-20.456807],[-54.637127,-20.456816],[-54.637137,-20.456816],[-54.637137,-20.456825],[-54.637146,-20.456825],[-54.637146,-20.456834],[-54.637156,-20.456834],[-54.637156,-20.456843],[-54.637165,-20.456843],[-54.637165,-20.456852],[-54.637175,-20.456853],[-54.637175,-20.456862],[-54.637184,-20.456862],[-54.637184,-20.456871],[-54.637194,-20.456871],[-54.637193,-20.456889],[-54.637203,-20.456889],[-54.637195,-20.457377],[-54.637205,-20.457377],[-54.637205,-20.457386],[-54.637214,-20.457386],[-54.637214,-20.457395],[-54.637224,-20.457395],[-54.637224,-20.457404],[-54.637233,-20.457404],[-54.637233,-20.457413],[-54.637243,-20.457413],[-54.637243,-20.457422],[-54.637252,-20.457422],[-54.637252,-20.45745],[-54.637261,-20.45745],[-54.63726,-20.457549],[-54.637269,-20.457549],[-54.637269,-20.457558],[-54.637279,-20.457558],[-54.637279,-20.457567],[-54.637288,-20.457567],[-54.637288,-20.457576],[-54.637298,-20.457577],[-54.637298,-20.457586],[-54.637307,-20.457586],[-54.637307,-20.457595],[-54.637317,-20.457595],[-54.637317,-20.457604],[-54.637326,-20.457604],[-54.637326,-20.457613],[-54.637336,-20.457613],[-54.637335,-20.457622],[-54.637345,-20.457622],[-54.637345,-20.457631],[-54.637354,-20.457632],[-54.637354,-20.457641],[-54.637364,-20.457641],[-54.637364,-20.45765],[-54.637373,-20.45765],[-54.637373,-20.457659],[-54.637383,-20.457659],[-54.637383,-20.457668],[-54.637392,-20.457668],[-54.637392,-20.457677],[-54.637402,-20.457677],[-54.637401,-20.457686],[-54.637411,-20.457687],[-54.637411,-20.457696],[-54.637421,-20.457696],[-54.63742,-20.457705],[-54.63743,-20.457705],[-54.63743,-20.457714],[-54.637439,-20.457714],[-54.637439,-20.457723],[-54.637449,-20.457723],[-54.637449,-20.457732],[-54.637458,-20.457732],[-54.637458,-20.457741],[-54.637468,-20.457741],[-54.637468,-20.45775],[-54.637477,-20.457751],[-54.637477,-20.45776],[-54.637487,-20.45776],[-54.637486,-20.457769],[-54.637496,-20.457769],[-54.637496,-20.457778],[-54.637505,-20.457778],[-54.637505,-20.457787],[-54.637515,-20.457787],[-54.637515,-20.457796],[-54.637524,-20.457796],[-54.637524,-20.457805],[-54.637534,-20.457806],[-54.637534,-20.457815],[-54.637543,-20.457815],[-54.637543,-20.457824],[-54.637553,-20.457824],[-54.637553,-20.457833],[-54.637562,-20.457833],[-54.637562,-20.457842],[-54.637572,-20.457842],[-54.637571,-20.457851],[-54.637581,-20.457851],[-54.637581,-20.45786],[-54.6376,-20.457861],[-54.6376,-20.45787],[-54.637609,-20.45787],[-54.637609,-20.457879],[-54.637619,-20.457879],[-54.637619,-20.457888],[-54.637628,-20.457888],[-54.637628,-20.457897],[-54.637647,-20.457897],[-54.637647,-20.457906],[-54.637657,-20.457907],[-54.637657,-20.457916],[-54.637666,-20.457916],[-54.637666,-20.457925],[-54.637676,-20.457925],[-54.637676,-20.457934],[-54.637685,-20.457934],[-54.637685,-20.457943],[-54.637704,-20.457943],[-54.637704,-20.457952],[-54.637714,-20.457953],[-54.637713,-20.457962],[-54.637723,-20.457962],[-54.637723,-20.457971],[-54.637732,-20.457971],[-54.637732,-20.45798],[-54.637752,-20.45798],[-54.637751,-20.457989],[-54.637876,-20.457991],[-54.637876,-20.458],[-54.637885,-20.458],[-54.637885,-20.458009],[-54.637895,-20.458009],[-54.637893,-20.458117],[-54.637912,-20.458118],[-54.637912,-20.458127],[-54.637922,-20.458127],[-54.637922,-20.458136],[-54.637931,-20.458136],[-54.637931,-20.458145],[-54.637941,-20.458145],[-54.63794,-20.458154],[-54.63795,-20.458154],[-54.63795,-20.458163],[-54.637959,-20.458164],[-54.637959,-20.458173],[-54.637969,-20.458173],[-54.637968,-20.458236],[-54.637978,-20.458236],[-54.637977,-20.458245],[-54.637987,-20.458245],[-54.637987,-20.458254],[-54.637996,-20.458254],[-54.637996,-20.458263],[-54.638006,-20.458264],[-54.638006,-20.458273],[-54.638015,-20.458273],[-54.638015,-20.458282],[-54.638025,-20.458282],[-54.638025,-20.458291],[-54.638034,-20.458291],[-54.638034,-20.4583],[-54.638044,-20.4583],[-54.638044,-20.458309],[-54.638053,-20.458309],[-54.638053,-20.458318],[-54.638063,-20.458318],[-54.638062,-20.458327],[-54.638072,-20.458328],[-54.638069,-20.458526],[-54.638079,-20.458526],[-54.638078,-20.458553],[-54.638097,-20.458554],[-54.638097,-20.458563],[-54.638107,-20.458563],[-54.638107,-20.458572],[-54.638116,-20.458572],[-54.638116,-20.458581],[-54.638126,-20.458581],[-54.638125,-20.45859],[-54.638135,-20.45859],[-54.638135,-20.458599],[-54.638144,-20.4586],[-54.638144,-20.458609],[-54.638154,-20.458609],[-54.638154,-20.458618],[-54.638163,-20.458618],[-54.63816,-20.458844],[-54.638169,-20.458844],[-54.638169,-20.458853],[-54.638179,-20.458853],[-54.638179,-20.458862],[-54.638188,-20.458862],[-54.638188,-20.458871],[-54.638198,-20.458871],[-54.638198,-20.45888],[-54.638207,-20.45888],[-54.638207,-20.458889],[-54.638217,-20.458889],[-54.638217,-20.458899],[-54.638226,-20.458899],[-54.638226,-20.458908],[-54.638236,-20.458908],[-54.638235,-20.458917],[-54.638245,-20.458917],[-54.638245,-20.458926],[-54.638254,-20.458926],[-54.638254,-20.458935],[-54.638264,-20.458935],[-54.638264,-20.458944],[-54.638273,-20.458944],[-54.638273,-20.458953],[-54.638283,-20.458954],[-54.638283,-20.458963],[-54.638292,-20.458963],[-54.638292,-20.458972],[-54.638302,-20.458972],[-54.638302,-20.458981],[-54.638311,-20.458981],[-54.638311,-20.45899],[-54.638321,-20.45899],[-54.63832,-20.458999],[-54.63833,-20.458999],[-54.63833,-20.459008],[-54.638339,-20.459009],[-54.638339,-20.459018],[-54.638349,-20.459018],[-54.638349,-20.459027],[-54.638358,-20.459027],[-54.638358,-20.459036],[-54.638368,-20.459036],[-54.638368,-20.459045],[-54.638377,-20.459045],[-54.638377,-20.459054],[-54.638387,-20.459054],[-54.638386,-20.459072],[-54.638396,-20.459073],[-54.638391,-20.45937],[-54.638401,-20.459371],[-54.638401,-20.45938],[-54.63841,-20.45938],[-54.63841,-20.459389],[-54.63842,-20.459389],[-54.63842,-20.459398],[-54.638429,-20.459398],[-54.638429,-20.459407],[-54.638439,-20.459407],[-54.638439,-20.459416],[-54.638448,-20.459416],[-54.638448,-20.459425],[-54.638458,-20.459426],[-54.638457,-20.459435],[-54.638467,-20.459435],[-54.638467,-20.459444],[-54.638476,-20.459444],[-54.638476,-20.459453],[-54.638486,-20.459453],[-54.638486,-20.459462],[-54.638495,-20.459462],[-54.638495,-20.459471],[-54.638505,-20.459471],[-54.638505,-20.45948],[-54.638514,-20.45948],[-54.638514,-20.45949],[-54.638524,-20.45949],[-54.638524,-20.459499],[-54.638533,-20.459499],[-54.638533,-20.459508],[-54.638543,-20.459508],[-54.638542,-20.459517],[-54.638552,-20.459517],[-54.638552,-20.459526],[-54.638561,-20.459526],[-54.638561,-20.459535],[-54.638571,-20.459535],[-54.638571,-20.459544],[-54.63858,-20.459545],[-54.63858,-20.459554],[-54.63859,-20.459554],[-54.63859,-20.459563],[-54.638599,-20.459563],[-54.638587,-20.460357],[-54.638597,-20.460358],[-54.638597,-20.460367],[-54.638606,-20.460367],[-54.638606,-20.460376],[-54.638616,-20.460376],[-54.638615,-20.460385],[-54.638625,-20.460385],[-54.638625,-20.460394],[-54.638634,-20.460394],[-54.638632,-20.460557],[-54.638642,-20.460557],[-54.638641,-20.460575],[-54.638651,-20.460575],[-54.638651,-20.460593],[-54.63866,-20.460593],[-54.63866,-20.460611],[-54.638669,-20.460611],[-54.638669,-20.46062],[-54.638679,-20.460621],[-54.638679,-20.46063],[-54.638688,-20.46063],[-54.638688,-20.460639],[-54.638717,-20.460639],[-54.638717,-20.460648],[-54.638736,-20.460648],[-54.638736,-20.460657],[-54.638745,-20.460658],[-54.638744,-20.460757],[-54.638753,-20.460757],[-54.638739,-20.461705],[-54.638749,-20.461705],[-54.638748,-20.461714],[-54.638758,-20.461714],[-54.638758,-20.461723],[-54.638767,-20.461723],[-54.638767,-20.461732],[-54.638777,-20.461733],[-54.638777,-20.461742],[-54.638786,-20.461742],[-54.638786,-20.461751],[-54.638796,-20.461751],[-54.638796,-20.46176],[-54.638805,-20.46176],[-54.638805,-20.461769],[-54.638815,-20.461769],[-54.638814,-20.461787],[-54.638824,-20.461787],[-54.638824,-20.461796],[-54.638833,-20.461797],[-54.638833,-20.461806],[-54.638843,-20.461806],[-54.638843,-20.461815],[-54.638852,-20.461815],[-54.638852,-20.461824],[-54.638862,-20.461824],[-54.638862,-20.461833],[-54.638871,-20.461833],[-54.638871,-20.461842],[-54.638881,-20.461842],[-54.63888,-20.461851],[-54.63889,-20.461852],[-54.63889,-20.461861],[-54.638899,-20.461861],[-54.638899,-20.46187],[-54.638909,-20.46187],[-54.638909,-20.461879],[-54.638918,-20.461879],[-54.638918,-20.461888],[-54.638928,-20.461888],[-54.638928,-20.461897],[-54.638937,-20.461897],[-54.638937,-20.461906],[-54.638947,-20.461907],[-54.638947,-20.461916],[-54.638956,-20.461916],[-54.638956,-20.461925],[-54.638966,-20.461925],[-54.638965,-20.461934],[-54.638975,-20.461934],[-54.638975,-20.461943],[-54.638984,-20.461943],[-54.638984,-20.461952],[-54.638994,-20.461952],[-54.638994,-20.461961],[-54.639003,-20.461961],[-54.639003,-20.46197],[-54.639013,-20.461971],[-54.639013,-20.46198],[-54.639022,-20.46198],[-54.639022,-20.461989],[-54.639032,-20.461989],[-54.639031,-20.461998],[-54.639041,-20.461998],[-54.639041,-20.462007],[-54.639051,-20.462007],[-54.63905,-20.462016],[-54.63906,-20.462016],[-54.63906,-20.462025],[-54.639069,-20.462026],[-54.639069,-20.462035],[-54.639079,-20.462035],[-54.639079,-20.462044],[-54.639088,-20.462044],[-54.639088,-20.462053],[-54.639098,-20.462053],[-54.639098,-20.462062],[-54.639107,-20.462062],[-54.639107,-20.462071],[-54.639117,-20.462071],[-54.639116,-20.46208],[-54.639126,-20.462081],[-54.639126,-20.46209],[-54.639135,-20.46209],[-54.639135,-20.462099],[-54.639145,-20.462099],[-54.639145,-20.462126],[-54.639135,-20.462126],[-54.639135,-20.462135],[-54.639125,-20.462135],[-54.639125,-20.462153],[-54.639115,-20.462153],[-54.639115,-20.462171],[-54.639106,-20.462171],[-54.639105,-20.46218],[-54.639096,-20.462179],[-54.639096,-20.462198],[-54.639086,-20.462197],[-54.639086,-20.462206],[-54.639076,-20.462206],[-54.639076,-20.462224],[-54.639066,-20.462224],[-54.639066,-20.462242],[-54.639057,-20.462242],[-54.639056,-20.462251],[-54.639047,-20.462251],[-54.639047,-20.462269],[-54.639037,-20.462269],[-54.639037,-20.462287],[-54.639027,-20.462287],[-54.639022,-20.462603],[-54.639013,-20.462603],[-54.639012,-20.46263],[-54.639003,-20.46263],[-54.639002,-20.462657],[-54.638993,-20.462657],[-54.638992,-20.462675],[-54.638983,-20.462675],[-54.638983,-20.462693],[-54.638973,-20.462693],[-54.638973,-20.462702],[-54.638963,-20.462701],[-54.638963,-20.46271],[-54.638954,-20.46271],[-54.638953,-20.462719],[-54.638944,-20.462719],[-54.638944,-20.462728],[-54.638934,-20.462728],[-54.638934,-20.462737],[-54.638924,-20.462737],[-54.638924,-20.462746],[-54.638915,-20.462746],[-54.638915,-20.462755],[-54.638905,-20.462755],[-54.638905,-20.462764],[-54.638895,-20.462764],[-54.638895,-20.462773],[-54.638885,-20.462773],[-54.638885,-20.462782],[-54.638876,-20.462781],[-54.638876,-20.462791],[-54.638866,-20.46279],[-54.638866,-20.462799],[-54.638856,-20.462799],[-54.638856,-20.462808],[-54.638847,-20.462808],[-54.638846,-20.462817],[-54.638837,-20.462817],[-54.638832,-20.463142],[-54.638842,-20.463142],[-54.63884,-20.463251],[-54.638849,-20.463251],[-54.638849,-20.463269],[-54.638859,-20.463269],[-54.638858,-20.463296],[-54.638868,-20.463296],[-54.638868,-20.463314],[-54.638877,-20.463314],[-54.638877,-20.463341],[-54.638886,-20.463342],[-54.638886,-20.46336],[-54.638896,-20.46336],[-54.638895,-20.463378],[-54.638905,-20.463378],[-54.638905,-20.463387],[-54.638895,-20.463387],[-54.638895,-20.463396],[-54.638886,-20.463396],[-54.638885,-20.463405],[-54.638876,-20.463405],[-54.638876,-20.463414],[-54.638866,-20.463413],[-54.638866,-20.463423],[-54.638856,-20.463422],[-54.638856,-20.463431],[-54.638847,-20.463431],[-54.638847,-20.46344],[-54.638837,-20.46344],[-54.638837,-20.463449],[-54.638827,-20.463449],[-54.638827,-20.463458],[-54.638818,-20.463458],[-54.638817,-20.463467],[-54.638808,-20.463467],[-54.638808,-20.463476],[-54.638798,-20.463476],[-54.638798,-20.463485],[-54.638788,-20.463485],[-54.638788,-20.463494],[-54.638779,-20.463494],[-54.638779,-20.463503],[-54.638769,-20.463502],[-54.638769,-20.463511],[-54.638759,-20.463511],[-54.638759,-20.46352],[-54.638749,-20.46352],[-54.638749,-20.463529],[-54.63874,-20.463529],[-54.63874,-20.463538],[-54.63873,-20.463538],[-54.63873,-20.463547],[-54.63872,-20.463547],[-54.63872,-20.463565],[-54.63873,-20.463565],[-54.63873,-20.463574],[-54.638739,-20.463574],[-54.638739,-20.463583],[-54.638749,-20.463583],[-54.638748,-20.463592],[-54.638758,-20.463593],[-54.638758,-20.463602],[-54.638767,-20.463602],[-54.638767,-20.463611],[-54.638777,-20.463611],[-54.638777,-20.46362],[-54.638786,-20.46362],[-54.638786,-20.463629],[-54.638796,-20.463629],[-54.638796,-20.463638],[-54.638805,-20.463638],[-54.638805,-20.463647],[-54.638815,-20.463648],[-54.638814,-20.463657],[-54.638824,-20.463657],[-54.638824,-20.463666],[-54.638834,-20.463666],[-54.638833,-20.463675],[-54.638843,-20.463675],[-54.638843,-20.463684],[-54.638852,-20.463684],[-54.638852,-20.463693],[-54.638862,-20.463693],[-54.638862,-20.463702],[-54.638871,-20.463703],[-54.638871,-20.463712],[-54.638881,-20.463712],[-54.638881,-20.463721],[-54.63889,-20.463721],[-54.63889,-20.46373],[-54.6389,-20.46373],[-54.638899,-20.463739],[-54.638909,-20.463739],[-54.638909,-20.463748],[-54.638918,-20.463748],[-54.638918,-20.463757],[-54.638928,-20.463757],[-54.638928,-20.463767],[-54.638937,-20.463767],[-54.638937,-20.463776],[-54.638947,-20.463776],[-54.638947,-20.463785],[-54.638956,-20.463785],[-54.638956,-20.463794],[-54.638966,-20.463794],[-54.638966,-20.463803],[-54.638975,-20.463803],[-54.638974,-20.463876],[-54.638984,-20.463876],[-54.638983,-20.463894],[-54.638993,-20.463894],[-54.638991,-20.464029],[-54.639,-20.464029],[-54.638998,-20.464174],[-54.639008,-20.464174],[-54.639007,-20.46421],[-54.639017,-20.46421],[-54.639017,-20.464219],[-54.639026,-20.464219],[-54.639026,-20.464228],[-54.639036,-20.464229],[-54.639035,-20.464247],[-54.639045,-20.464247],[-54.639045,-20.464265],[-54.639054,-20.464265],[-54.639054,-20.464283],[-54.639064,-20.464283],[-54.639063,-20.464301],[-54.639073,-20.464301],[-54.639073,-20.464319],[-54.639082,-20.464319],[-54.639082,-20.464338],[-54.639092,-20.464338],[-54.639091,-20.464356],[-54.639101,-20.464356],[-54.639101,-20.464365],[-54.63911,-20.464365],[-54.63911,-20.464383],[-54.63912,-20.464383],[-54.639119,-20.464401],[-54.639129,-20.464401],[-54.639129,-20.464419],[-54.639138,-20.46442],[-54.639138,-20.464438],[-54.639147,-20.464438],[-54.639147,-20.464456],[-54.639157,-20.464456],[-54.639157,-20.464474],[-54.639166,-20.464474],[-54.639166,-20.464483],[-54.639176,-20.464483],[-54.639175,-20.464492],[-54.639185,-20.464492],[-54.639185,-20.46451],[-54.639194,-20.464511],[-54.639194,-20.46452],[-54.639204,-20.46452],[-54.639204,-20.464529],[-54.639213,-20.464529],[-54.639213,-20.464538],[-54.639223,-20.464538],[-54.639222,-20.464547],[-54.639232,-20.464547],[-54.639232,-20.464556],[-54.639241,-20.464556],[-54.639241,-20.464565],[-54.639251,-20.464566],[-54.639251,-20.464575],[-54.63926,-20.464575],[-54.63926,-20.464584],[-54.63927,-20.464584],[-54.63927,-20.464593],[-54.639279,-20.464593],[-54.639279,-20.464602],[-54.639289,-20.464602],[-54.639289,-20.464611],[-54.639298,-20.464611],[-54.639298,-20.46462],[-54.639308,-20.464621],[-54.639307,-20.46463],[-54.639317,-20.46463],[-54.639317,-20.464639],[-54.639326,-20.464639],[-54.639326,-20.464648],[-54.639336,-20.464648],[-54.639336,-20.464657],[-54.639345,-20.464657],[-54.639345,-20.464666],[-54.639355,-20.464666],[-54.639355,-20.464675],[-54.639364,-20.464675],[-54.639364,-20.464685],[-54.639374,-20.464685],[-54.639374,-20.464694],[-54.639383,-20.464694],[-54.639383,-20.464703],[-54.639393,-20.464703],[-54.639392,-20.464712],[-54.639402,-20.464712],[-54.639402,-20.464721],[-54.639411,-20.464721],[-54.639411,-20.46473],[-54.639421,-20.46473],[-54.639421,-20.464739],[-54.63943,-20.46474],[-54.63943,-20.464749],[-54.63944,-20.464749],[-54.63944,-20.464758],[-54.639449,-20.464758],[-54.639448,-20.464812],[-54.639458,-20.464812],[-54.639457,-20.464857],[-54.639467,-20.464857],[-54.639466,-20.464912],[-54.639476,-20.464912],[-54.639475,-20.464957],[-54.639484,-20.464957],[-54.639484,-20.465011],[-54.639493,-20.465011],[-54.639493,-20.465056],[-54.639502,-20.465057],[-54.639501,-20.465102],[-54.639511,-20.465102],[-54.63951,-20.465156],[-54.63952,-20.465156],[-54.639519,-20.465192],[-54.639529,-20.465192],[-54.639529,-20.465201],[-54.639538,-20.465202],[-54.639538,-20.465211],[-54.639548,-20.465211],[-54.639548,-20.46522],[-54.639557,-20.46522],[-54.639557,-20.465229],[-54.639567,-20.465229],[-54.639566,-20.465238],[-54.639576,-20.465238],[-54.639576,-20.465247],[-54.639585,-20.465247],[-54.639585,-20.465256],[-54.639595,-20.465257],[-54.639595,-20.465266],[-54.639604,-20.465266],[-54.639604,-20.465275],[-54.639614,-20.465275],[-54.639614,-20.465284],[-54.639623,-20.465284],[-54.639623,-20.465293],[-54.639633,-20.465293],[-54.639623,-20.465907],[-54.639614,-20.465907],[-54.639614,-20.465916],[-54.639604,-20.465916],[-54.639604,-20.465925],[-54.639594,-20.465925],[-54.639594,-20.465934],[-54.639585,-20.465934],[-54.639584,-20.465943],[-54.639575,-20.465943],[-54.639575,-20.465952],[-54.639565,-20.465951],[-54.639565,-20.465961],[-54.639555,-20.46596],[-54.639552,-20.466195],[-54.639561,-20.466195],[-54.639561,-20.466204],[-54.639571,-20.466204],[-54.639571,-20.466222],[-54.63958,-20.466223],[-54.639579,-20.466277],[-54.639589,-20.466277],[-54.639589,-20.466286],[-54.639598,-20.466286],[-54.639598,-20.466295],[-54.639608,-20.466295],[-54.639607,-20.466322],[-54.639617,-20.466322],[-54.639616,-20.466386],[-54.639626,-20.466386],[-54.639625,-20.466422],[-54.639635,-20.466422],[-54.639634,-20.466485],[-54.639643,-20.466485],[-54.639642,-20.466549],[-54.639652,-20.466549],[-54.639651,-20.466621],[-54.63966,-20.466621],[-54.639659,-20.466684],[-54.639669,-20.466684],[-54.639668,-20.466757],[-54.639677,-20.466757],[-54.639676,-20.46682],[-54.639686,-20.46682],[-54.639686,-20.466838],[-54.639685,-20.466865],[-54.639676,-20.466865],[-54.639676,-20.466874],[-54.639666,-20.466874],[-54.639666,-20.466883],[-54.639656,-20.466883],[-54.639656,-20.466892],[-54.639647,-20.466892],[-54.639646,-20.466901],[-54.639637,-20.466901],[-54.639633,-20.467126],[-54.639643,-20.467126],[-54.639643,-20.467145],[-54.639652,-20.467145],[-54.639652,-20.467154],[-54.639662,-20.467154],[-54.639661,-20.467172],[-54.639671,-20.467172],[-54.639671,-20.467181],[-54.63968,-20.467181],[-54.63968,-20.46719],[-54.63969,-20.46719],[-54.63969,-20.467208],[-54.639699,-20.467209],[-54.639699,-20.467218],[-54.639709,-20.467218],[-54.639709,-20.467227],[-54.639718,-20.467227],[-54.639718,-20.467245],[-54.639727,-20.467245],[-54.639727,-20.467263],[-54.639737,-20.467263],[-54.639736,-20.467281],[-54.639746,-20.467281],[-54.639746,-20.467299],[-54.639755,-20.4673],[-54.639755,-20.467309],[-54.639765,-20.467309],[-54.639765,-20.467318],[-54.639774,-20.467318],[-54.639774,-20.467327],[-54.639784,-20.467327],[-54.639783,-20.467336],[-54.639793,-20.467336],[-54.639793,-20.467345],[-54.639803,-20.467345],[-54.639802,-20.467354],[-54.639812,-20.467355],[-54.639812,-20.467364],[-54.639898,-20.467365],[-54.639898,-20.467374],[-54.640463,-20.467381],[-54.640463,-20.46739],[-54.640473,-20.467391],[-54.64047,-20.467571],[-54.64046,-20.467571],[-54.64046,-20.467616],[-54.64045,-20.467616],[-54.640449,-20.467652],[-54.64044,-20.467652],[-54.640439,-20.467688],[-54.64043,-20.467688],[-54.640426,-20.467959],[-54.640435,-20.467959],[-54.640434,-20.468004],[-54.640444,-20.468004],[-54.640443,-20.468049],[-54.640453,-20.46805],[-54.640452,-20.468086],[-54.640462,-20.468086],[-54.640462,-20.468113],[-54.640471,-20.468113],[-54.64047,-20.468158],[-54.64048,-20.468158],[-54.640479,-20.468203],[-54.640489,-20.468204],[-54.640488,-20.468258],[-54.640478,-20.468258],[-54.640478,-20.468285],[-54.640468,-20.468285],[-54.640468,-20.468312],[-54.640458,-20.468312],[-54.640452,-20.468763],[-54.640442,-20.468763],[-54.640439,-20.468943],[-54.640439,-20.46897],[-54.640448,-20.468971],[-54.640448,-20.46898],[-54.640458,-20.46898],[-54.640458,-20.468989],[-54.640467,-20.468989],[-54.640467,-20.468998],[-54.640477,-20.468998],[-54.640477,-20.469007],[-54.640486,-20.469007],[-54.640486,-20.469016],[-54.640496,-20.469016],[-54.640495,-20.469025],[-54.640505,-20.469026],[-54.640505,-20.469035],[-54.640515,-20.469035],[-54.640514,-20.469044],[-54.640524,-20.469044],[-54.640524,-20.469053],[-54.640533,-20.469053],[-54.640533,-20.469062],[-54.640543,-20.469062],[-54.640543,-20.469071],[-54.640552,-20.469071],[-54.640552,-20.46908],[-54.640562,-20.469081],[-54.640562,-20.46909],[-54.640571,-20.46909],[-54.640571,-20.469099],[-54.640581,-20.469099],[-54.64058,-20.469108],[-54.64059,-20.469108],[-54.64059,-20.469117],[-54.640599,-20.469117],[-54.640599,-20.469126],[-54.640609,-20.469126],[-54.640609,-20.469135],[-54.640618,-20.469135],[-54.640618,-20.469144],[-54.640628,-20.469145],[-54.640628,-20.469154],[-54.640637,-20.469154],[-54.640637,-20.469163],[-54.640647,-20.469163],[-54.640647,-20.469172],[-54.640656,-20.469172],[-54.640656,-20.469181],[-54.640666,-20.469181],[-54.640665,-20.46919],[-54.640675,-20.46919],[-54.640675,-20.469199],[-54.640684,-20.4692],[-54.640684,-20.469209],[-54.640694,-20.469209],[-54.640694,-20.469218],[-54.640703,-20.469218],[-54.640703,-20.469227],[-54.640713,-20.469227],[-54.640713,-20.469236],[-54.640722,-20.469236],[-54.640722,-20.469245],[-54.640732,-20.469245],[-54.640732,-20.469254],[-54.640741,-20.469255],[-54.640741,-20.469264],[-54.640751,-20.469264],[-54.64075,-20.469273],[-54.64076,-20.469273],[-54.64076,-20.469282],[-54.640769,-20.469282],[-54.640769,-20.469291],[-54.640779,-20.469291],[-54.640776,-20.469454],[-54.640786,-20.469454],[-54.640786,-20.469463],[-54.640795,-20.469463],[-54.640795,-20.469472],[-54.640805,-20.469472],[-54.640805,-20.46949],[-54.640814,-20.46949],[-54.640814,-20.469499],[-54.640824,-20.469499],[-54.640823,-20.469508],[-54.640833,-20.469509],[-54.640833,-20.469518],[-54.640843,-20.469518],[-54.640842,-20.469527],[-54.640852,-20.469527],[-54.640852,-20.469536],[-54.640861,-20.469536],[-54.640861,-20.469545],[-54.640871,-20.469545],[-54.640871,-20.469554],[-54.64088,-20.469554],[-54.64088,-20.469563],[-54.64089,-20.469564],[-54.64089,-20.469573],[-54.640899,-20.469573],[-54.640899,-20.469582],[-54.640909,-20.469582],[-54.640897,-20.47034],[-54.640887,-20.47034],[-54.640887,-20.470358],[-54.640878,-20.470358],[-54.640877,-20.470385],[-54.640868,-20.470385],[-54.640867,-20.470403],[-54.640839,-20.470403],[-54.640838,-20.470412],[-54.640656,-20.470409],[-54.640657,-20.4704],[-54.640542,-20.470399],[-54.640541,-20.470408],[-54.640532,-20.470408],[-54.640532,-20.470417],[-54.640522,-20.470416],[-54.640513,-20.471021],[-54.640503,-20.471021],[-54.640502,-20.471075],[-54.640493,-20.471075],[-54.640492,-20.471138],[-54.640482,-20.471138],[-54.640482,-20.471183],[-54.640472,-20.471183],[-54.64047,-20.471319],[-54.64048,-20.471319],[-54.640479,-20.471337],[-54.640489,-20.471337],[-54.640489,-20.471355],[-54.640498,-20.471355],[-54.640498,-20.471373],[-54.640507,-20.471373],[-54.640507,-20.471392],[-54.640517,-20.471392],[-54.640512,-20.471699],[-54.640522,-20.471699],[-54.640521,-20.471717],[-54.640512,-20.471717],[-54.640512,-20.471735],[-54.640502,-20.471735],[-54.640502,-20.471744],[-54.640492,-20.471744],[-54.640492,-20.471762],[-54.640482,-20.471761],[-54.640479,-20.472005],[-54.640469,-20.472005],[-54.640469,-20.472023],[-54.640459,-20.472023],[-54.640459,-20.47205],[-54.640449,-20.47205],[-54.640447,-20.472167],[-54.640438,-20.472167],[-54.640438,-20.472176],[-54.640428,-20.472176],[-54.640428,-20.472194],[-54.640418,-20.472194],[-54.640418,-20.472203],[-54.640409,-20.472203],[-54.640408,-20.472212],[-54.640399,-20.472212],[-54.640399,-20.472221],[-54.640389,-20.472221],[-54.640389,-20.472239],[-54.640379,-20.472239],[-54.640379,-20.472248],[-54.64037,-20.472248],[-54.640369,-20.472257],[-54.64036,-20.472256],[-54.64036,-20.472265],[-54.64035,-20.472265],[-54.64035,-20.472283],[-54.64034,-20.472283],[-54.64034,-20.472292],[-54.640331,-20.472292],[-54.64033,-20.472301],[-54.640321,-20.472301],[-54.640321,-20.47231],[-54.640311,-20.47231],[-54.640311,-20.472328],[-54.640301,-20.472328],[-54.640301,-20.472337],[-54.640292,-20.472337],[-54.640291,-20.472346],[-54.640282,-20.472346],[-54.640282,-20.472355],[-54.640272,-20.472355],[-54.640272,-20.472373],[-54.640262,-20.472373],[-54.640262,-20.472382],[-54.640253,-20.472381],[-54.640252,-20.47239],[-54.640243,-20.47239],[-54.640243,-20.472399],[-54.640233,-20.472399],[-54.640233,-20.472417],[-54.640223,-20.472417],[-54.640223,-20.472426],[-54.640214,-20.472426],[-54.640213,-20.472435],[-54.640204,-20.472435],[-54.640204,-20.472444],[-54.640194,-20.472444],[-54.640194,-20.472453],[-54.640184,-20.472453],[-54.640184,-20.472471],[-54.640174,-20.472471],[-54.640174,-20.47248],[-54.640165,-20.47248],[-54.640165,-20.472489],[-54.640155,-20.472488],[-54.640155,-20.472497],[-54.640145,-20.472497],[-54.640145,-20.472515],[-54.640135,-20.472515],[-54.640135,-20.472524],[-54.640116,-20.472524],[-54.640116,-20.47256],[-54.640125,-20.47256],[-54.640125,-20.472587],[-54.640134,-20.472588],[-54.640134,-20.472606],[-54.640144,-20.472606],[-54.640143,-20.472633],[-54.640153,-20.472633],[-54.640152,-20.47266],[-54.640162,-20.47266],[-54.640162,-20.472687],[-54.640171,-20.472687],[-54.640171,-20.472714],[-54.64018,-20.472715],[-54.64018,-20.472742],[-54.64019,-20.472742],[-54.640189,-20.472769],[-54.640199,-20.472769],[-54.640198,-20.472796],[-54.640208,-20.472796],[-54.640207,-20.472823],[-54.640217,-20.472823],[-54.640217,-20.472851],[-54.640226,-20.472851],[-54.640226,-20.472878],[-54.640235,-20.472878],[-54.640235,-20.472896],[-54.640245,-20.472896],[-54.640244,-20.472923],[-54.640254,-20.472923],[-54.640253,-20.47295],[-54.640263,-20.47295],[-54.640263,-20.472978],[-54.640272,-20.472978],[-54.640272,-20.473005],[-54.640281,-20.473005],[-54.640281,-20.473032],[-54.64029,-20.473032],[-54.64029,-20.473068],[-54.64028,-20.473068],[-54.64028,-20.473077],[-54.640271,-20.473077],[-54.64027,-20.473086],[-54.640261,-20.473086],[-54.640261,-20.473095],[-54.640251,-20.473095],[-54.640251,-20.473104],[-54.640241,-20.473104],[-54.640241,-20.473113],[-54.640232,-20.473113],[-54.640232,-20.473122],[-54.640222,-20.473121],[-54.640222,-20.473131],[-54.640212,-20.47313],[-54.640212,-20.473139],[-54.640203,-20.473139],[-54.640202,-20.473148],[-54.640193,-20.473148],[-54.640193,-20.473157],[-54.640183,-20.473157],[-54.640183,-20.473166],[-54.640173,-20.473166],[-54.640173,-20.473175],[-54.640164,-20.473175],[-54.640164,-20.473184],[-54.640154,-20.473184],[-54.640154,-20.473193],[-54.640144,-20.473193],[-54.640144,-20.47322],[-54.640134,-20.47322],[-54.640134,-20.473229],[-54.640125,-20.473229],[-54.640124,-20.473238],[-54.640115,-20.473237],[-54.640115,-20.473246],[-54.640105,-20.473246],[-54.640105,-20.473255],[-54.640095,-20.473255],[-54.640095,-20.473264],[-54.640086,-20.473264],[-54.640086,-20.473273],[-54.640076,-20.473273],[-54.640076,-20.473282],[-54.640066,-20.473282],[-54.640066,-20.473291],[-54.640057,-20.473291],[-54.640056,-20.4733],[-54.640047,-20.4733],[-54.640047,-20.473309],[-54.640037,-20.473309],[-54.640037,-20.473318],[-54.640027,-20.473318],[-54.640027,-20.473327],[-54.640018,-20.473326],[-54.640018,-20.473335],[-54.640008,-20.473335],[-54.640008,-20.473344],[-54.639998,-20.473344],[-54.639998,-20.473353],[-54.639989,-20.473353],[-54.639988,-20.473362],[-54.639979,-20.473362],[-54.639979,-20.473371],[-54.639969,-20.473371],[-54.639969,-20.47338],[-54.639959,-20.47338],[-54.639959,-20.473389],[-54.63995,-20.473389],[-54.639949,-20.473398],[-54.63994,-20.473398],[-54.63994,-20.473407],[-54.63993,-20.473407],[-54.63993,-20.473425],[-54.63992,-20.473424],[-54.63992,-20.473433],[-54.639911,-20.473433],[-54.63991,-20.473442],[-54.639901,-20.473442],[-54.639901,-20.473451],[-54.639891,-20.473451],[-54.639891,-20.47346],[-54.639881,-20.47346],[-54.639881,-20.473469],[-54.639872,-20.473469],[-54.639872,-20.473478],[-54.639862,-20.473478],[-54.639862,-20.473487],[-54.639852,-20.473487],[-54.639852,-20.473496],[-54.639843,-20.473496],[-54.639842,-20.473505],[-54.639833,-20.473505],[-54.639833,-20.473514],[-54.639823,-20.473513],[-54.639823,-20.473522],[-54.639813,-20.473522],[-54.639813,-20.473531],[-54.639804,-20.473531],[-54.639804,-20.47354],[-54.639794,-20.47354],[-54.639794,-20.473549],[-54.639784,-20.473549],[-54.639784,-20.473558],[-54.639775,-20.473558],[-54.639774,-20.473567],[-54.639765,-20.473567],[-54.639765,-20.473576],[-54.639755,-20.473576],[-54.639755,-20.473585],[-54.639745,-20.473585],[-54.639745,-20.473594],[-54.639736,-20.473594],[-54.639736,-20.473603],[-54.639726,-20.473602],[-54.639726,-20.473611],[-54.639716,-20.473611],[-54.639716,-20.47362],[-54.639707,-20.47362],[-54.639706,-20.473629],[-54.639697,-20.473629],[-54.639697,-20.473638],[-54.639687,-20.473638],[-54.639687,-20.473647],[-54.639677,-20.473647],[-54.639677,-20.473656],[-54.639668,-20.473656],[-54.639668,-20.473665],[-54.639658,-20.473665],[-54.639658,-20.473674],[-54.639648,-20.473674],[-54.639647,-20.473728],[-54.639638,-20.473728],[-54.639638,-20.473737],[-54.639628,-20.473737],[-54.639628,-20.473746],[-54.639618,-20.473745],[-54.639618,-20.473754],[-54.639609,-20.473754],[-54.639609,-20.473763],[-54.639599,-20.473763],[-54.639599,-20.473772],[-54.639589,-20.473772],[-54.639589,-20.473781],[-54.639579,-20.473781],[-54.639579,-20.47379],[-54.63957,-20.47379],[-54.63957,-20.473799],[-54.63956,-20.473799],[-54.63956,-20.473808],[-54.63955,-20.473808],[-54.63955,-20.473817],[-54.639541,-20.473817],[-54.63954,-20.473826],[-54.639531,-20.473826],[-54.639531,-20.473835],[-54.639521,-20.473834],[-54.639521,-20.473843],[-54.639511,-20.473843],[-54.639511,-20.473852],[-54.639502,-20.473852],[-54.639502,-20.473861],[-54.639492,-20.473861],[-54.639492,-20.47387],[-54.639482,-20.47387],[-54.639482,-20.473879],[-54.639473,-20.473879],[-54.639472,-20.473888],[-54.639463,-20.473888],[-54.639463,-20.473897],[-54.639453,-20.473897],[-54.639453,-20.473906],[-54.639443,-20.473906],[-54.639443,-20.473915],[-54.639434,-20.473914],[-54.639434,-20.473924],[-54.639424,-20.473923],[-54.639424,-20.473932],[-54.639414,-20.473932],[-54.639414,-20.473941],[-54.639405,-20.473941],[-54.639404,-20.47395],[-54.639395,-20.47395],[-54.639395,-20.473959],[-54.639385,-20.473959],[-54.639385,-20.473968],[-54.639375,-20.473968],[-54.639375,-20.473977],[-54.639366,-20.473977],[-54.639366,-20.473986],[-54.639356,-20.473986],[-54.639356,-20.473995],[-54.639346,-20.473995],[-54.639346,-20.474004],[-54.639337,-20.474003],[-54.639336,-20.474013],[-54.639327,-20.474012],[-54.639327,-20.474021],[-54.639317,-20.474021],[-54.639317,-20.47403],[-54.639307,-20.47403],[-54.639307,-20.474039],[-54.639298,-20.474039],[-54.639297,-20.474075],[-54.639288,-20.474075],[-54.639287,-20.474084],[-54.639278,-20.474084],[-54.639278,-20.474093],[-54.639268,-20.474093],[-54.639268,-20.474102],[-54.639258,-20.474102],[-54.639258,-20.474111],[-54.639249,-20.474111],[-54.639249,-20.47412],[-54.639239,-20.47412],[-54.639239,-20.474129],[-54.639229,-20.474128],[-54.639229,-20.474137],[-54.639219,-20.474137],[-54.639219,-20.474146],[-54.63921,-20.474146],[-54.639209,-20.474164],[-54.6392,-20.474164],[-54.6392,-20.474173],[-54.63919,-20.474173],[-54.63919,-20.474182],[-54.63918,-20.474182],[-54.63918,-20.474191],[-54.639171,-20.474191],[-54.639171,-20.4742],[-54.639161,-20.4742],[-54.639161,-20.474209],[-54.639151,-20.474209],[-54.639151,-20.474218],[-54.639142,-20.474218],[-54.639141,-20.474227],[-54.639122,-20.474226],[-54.639122,-20.474235],[-54.639113,-20.474235],[-54.639112,-20.474244],[-54.639103,-20.474244],[-54.639103,-20.474253],[-54.639093,-20.474253],[-54.639093,-20.474262],[-54.639074,-20.474262],[-54.639074,-20.474271],[-54.639064,-20.474271],[-54.639064,-20.47428],[-54.639054,-20.47428],[-54.639054,-20.474289],[-54.639045,-20.474288],[-54.639045,-20.474298],[-54.639025,-20.474297],[-54.639025,-20.474306],[-54.639016,-20.474306],[-54.639016,-20.474315],[-54.639006,-20.474315],[-54.639006,-20.474324],[-54.638987,-20.474324],[-54.638987,-20.474333],[-54.638939,-20.474332],[-54.638938,-20.474341],[-54.638891,-20.474341],[-54.63889,-20.47435],[-54.638843,-20.474349],[-54.638842,-20.474358],[-54.638804,-20.474357],[-54.638804,-20.474348],[-54.638795,-20.474348],[-54.638795,-20.474339],[-54.638785,-20.474339],[-54.638785,-20.47433],[-54.638776,-20.47433],[-54.638776,-20.474321],[-54.638766,-20.474321],[-54.638766,-20.474312],[-54.638747,-20.474312],[-54.638747,-20.474303],[-54.638738,-20.474302],[-54.638738,-20.474293],[-54.638728,-20.474293],[-54.638729,-20.474284],[-54.638719,-20.474284],[-54.638719,-20.474275],[-54.63871,-20.474275],[-54.63871,-20.474266],[-54.6387,-20.474266],[-54.6387,-20.474257],[-54.638691,-20.474257],[-54.638691,-20.474248],[-54.638681,-20.474247],[-54.638681,-20.474238],[-54.638672,-20.474238],[-54.638672,-20.474229],[-54.638662,-20.474229],[-54.638662,-20.47422],[-54.638576,-20.474219],[-54.638576,-20.474228],[-54.638566,-20.474228],[-54.638566,-20.474237],[-54.638557,-20.474237],[-54.638557,-20.474246],[-54.638547,-20.474246],[-54.638547,-20.474255],[-54.638537,-20.474254],[-54.638537,-20.474264],[-54.638528,-20.474263],[-54.638527,-20.474272],[-54.638518,-20.474272],[-54.638518,-20.474281],[-54.638508,-20.474281],[-54.638508,-20.47429],[-54.638498,-20.47429],[-54.638498,-20.474299],[-54.638489,-20.474299],[-54.638489,-20.474308],[-54.638479,-20.474308],[-54.638479,-20.474317],[-54.638469,-20.474317],[-54.638469,-20.474326],[-54.63846,-20.474326],[-54.638456,-20.474533],[-54.638447,-20.474533],[-54.638447,-20.474542],[-54.638437,-20.474542],[-54.638437,-20.474551],[-54.638427,-20.474551],[-54.638427,-20.47456],[-54.638418,-20.47456],[-54.638418,-20.474569],[-54.638408,-20.474569],[-54.638408,-20.474578],[-54.638398,-20.474578],[-54.638396,-20.474695],[-54.638387,-20.474695],[-54.638387,-20.474713],[-54.638377,-20.474713],[-54.638377,-20.474722],[-54.638367,-20.474722],[-54.638367,-20.474731],[-54.638358,-20.474731],[-54.638357,-20.47474],[-54.638348,-20.47474],[-54.638348,-20.474758],[-54.638338,-20.474757],[-54.638338,-20.474767],[-54.638328,-20.474766],[-54.638328,-20.474775],[-54.638319,-20.474775],[-54.638318,-20.474784],[-54.638309,-20.474784],[-54.638309,-20.474793],[-54.638299,-20.474793],[-54.638299,-20.474802],[-54.638289,-20.474802],[-54.638289,-20.474811],[-54.63828,-20.474811],[-54.63828,-20.47482],[-54.63827,-20.47482],[-54.63827,-20.474829],[-54.63826,-20.474829],[-54.63826,-20.474838],[-54.638251,-20.474838],[-54.63825,-20.474847],[-54.638241,-20.474846],[-54.638241,-20.474855],[-54.638231,-20.474855],[-54.638231,-20.474864],[-54.638221,-20.474864],[-54.638221,-20.474873],[-54.638212,-20.474873],[-54.638211,-20.474882],[-54.638202,-20.474882],[-54.638202,-20.474891],[-54.638192,-20.474891],[-54.638192,-20.474936],[-54.638182,-20.474936],[-54.638182,-20.474963],[-54.638172,-20.474963],[-54.638171,-20.474999],[-54.638162,-20.474999],[-54.638161,-20.47508],[-54.638151,-20.47508],[-54.638151,-20.475089],[-54.638113,-20.475089],[-54.638112,-20.475098],[-54.638084,-20.475097],[-54.638083,-20.475106],[-54.638036,-20.475106],[-54.638035,-20.475115],[-54.638016,-20.475114],[-54.638016,-20.475123],[-54.637997,-20.475123],[-54.637997,-20.475132],[-54.637978,-20.475132],[-54.637978,-20.475141],[-54.637968,-20.475141],[-54.637968,-20.47515],[-54.637958,-20.47515],[-54.637958,-20.475168],[-54.637948,-20.475168],[-54.637948,-20.475177],[-54.637939,-20.475176],[-54.637939,-20.475186],[-54.637929,-20.475185],[-54.637929,-20.475194],[-54.637919,-20.475194],[-54.637919,-20.475203],[-54.63789,-20.475203],[-54.63789,-20.475212],[-54.637871,-20.475212],[-54.637871,-20.475221],[-54.637852,-20.47522],[-54.637852,-20.475229],[-54.637823,-20.475229],[-54.637823,-20.475238],[-54.637813,-20.475238],[-54.637813,-20.475256],[-54.637803,-20.475256],[-54.637802,-20.475319],[-54.637812,-20.475319],[-54.637812,-20.475328],[-54.637802,-20.475328],[-54.637802,-20.475355],[-54.637792,-20.475355],[-54.637792,-20.475364],[-54.637763,-20.475364],[-54.637763,-20.475373],[-54.637725,-20.475372],[-54.637725,-20.475381],[-54.637696,-20.475381],[-54.637696,-20.47539],[-54.637667,-20.47539],[-54.637667,-20.475399],[-54.637638,-20.475398],[-54.637638,-20.475407],[-54.637609,-20.475407],[-54.637609,-20.475416],[-54.637561,-20.475415],[-54.637561,-20.475424],[-54.637523,-20.475424],[-54.637523,-20.475433],[-54.637484,-20.475432],[-54.637484,-20.475441],[-54.637446,-20.475441],[-54.637446,-20.47545],[-54.637436,-20.47545],[-54.637436,-20.475459],[-54.637426,-20.475458],[-54.637426,-20.475468],[-54.637417,-20.475467],[-54.637417,-20.475476],[-54.637407,-20.475476],[-54.637407,-20.475485],[-54.637397,-20.475485],[-54.637397,-20.475494],[-54.637388,-20.475494],[-54.637387,-20.475503],[-54.637378,-20.475503],[-54.637378,-20.475512],[-54.637368,-20.475512],[-54.637368,-20.475521],[-54.637358,-20.475521],[-54.637358,-20.47553],[-54.637349,-20.47553],[-54.637349,-20.475539],[-54.637339,-20.475539],[-54.637339,-20.475548],[-54.637329,-20.475547],[-54.637329,-20.475556],[-54.63732,-20.475556],[-54.637319,-20.475565],[-54.63731,-20.475565],[-54.63731,-20.475574],[-54.6373,-20.475574],[-54.6373,-20.475583],[-54.63729,-20.475583],[-54.63729,-20.475592],[-54.637281,-20.475592],[-54.637281,-20.475601],[-54.637271,-20.475601],[-54.637271,-20.47561],[-54.637261,-20.47561],[-54.637261,-20.475619],[-54.637252,-20.475619],[-54.637251,-20.475628],[-54.637242,-20.475628],[-54.637242,-20.475637],[-54.637232,-20.475636],[-54.637232,-20.475645],[-54.637222,-20.475645],[-54.637222,-20.475654],[-54.637213,-20.475654],[-54.637213,-20.475663],[-54.637203,-20.475663],[-54.637203,-20.475672],[-54.637193,-20.475672],[-54.637193,-20.475681],[-54.637183,-20.475681],[-54.637183,-20.47569],[-54.637174,-20.47569],[-54.637174,-20.475699],[-54.637164,-20.475699],[-54.637164,-20.475708],[-54.637154,-20.475708],[-54.637154,-20.475717],[-54.637145,-20.475717],[-54.637144,-20.475726],[-54.637135,-20.475725],[-54.637135,-20.475734],[-54.637125,-20.475734],[-54.637125,-20.475743],[-54.637115,-20.475743],[-54.637115,-20.475752],[-54.637106,-20.475752],[-54.637106,-20.475761],[-54.637096,-20.475761],[-54.637096,-20.47577],[-54.637086,-20.47577],[-54.637086,-20.475779],[-54.63701,-20.475778],[-54.637009,-20.475787],[-54.636961,-20.475786],[-54.636961,-20.475795],[-54.636942,-20.475795],[-54.636942,-20.475813],[-54.636932,-20.475813],[-54.636932,-20.475822],[-54.636923,-20.475822],[-54.636922,-20.47584],[-54.636913,-20.47584],[-54.636913,-20.475849],[-54.636903,-20.475849],[-54.636903,-20.475858],[-54.636893,-20.475858],[-54.636893,-20.475876],[-54.636883,-20.475876],[-54.636883,-20.475885],[-54.636874,-20.475884],[-54.636874,-20.475893],[-54.636864,-20.475893],[-54.636864,-20.475911],[-54.636854,-20.475911],[-54.636854,-20.47592],[-54.636844,-20.47592],[-54.636844,-20.475929],[-54.636835,-20.475929],[-54.636835,-20.475938],[-54.636777,-20.475937],[-54.636777,-20.475946],[-54.636748,-20.475946],[-54.636748,-20.475964],[-54.636738,-20.475964],[-54.636738,-20.475973],[-54.636729,-20.475973],[-54.636729,-20.475982],[-54.636719,-20.475982],[-54.636719,-20.475991],[-54.636709,-20.475991],[-54.636709,-20.476009],[-54.636699,-20.476008],[-54.636699,-20.476036],[-54.636526,-20.476033],[-54.636527,-20.476024],[-54.636306,-20.476021],[-54.636306,-20.47603],[-54.636277,-20.47603],[-54.636277,-20.476039],[-54.63622,-20.476038],[-54.63622,-20.476047],[-54.63621,-20.476047],[-54.63621,-20.476056],[-54.6362,-20.476056],[-54.6362,-20.476065],[-54.636162,-20.476064],[-54.636162,-20.476073],[-54.636114,-20.476073],[-54.636114,-20.476082],[-54.636075,-20.476081],[-54.636075,-20.47609],[-54.636046,-20.47609],[-54.636046,-20.476099],[-54.636037,-20.476099],[-54.636037,-20.476108],[-54.636027,-20.476108],[-54.636027,-20.476117],[-54.636017,-20.476117],[-54.636017,-20.476126],[-54.636008,-20.476125],[-54.636007,-20.476135],[-54.635998,-20.476134],[-54.635998,-20.476143],[-54.635988,-20.476143],[-54.635988,-20.476152],[-54.635978,-20.476152],[-54.635978,-20.476161],[-54.635969,-20.476161],[-54.635969,-20.47617],[-54.635959,-20.47617],[-54.635959,-20.476179],[-54.635949,-20.476179],[-54.635949,-20.476188],[-54.63594,-20.476188],[-54.635939,-20.476197],[-54.63593,-20.476197],[-54.63593,-20.476206],[-54.63592,-20.476206],[-54.63592,-20.476215],[-54.63591,-20.476214],[-54.63591,-20.476224],[-54.635901,-20.476223],[-54.635901,-20.476232],[-54.635891,-20.476232],[-54.635891,-20.476241],[-54.635881,-20.476241],[-54.635881,-20.47625],[-54.635872,-20.47625],[-54.635871,-20.476259],[-54.635862,-20.476259],[-54.635862,-20.476268],[-54.635852,-20.476268],[-54.635852,-20.476277],[-54.635842,-20.476277],[-54.635842,-20.476286],[-54.635833,-20.476286],[-54.635833,-20.476295],[-54.635823,-20.476295],[-54.635823,-20.476304],[-54.635813,-20.476303],[-54.63581,-20.476511],[-54.6358,-20.476511],[-54.635799,-20.47661],[-54.635789,-20.47661],[-54.635789,-20.476619],[-54.63578,-20.476619],[-54.635779,-20.476637],[-54.63577,-20.476637],[-54.63577,-20.476646],[-54.63576,-20.476646],[-54.63576,-20.476655],[-54.63575,-20.476655],[-54.63575,-20.476646],[-54.635741,-20.476646],[-54.635741,-20.476637],[-54.635731,-20.476636],[-54.635732,-20.476627],[-54.635722,-20.476627],[-54.635722,-20.476618],[-54.635713,-20.476618],[-54.635713,-20.476609],[-54.635684,-20.476609],[-54.635684,-20.476618],[-54.635646,-20.476617],[-54.635645,-20.476626],[-54.635607,-20.476626],[-54.635607,-20.476635],[-54.635597,-20.476635],[-54.635597,-20.476644],[-54.635588,-20.476644],[-54.635587,-20.476653],[-54.635578,-20.476652],[-54.635578,-20.476661],[-54.635568,-20.476661],[-54.635568,-20.47667],[-54.635558,-20.47667],[-54.635558,-20.476679],[-54.635549,-20.476679],[-54.635549,-20.476688],[-54.635539,-20.476688],[-54.635539,-20.476697],[-54.635529,-20.476697],[-54.635529,-20.476706],[-54.63552,-20.476706],[-54.635519,-20.476715],[-54.63551,-20.476715],[-54.63551,-20.476724],[-54.635491,-20.476723],[-54.63549,-20.476733],[-54.635481,-20.476732],[-54.635481,-20.476741],[-54.635471,-20.476741],[-54.635471,-20.47675],[-54.635461,-20.47675],[-54.635461,-20.476759],[-54.635452,-20.476759],[-54.635452,-20.476768],[-54.635442,-20.476768],[-54.635442,-20.476777],[-54.635432,-20.476777],[-54.635432,-20.476786],[-54.635423,-20.476786],[-54.635422,-20.476795],[-54.635413,-20.476795],[-54.635413,-20.476804],[-54.635403,-20.476804],[-54.635403,-20.476813],[-54.635393,-20.476812],[-54.635393,-20.476821],[-54.635384,-20.476821],[-54.635383,-20.47683],[-54.635374,-20.47683],[-54.635374,-20.476839],[-54.635364,-20.476839],[-54.635364,-20.476848],[-54.635354,-20.476848],[-54.635354,-20.476866],[-54.635345,-20.476866],[-54.635344,-20.476875],[-54.635335,-20.476875],[-54.635335,-20.476893],[-54.635325,-20.476893],[-54.635325,-20.476902],[-54.635315,-20.476902],[-54.635315,-20.476911],[-54.635306,-20.476911],[-54.635305,-20.47692],[-54.635296,-20.47692],[-54.635296,-20.476929],[-54.635286,-20.476928],[-54.635286,-20.476937],[-54.635276,-20.476937],[-54.635276,-20.476946],[-54.635267,-20.476946],[-54.635267,-20.476955],[-54.635257,-20.476955],[-54.635257,-20.476964],[-54.635247,-20.476964],[-54.635247,-20.476973],[-54.635238,-20.476973],[-54.635237,-20.476982],[-54.635228,-20.476982],[-54.635228,-20.476991],[-54.635218,-20.476991],[-54.635218,-20.477],[-54.635208,-20.477],[-54.635208,-20.477009],[-54.635199,-20.477008],[-54.635199,-20.477018],[-54.635189,-20.477017],[-54.635189,-20.477026],[-54.635179,-20.477026],[-54.635179,-20.477035],[-54.63517,-20.477035],[-54.635169,-20.477044],[-54.63516,-20.477044],[-54.63516,-20.477053],[-54.63515,-20.477053],[-54.63515,-20.477062],[-54.63514,-20.477062],[-54.63514,-20.477071],[-54.635131,-20.477071],[-54.635131,-20.47708],[-54.635121,-20.47708],[-54.635121,-20.477089],[-54.635111,-20.477089],[-54.635111,-20.477098],[-54.635102,-20.477097],[-54.635101,-20.477106],[-54.635073,-20.477106],[-54.635072,-20.477115],[-54.635063,-20.477115],[-54.635063,-20.477124],[-54.635053,-20.477124],[-54.635053,-20.477133],[-54.635043,-20.477133],[-54.635043,-20.477142],[-54.635034,-20.477142],[-54.635034,-20.477151],[-54.635024,-20.477151],[-54.635024,-20.47716],[-54.635014,-20.477159],[-54.635014,-20.477169],[-54.635005,-20.477168],[-54.635004,-20.477177],[-54.634995,-20.477177],[-54.634995,-20.477186],[-54.634985,-20.477186],[-54.634985,-20.477195],[-54.634975,-20.477195],[-54.634975,-20.477204],[-54.634966,-20.477204],[-54.634966,-20.477213],[-54.634956,-20.477213],[-54.634956,-20.477222],[-54.634937,-20.477222],[-54.634937,-20.477231],[-54.634927,-20.477231],[-54.634927,-20.47724],[-54.634917,-20.477239],[-54.634917,-20.477248],[-54.634908,-20.477248],[-54.634907,-20.477257],[-54.634898,-20.477257],[-54.634898,-20.477266],[-54.634888,-20.477266],[-54.634888,-20.477257],[-54.634869,-20.477257],[-54.634869,-20.477248],[-54.63486,-20.477248],[-54.63486,-20.477239],[-54.63485,-20.477239],[-54.63485,-20.47723],[-54.634841,-20.477229],[-54.634841,-20.47722],[-54.634803,-20.47722],[-54.634803,-20.477211],[-54.634764,-20.47721],[-54.634765,-20.477201],[-54.634726,-20.477201],[-54.634726,-20.477192],[-54.634688,-20.477191],[-54.634688,-20.477182],[-54.63464,-20.477181],[-54.63464,-20.477172],[-54.634602,-20.477172],[-54.634602,-20.477163],[-54.634573,-20.477163],[-54.634573,-20.477172],[-54.634535,-20.477171],[-54.634535,-20.47718],[-54.634401,-20.477178],[-54.6344,-20.477196],[-54.634391,-20.477196],[-54.634391,-20.477205],[-54.634381,-20.477205],[-54.634381,-20.477214],[-54.634362,-20.477214],[-54.634362,-20.477223],[-54.634333,-20.477222],[-54.634333,-20.477231],[-54.634314,-20.477231],[-54.634314,-20.47724],[-54.634294,-20.47724],[-54.634294,-20.477249],[-54.634275,-20.477249],[-54.634275,-20.477258],[-54.634265,-20.477258],[-54.634265,-20.477267],[-54.634256,-20.477267],[-54.634255,-20.477276],[-54.634246,-20.477275],[-54.634246,-20.477284],[-54.634236,-20.477284],[-54.634236,-20.477293],[-54.634226,-20.477293],[-54.634226,-20.477302],[-54.634217,-20.477302],[-54.634217,-20.477311],[-54.634207,-20.477311],[-54.634207,-20.47732],[-54.634197,-20.47732],[-54.634197,-20.477329],[-54.634188,-20.477329],[-54.634187,-20.477338],[-54.634178,-20.477338],[-54.634178,-20.477347],[-54.634168,-20.477347],[-54.634168,-20.477356],[-54.634158,-20.477356],[-54.634158,-20.477365],[-54.634149,-20.477364],[-54.634149,-20.477373],[-54.634139,-20.477373],[-54.634139,-20.477382],[-54.634129,-20.477382],[-54.634129,-20.477391],[-54.63412,-20.477391],[-54.634119,-20.4774],[-54.63411,-20.4774],[-54.63411,-20.477409],[-54.6341,-20.477409],[-54.6341,-20.477418],[-54.63409,-20.477418],[-54.63409,-20.477427],[-54.634081,-20.477427],[-54.634081,-20.477436],[-54.634071,-20.477436],[-54.634071,-20.477445],[-54.634052,-20.477444],[-54.634052,-20.477453],[-54.634042,-20.477453],[-54.634042,-20.477462],[-54.634032,-20.477462],[-54.634032,-20.477471],[-54.634013,-20.477471],[-54.634013,-20.47748],[-54.634003,-20.47748],[-54.634003,-20.477489],[-54.633984,-20.477489],[-54.633984,-20.477498],[-54.633974,-20.477498],[-54.633974,-20.477507],[-54.633964,-20.477506],[-54.633964,-20.477515],[-54.633945,-20.477515],[-54.633945,-20.477524],[-54.633792,-20.477522],[-54.633792,-20.477531],[-54.633782,-20.477531],[-54.633782,-20.47754],[-54.633772,-20.47754],[-54.633772,-20.477549],[-54.633763,-20.477549],[-54.633762,-20.477558],[-54.633753,-20.477558],[-54.633753,-20.477567],[-54.633743,-20.477567],[-54.633743,-20.477576],[-54.633733,-20.477576],[-54.633733,-20.477585],[-54.633724,-20.477584],[-54.633724,-20.477593],[-54.633714,-20.477593],[-54.633714,-20.477602],[-54.633704,-20.477602],[-54.633704,-20.477611],[-54.633695,-20.477611],[-54.633694,-20.47762],[-54.633685,-20.47762],[-54.633685,-20.477629],[-54.633675,-20.477629],[-54.633675,-20.477638],[-54.633665,-20.477638],[-54.633665,-20.477647],[-54.633656,-20.477647],[-54.633656,-20.477656],[-54.633646,-20.477656],[-54.633646,-20.477665],[-54.633636,-20.477664],[-54.633636,-20.477674],[-54.633627,-20.477673],[-54.633626,-20.477682],[-54.633617,-20.477682],[-54.633617,-20.477691],[-54.633607,-20.477691],[-54.633607,-20.4777],[-54.633597,-20.4777],[-54.633597,-20.477709],[-54.633588,-20.477709],[-54.633587,-20.477718],[-54.633578,-20.477718],[-54.633578,-20.477727],[-54.633568,-20.477727],[-54.633568,-20.477736],[-54.633558,-20.477736],[-54.633558,-20.477745],[-54.633549,-20.477745],[-54.633549,-20.477754],[-54.633539,-20.477753],[-54.633539,-20.477762],[-54.633529,-20.477762],[-54.633529,-20.477771],[-54.63352,-20.477771],[-54.633519,-20.47778],[-54.63351,-20.47778],[-54.63351,-20.477789],[-54.6335,-20.477789],[-54.6335,-20.477798],[-54.63349,-20.477798],[-54.63349,-20.477807],[-54.633481,-20.477807],[-54.63348,-20.477834],[-54.633471,-20.477834],[-54.633471,-20.477843],[-54.633461,-20.477843],[-54.633461,-20.477852],[-54.633451,-20.477852],[-54.633451,-20.477861],[-54.633442,-20.47786],[-54.633441,-20.47787],[-54.633432,-20.477869],[-54.633432,-20.477878],[-54.633422,-20.477878],[-54.633422,-20.477887],[-54.633412,-20.477887],[-54.633412,-20.477896],[-54.633403,-20.477896],[-54.633403,-20.477905],[-54.633393,-20.477905],[-54.633393,-20.477914],[-54.633383,-20.477914],[-54.633383,-20.477923],[-54.633374,-20.477923],[-54.633373,-20.477932],[-54.633364,-20.477932],[-54.633364,-20.477941],[-54.633354,-20.477941],[-54.633354,-20.47795],[-54.633344,-20.477949],[-54.633344,-20.477959],[-54.633335,-20.477958],[-54.633335,-20.477967],[-54.633325,-20.477967],[-54.633325,-20.477976],[-54.633315,-20.477976],[-54.633315,-20.477985],[-54.633305,-20.477985],[-54.633305,-20.477994],[-54.633296,-20.477994],[-54.633296,-20.478003],[-54.633286,-20.478003],[-54.633286,-20.478012],[-54.633276,-20.478012],[-54.633276,-20.478021],[-54.633267,-20.478021],[-54.633266,-20.47803],[-54.633257,-20.47803],[-54.633257,-20.478039],[-54.633247,-20.478038],[-54.633247,-20.478047],[-54.633237,-20.478047],[-54.633237,-20.478056],[-54.633228,-20.478056],[-54.633228,-20.478065],[-54.633218,-20.478065],[-54.633218,-20.478074],[-54.633208,-20.478074],[-54.633208,-20.478083],[-54.633199,-20.478083],[-54.633198,-20.478092],[-54.633189,-20.478092],[-54.633189,-20.478101],[-54.633179,-20.478101],[-54.633179,-20.47811],[-54.633169,-20.47811],[-54.633169,-20.478119],[-54.63316,-20.478119],[-54.63316,-20.478128],[-54.63315,-20.478127],[-54.63315,-20.478136],[-54.63314,-20.478136],[-54.63314,-20.478145],[-54.633131,-20.478145],[-54.63313,-20.478154],[-54.633121,-20.478154],[-54.633121,-20.478163],[-54.633111,-20.478163],[-54.63311,-20.478208],[-54.633101,-20.478208],[-54.633101,-20.478226],[-54.633091,-20.478226],[-54.633091,-20.478235],[-54.633081,-20.478235],[-54.633081,-20.478244],[-54.633072,-20.478244],[-54.633071,-20.478253],[-54.633062,-20.478253],[-54.633062,-20.478262],[-54.633052,-20.478262],[-54.633052,-20.478271],[-54.633042,-20.47827],[-54.633042,-20.478279],[-54.633033,-20.478279],[-54.633033,-20.478288],[-54.633023,-20.478288],[-54.633023,-20.478297],[-54.633013,-20.478297],[-54.633013,-20.478306],[-54.633004,-20.478306],[-54.633003,-20.478315],[-54.632994,-20.478315],[-54.632994,-20.478324],[-54.632984,-20.478324],[-54.632984,-20.478333],[-54.632974,-20.478333],[-54.632974,-20.478342],[-54.632965,-20.478342],[-54.632964,-20.478351],[-54.632955,-20.478351],[-54.632955,-20.47836],[-54.632945,-20.478359],[-54.632945,-20.478368],[-54.632935,-20.478368],[-54.632935,-20.478377],[-54.632926,-20.478377],[-54.632926,-20.478386],[-54.632916,-20.478386],[-54.632916,-20.478395],[-54.632906,-20.478395],[-54.632906,-20.478404],[-54.632897,-20.478404],[-54.632896,-20.478413],[-54.632887,-20.478413],[-54.632886,-20.47844],[-54.632877,-20.47844],[-54.632876,-20.478467],[-54.632867,-20.478467],[-54.632866,-20.478503],[-54.632857,-20.478503],[-54.632856,-20.478521],[-54.632866,-20.478521],[-54.632866,-20.47853],[-54.632875,-20.47853],[-54.632875,-20.478539],[-54.632885,-20.478539],[-54.632885,-20.478548],[-54.632894,-20.478548],[-54.632892,-20.47872],[-54.632882,-20.47872],[-54.632882,-20.478756],[-54.632872,-20.478756],[-54.632871,-20.478792],[-54.632862,-20.478792],[-54.632861,-20.478819],[-54.632852,-20.478819],[-54.632851,-20.478855],[-54.632842,-20.478855],[-54.632841,-20.478891],[-54.632832,-20.478891],[-54.632831,-20.478909],[-54.632822,-20.478909],[-54.632822,-20.478918],[-54.632812,-20.478917],[-54.632812,-20.478927],[-54.632802,-20.478926],[-54.632802,-20.478935],[-54.632793,-20.478935],[-54.632792,-20.478944],[-54.632783,-20.478944],[-54.632783,-20.478953],[-54.632773,-20.478953],[-54.632773,-20.478962],[-54.632763,-20.478962],[-54.632763,-20.478971],[-54.632754,-20.478971],[-54.632754,-20.47898],[-54.632744,-20.47898],[-54.632744,-20.478989],[-54.632734,-20.478989],[-54.632734,-20.478998],[-54.632725,-20.478998],[-54.632724,-20.479007],[-54.632715,-20.479006],[-54.632715,-20.479016],[-54.632705,-20.479015],[-54.632705,-20.479024],[-54.632695,-20.479024],[-54.632695,-20.479033],[-54.632686,-20.479033],[-54.632686,-20.479042],[-54.632676,-20.479042],[-54.632676,-20.479051],[-54.632666,-20.479051],[-54.632666,-20.47906],[-54.632657,-20.47906],[-54.632656,-20.479069],[-54.632647,-20.479069],[-54.632647,-20.479078],[-54.632637,-20.479078],[-54.632637,-20.479087],[-54.632627,-20.479087],[-54.632627,-20.479096],[-54.632618,-20.479095],[-54.632618,-20.479104],[-54.632608,-20.479104],[-54.632608,-20.479113],[-54.632598,-20.479113],[-54.632598,-20.479122],[-54.632588,-20.479122],[-54.632588,-20.479131],[-54.632579,-20.479131],[-54.632579,-20.47914],[-54.632569,-20.47914],[-54.632569,-20.479149],[-54.632559,-20.479149],[-54.632559,-20.479158],[-54.63255,-20.479158],[-54.632549,-20.479167],[-54.63254,-20.479167],[-54.63254,-20.479176],[-54.63253,-20.479176],[-54.63253,-20.479185],[-54.63252,-20.479184],[-54.63252,-20.479193],[-54.632511,-20.479193],[-54.632511,-20.479202],[-54.632501,-20.479202],[-54.632501,-20.479211],[-54.632491,-20.479211],[-54.632491,-20.47922],[-54.632482,-20.47922],[-54.632481,-20.479229],[-54.632472,-20.479229],[-54.632472,-20.479238],[-54.632462,-20.479238],[-54.632462,-20.479247],[-54.632452,-20.479247],[-54.632452,-20.479256],[-54.632443,-20.479256],[-54.632443,-20.479265],[-54.632433,-20.479265],[-54.632433,-20.479274],[-54.632423,-20.479273],[-54.632423,-20.479282],[-54.632414,-20.479282],[-54.632413,-20.479291],[-54.632404,-20.479291],[-54.632404,-20.4793],[-54.632394,-20.4793],[-54.632394,-20.479309],[-54.632384,-20.479309],[-54.632384,-20.479318],[-54.632375,-20.479318],[-54.632375,-20.479327],[-54.632365,-20.479327],[-54.632365,-20.479336],[-54.632355,-20.479336],[-54.632355,-20.479345],[-54.632346,-20.479345],[-54.632345,-20.479354],[-54.632336,-20.479353],[-54.632336,-20.479363],[-54.632326,-20.479362],[-54.632326,-20.479371],[-54.632316,-20.479371],[-54.632316,-20.47938],[-54.632307,-20.47938],[-54.632306,-20.479389],[-54.632297,-20.479389],[-54.632297,-20.479398],[-54.632287,-20.479398],[-54.632287,-20.479407],[-54.632277,-20.479407],[-54.632277,-20.479416],[-54.632268,-20.479416],[-54.632268,-20.479425],[-54.632258,-20.479425],[-54.632258,-20.479434],[-54.632248,-20.479434],[-54.632248,-20.479443],[-54.632239,-20.479442],[-54.632238,-20.479452],[-54.632229,-20.479451],[-54.632229,-20.47946],[-54.632219,-20.47946],[-54.632219,-20.479469],[-54.632209,-20.479469],[-54.632209,-20.479478],[-54.6322,-20.479478],[-54.6322,-20.479487],[-54.63219,-20.479487],[-54.63219,-20.479496],[-54.63218,-20.479496],[-54.63218,-20.479505],[-54.632171,-20.479505],[-54.63217,-20.479514],[-54.632161,-20.479514],[-54.632161,-20.479523],[-54.632151,-20.479523],[-54.632151,-20.479532],[-54.632141,-20.479531],[-54.632141,-20.47954],[-54.632132,-20.47954],[-54.632132,-20.479549],[-54.632122,-20.479549],[-54.632122,-20.479558],[-54.632112,-20.479558],[-54.632112,-20.479567],[-54.632103,-20.479567],[-54.632102,-20.479576],[-54.632093,-20.479576],[-54.632093,-20.479585],[-54.632083,-20.479585],[-54.632083,-20.479594],[-54.632073,-20.479594],[-54.632073,-20.479603],[-54.632064,-20.479603],[-54.632064,-20.479612],[-54.632054,-20.479612],[-54.632054,-20.479621],[-54.632044,-20.47962],[-54.632044,-20.479629],[-54.632034,-20.479629],[-54.632034,-20.479638],[-54.632025,-20.479638],[-54.632025,-20.479647],[-54.632015,-20.479647],[-54.632014,-20.479692],[-54.632005,-20.479692],[-54.632004,-20.47971],[-54.631995,-20.47971],[-54.631995,-20.479719],[-54.631985,-20.479719],[-54.631985,-20.479728],[-54.631966,-20.479728],[-54.631966,-20.479737],[-54.631956,-20.479737],[-54.631956,-20.479746],[-54.631937,-20.479745],[-54.631937,-20.479754],[-54.631918,-20.479754],[-54.631917,-20.479763],[-54.631908,-20.479763],[-54.631908,-20.479772],[-54.631898,-20.479772],[-54.631898,-20.479781],[-54.631879,-20.479781],[-54.631879,-20.47979],[-54.63186,-20.479789],[-54.631859,-20.479799],[-54.63184,-20.479798],[-54.63184,-20.479807],[-54.631716,-20.479806],[-54.631715,-20.479815],[-54.631706,-20.479814],[-54.631706,-20.479824],[-54.631696,-20.479823],[-54.631696,-20.479832],[-54.631686,-20.479832],[-54.631686,-20.479841],[-54.631677,-20.479841],[-54.631677,-20.47985],[-54.631667,-20.47985],[-54.631667,-20.479859],[-54.631657,-20.479859],[-54.631657,-20.479868],[-54.631648,-20.479868],[-54.631647,-20.479877],[-54.631638,-20.479877],[-54.631638,-20.479886],[-54.631628,-20.479886],[-54.631628,-20.479895],[-54.631618,-20.479895],[-54.631618,-20.479904],[-54.631609,-20.479903],[-54.631608,-20.479912],[-54.631599,-20.479912],[-54.631599,-20.479921],[-54.631589,-20.479921],[-54.631589,-20.47993],[-54.631579,-20.47993],[-54.631579,-20.479939],[-54.63157,-20.479939],[-54.63157,-20.479948],[-54.63156,-20.479948],[-54.63156,-20.479957],[-54.63155,-20.479957],[-54.63155,-20.479966],[-54.631541,-20.479966],[-54.63154,-20.479975],[-54.631531,-20.479975],[-54.631531,-20.479984],[-54.631521,-20.479984],[-54.631521,-20.480002],[-54.631502,-20.480001],[-54.631502,-20.48001],[-54.631482,-20.48001],[-54.631482,-20.480019],[-54.631454,-20.480019],[-54.631453,-20.480028],[-54.631444,-20.480028],[-54.631444,-20.480037],[-54.631434,-20.480037],[-54.631434,-20.480046],[-54.631424,-20.480045],[-54.631424,-20.480063],[-54.631415,-20.480063],[-54.631414,-20.480072],[-54.631405,-20.480072],[-54.631405,-20.48009],[-54.631395,-20.48009],[-54.631395,-20.480108],[-54.631385,-20.480108],[-54.631385,-20.480117],[-54.631375,-20.480117],[-54.631375,-20.480171],[-54.631384,-20.480171],[-54.631383,-20.480262],[-54.631373,-20.480261],[-54.631373,-20.48027],[-54.631363,-20.48027],[-54.631363,-20.480279],[-54.631354,-20.480279],[-54.631354,-20.480288],[-54.631344,-20.480288],[-54.631344,-20.480297],[-54.631334,-20.480297],[-54.631334,-20.480306],[-54.631325,-20.480306],[-54.631324,-20.480315],[-54.631315,-20.480315],[-54.631315,-20.480324],[-54.631305,-20.480324],[-54.631305,-20.480333],[-54.631295,-20.480333],[-54.631295,-20.480342],[-54.631286,-20.480342],[-54.631286,-20.480351],[-54.631276,-20.48035],[-54.631276,-20.480359],[-54.631266,-20.480359],[-54.631266,-20.480368],[-54.631257,-20.480368],[-54.631256,-20.480377],[-54.631247,-20.480377],[-54.631247,-20.480386],[-54.631237,-20.480386],[-54.631237,-20.480395],[-54.631227,-20.480395],[-54.631227,-20.480404],[-54.631218,-20.480404],[-54.631217,-20.480413],[-54.631208,-20.480413],[-54.631208,-20.480422],[-54.631198,-20.480422],[-54.631198,-20.480431],[-54.631188,-20.480431],[-54.631188,-20.48044],[-54.631179,-20.480439],[-54.631179,-20.480448],[-54.631169,-20.480448],[-54.631169,-20.480457],[-54.631159,-20.480457],[-54.631159,-20.480466],[-54.63115,-20.480466],[-54.631149,-20.480475],[-54.63114,-20.480475],[-54.63114,-20.480484],[-54.63113,-20.480484],[-54.63113,-20.480493],[-54.63112,-20.480493],[-54.63112,-20.480502],[-54.631111,-20.480502],[-54.63111,-20.48052],[-54.631101,-20.48052],[-54.631101,-20.480538],[-54.631091,-20.480538],[-54.631091,-20.480547],[-54.631081,-20.480546],[-54.631081,-20.480555],[-54.631072,-20.480555],[-54.631071,-20.480564],[-54.631062,-20.480564],[-54.631062,-20.480573],[-54.631052,-20.480573],[-54.631052,-20.480591],[-54.631042,-20.480591],[-54.631042,-20.480636],[-54.631032,-20.480636],[-54.631031,-20.48069],[-54.631022,-20.48069],[-54.631021,-20.480708],[-54.631012,-20.480708],[-54.631011,-20.480735],[-54.631002,-20.480735],[-54.631001,-20.480789],[-54.630963,-20.480789],[-54.630962,-20.480798],[-54.630886,-20.480797],[-54.630886,-20.480806],[-54.630876,-20.480806],[-54.630876,-20.480815],[-54.630866,-20.480814],[-54.630866,-20.480842],[-54.630856,-20.480841],[-54.630856,-20.48085],[-54.630837,-20.48085],[-54.630837,-20.480859],[-54.630818,-20.480859],[-54.630818,-20.480868],[-54.630808,-20.480868],[-54.630808,-20.480877],[-54.630789,-20.480877],[-54.630789,-20.480886],[-54.630769,-20.480885],[-54.63077,-20.480876],[-54.630722,-20.480876],[-54.630721,-20.480894],[-54.630712,-20.480894],[-54.630712,-20.480903],[-54.630702,-20.480902],[-54.630702,-20.480912],[-54.630692,-20.480911],[-54.630692,-20.48092],[-54.630683,-20.48092],[-54.630682,-20.480929],[-54.630663,-20.480929],[-54.630663,-20.480938],[-54.630654,-20.480938],[-54.630653,-20.480947],[-54.630644,-20.480947],[-54.630644,-20.480956],[-54.630634,-20.480956],[-54.630634,-20.480965],[-54.630624,-20.480965],[-54.630624,-20.480974],[-54.630615,-20.480974],[-54.630615,-20.480983],[-54.630605,-20.480982],[-54.630605,-20.480991],[-54.630595,-20.480991],[-54.630595,-20.481],[-54.630586,-20.481],[-54.630585,-20.481009],[-54.630576,-20.481009],[-54.630576,-20.481018],[-54.630566,-20.481018],[-54.630566,-20.481027],[-54.630556,-20.481027],[-54.630556,-20.481036],[-54.630547,-20.481036],[-54.630547,-20.481045],[-54.630537,-20.481045],[-54.630537,-20.481054],[-54.630527,-20.481054],[-54.630527,-20.481063],[-54.630518,-20.481063],[-54.630517,-20.481072],[-54.630508,-20.481071],[-54.630508,-20.48108],[-54.630498,-20.48108],[-54.630498,-20.481089],[-54.630488,-20.481089],[-54.630488,-20.481098],[-54.630479,-20.481098],[-54.630478,-20.481116],[-54.630469,-20.481116],[-54.630469,-20.481134],[-54.630459,-20.481134],[-54.630459,-20.481143],[-54.630449,-20.481143],[-54.630449,-20.481152],[-54.630439,-20.481152],[-54.630439,-20.481161],[-54.63043,-20.481161],[-54.63043,-20.481179],[-54.63042,-20.481179],[-54.63042,-20.481188],[-54.63041,-20.481187],[-54.63041,-20.481197],[-54.6304,-20.481196],[-54.6304,-20.481205],[-54.630391,-20.481205],[-54.63039,-20.481223],[-54.630381,-20.481223],[-54.630381,-20.481232],[-54.630371,-20.481232],[-54.630371,-20.48125],[-54.630361,-20.48125],[-54.630361,-20.481259],[-54.630352,-20.481259],[-54.630351,-20.481277],[-54.630342,-20.481277],[-54.630342,-20.481286],[-54.630332,-20.481286],[-54.630332,-20.481304],[-54.630322,-20.481304],[-54.630322,-20.481313],[-54.630312,-20.481313],[-54.630312,-20.481322],[-54.630303,-20.481321],[-54.630302,-20.48134],[-54.630293,-20.481339],[-54.630293,-20.481348],[-54.630283,-20.481348],[-54.630283,-20.481366],[-54.630273,-20.481366],[-54.630273,-20.481384],[-54.630263,-20.481384],[-54.630263,-20.481393],[-54.630254,-20.481393],[-54.630254,-20.481402],[-54.630244,-20.481402],[-54.630244,-20.481411],[-54.630234,-20.481411],[-54.630234,-20.48142],[-54.630225,-20.48142],[-54.630224,-20.481438],[-54.630215,-20.481438],[-54.630215,-20.481447],[-54.630205,-20.481447],[-54.630205,-20.481456],[-54.630186,-20.481455],[-54.630186,-20.481464],[-54.630176,-20.481464],[-54.630176,-20.481473],[-54.630166,-20.481473],[-54.630166,-20.481482],[-54.630157,-20.481482],[-54.630156,-20.481491],[-54.630147,-20.481491],[-54.630147,-20.4815],[-54.630137,-20.4815],[-54.630137,-20.481509],[-54.630118,-20.481509],[-54.630117,-20.481527],[-54.630108,-20.481527],[-54.630108,-20.481536],[-54.630098,-20.481535],[-54.630098,-20.481544],[-54.630088,-20.481544],[-54.630088,-20.481553],[-54.630079,-20.481553],[-54.630079,-20.481562],[-54.630069,-20.481562],[-54.630069,-20.481571],[-54.630059,-20.481571],[-54.630059,-20.48158],[-54.63004,-20.48158],[-54.63004,-20.481589],[-54.63003,-20.481589],[-54.63003,-20.481598],[-54.630021,-20.481598],[-54.63002,-20.481607],[-54.630011,-20.481606],[-54.630011,-20.481615],[-54.630001,-20.481615],[-54.630001,-20.481624],[-54.629991,-20.481624],[-54.629991,-20.481633],[-54.629982,-20.481633],[-54.629982,-20.481642],[-54.629972,-20.481642],[-54.629972,-20.481651],[-54.629962,-20.481651],[-54.629962,-20.48166],[-54.629953,-20.48166],[-54.629952,-20.481669],[-54.629885,-20.481668],[-54.629885,-20.481659],[-54.629876,-20.481659],[-54.629876,-20.48165],[-54.629866,-20.48165],[-54.629867,-20.481641],[-54.629857,-20.48164],[-54.629857,-20.481613],[-54.629848,-20.481613],[-54.629848,-20.481604],[-54.629838,-20.481604],[-54.629839,-20.481595],[-54.629829,-20.481595],[-54.629829,-20.481586],[-54.62982,-20.481586],[-54.62982,-20.481577],[-54.62981,-20.481577],[-54.62981,-20.481568],[-54.629801,-20.481567],[-54.629801,-20.481558],[-54.629791,-20.481558],[-54.629791,-20.481549],[-54.629782,-20.481549],[-54.629782,-20.48154],[-54.629772,-20.48154],[-54.629772,-20.481531],[-54.629763,-20.481531],[-54.629763,-20.481522],[-54.629753,-20.481522],[-54.629754,-20.481513],[-54.629744,-20.481513],[-54.629744,-20.481503],[-54.629735,-20.481503],[-54.629735,-20.481494],[-54.629725,-20.481494],[-54.629725,-20.481485],[-54.629716,-20.481485],[-54.629716,-20.481458],[-54.629697,-20.481458],[-54.629697,-20.48144],[-54.629688,-20.481439],[-54.629688,-20.48143],[-54.629678,-20.48143],[-54.629678,-20.481421],[-54.629669,-20.481421],[-54.629669,-20.481403],[-54.629659,-20.481403],[-54.62966,-20.481385],[-54.62965,-20.481385],[-54.62965,-20.481376],[-54.629641,-20.481376],[-54.629641,-20.481367],[-54.629631,-20.481366],[-54.629631,-20.481357],[-54.629622,-20.481357],[-54.629622,-20.481348],[-54.629612,-20.481348],[-54.629613,-20.48133],[-54.629603,-20.48133],[-54.629603,-20.481303],[-54.629594,-20.481303],[-54.629594,-20.481267],[-54.629585,-20.481267],[-54.629585,-20.481239],[-54.629576,-20.481239],[-54.629576,-20.481221],[-54.629566,-20.481221],[-54.629567,-20.481203],[-54.629557,-20.481203],[-54.629557,-20.481185],[-54.629548,-20.481185],[-54.629548,-20.481158],[-54.629539,-20.481158],[-54.62954,-20.48104],[-54.629531,-20.48104],[-54.629532,-20.480986],[-54.629522,-20.480986],[-54.629523,-20.48095],[-54.629513,-20.480949],[-54.629513,-20.48094],[-54.629504,-20.48094],[-54.629504,-20.480931],[-54.629485,-20.480931],[-54.629485,-20.480913],[-54.629475,-20.480913],[-54.629475,-20.480904],[-54.629466,-20.480904],[-54.629466,-20.480895],[-54.629456,-20.480895],[-54.629457,-20.480885],[-54.629447,-20.480885],[-54.629447,-20.480876],[-54.629438,-20.480876],[-54.629438,-20.480867],[-54.629428,-20.480867],[-54.629428,-20.480858],[-54.629419,-20.480858],[-54.629419,-20.480849],[-54.629409,-20.480849],[-54.629409,-20.48084],[-54.62939,-20.480839],[-54.62939,-20.48083],[-54.629381,-20.48083],[-54.629381,-20.480821],[-54.629371,-20.480821],[-54.629371,-20.480812],[-54.629362,-20.480812],[-54.629362,-20.480803],[-54.629352,-20.480803],[-54.629353,-20.480794],[-54.629343,-20.480794],[-54.629343,-20.480785],[-54.629334,-20.480784],[-54.629334,-20.480775],[-54.629324,-20.480775],[-54.629305,-20.480775],[-54.629305,-20.480766],[-54.629276,-20.480766],[-54.629276,-20.480757],[-54.629257,-20.480756],[-54.629257,-20.480747],[-54.629229,-20.480747],[-54.629229,-20.480738],[-54.62921,-20.480738],[-54.62921,-20.480729],[-54.629191,-20.480728],[-54.629191,-20.480719],[-54.629172,-20.480719],[-54.629172,-20.48071],[-54.629143,-20.48071],[-54.629143,-20.480701],[-54.629124,-20.4807],[-54.629124,-20.480691],[-54.629095,-20.480691],[-54.629096,-20.480682],[-54.629038,-20.480681],[-54.629037,-20.480717],[-54.629028,-20.480717],[-54.629027,-20.480762],[-54.629018,-20.480762],[-54.629017,-20.480789],[-54.629008,-20.480789],[-54.629007,-20.480825],[-54.628997,-20.480825],[-54.628997,-20.48087],[-54.628987,-20.48087],[-54.628987,-20.480915],[-54.628977,-20.480915],[-54.628977,-20.480924],[-54.628967,-20.480924],[-54.628967,-20.480933],[-54.628958,-20.480933],[-54.628957,-20.480951],[-54.628948,-20.480951],[-54.628948,-20.48096],[-54.628938,-20.48096],[-54.628938,-20.480969],[-54.628928,-20.480969],[-54.628928,-20.480978],[-54.628918,-20.480977],[-54.628918,-20.480987],[-54.628909,-20.480986],[-54.628909,-20.480995],[-54.628899,-20.480995],[-54.628899,-20.481004],[-54.628889,-20.481004],[-54.628889,-20.481013],[-54.62888,-20.481013],[-54.628879,-20.481031],[-54.62887,-20.481031],[-54.628868,-20.481157],[-54.628858,-20.481157],[-54.628858,-20.481166],[-54.628849,-20.481166],[-54.628848,-20.481175],[-54.628839,-20.481175],[-54.628839,-20.481184],[-54.628829,-20.481184],[-54.628829,-20.481193],[-54.628819,-20.481193],[-54.628819,-20.481202],[-54.62881,-20.481202],[-54.628809,-20.481211],[-54.6288,-20.481211],[-54.6288,-20.48122],[-54.62879,-20.48122],[-54.62879,-20.481229],[-54.62878,-20.481228],[-54.62878,-20.481237],[-54.628771,-20.481237],[-54.628771,-20.481246],[-54.628761,-20.481246],[-54.628761,-20.481255],[-54.628751,-20.481255],[-54.628751,-20.481264],[-54.628742,-20.481264],[-54.628741,-20.481273],[-54.628732,-20.481273],[-54.628732,-20.481282],[-54.628722,-20.481282],[-54.628722,-20.481291],[-54.628712,-20.481291],[-54.628712,-20.4813],[-54.628703,-20.4813],[-54.628703,-20.481309],[-54.628693,-20.481309],[-54.628693,-20.481318],[-54.628683,-20.481317],[-54.628683,-20.481326],[-54.628674,-20.481326],[-54.628673,-20.481335],[-54.628664,-20.481335],[-54.628664,-20.481344],[-54.628654,-20.481344],[-54.628654,-20.481353],[-54.628644,-20.481353],[-54.628644,-20.481362],[-54.628635,-20.481362],[-54.628635,-20.481371],[-54.628625,-20.481371],[-54.628625,-20.48138],[-54.628615,-20.48138],[-54.628615,-20.481389],[-54.628606,-20.481389],[-54.628605,-20.481398],[-54.628596,-20.481398],[-54.628596,-20.481407],[-54.628586,-20.481406],[-54.628586,-20.481415],[-54.628576,-20.481415],[-54.628576,-20.481424],[-54.628567,-20.481424],[-54.628566,-20.481433],[-54.628557,-20.481433],[-54.628557,-20.481442],[-54.628547,-20.481442],[-54.628547,-20.481451],[-54.628537,-20.481451],[-54.628537,-20.48146],[-54.628528,-20.48146],[-54.628528,-20.481469],[-54.628518,-20.481469],[-54.628518,-20.481478],[-54.628508,-20.481478],[-54.628508,-20.481487],[-54.628499,-20.481486],[-54.628498,-20.481496],[-54.628489,-20.481495],[-54.628489,-20.481504],[-54.628479,-20.481504],[-54.628479,-20.48154],[-54.628469,-20.48154],[-54.628469,-20.481558],[-54.628459,-20.481558],[-54.628459,-20.481576],[-54.628449,-20.481576],[-54.628449,-20.481585],[-54.62844,-20.481585],[-54.628439,-20.481603],[-54.62843,-20.481603],[-54.628429,-20.481621],[-54.62842,-20.481621],[-54.62842,-20.481639],[-54.62841,-20.481639],[-54.62841,-20.481657],[-54.6284,-20.481657],[-54.6284,-20.481666],[-54.62839,-20.481666],[-54.62839,-20.481702],[-54.62838,-20.481702],[-54.62838,-20.481711],[-54.628371,-20.48171],[-54.62837,-20.48172],[-54.628361,-20.481719],[-54.628361,-20.481728],[-54.628351,-20.481728],[-54.628351,-20.481737],[-54.628341,-20.481737],[-54.628341,-20.481755],[-54.628332,-20.481755],[-54.628331,-20.481764],[-54.628322,-20.481764],[-54.628321,-20.4818],[-54.628312,-20.4818],[-54.628311,-20.481827],[-54.628302,-20.481827],[-54.628302,-20.481836],[-54.628225,-20.481835],[-54.628225,-20.481844],[-54.628215,-20.481844],[-54.628215,-20.481853],[-54.628205,-20.481853],[-54.628205,-20.481862],[-54.628196,-20.481862],[-54.628189,-20.482295],[-54.628179,-20.482295],[-54.628174,-20.482638],[-54.628165,-20.482638],[-54.628155,-20.482638],[-54.628155,-20.482629],[-54.628136,-20.482628],[-54.628136,-20.482637],[-54.628126,-20.482637],[-54.628126,-20.482646],[-54.628117,-20.482646],[-54.628116,-20.482655],[-54.628107,-20.482655],[-54.628107,-20.482664],[-54.628088,-20.482664],[-54.628087,-20.482673],[-54.628049,-20.482672],[-54.628049,-20.482681],[-54.628039,-20.482681],[-54.628039,-20.482708],[-54.628029,-20.482708],[-54.628029,-20.482735],[-54.628019,-20.482735],[-54.628019,-20.482753],[-54.62801,-20.482753],[-54.628009,-20.482807],[-54.628018,-20.482807],[-54.628018,-20.482843],[-54.628027,-20.482844],[-54.628027,-20.482889],[-54.628036,-20.482889],[-54.628036,-20.482925],[-54.628026,-20.482925],[-54.628026,-20.482934],[-54.628016,-20.482934],[-54.628016,-20.482943],[-54.628007,-20.482943],[-54.628006,-20.482952],[-54.627997,-20.482952],[-54.627997,-20.48297],[-54.627987,-20.482969],[-54.627987,-20.482979],[-54.627977,-20.482978],[-54.627977,-20.482996],[-54.627967,-20.482996],[-54.627967,-20.483005],[-54.627958,-20.483005],[-54.627957,-20.483023],[-54.627948,-20.483023],[-54.627948,-20.483032],[-54.627938,-20.483032],[-54.627938,-20.483059],[-54.627928,-20.483059],[-54.627928,-20.483086],[-54.627918,-20.483086],[-54.627918,-20.483113],[-54.627908,-20.483113],[-54.627908,-20.48314],[-54.627898,-20.48314],[-54.627898,-20.483149],[-54.627908,-20.483149],[-54.627907,-20.483221],[-54.627916,-20.483221],[-54.627916,-20.483257],[-54.627925,-20.483258],[-54.627925,-20.483285],[-54.627934,-20.483285],[-54.627934,-20.483312],[-54.627943,-20.483312],[-54.627943,-20.483357],[-54.627952,-20.483357],[-54.627952,-20.483393],[-54.627961,-20.483394],[-54.627961,-20.483403],[-54.627971,-20.483403],[-54.627971,-20.483421],[-54.62798,-20.483421],[-54.62798,-20.48343],[-54.62799,-20.48343],[-54.627989,-20.483439],[-54.627999,-20.483439],[-54.627998,-20.483475],[-54.628008,-20.483475],[-54.628008,-20.483485],[-54.628017,-20.483485],[-54.628017,-20.483521],[-54.628026,-20.483521],[-54.628026,-20.483539],[-54.628036,-20.483539],[-54.628035,-20.483584],[-54.628045,-20.483584],[-54.628044,-20.48362],[-54.628054,-20.483621],[-54.628053,-20.483639],[-54.628044,-20.483639],[-54.628044,-20.483648],[-54.628034,-20.483647],[-54.628034,-20.483665],[-54.628024,-20.483665],[-54.628024,-20.483674],[-54.628015,-20.483674],[-54.628014,-20.483692],[-54.628005,-20.483692],[-54.628004,-20.48371],[-54.628014,-20.48371],[-54.628013,-20.483755],[-54.628023,-20.483756],[-54.628022,-20.483792],[-54.628032,-20.483792],[-54.628031,-20.483837],[-54.628041,-20.483837],[-54.62804,-20.483873],[-54.62805,-20.483873],[-54.628049,-20.483919],[-54.628059,-20.483919],[-54.628058,-20.483946],[-54.628068,-20.483946],[-54.628068,-20.483964],[-54.628077,-20.483964],[-54.628077,-20.483982],[-54.628086,-20.483982],[-54.628086,-20.484009],[-54.628096,-20.484009],[-54.628095,-20.484028],[-54.628115,-20.484028],[-54.628114,-20.484037],[-54.628124,-20.484037],[-54.628124,-20.484046],[-54.628133,-20.484046],[-54.628133,-20.484055],[-54.628152,-20.484055],[-54.628152,-20.484064],[-54.628162,-20.484065],[-54.628162,-20.484074],[-54.628181,-20.484074],[-54.628181,-20.484083],[-54.62819,-20.484083],[-54.62819,-20.484092],[-54.628209,-20.484092],[-54.628209,-20.484101],[-54.628219,-20.484101],[-54.628219,-20.48411],[-54.628228,-20.484111],[-54.628228,-20.48412],[-54.628247,-20.48412],[-54.628247,-20.484129],[-54.628257,-20.484129],[-54.628257,-20.484138],[-54.628266,-20.484138],[-54.628266,-20.484156],[-54.628275,-20.484156],[-54.628274,-20.484265],[-54.628264,-20.484265],[-54.628261,-20.484472],[-54.628251,-20.484472],[-54.628251,-20.484481],[-54.628242,-20.484481],[-54.628242,-20.48449],[-54.628232,-20.48449],[-54.628232,-20.484499],[-54.628213,-20.484499],[-54.628213,-20.484508],[-54.628203,-20.484508],[-54.628203,-20.484517],[-54.628193,-20.484516],[-54.628193,-20.484526],[-54.628184,-20.484525],[-54.628183,-20.48458],[-54.628173,-20.484579],[-54.628173,-20.484588],[-54.628163,-20.484588],[-54.628163,-20.484597],[-54.628154,-20.484597],[-54.628154,-20.484606],[-54.628144,-20.484606],[-54.628144,-20.484615],[-54.628134,-20.484615],[-54.628134,-20.484624],[-54.628125,-20.484624],[-54.628124,-20.484633],[-54.628115,-20.484633],[-54.628115,-20.484642],[-54.628105,-20.484642],[-54.628105,-20.484651],[-54.628095,-20.484651],[-54.628095,-20.48466],[-54.628086,-20.48466],[-54.628085,-20.484669],[-54.628076,-20.484668],[-54.628076,-20.484677],[-54.628066,-20.484677],[-54.628066,-20.484686],[-54.628056,-20.484686],[-54.628056,-20.484695],[-54.628047,-20.484695],[-54.628046,-20.484713],[-54.628037,-20.484713],[-54.628037,-20.484722],[-54.628027,-20.484722],[-54.628027,-20.484731],[-54.628017,-20.484731],[-54.628017,-20.48474],[-54.628008,-20.48474],[-54.628008,-20.484749],[-54.627998,-20.484749],[-54.627998,-20.484758],[-54.62796,-20.484757],[-54.627959,-20.484793],[-54.627949,-20.484793],[-54.627949,-20.484802],[-54.62794,-20.484802],[-54.62794,-20.484811],[-54.62793,-20.484811],[-54.62793,-20.48482],[-54.62792,-20.48482],[-54.62792,-20.484829],[-54.627911,-20.484829],[-54.62791,-20.484838],[-54.627901,-20.484838],[-54.627901,-20.484847],[-54.627891,-20.484846],[-54.627891,-20.484856],[-54.627881,-20.484855],[-54.627881,-20.484864],[-54.627872,-20.484864],[-54.627872,-20.484873],[-54.627862,-20.484873],[-54.627862,-20.484882],[-54.627852,-20.484882],[-54.627852,-20.484891],[-54.627842,-20.484891],[-54.627842,-20.4849],[-54.627833,-20.4849],[-54.627833,-20.484909],[-54.627823,-20.484909],[-54.627823,-20.484918],[-54.627813,-20.484918],[-54.627813,-20.484927],[-54.627804,-20.484927],[-54.627803,-20.484936],[-54.627794,-20.484935],[-54.627794,-20.484944],[-54.627775,-20.484944],[-54.627774,-20.484953],[-54.627765,-20.484953],[-54.627765,-20.484962],[-54.627755,-20.484962],[-54.627755,-20.484971],[-54.627745,-20.484971],[-54.627745,-20.48498],[-54.627736,-20.48498],[-54.627736,-20.484989],[-54.627726,-20.484989],[-54.627726,-20.484998],[-54.627716,-20.484998],[-54.627716,-20.485007],[-54.627707,-20.485007],[-54.627706,-20.485016],[-54.627697,-20.485015],[-54.627697,-20.485024],[-54.627687,-20.485024],[-54.627687,-20.485033],[-54.627677,-20.485033],[-54.627677,-20.485042],[-54.627668,-20.485042],[-54.627668,-20.485051],[-54.627658,-20.485051],[-54.627658,-20.485069],[-54.627648,-20.485069],[-54.627648,-20.485087],[-54.627638,-20.485087],[-54.627638,-20.485096],[-54.627629,-20.485096],[-54.627628,-20.485105],[-54.627619,-20.485105],[-54.627619,-20.485114],[-54.627609,-20.485114],[-54.627609,-20.485132],[-54.627599,-20.485131],[-54.627599,-20.48514],[-54.627589,-20.48514],[-54.627589,-20.485149],[-54.62758,-20.485149],[-54.62758,-20.485158],[-54.62757,-20.485158],[-54.62757,-20.485176],[-54.62756,-20.485176],[-54.62756,-20.485185],[-54.62755,-20.485185],[-54.62755,-20.485194],[-54.627541,-20.485194],[-54.627541,-20.485203],[-54.627531,-20.485203],[-54.627529,-20.485329],[-54.627519,-20.485329],[-54.627519,-20.485338],[-54.62751,-20.485338],[-54.62751,-20.485347],[-54.6275,-20.485347],[-54.6275,-20.485356],[-54.62749,-20.485356],[-54.62749,-20.485365],[-54.627481,-20.485365],[-54.62748,-20.485374],[-54.627471,-20.485374],[-54.627471,-20.485383],[-54.627461,-20.485382],[-54.627461,-20.485391],[-54.627451,-20.485391],[-54.627451,-20.4854],[-54.627442,-20.4854],[-54.627442,-20.485409],[-54.627432,-20.485409],[-54.627432,-20.485418],[-54.627422,-20.485418],[-54.627422,-20.485427],[-54.627413,-20.485427],[-54.627412,-20.485436],[-54.627403,-20.485436],[-54.627403,-20.485445],[-54.627393,-20.485445],[-54.627393,-20.485454],[-54.627383,-20.485454],[-54.627383,-20.485463],[-54.627374,-20.485463],[-54.627374,-20.485472],[-54.627364,-20.485471],[-54.627364,-20.48548],[-54.627354,-20.48548],[-54.627354,-20.485489],[-54.627345,-20.485489],[-54.627344,-20.485498],[-54.627335,-20.485498],[-54.627335,-20.485507],[-54.627316,-20.485507],[-54.627315,-20.485516],[-54.627306,-20.485516],[-54.627306,-20.485525],[-54.627296,-20.485525],[-54.627296,-20.485534],[-54.627286,-20.485534],[-54.627286,-20.485543],[-54.627277,-20.485542],[-54.627276,-20.485551],[-54.627267,-20.485551],[-54.627267,-20.48556],[-54.627257,-20.48556],[-54.627257,-20.485569],[-54.627247,-20.485569],[-54.627247,-20.485578],[-54.627238,-20.485578],[-54.627238,-20.485587],[-54.627228,-20.485587],[-54.627228,-20.485596],[-54.627218,-20.485596],[-54.627218,-20.485605],[-54.627209,-20.485605],[-54.627208,-20.485614],[-54.627199,-20.485614],[-54.627199,-20.485623],[-54.627189,-20.485623],[-54.627189,-20.485632],[-54.627179,-20.485631],[-54.627179,-20.48564],[-54.62717,-20.48564],[-54.62717,-20.485649],[-54.62715,-20.485649],[-54.62715,-20.485658],[-54.627141,-20.485658],[-54.627141,-20.485667],[-54.627131,-20.485667],[-54.627131,-20.485676],[-54.627121,-20.485676],[-54.627121,-20.485685],[-54.627112,-20.485685],[-54.627111,-20.485694],[-54.627102,-20.485694],[-54.627102,-20.485703],[-54.627092,-20.485702],[-54.627092,-20.485712],[-54.627082,-20.485711],[-54.627082,-20.48572],[-54.627073,-20.48572],[-54.627073,-20.485729],[-54.627063,-20.485729],[-54.627063,-20.485738],[-54.627053,-20.485738],[-54.627053,-20.485747],[-54.627043,-20.485747],[-54.627043,-20.485756],[-54.627034,-20.485756],[-54.627034,-20.485765],[-54.627024,-20.485765],[-54.627024,-20.485774],[-54.627014,-20.485774],[-54.627014,-20.485783],[-54.627005,-20.485783],[-54.627004,-20.485792],[-54.626995,-20.485791],[-54.626995,-20.4858],[-54.626985,-20.4858],[-54.626985,-20.485809],[-54.626975,-20.485809],[-54.626975,-20.485818],[-54.626966,-20.485818],[-54.626966,-20.485827],[-54.626956,-20.485827],[-54.626956,-20.485836],[-54.626946,-20.485836],[-54.626946,-20.485845],[-54.626937,-20.485845],[-54.626936,-20.485854],[-54.626927,-20.485854],[-54.626927,-20.485863],[-54.626917,-20.485863],[-54.626917,-20.485872],[-54.626907,-20.485872],[-54.626907,-20.485881],[-54.626898,-20.48588],[-54.626898,-20.485889],[-54.626869,-20.485889],[-54.626869,-20.485898],[-54.626859,-20.485898],[-54.626859,-20.485907],[-54.626849,-20.485907],[-54.626849,-20.485916],[-54.62684,-20.485916],[-54.62684,-20.485925],[-54.62683,-20.485925],[-54.62683,-20.485934],[-54.62682,-20.485934],[-54.62682,-20.485943],[-54.62681,-20.485942],[-54.62681,-20.485951],[-54.626686,-20.48595],[-54.626686,-20.485959],[-54.626666,-20.485959],[-54.626666,-20.485968],[-54.626647,-20.485967],[-54.626647,-20.485976],[-54.626628,-20.485976],[-54.626628,-20.485985],[-54.626062,-20.485977],[-54.626063,-20.485968],[-54.625766,-20.485964],[-54.625765,-20.485973],[-54.625756,-20.485973],[-54.625756,-20.485982],[-54.625737,-20.485982],[-54.625736,-20.485991],[-54.625545,-20.485988],[-54.625545,-20.485997],[-54.625506,-20.485997],[-54.625506,-20.486006],[-54.625487,-20.486006],[-54.625487,-20.486015],[-54.625477,-20.486015],[-54.625477,-20.486024],[-54.625468,-20.486023],[-54.625467,-20.486032],[-54.625458,-20.486032],[-54.625458,-20.486041],[-54.625448,-20.486041],[-54.625448,-20.48605],[-54.625438,-20.48605],[-54.625438,-20.486059],[-54.625429,-20.486059],[-54.625429,-20.486068],[-54.625419,-20.486068],[-54.625419,-20.486077],[-54.625409,-20.486077],[-54.625409,-20.486086],[-54.6254,-20.486086],[-54.625399,-20.486095],[-54.62539,-20.486095],[-54.62539,-20.486104],[-54.62538,-20.486103],[-54.62538,-20.486113],[-54.62537,-20.486112],[-54.62537,-20.486121],[-54.625361,-20.486121],[-54.625361,-20.48613],[-54.625351,-20.48613],[-54.625351,-20.486139],[-54.625341,-20.486139],[-54.625341,-20.486148],[-54.625331,-20.486148],[-54.625331,-20.486157],[-54.625322,-20.486157],[-54.625322,-20.486166],[-54.625312,-20.486166],[-54.625312,-20.486175],[-54.625302,-20.486175],[-54.625302,-20.486184],[-54.625293,-20.486184],[-54.625292,-20.486193],[-54.625283,-20.486192],[-54.625283,-20.486201],[-54.625273,-20.486201],[-54.625273,-20.48621],[-54.625263,-20.48621],[-54.625263,-20.486219],[-54.625244,-20.486219],[-54.625244,-20.486228],[-54.625234,-20.486228],[-54.625234,-20.486237],[-54.625225,-20.486237],[-54.625225,-20.486246],[-54.625215,-20.486246],[-54.625215,-20.486255],[-54.625205,-20.486255],[-54.625205,-20.486264],[-54.625196,-20.486264],[-54.625195,-20.486273],[-54.625186,-20.486272],[-54.625186,-20.486281],[-54.624822,-20.486276],[-54.624821,-20.486285],[-54.624793,-20.486285],[-54.624793,-20.486294],[-54.624773,-20.486294],[-54.624773,-20.486303],[-54.624754,-20.486303],[-54.624754,-20.486312],[-54.624735,-20.486311],[-54.624735,-20.48632],[-54.624716,-20.48632],[-54.624715,-20.486329],[-54.624696,-20.486329],[-54.624696,-20.486338],[-54.624677,-20.486338],[-54.624677,-20.486347],[-54.624658,-20.486346],[-54.624657,-20.486355],[-54.624629,-20.486355],[-54.624629,-20.486364],[-54.624609,-20.486364],[-54.624609,-20.486373],[-54.62459,-20.486373],[-54.62459,-20.486382],[-54.624571,-20.486381],[-54.624571,-20.48639],[-54.624552,-20.48639],[-54.624551,-20.486399],[-54.624532,-20.486399],[-54.624532,-20.486408],[-54.624522,-20.486408],[-54.624522,-20.486417],[-54.624417,-20.486415],[-54.624417,-20.486424],[-54.624407,-20.486424],[-54.624407,-20.486433],[-54.624398,-20.486433],[-54.624397,-20.486442],[-54.624388,-20.486442],[-54.624388,-20.486451],[-54.624378,-20.486451],[-54.624378,-20.48646],[-54.624368,-20.48646],[-54.624368,-20.486469],[-54.624359,-20.486469],[-54.624358,-20.486487],[-54.624349,-20.486487],[-54.624348,-20.486514],[-54.624339,-20.486514],[-54.624339,-20.486532],[-54.624329,-20.486532],[-54.624329,-20.486541],[-54.624319,-20.48654],[-54.624319,-20.48655],[-54.624309,-20.486549],[-54.624309,-20.486558],[-54.624214,-20.486557],[-54.624213,-20.486566],[-54.624051,-20.486564],[-54.62405,-20.486573],[-54.624031,-20.486573],[-54.624031,-20.486582],[-54.624012,-20.486581],[-54.624012,-20.48659],[-54.623993,-20.48659],[-54.623992,-20.486599],[-54.623973,-20.486599],[-54.623973,-20.486608],[-54.623944,-20.486608],[-54.623944,-20.486617],[-54.623925,-20.486616],[-54.623925,-20.486625],[-54.623906,-20.486625],[-54.623906,-20.486634],[-54.623887,-20.486634],[-54.623886,-20.486643],[-54.623867,-20.486643],[-54.623867,-20.486652],[-54.623838,-20.486651],[-54.623838,-20.48666],[-54.623819,-20.48666],[-54.623819,-20.486669],[-54.623742,-20.486668],[-54.623742,-20.486677],[-54.623733,-20.486677],[-54.623732,-20.486686],[-54.623723,-20.486686],[-54.623723,-20.486695],[-54.623713,-20.486695],[-54.623713,-20.486704],[-54.623703,-20.486704],[-54.623703,-20.486713],[-54.623694,-20.486713],[-54.623693,-20.486722],[-54.623684,-20.486721],[-54.623684,-20.48673],[-54.623674,-20.48673],[-54.623674,-20.486739],[-54.623664,-20.486739],[-54.623664,-20.486748],[-54.623655,-20.486748],[-54.623655,-20.486757],[-54.623645,-20.486757],[-54.623645,-20.486766],[-54.623635,-20.486766],[-54.623635,-20.486775],[-54.623626,-20.486775],[-54.623625,-20.486784],[-54.623616,-20.486784],[-54.623616,-20.486793],[-54.623606,-20.486793],[-54.623606,-20.486802],[-54.623596,-20.486802],[-54.623596,-20.486811],[-54.623587,-20.48681],[-54.623587,-20.486819],[-54.623577,-20.486819],[-54.623577,-20.486828],[-54.623558,-20.486828],[-54.623558,-20.486837],[-54.623548,-20.486837],[-54.623548,-20.486846],[-54.623529,-20.486846],[-54.623529,-20.486855],[-54.623519,-20.486855],[-54.623519,-20.486864],[-54.623509,-20.486864],[-54.623509,-20.486873],[-54.6235,-20.486872],[-54.623499,-20.486881],[-54.62349,-20.486881],[-54.62349,-20.48689],[-54.62348,-20.48689],[-54.62348,-20.486899],[-54.62347,-20.486899],[-54.62347,-20.486908],[-54.623461,-20.486908],[-54.62346,-20.486917],[-54.623451,-20.486917],[-54.623451,-20.486926],[-54.623441,-20.486926],[-54.623441,-20.486935],[-54.623431,-20.486935],[-54.623431,-20.486944],[-54.623422,-20.486944],[-54.623422,-20.486953],[-54.623412,-20.486953],[-54.623412,-20.486962],[-54.623402,-20.486961],[-54.623402,-20.48697],[-54.623393,-20.48697],[-54.623392,-20.486979],[-54.623182,-20.486976],[-54.623182,-20.486985],[-54.623162,-20.486985],[-54.623162,-20.486994],[-54.623153,-20.486994],[-54.623152,-20.487003],[-54.623143,-20.487003],[-54.623143,-20.487012],[-54.623133,-20.487012],[-54.623133,-20.487021],[-54.623123,-20.487021],[-54.623123,-20.48703],[-54.623114,-20.48703],[-54.623114,-20.487039],[-54.623104,-20.487039],[-54.623104,-20.487048],[-54.623094,-20.487047],[-54.623094,-20.487057],[-54.623085,-20.487056],[-54.623084,-20.487065],[-54.623075,-20.487065],[-54.623075,-20.487074],[-54.623056,-20.487074],[-54.623055,-20.487083],[-54.623036,-20.487083],[-54.623036,-20.487092],[-54.623027,-20.487092],[-54.623026,-20.487101],[-54.623007,-20.4871],[-54.623007,-20.48711],[-54.622988,-20.487109],[-54.622988,-20.487118],[-54.622978,-20.487118],[-54.622978,-20.487127],[-54.622959,-20.487127],[-54.622959,-20.487136],[-54.62294,-20.487136],[-54.622939,-20.487145],[-54.62292,-20.487144],[-54.62292,-20.487153],[-54.622901,-20.487153],[-54.622901,-20.487162],[-54.622863,-20.487162],[-54.622862,-20.487171],[-54.622853,-20.487171],[-54.622853,-20.48718],[-54.622843,-20.48718],[-54.622843,-20.487189],[-54.622833,-20.487188],[-54.622833,-20.487197],[-54.622824,-20.487197],[-54.622824,-20.487206],[-54.622814,-20.487206],[-54.622814,-20.487215],[-54.622804,-20.487215],[-54.622804,-20.487224],[-54.622795,-20.487224],[-54.622794,-20.487233],[-54.622785,-20.487233],[-54.622785,-20.487242],[-54.622775,-20.487242],[-54.622775,-20.487251],[-54.622765,-20.487251],[-54.622765,-20.48726],[-54.622756,-20.48726],[-54.622755,-20.487269],[-54.622746,-20.487268],[-54.622746,-20.487278],[-54.622736,-20.487277],[-54.622736,-20.487286],[-54.622726,-20.487286],[-54.622726,-20.487295],[-54.622717,-20.487295],[-54.622717,-20.487304],[-54.622707,-20.487304],[-54.622707,-20.487313],[-54.622697,-20.487313],[-54.622697,-20.487322],[-54.622688,-20.487322],[-54.622687,-20.487331],[-54.622678,-20.487331],[-54.622678,-20.48734],[-54.622668,-20.48734],[-54.622668,-20.487349],[-54.622658,-20.487349],[-54.622658,-20.487358],[-54.622649,-20.487357],[-54.622649,-20.487366],[-54.622639,-20.487366],[-54.622639,-20.487375],[-54.622629,-20.487375],[-54.622629,-20.487384],[-54.62262,-20.487384],[-54.622619,-20.487393],[-54.62261,-20.487393],[-54.62261,-20.487402],[-54.622591,-20.487402],[-54.62259,-20.487411],[-54.622571,-20.487411],[-54.622571,-20.48742],[-54.622542,-20.487419],[-54.622542,-20.487428],[-54.622523,-20.487428],[-54.622523,-20.487437],[-54.621929,-20.487429],[-54.621929,-20.48742],[-54.621891,-20.487419],[-54.621891,-20.487428],[-54.621881,-20.487428],[-54.621881,-20.487446],[-54.621871,-20.487446],[-54.621871,-20.487455],[-54.621861,-20.487455],[-54.621861,-20.487473],[-54.621851,-20.487473],[-54.621851,-20.487482],[-54.621842,-20.487482],[-54.621842,-20.487491],[-54.621822,-20.487491],[-54.621822,-20.4875],[-54.621813,-20.4875],[-54.621813,-20.487509],[-54.621803,-20.487508],[-54.621803,-20.487517],[-54.621793,-20.487517],[-54.621793,-20.487526],[-54.621784,-20.487526],[-54.621783,-20.487535],[-54.621774,-20.487535],[-54.621774,-20.487544],[-54.621764,-20.487544],[-54.621764,-20.487553],[-54.621754,-20.487553],[-54.621754,-20.487562],[-54.621745,-20.487562],[-54.621745,-20.487571],[-54.621486,-20.487567],[-54.621486,-20.487576],[-54.621476,-20.487576],[-54.621476,-20.487585],[-54.621466,-20.487585],[-54.621466,-20.487594],[-54.621457,-20.487594],[-54.621457,-20.487603],[-54.621447,-20.487603],[-54.621447,-20.487612],[-54.621437,-20.487612],[-54.621437,-20.487621],[-54.621428,-20.487621],[-54.621427,-20.48763],[-54.621418,-20.48763],[-54.621418,-20.487639],[-54.621408,-20.487638],[-54.621408,-20.487647],[-54.621283,-20.487646],[-54.621284,-20.487637],[-54.621226,-20.487636],[-54.621226,-20.487627],[-54.620565,-20.487618],[-54.620565,-20.487627],[-54.620115,-20.487621],[-54.620115,-20.487612],[-54.619827,-20.487608],[-54.619827,-20.487617],[-54.619722,-20.487615],[-54.619722,-20.487624],[-54.619702,-20.487624],[-54.619702,-20.487633],[-54.619683,-20.487633],[-54.619683,-20.487642],[-54.619664,-20.487642],[-54.619664,-20.487651],[-54.619645,-20.48765],[-54.619644,-20.487659],[-54.619625,-20.487659],[-54.619625,-20.487668],[-54.619606,-20.487668],[-54.619606,-20.487677],[-54.619587,-20.487677],[-54.619587,-20.487686],[-54.619567,-20.487685],[-54.619567,-20.487695],[-54.619548,-20.487694],[-54.619548,-20.487703],[-54.619529,-20.487703],[-54.619529,-20.487712],[-54.619509,-20.487712],[-54.619509,-20.487721],[-54.619481,-20.48772],[-54.61948,-20.487729],[-54.619471,-20.487729],[-54.619471,-20.487738],[-54.619432,-20.487738],[-54.619433,-20.487729],[-54.619404,-20.487728],[-54.619404,-20.487719],[-54.619356,-20.487719],[-54.619356,-20.48771],[-54.619021,-20.487705],[-54.619021,-20.487696],[-54.619011,-20.487696],[-54.619012,-20.487687],[-54.619002,-20.487687],[-54.619002,-20.487678],[-54.618993,-20.487678],[-54.618993,-20.487669],[-54.618983,-20.487668],[-54.618983,-20.487659],[-54.618974,-20.487659],[-54.618974,-20.48765],[-54.618964,-20.48765],[-54.618964,-20.487641],[-54.618955,-20.487641],[-54.618955,-20.487632],[-54.618945,-20.487632],[-54.618945,-20.487623],[-54.618936,-20.487623],[-54.618936,-20.487614],[-54.618926,-20.487613],[-54.618927,-20.487604],[-54.618917,-20.487604],[-54.618917,-20.487595],[-54.618908,-20.487595],[-54.618908,-20.487586],[-54.618898,-20.487586],[-54.618898,-20.487577],[-54.618889,-20.487577],[-54.618889,-20.487568],[-54.618879,-20.487568],[-54.618879,-20.487559],[-54.61887,-20.487559],[-54.61887,-20.487549],[-54.61886,-20.487549],[-54.61886,-20.48754],[-54.618841,-20.48754],[-54.618841,-20.487531],[-54.618832,-20.487531],[-54.618832,-20.487522],[-54.618822,-20.487522],[-54.618823,-20.487513],[-54.618803,-20.487512],[-54.618804,-20.487503],[-54.618794,-20.487503],[-54.618794,-20.487494],[-54.618785,-20.487494],[-54.618785,-20.487485],[-54.618775,-20.487485],[-54.618775,-20.487476],[-54.618766,-20.487476],[-54.618766,-20.487467],[-54.618756,-20.487467],[-54.618756,-20.487458],[-54.618747,-20.487457],[-54.618747,-20.487448],[-54.618737,-20.487448],[-54.618737,-20.487439],[-54.618728,-20.487439],[-54.618728,-20.48743],[-54.618718,-20.48743],[-54.618719,-20.487421],[-54.618709,-20.487421],[-54.618709,-20.487412],[-54.6187,-20.487412],[-54.6187,-20.487403],[-54.61869,-20.487403],[-54.61869,-20.487394],[-54.618681,-20.487393],[-54.618681,-20.487384],[-54.618585,-20.487383],[-54.618585,-20.487374],[-54.618556,-20.487374],[-54.618557,-20.487365],[-54.618394,-20.487362],[-54.618394,-20.487353],[-54.618384,-20.487353],[-54.618384,-20.487344],[-54.618375,-20.487344],[-54.618375,-20.487335],[-54.618365,-20.487335],[-54.618365,-20.487326],[-54.618356,-20.487326],[-54.618356,-20.487317],[-54.618346,-20.487317],[-54.618347,-20.487308],[-54.618337,-20.487307],[-54.618337,-20.487298],[-54.618328,-20.487298],[-54.618328,-20.487289],[-54.618318,-20.487289],[-54.618318,-20.48728],[-54.618309,-20.48728],[-54.618309,-20.487271],[-54.618299,-20.487271],[-54.618299,-20.487262],[-54.61829,-20.487262],[-54.61829,-20.487253],[-54.61828,-20.487252],[-54.61828,-20.487243],[-54.618271,-20.487243],[-54.618271,-20.487234],[-54.618127,-20.487232],[-54.618127,-20.487241],[-54.618089,-20.487241],[-54.618089,-20.48725],[-54.618079,-20.48725],[-54.618079,-20.487259],[-54.617772,-20.487254],[-54.617772,-20.487264],[-54.617763,-20.487263],[-54.617763,-20.487272],[-54.617753,-20.487272],[-54.617753,-20.487281],[-54.617743,-20.487281],[-54.617743,-20.48729],[-54.617733,-20.48729],[-54.617733,-20.487299],[-54.617724,-20.487299],[-54.617724,-20.487308],[-54.617695,-20.487308],[-54.617695,-20.487317],[-54.617676,-20.487316],[-54.617675,-20.487325],[-54.617656,-20.487325],[-54.617656,-20.487334],[-54.617637,-20.487334],[-54.617637,-20.487343],[-54.617618,-20.487343],[-54.617618,-20.487352],[-54.617598,-20.487351],[-54.617598,-20.48736],[-54.617579,-20.48736],[-54.617579,-20.487369],[-54.61756,-20.487369],[-54.61756,-20.487378],[-54.61754,-20.487378],[-54.61754,-20.487387],[-54.617521,-20.487386],[-54.617521,-20.487396],[-54.617511,-20.487395],[-54.617511,-20.487404],[-54.617492,-20.487404],[-54.617492,-20.487413],[-54.617473,-20.487413],[-54.617473,-20.487422],[-54.617454,-20.487422],[-54.617453,-20.487431],[-54.617434,-20.48743],[-54.617434,-20.487439],[-54.617415,-20.487439],[-54.617415,-20.487448],[-54.617396,-20.487448],[-54.617395,-20.487457],[-54.617376,-20.487457],[-54.617376,-20.487466],[-54.617357,-20.487466],[-54.617357,-20.487475],[-54.617338,-20.487474],[-54.617338,-20.487483],[-54.617299,-20.487483],[-54.61729,-20.487483],[-54.61729,-20.487474],[-54.61728,-20.487473],[-54.61728,-20.487464],[-54.617271,-20.487464],[-54.617271,-20.487455],[-54.617261,-20.487455],[-54.617261,-20.487446],[-54.617252,-20.487446],[-54.617252,-20.487437],[-54.617242,-20.487437],[-54.617243,-20.487428],[-54.617233,-20.487428],[-54.617233,-20.487419],[-54.617224,-20.487419],[-54.617224,-20.48741],[-54.617214,-20.487409],[-54.617214,-20.4874],[-54.617205,-20.4874],[-54.617205,-20.487391],[-54.617195,-20.487391],[-54.617195,-20.487382],[-54.617186,-20.487382],[-54.617186,-20.487373],[-54.617176,-20.487373],[-54.617177,-20.487364],[-54.617167,-20.487364],[-54.617167,-20.487355],[-54.617157,-20.487354],[-54.617158,-20.487345],[-54.617148,-20.487345],[-54.617148,-20.487336],[-54.617139,-20.487336],[-54.617139,-20.487327],[-54.617129,-20.487327],[-54.617129,-20.487318],[-54.61712,-20.487318],[-54.61712,-20.487309],[-54.61711,-20.487309],[-54.61711,-20.4873],[-54.617101,-20.487299],[-54.617101,-20.48729],[-54.617091,-20.48729],[-54.617092,-20.487281],[-54.617082,-20.487281],[-54.617082,-20.487272],[-54.617073,-20.487272],[-54.617073,-20.487263],[-54.617063,-20.487263],[-54.617063,-20.487254],[-54.617054,-20.487254],[-54.617054,-20.487245],[-54.617044,-20.487244],[-54.617044,-20.487235],[-54.617035,-20.487235],[-54.617035,-20.487226],[-54.617025,-20.487226],[-54.617025,-20.487217],[-54.617016,-20.487217],[-54.617016,-20.487208],[-54.617006,-20.487208],[-54.617007,-20.487199],[-54.616997,-20.487199],[-54.616997,-20.48719],[-54.616978,-20.487189],[-54.616978,-20.48718],[-54.616959,-20.48718],[-54.616959,-20.487171],[-54.61694,-20.487171],[-54.61694,-20.487162],[-54.616921,-20.487162],[-54.616921,-20.487153],[-54.616902,-20.487152],[-54.616902,-20.487143],[-54.616883,-20.487143],[-54.616883,-20.487134],[-54.616864,-20.487134],[-54.616864,-20.487125],[-54.616845,-20.487124],[-54.616845,-20.487115],[-54.616826,-20.487115],[-54.616826,-20.487106],[-54.616807,-20.487106],[-54.616807,-20.487097],[-54.616788,-20.487096],[-54.616788,-20.487087],[-54.616778,-20.487087],[-54.616778,-20.487096],[-54.616759,-20.487096],[-54.616759,-20.487087],[-54.616721,-20.487087],[-54.616721,-20.487078],[-54.616405,-20.487073],[-54.616405,-20.487064],[-54.616386,-20.487064],[-54.616386,-20.487055],[-54.616367,-20.487055],[-54.616367,-20.487046],[-54.616348,-20.487045],[-54.616348,-20.487036],[-54.616329,-20.487036],[-54.616329,-20.487027],[-54.61631,-20.487027],[-54.61631,-20.487018],[-54.616291,-20.487017],[-54.616291,-20.487008],[-54.616272,-20.487008],[-54.616272,-20.486999],[-54.616253,-20.486999],[-54.616253,-20.48699],[-54.616224,-20.486989],[-54.616224,-20.48698],[-54.616205,-20.48698],[-54.616205,-20.486971],[-54.616186,-20.486971],[-54.616186,-20.486962],[-54.616167,-20.486962],[-54.616167,-20.486953],[-54.616148,-20.486952],[-54.616148,-20.486943],[-54.616119,-20.486943],[-54.616119,-20.486934],[-54.6161,-20.486934],[-54.6161,-20.486925],[-54.616081,-20.486924],[-54.616081,-20.486915],[-54.616062,-20.486915],[-54.616062,-20.486906],[-54.616043,-20.486906],[-54.616043,-20.486897],[-54.616024,-20.486896],[-54.616024,-20.486887],[-54.616005,-20.486887],[-54.616005,-20.486878],[-54.615986,-20.486878],[-54.615986,-20.486869],[-54.615958,-20.486868],[-54.615958,-20.486859],[-54.615948,-20.486859],[-54.615948,-20.48685],[-54.615919,-20.48685],[-54.61592,-20.486841],[-54.6159,-20.48684],[-54.615901,-20.486831],[-54.615891,-20.486831],[-54.615891,-20.486822],[-54.615882,-20.486822],[-54.615882,-20.486813],[-54.615872,-20.486813],[-54.615872,-20.486804],[-54.615863,-20.486804],[-54.615863,-20.486795],[-54.615853,-20.486795],[-54.615853,-20.486786],[-54.615834,-20.486785],[-54.615834,-20.486776],[-54.615796,-20.486776],[-54.615796,-20.486767],[-54.615748,-20.486766],[-54.615748,-20.486757],[-54.6157,-20.486756],[-54.615701,-20.486747],[-54.615662,-20.486747],[-54.615662,-20.486738],[-54.615615,-20.486737],[-54.615615,-20.486728],[-54.615567,-20.486728],[-54.615567,-20.486719],[-54.615529,-20.486718],[-54.615529,-20.486709],[-54.615481,-20.486708],[-54.615481,-20.486699],[-54.615433,-20.486699],[-54.615433,-20.48669],[-54.615414,-20.486689],[-54.615385,-20.486689],[-54.615385,-20.48668],[-54.615338,-20.486679],[-54.615338,-20.48667],[-54.615271,-20.486669],[-54.615271,-20.48666],[-54.615213,-20.486659],[-54.615213,-20.48665],[-54.615156,-20.48665],[-54.615156,-20.486641],[-54.615108,-20.48664],[-54.615108,-20.486631],[-54.615051,-20.48663],[-54.615051,-20.486621],[-54.614993,-20.48662],[-54.614994,-20.486611],[-54.614936,-20.486611],[-54.614936,-20.486601],[-54.614879,-20.486601],[-54.614879,-20.486592],[-54.614563,-20.486587],[-54.614563,-20.486578],[-54.614553,-20.486578],[-54.614553,-20.486569],[-54.614544,-20.486569],[-54.614544,-20.48656],[-54.614534,-20.48656],[-54.614535,-20.486551],[-54.614525,-20.486551],[-54.614525,-20.486542],[-54.614516,-20.486542],[-54.614516,-20.486533],[-54.614506,-20.486532],[-54.614506,-20.486523],[-54.614497,-20.486523],[-54.614497,-20.486514],[-54.613951,-20.486507],[-54.613951,-20.486498],[-54.613769,-20.486495],[-54.613769,-20.486486],[-54.612878,-20.486474],[-54.612878,-20.486483],[-54.612868,-20.486483],[-54.612868,-20.486492],[-54.612858,-20.486492],[-54.612858,-20.486501],[-54.612849,-20.486501],[-54.612849,-20.48651],[-54.612839,-20.486509],[-54.612839,-20.486518],[-54.612829,-20.486518],[-54.612829,-20.486527],[-54.612819,-20.486527],[-54.612819,-20.486536],[-54.61281,-20.486536],[-54.61281,-20.486545],[-54.612781,-20.486545],[-54.612781,-20.486536],[-54.612743,-20.486535],[-54.612743,-20.486526],[-54.612714,-20.486526],[-54.612714,-20.486517],[-54.612676,-20.486516],[-54.612676,-20.486507],[-54.612638,-20.486507],[-54.612638,-20.486498],[-54.612609,-20.486497],[-54.612609,-20.486488],[-54.612571,-20.486488],[-54.612571,-20.486479],[-54.612542,-20.486478],[-54.612542,-20.486469],[-54.612504,-20.486469],[-54.612504,-20.48646],[-54.612476,-20.486459],[-54.612476,-20.48645],[-54.612437,-20.48645],[-54.612437,-20.486441],[-54.612409,-20.48644],[-54.612409,-20.486431],[-54.612371,-20.486431],[-54.612371,-20.486422],[-54.612256,-20.48642],[-54.612256,-20.486411],[-54.612246,-20.486411],[-54.612246,-20.48642],[-54.612237,-20.48642],[-54.612236,-20.486429],[-54.612227,-20.486429],[-54.612227,-20.486438],[-54.612217,-20.486438],[-54.612217,-20.486447],[-54.612207,-20.486447],[-54.612207,-20.486456],[-54.612198,-20.486455],[-54.612198,-20.486465],[-54.612188,-20.486464],[-54.612188,-20.486473],[-54.612178,-20.486473],[-54.612178,-20.486482],[-54.612169,-20.486482],[-54.612168,-20.486491],[-54.612159,-20.486491],[-54.612159,-20.4865],[-54.612149,-20.4865],[-54.612149,-20.486509],[-54.612139,-20.486509],[-54.612139,-20.486518],[-54.61213,-20.486518],[-54.61213,-20.486527],[-54.61212,-20.486527],[-54.61212,-20.486536],[-54.61211,-20.486536],[-54.61211,-20.486545],[-54.6121,-20.486544],[-54.6121,-20.486553],[-54.612091,-20.486553],[-54.612091,-20.486562],[-54.612081,-20.486562],[-54.612081,-20.486571],[-54.612071,-20.486571],[-54.612071,-20.48658],[-54.612062,-20.48658],[-54.612061,-20.486589],[-54.612052,-20.486589],[-54.612052,-20.486598],[-54.612042,-20.486598],[-54.612042,-20.486607],[-54.612032,-20.486607],[-54.612032,-20.486616],[-54.612023,-20.486616],[-54.612023,-20.486625],[-54.612013,-20.486625],[-54.612013,-20.486634],[-54.612003,-20.486633],[-54.612003,-20.486642],[-54.611994,-20.486642],[-54.611993,-20.486651],[-54.611984,-20.486651],[-54.611984,-20.48666],[-54.611974,-20.48666],[-54.611974,-20.486669],[-54.611964,-20.486669],[-54.611964,-20.486678],[-54.611955,-20.486678],[-54.611955,-20.486687],[-54.611945,-20.486687],[-54.611945,-20.486696],[-54.611935,-20.486696],[-54.611935,-20.486705],[-54.611926,-20.486705],[-54.611925,-20.486714],[-54.611916,-20.486713],[-54.611916,-20.486723],[-54.611906,-20.486722],[-54.611906,-20.486731],[-54.611896,-20.486731],[-54.611896,-20.48674],[-54.611887,-20.48674],[-54.611886,-20.486749],[-54.611877,-20.486749],[-54.611877,-20.486758],[-54.611867,-20.486758],[-54.611867,-20.486767],[-54.611857,-20.486767],[-54.611857,-20.486776],[-54.611627,-20.486773],[-54.611608,-20.486772],[-54.611608,-20.486763],[-54.61158,-20.486763],[-54.61158,-20.486754],[-54.611561,-20.486754],[-54.611561,-20.486745],[-54.611542,-20.486744],[-54.611542,-20.486735],[-54.611513,-20.486735],[-54.611513,-20.486726],[-54.611494,-20.486726],[-54.611494,-20.486717],[-54.611475,-20.486716],[-54.611475,-20.486707],[-54.611465,-20.486707],[-54.611466,-20.486698],[-54.611456,-20.486698],[-54.611456,-20.486689],[-54.611447,-20.486689],[-54.611447,-20.48668],[-54.611437,-20.48668],[-54.611437,-20.486671],[-54.611418,-20.486671],[-54.611418,-20.486662],[-54.611409,-20.486661],[-54.611409,-20.486652],[-54.611399,-20.486652],[-54.611399,-20.486643],[-54.61139,-20.486643],[-54.61139,-20.486634],[-54.611371,-20.486634],[-54.611371,-20.486625],[-54.611361,-20.486625],[-54.611361,-20.486616],[-54.611352,-20.486615],[-54.611352,-20.486606],[-54.611342,-20.486606],[-54.611343,-20.486597],[-54.611323,-20.486597],[-54.611324,-20.486588],[-54.611314,-20.486588],[-54.611314,-20.486579],[-54.611305,-20.486579],[-54.611305,-20.48657],[-54.611295,-20.48657],[-54.611295,-20.48656],[-54.611286,-20.48656],[-54.611286,-20.486551],[-54.611267,-20.486551],[-54.611267,-20.486542],[-54.611171,-20.486541],[-54.611171,-20.486532],[-54.611162,-20.486532],[-54.611162,-20.486523],[-54.611152,-20.486522],[-54.611152,-20.486513],[-54.611143,-20.486513],[-54.611143,-20.486504],[-54.611133,-20.486504],[-54.611133,-20.486495],[-54.611124,-20.486495],[-54.611124,-20.486486],[-54.611114,-20.486486],[-54.611114,-20.486477],[-54.611105,-20.486477],[-54.611105,-20.486468],[-54.611095,-20.486467],[-54.611096,-20.486458],[-54.611086,-20.486458],[-54.611086,-20.486449],[-54.611077,-20.486449],[-54.611077,-20.48644],[-54.611019,-20.486439],[-54.61099,-20.486439],[-54.61099,-20.486448],[-54.610971,-20.486448],[-54.610971,-20.486439],[-54.610962,-20.486438],[-54.610962,-20.486429],[-54.610952,-20.486429],[-54.610952,-20.48642],[-54.610943,-20.48642],[-54.610943,-20.486411],[-54.610933,-20.486411],[-54.610934,-20.486402],[-54.610924,-20.486402],[-54.610924,-20.486393],[-54.610915,-20.486393],[-54.610915,-20.486384],[-54.610905,-20.486384],[-54.610905,-20.486375],[-54.610896,-20.486374],[-54.610896,-20.486365],[-54.610886,-20.486365],[-54.610886,-20.486356],[-54.610877,-20.486356],[-54.610877,-20.486347],[-54.610867,-20.486347],[-54.610867,-20.486338],[-54.610858,-20.486338],[-54.610858,-20.486329],[-54.610848,-20.486329],[-54.610849,-20.48632],[-54.610839,-20.486319],[-54.610839,-20.48631],[-54.61083,-20.48631],[-54.61083,-20.486301],[-54.61082,-20.486301],[-54.61082,-20.486292],[-54.610811,-20.486292],[-54.610811,-20.486283],[-54.610801,-20.486283],[-54.610801,-20.486274],[-54.610792,-20.486274],[-54.610792,-20.486265],[-54.610782,-20.486264],[-54.610782,-20.486255],[-54.610773,-20.486255],[-54.610773,-20.486246],[-54.610763,-20.486246],[-54.610764,-20.486237],[-54.610754,-20.486237],[-54.610754,-20.486228],[-54.610745,-20.486228],[-54.610745,-20.486219],[-54.610735,-20.486219],[-54.610735,-20.48621],[-54.610726,-20.486209],[-54.610726,-20.4862],[-54.610716,-20.4862],[-54.610716,-20.486191],[-54.610707,-20.486191],[-54.610707,-20.486182],[-54.610697,-20.486182],[-54.610698,-20.486173],[-54.610688,-20.486173],[-54.610688,-20.486164],[-54.610678,-20.486164],[-54.610679,-20.486155],[-54.610669,-20.486155],[-54.610669,-20.486146],[-54.61066,-20.486145],[-54.61066,-20.486136],[-54.61065,-20.486136],[-54.61065,-20.486127],[-54.610641,-20.486127],[-54.610641,-20.486118],[-54.610631,-20.486118],[-54.610631,-20.486109],[-54.610622,-20.486109],[-54.610622,-20.4861],[-54.610612,-20.4861],[-54.610613,-20.486091],[-54.610593,-20.48609],[-54.610594,-20.486063],[-54.610584,-20.486063],[-54.610584,-20.486054],[-54.610575,-20.486054],[-54.610575,-20.486045],[-54.610565,-20.486045],[-54.610565,-20.486036],[-54.610556,-20.486036],[-54.610556,-20.486027],[-54.610546,-20.486026],[-54.610547,-20.486017],[-54.610527,-20.486017],[-54.610528,-20.486008],[-54.610432,-20.486007],[-54.610432,-20.486016],[-54.610422,-20.486016],[-54.610422,-20.486025],[-54.610412,-20.486025],[-54.610412,-20.486034],[-54.610393,-20.486033],[-54.610393,-20.486042],[-54.610307,-20.486041],[-54.609665,-20.486032],[-54.609665,-20.486023],[-54.609655,-20.486023],[-54.609655,-20.486014],[-54.609646,-20.486014],[-54.609646,-20.486005],[-54.609636,-20.486005],[-54.609637,-20.485996],[-54.609627,-20.485996],[-54.609627,-20.485987],[-54.609617,-20.485987],[-54.609618,-20.485978],[-54.609608,-20.485977],[-54.609608,-20.485968],[-54.609599,-20.485968],[-54.609599,-20.485959],[-54.609589,-20.485959],[-54.609589,-20.48595],[-54.60958,-20.48595],[-54.60958,-20.485941],[-54.60957,-20.485941],[-54.60957,-20.485932],[-54.609561,-20.485932],[-54.609561,-20.485923],[-54.609551,-20.485922],[-54.609552,-20.485913],[-54.609542,-20.485913],[-54.609542,-20.485904],[-54.609533,-20.485904],[-54.609533,-20.485895],[-54.609523,-20.485895],[-54.609523,-20.485886],[-54.609514,-20.485886],[-54.609514,-20.485877],[-54.609504,-20.485877],[-54.609504,-20.485868],[-54.609495,-20.485867],[-54.609495,-20.485858],[-54.609485,-20.485858],[-54.609485,-20.485849],[-54.609476,-20.485849],[-54.609476,-20.48584],[-54.609466,-20.48584],[-54.609467,-20.485831],[-54.609457,-20.485831],[-54.609457,-20.485822],[-54.609448,-20.485822],[-54.609448,-20.485813],[-54.609438,-20.485813],[-54.609438,-20.485803],[-54.609429,-20.485803],[-54.609429,-20.485794],[-54.609295,-20.485792],[-54.609295,-20.485783],[-54.609285,-20.485783],[-54.609285,-20.485774],[-54.609276,-20.485774],[-54.609276,-20.485765],[-54.609266,-20.485765],[-54.609266,-20.485756],[-54.609257,-20.485756],[-54.609257,-20.485747],[-54.609247,-20.485747],[-54.609248,-20.485738],[-54.609238,-20.485738],[-54.609238,-20.485728],[-54.609229,-20.485728],[-54.609229,-20.485719],[-54.609219,-20.485719],[-54.609219,-20.48571],[-54.60921,-20.48571],[-54.60921,-20.485701],[-54.6092,-20.485701],[-54.6092,-20.485692],[-54.609191,-20.485692],[-54.609191,-20.485683],[-54.609181,-20.485683],[-54.609182,-20.485674],[-54.609172,-20.485673],[-54.609172,-20.485664],[-54.609162,-20.485664],[-54.609163,-20.485655],[-54.609153,-20.485655],[-54.609153,-20.485646],[-54.609144,-20.485646],[-54.609144,-20.485637],[-54.609134,-20.485637],[-54.609134,-20.485628],[-54.609125,-20.485628],[-54.609125,-20.485619],[-54.609115,-20.485618],[-54.609115,-20.485609],[-54.609106,-20.485609],[-54.609106,-20.4856],[-54.609096,-20.4856],[-54.609097,-20.485591],[-54.609087,-20.485591],[-54.609087,-20.485582],[-54.609078,-20.485582],[-54.609078,-20.485573],[-54.609068,-20.485573],[-54.609068,-20.485564],[-54.609059,-20.485563],[-54.609059,-20.485554],[-54.609049,-20.485554],[-54.609049,-20.485545],[-54.60857,-20.485539],[-54.60857,-20.48553],[-54.608542,-20.485529],[-54.608542,-20.48552],[-54.608532,-20.48552],[-54.608532,-20.485511],[-54.608523,-20.485511],[-54.608523,-20.485502],[-54.608513,-20.485502],[-54.608514,-20.485493],[-54.608504,-20.485493],[-54.608504,-20.485484],[-54.608485,-20.485483],[-54.608485,-20.485474],[-54.608475,-20.485474],[-54.608476,-20.485465],[-54.608466,-20.485465],[-54.60847,-20.485239],[-54.60846,-20.485239],[-54.60846,-20.48523],[-54.60845,-20.48523],[-54.608451,-20.485221],[-54.608441,-20.485221],[-54.608441,-20.485212],[-54.608432,-20.485212],[-54.608432,-20.485203],[-54.608422,-20.485203],[-54.608422,-20.485193],[-54.608413,-20.485193],[-54.608413,-20.485184],[-54.607924,-20.485178],[-54.607924,-20.485169],[-54.607771,-20.485166],[-54.607771,-20.485157],[-54.607752,-20.485157],[-54.607752,-20.485148],[-54.607733,-20.485148],[-54.607733,-20.485139],[-54.607714,-20.485139],[-54.607714,-20.48513],[-54.607695,-20.485129],[-54.607695,-20.48512],[-54.607676,-20.48512],[-54.607676,-20.485111],[-54.607657,-20.485111],[-54.607657,-20.485102],[-54.607638,-20.485101],[-54.607638,-20.485092],[-54.606852,-20.485082],[-54.606853,-20.485073],[-54.606843,-20.485072],[-54.606843,-20.485063],[-54.606834,-20.485063],[-54.606834,-20.485054],[-54.606824,-20.485054],[-54.606824,-20.485045],[-54.606815,-20.485045],[-54.606815,-20.485036],[-54.606805,-20.485036],[-54.606805,-20.485027],[-54.606796,-20.485027],[-54.606796,-20.485018],[-54.606786,-20.485017],[-54.606786,-20.485008],[-54.606777,-20.485008],[-54.606777,-20.484999],[-54.606767,-20.484999],[-54.606768,-20.48499],[-54.606758,-20.48499],[-54.606758,-20.484981],[-54.606749,-20.484981],[-54.606749,-20.484972],[-54.606739,-20.484972],[-54.606739,-20.484963],[-54.60673,-20.484962],[-54.60673,-20.484953],[-54.60672,-20.484953],[-54.60672,-20.484944],[-54.606711,-20.484944],[-54.606711,-20.484935],[-54.606701,-20.484935],[-54.606702,-20.484926],[-54.606692,-20.484926],[-54.606692,-20.484917],[-54.606682,-20.484917],[-54.606683,-20.484908],[-54.606673,-20.484908],[-54.606673,-20.484898],[-54.606664,-20.484898],[-54.606664,-20.484889],[-54.606654,-20.484889],[-54.606654,-20.48488],[-54.606645,-20.48488],[-54.606645,-20.484871],[-54.606635,-20.484871],[-54.606635,-20.484862],[-54.606626,-20.484862],[-54.606626,-20.484853],[-54.606607,-20.484852],[-54.606607,-20.484843],[-54.606597,-20.484843],[-54.606598,-20.484834],[-54.606588,-20.484834],[-54.606588,-20.484825],[-54.606578,-20.484825],[-54.606579,-20.484816],[-54.606569,-20.484816],[-54.606569,-20.484807],[-54.60656,-20.484807],[-54.60656,-20.484798],[-54.60655,-20.484797],[-54.60655,-20.484788],[-54.606541,-20.484788],[-54.606541,-20.484779],[-54.606531,-20.484779],[-54.606531,-20.48477],[-54.606522,-20.48477],[-54.606522,-20.484761],[-54.606512,-20.484761],[-54.606513,-20.484752],[-54.606503,-20.484752],[-54.606503,-20.484743],[-54.606494,-20.484742],[-54.606494,-20.484733],[-54.606484,-20.484733],[-54.606484,-20.484724],[-54.606475,-20.484724],[-54.606475,-20.484715],[-54.606465,-20.484715],[-54.606465,-20.484706],[-54.606456,-20.484706],[-54.606456,-20.484697],[-54.606446,-20.484697],[-54.606446,-20.484688],[-54.606427,-20.484687],[-54.606427,-20.484678],[-54.606408,-20.484678],[-54.606408,-20.484669],[-54.606399,-20.484669],[-54.606399,-20.48466],[-54.60637,-20.48466],[-54.60637,-20.48465],[-54.606322,-20.48465],[-54.606323,-20.484641],[-54.606284,-20.48464],[-54.606284,-20.484631],[-54.606246,-20.484631],[-54.606246,-20.484622],[-54.606198,-20.484621],[-54.606198,-20.484612],[-54.60616,-20.484611],[-54.60616,-20.484602],[-54.606112,-20.484602],[-54.606113,-20.484593],[-54.606074,-20.484592],[-54.606074,-20.484583],[-54.606026,-20.484583],[-54.606027,-20.484574],[-54.605988,-20.484573],[-54.605988,-20.484564],[-54.604982,-20.48455],[-54.604983,-20.484541],[-54.604963,-20.484541],[-54.604964,-20.484532],[-54.604944,-20.484531],[-54.604944,-20.484522],[-54.604312,-20.484514],[-54.604312,-20.484505],[-54.604303,-20.484505],[-54.604303,-20.484496],[-54.604284,-20.484495],[-54.604284,-20.484486],[-54.604255,-20.484486],[-54.604255,-20.484477],[-54.604246,-20.484477],[-54.604246,-20.484468],[-54.604073,-20.484465],[-54.604073,-20.484474],[-54.604044,-20.484474],[-54.604044,-20.484483],[-54.604016,-20.484483],[-54.604015,-20.484492],[-54.603996,-20.484491],[-54.603996,-20.4845],[-54.603967,-20.4845],[-54.603967,-20.484509],[-54.603938,-20.484509],[-54.603938,-20.484518],[-54.603469,-20.484511],[-54.603469,-20.484502],[-54.603383,-20.484501],[-54.603383,-20.48451],[-54.603373,-20.48451],[-54.603373,-20.484519],[-54.603363,-20.484519],[-54.603363,-20.484528],[-54.603354,-20.484528],[-54.603353,-20.484537],[-54.603344,-20.484537],[-54.603344,-20.484546],[-54.603334,-20.484545],[-54.603334,-20.484554],[-54.603324,-20.484554],[-54.603324,-20.484563],[-54.603315,-20.484563],[-54.603315,-20.484572],[-54.603305,-20.484572],[-54.603305,-20.484581],[-54.603295,-20.484581],[-54.603295,-20.48459],[-54.603286,-20.48459],[-54.603285,-20.484599],[-54.603276,-20.484599],[-54.603276,-20.484608],[-54.603266,-20.484608],[-54.603266,-20.484617],[-54.603256,-20.484617],[-54.603256,-20.484626],[-54.603247,-20.484625],[-54.603247,-20.484634],[-54.603237,-20.484634],[-54.603237,-20.484643],[-54.602873,-20.484638],[-54.602873,-20.484629],[-54.602863,-20.484629],[-54.602863,-20.48462],[-54.602854,-20.48462],[-54.602854,-20.484611],[-54.602806,-20.48461],[-54.602806,-20.484601],[-54.602758,-20.484601],[-54.602758,-20.484592],[-54.602711,-20.484591],[-54.602711,-20.484582],[-54.602663,-20.484581],[-54.602663,-20.484572],[-54.602644,-20.484572],[-54.602615,-20.484572],[-54.602615,-20.484563],[-54.6025,-20.484561],[-54.6025,-20.484552],[-54.602491,-20.484552],[-54.602491,-20.484543],[-54.602481,-20.484543],[-54.602481,-20.484534],[-54.602472,-20.484534],[-54.602472,-20.484524],[-54.602462,-20.484524],[-54.602463,-20.484515],[-54.602453,-20.484515],[-54.602454,-20.484479],[-54.602444,-20.484479],[-54.602444,-20.484461],[-54.602435,-20.484461],[-54.602435,-20.484452],[-54.602425,-20.484452],[-54.602426,-20.484434],[-54.602416,-20.484433],[-54.602416,-20.484424],[-54.602406,-20.484424],[-54.602407,-20.484397],[-54.602397,-20.484397],[-54.602397,-20.484388],[-54.602388,-20.484388],[-54.602388,-20.484379],[-54.602378,-20.484379],[-54.602379,-20.48437],[-54.602369,-20.48437],[-54.602369,-20.484361],[-54.60236,-20.48436],[-54.60236,-20.484351],[-54.60235,-20.484351],[-54.60235,-20.484342],[-54.602341,-20.484342],[-54.602341,-20.484333],[-54.602331,-20.484333],[-54.602331,-20.484324],[-54.602322,-20.484324],[-54.602322,-20.484315],[-54.602274,-20.484314],[-54.602274,-20.484305],[-54.602245,-20.484305],[-54.602246,-20.484296],[-54.602198,-20.484295],[-54.602198,-20.484286],[-54.602188,-20.484286],[-54.602188,-20.484277],[-54.602179,-20.484277],[-54.602179,-20.484268],[-54.602169,-20.484267],[-54.60217,-20.484258],[-54.60216,-20.484258],[-54.60216,-20.484249],[-54.60215,-20.484249],[-54.602151,-20.48424],[-54.602141,-20.48424],[-54.602141,-20.484231],[-54.602132,-20.484231],[-54.602132,-20.484222],[-54.602122,-20.484222],[-54.602122,-20.484213],[-54.602113,-20.484212],[-54.602113,-20.484203],[-54.602084,-20.484203],[-54.602084,-20.484194],[-54.602056,-20.484194],[-54.602056,-20.484185],[-54.602027,-20.484184],[-54.602027,-20.484175],[-54.601989,-20.484175],[-54.601989,-20.484166],[-54.60197,-20.484165],[-54.60197,-20.484147],[-54.60196,-20.484147],[-54.601961,-20.48412],[-54.601951,-20.48412],[-54.601952,-20.484093],[-54.601942,-20.484093],[-54.601943,-20.484066],[-54.601933,-20.484066],[-54.601933,-20.484038],[-54.601924,-20.484038],[-54.601924,-20.484011],[-54.601915,-20.484011],[-54.601915,-20.483984],[-54.601905,-20.483984],[-54.601906,-20.483957],[-54.601896,-20.483957],[-54.601897,-20.48393],[-54.601887,-20.483929],[-54.601888,-20.483902],[-54.601878,-20.483902],[-54.601879,-20.483866],[-54.601869,-20.483866],[-54.601869,-20.483848],[-54.60186,-20.483848],[-54.60186,-20.483839],[-54.60185,-20.483839],[-54.60185,-20.48383],[-54.601841,-20.483829],[-54.601841,-20.483802],[-54.601832,-20.483802],[-54.601832,-20.483793],[-54.601822,-20.483793],[-54.601822,-20.483784],[-54.601813,-20.483784],[-54.601813,-20.483757],[-54.601794,-20.483757],[-54.601794,-20.483748],[-54.601785,-20.483747],[-54.601785,-20.483738],[-54.601775,-20.483738],[-54.601775,-20.483729],[-54.601766,-20.483729],[-54.601766,-20.48372],[-54.601756,-20.48372],[-54.601756,-20.483711],[-54.601747,-20.483711],[-54.601747,-20.483702],[-54.601737,-20.483702],[-54.601737,-20.483693],[-54.601728,-20.483692],[-54.601728,-20.483683],[-54.601718,-20.483683],[-54.601719,-20.483674],[-54.601709,-20.483674],[-54.601709,-20.483665],[-54.6017,-20.483665],[-54.6017,-20.483656],[-54.60169,-20.483656],[-54.60169,-20.483647],[-54.601681,-20.483647],[-54.601681,-20.483638],[-54.601671,-20.483637],[-54.601671,-20.483628],[-54.601662,-20.483628],[-54.601662,-20.483619],[-54.601652,-20.483619],[-54.601653,-20.48361],[-54.601643,-20.48361],[-54.601643,-20.483601],[-54.601633,-20.483601],[-54.601634,-20.483592],[-54.601624,-20.483592],[-54.601624,-20.483583],[-54.601586,-20.483582],[-54.601586,-20.483573],[-54.601548,-20.483573],[-54.601548,-20.483564],[-54.601519,-20.483563],[-54.601519,-20.483554],[-54.601481,-20.483554],[-54.601481,-20.483545],[-54.601424,-20.483544],[-54.601424,-20.483535],[-54.601405,-20.483534],[-54.601405,-20.483525],[-54.601395,-20.483525],[-54.601395,-20.483516],[-54.601386,-20.483516],[-54.601386,-20.483507],[-54.601376,-20.483507],[-54.601376,-20.483498],[-54.601367,-20.483498],[-54.601367,-20.483489],[-54.601357,-20.483489],[-54.601357,-20.48348],[-54.601348,-20.48348],[-54.601348,-20.48347],[-54.601338,-20.48347],[-54.601339,-20.483461],[-54.601329,-20.483461],[-54.601329,-20.483452],[-54.60132,-20.483452],[-54.60132,-20.483443],[-54.60131,-20.483443],[-54.60131,-20.483434],[-54.601301,-20.483434],[-54.601301,-20.483425],[-54.601263,-20.483424],[-54.601263,-20.483415],[-54.601234,-20.483415],[-54.601234,-20.483406],[-54.601196,-20.483405],[-54.601196,-20.483396],[-54.601129,-20.483395],[-54.601129,-20.483386],[-54.601119,-20.483386],[-54.601119,-20.483377],[-54.60111,-20.483377],[-54.60111,-20.483368],[-54.6011,-20.483368],[-54.601101,-20.483359],[-54.601091,-20.483359],[-54.601091,-20.48335],[-54.601082,-20.483349],[-54.601083,-20.483259],[-54.601093,-20.483259],[-54.601093,-20.483241],[-54.601102,-20.483241],[-54.601103,-20.483232],[-54.601093,-20.483232],[-54.601093,-20.483223],[-54.601084,-20.483223],[-54.601084,-20.483205],[-54.601074,-20.483205],[-54.601075,-20.483187],[-54.601065,-20.483187],[-54.601065,-20.483178],[-54.601056,-20.483177],[-54.601056,-20.483159],[-54.601046,-20.483159],[-54.601047,-20.483141],[-54.601037,-20.483141],[-54.601037,-20.483132],[-54.601027,-20.483132],[-54.601028,-20.483114],[-54.601018,-20.483114],[-54.601018,-20.483096],[-54.601009,-20.483096],[-54.601009,-20.483087],[-54.60099,-20.483086],[-54.60099,-20.483077],[-54.60098,-20.483077],[-54.600981,-20.483068],[-54.600971,-20.483068],[-54.600971,-20.483059],[-54.600866,-20.483057],[-54.600866,-20.483048],[-54.600856,-20.483048],[-54.600856,-20.483039],[-54.600847,-20.483039],[-54.600847,-20.48303],[-54.600837,-20.48303],[-54.600838,-20.483021],[-54.600828,-20.483021],[-54.600828,-20.483012],[-54.600819,-20.483012],[-54.600819,-20.483003],[-54.600809,-20.483002],[-54.600809,-20.482993],[-54.6008,-20.482993],[-54.6008,-20.482984],[-54.60079,-20.482984],[-54.60079,-20.482975],[-54.600781,-20.482975],[-54.600781,-20.482966],[-54.600771,-20.482966],[-54.600771,-20.482957],[-54.600762,-20.482957],[-54.600762,-20.482948],[-54.600752,-20.482948],[-54.600753,-20.482939],[-54.600743,-20.482938],[-54.600743,-20.482929],[-54.600734,-20.482929],[-54.600734,-20.48292],[-54.600724,-20.48292],[-54.600724,-20.482911],[-54.600715,-20.482911],[-54.600715,-20.482902],[-54.600705,-20.482902],[-54.600705,-20.482893],[-54.600696,-20.482893],[-54.600696,-20.482884],[-54.600686,-20.482883],[-54.600687,-20.482874],[-54.600677,-20.482874],[-54.600677,-20.482865],[-54.600667,-20.482865],[-54.600668,-20.482856],[-54.600658,-20.482856],[-54.600658,-20.482847],[-54.600649,-20.482847],[-54.600649,-20.482838],[-54.600639,-20.482838],[-54.600639,-20.482829],[-54.60063,-20.482828],[-54.60063,-20.482819],[-54.60062,-20.482819],[-54.60062,-20.48281],[-54.600611,-20.48281],[-54.600611,-20.482801],[-54.600544,-20.4828],[-54.600544,-20.482791],[-54.600391,-20.482789],[-54.600391,-20.482798],[-54.600161,-20.482795],[-54.600161,-20.482786],[-54.600132,-20.482785],[-54.600132,-20.482776],[-54.600103,-20.482776],[-54.600104,-20.482767],[-54.599778,-20.482762],[-54.599778,-20.482753],[-54.59974,-20.482753],[-54.59974,-20.482744],[-54.599701,-20.482743],[-54.599702,-20.482734],[-54.599663,-20.482734],[-54.599663,-20.482725],[-54.599625,-20.482724],[-54.599625,-20.482715],[-54.599558,-20.482714],[-54.599558,-20.482705],[-54.599549,-20.482705],[-54.599549,-20.482696],[-54.599539,-20.482696],[-54.599539,-20.482687],[-54.59953,-20.482687],[-54.59953,-20.482678],[-54.59952,-20.482678],[-54.599521,-20.482669],[-54.599511,-20.482669],[-54.599511,-20.482659],[-54.599502,-20.482659],[-54.599502,-20.482623],[-54.599493,-20.482623],[-54.599493,-20.482605],[-54.599483,-20.482605],[-54.599484,-20.482587],[-54.599474,-20.482587],[-54.599474,-20.482578],[-54.599455,-20.482577],[-54.599455,-20.482568],[-54.599445,-20.482568],[-54.599446,-20.482559],[-54.599436,-20.482559],[-54.599436,-20.48255],[-54.599417,-20.48255],[-54.599417,-20.482541],[-54.599408,-20.482541],[-54.599408,-20.482532],[-54.599398,-20.482531],[-54.599398,-20.482522],[-54.599379,-20.482522],[-54.599379,-20.482513],[-54.59937,-20.482513],[-54.59937,-20.482504],[-54.599006,-20.482499],[-54.599006,-20.48249],[-54.598977,-20.48249],[-54.598977,-20.482481],[-54.598949,-20.48248],[-54.598949,-20.482471],[-54.598776,-20.482469],[-54.598776,-20.48246],[-54.598748,-20.482459],[-54.598748,-20.48245],[-54.598709,-20.48245],[-54.59871,-20.482441],[-54.598681,-20.48244],[-54.598681,-20.482431],[-54.598652,-20.482431],[-54.598652,-20.482422],[-54.598614,-20.482421],[-54.598614,-20.482412],[-54.598585,-20.482412],[-54.598586,-20.482403],[-54.598547,-20.482402],[-54.598547,-20.482393],[-54.598538,-20.482393],[-54.598538,-20.482384],[-54.598528,-20.482384],[-54.598529,-20.482375],[-54.598519,-20.482375],[-54.598519,-20.482366],[-54.59851,-20.482366],[-54.59851,-20.482357],[-54.5985,-20.482357],[-54.5985,-20.482348],[-54.598481,-20.482347],[-54.598481,-20.482338],[-54.598452,-20.482338],[-54.598453,-20.482329],[-54.598414,-20.482328],[-54.598414,-20.482319],[-54.598386,-20.482319],[-54.598386,-20.48231],[-54.598357,-20.482309],[-54.598357,-20.4823],[-54.598328,-20.4823],[-54.598329,-20.482291],[-54.5983,-20.482291],[-54.5983,-20.482282],[-54.598271,-20.482281],[-54.598271,-20.482272],[-54.598243,-20.482272],[-54.598243,-20.482263],[-54.598214,-20.482262],[-54.598214,-20.482253],[-54.598195,-20.482253],[-54.598185,-20.482253],[-54.598186,-20.482244],[-54.598157,-20.482243],[-54.598157,-20.482234],[-54.598147,-20.482234],[-54.598148,-20.482225],[-54.598138,-20.482225],[-54.598138,-20.482216],[-54.598071,-20.482215],[-54.598071,-20.482206],[-54.598062,-20.482206],[-54.598062,-20.482197],[-54.598052,-20.482197],[-54.598052,-20.482188],[-54.598043,-20.482188],[-54.598043,-20.482179],[-54.598033,-20.482178],[-54.598033,-20.482169],[-54.598024,-20.482169],[-54.598024,-20.48216],[-54.598014,-20.48216],[-54.598015,-20.482151],[-54.598005,-20.482151],[-54.598005,-20.482142],[-54.597996,-20.482142],[-54.597996,-20.482133],[-54.597986,-20.482133],[-54.597986,-20.482124],[-54.597977,-20.482124],[-54.597977,-20.482115],[-54.597967,-20.482114],[-54.597967,-20.482105],[-54.597958,-20.482105],[-54.597958,-20.482096],[-54.597948,-20.482096],[-54.597948,-20.482087],[-54.597939,-20.482087],[-54.597939,-20.482078],[-54.597929,-20.482078],[-54.59793,-20.482069],[-54.59792,-20.482069],[-54.59792,-20.48206],[-54.597911,-20.482059],[-54.597911,-20.48205],[-54.597901,-20.48205],[-54.597901,-20.482041],[-54.597892,-20.482041],[-54.597892,-20.482032],[-54.597882,-20.482032],[-54.597882,-20.482023],[-54.597873,-20.482023],[-54.597873,-20.482014],[-54.597863,-20.482014],[-54.597864,-20.482005],[-54.597854,-20.482004],[-54.597854,-20.481995],[-54.59749,-20.48199],[-54.59749,-20.481981],[-54.597481,-20.481981],[-54.597481,-20.481972],[-54.597471,-20.481972],[-54.597471,-20.481963],[-54.597462,-20.481963],[-54.597462,-20.481954],[-54.597452,-20.481954],[-54.597452,-20.481945],[-54.597443,-20.481945],[-54.597443,-20.481936],[-54.597433,-20.481935],[-54.597433,-20.481926],[-54.597424,-20.481926],[-54.597424,-20.481917],[-54.597414,-20.481917],[-54.597415,-20.481908],[-54.597405,-20.481908],[-54.597405,-20.481899],[-54.597396,-20.481899],[-54.597396,-20.48189],[-54.597386,-20.48189],[-54.597386,-20.481881],[-54.597377,-20.48188],[-54.597378,-20.481781],[-54.597369,-20.481781],[-54.597369,-20.481772],[-54.597359,-20.481772],[-54.597359,-20.481763],[-54.59735,-20.481763],[-54.59735,-20.481754],[-54.59734,-20.481754],[-54.59734,-20.481744],[-54.597331,-20.481744],[-54.597331,-20.481735],[-54.597321,-20.481735],[-54.597322,-20.481726],[-54.597312,-20.481726],[-54.597312,-20.481717],[-54.597303,-20.481717],[-54.597303,-20.481708],[-54.597293,-20.481708],[-54.597293,-20.481699],[-54.597284,-20.481699],[-54.597284,-20.48169],[-54.597255,-20.481689],[-54.597255,-20.48168],[-54.597227,-20.48168],[-54.597227,-20.481671],[-54.597207,-20.48167],[-54.597208,-20.481661],[-54.597198,-20.481661],[-54.597198,-20.481643],[-54.597189,-20.481643],[-54.597189,-20.481634],[-54.597179,-20.481634],[-54.597179,-20.481625],[-54.59717,-20.481625],[-54.59717,-20.481616],[-54.59716,-20.481616],[-54.597161,-20.481607],[-54.597151,-20.481606],[-54.597151,-20.481597],[-54.597132,-20.481597],[-54.597132,-20.481588],[-54.597123,-20.481588],[-54.597123,-20.481579],[-54.597113,-20.481579],[-54.597113,-20.48157],[-54.597104,-20.48157],[-54.597104,-20.481561],[-54.597094,-20.48156],[-54.597094,-20.481551],[-54.597085,-20.481551],[-54.597085,-20.481542],[-54.597075,-20.481542],[-54.597075,-20.481533],[-54.597066,-20.481533],[-54.597066,-20.481524],[-54.597056,-20.481524],[-54.597057,-20.481515],[-54.597047,-20.481515],[-54.597047,-20.481506],[-54.597038,-20.481506],[-54.597038,-20.481496],[-54.597028,-20.481496],[-54.597028,-20.481487],[-54.597019,-20.481487],[-54.597019,-20.481478],[-54.597009,-20.481478],[-54.597009,-20.481469],[-54.597,-20.481469],[-54.597,-20.48146],[-54.59699,-20.48146],[-54.596991,-20.481451],[-54.596981,-20.481451],[-54.596981,-20.481442],[-54.596971,-20.481441],[-54.596972,-20.481432],[-54.596962,-20.481432],[-54.596962,-20.481423],[-54.596953,-20.481423],[-54.596953,-20.481414],[-54.596943,-20.481414],[-54.596943,-20.481405],[-54.596934,-20.481405],[-54.596934,-20.481396],[-54.596924,-20.481396],[-54.596924,-20.481387],[-54.596915,-20.481386],[-54.596915,-20.481377],[-54.596905,-20.481377],[-54.596906,-20.481368],[-54.596896,-20.481368],[-54.596896,-20.481359],[-54.596887,-20.481359],[-54.596887,-20.48135],[-54.596877,-20.48135],[-54.596877,-20.481341],[-54.596868,-20.481341],[-54.596868,-20.481332],[-54.596858,-20.481331],[-54.596858,-20.481322],[-54.596849,-20.481322],[-54.596849,-20.481313],[-54.596839,-20.481313],[-54.596839,-20.481304],[-54.59683,-20.481304],[-54.59683,-20.481295],[-54.59682,-20.481295],[-54.596821,-20.481286],[-54.596811,-20.481286],[-54.596811,-20.481277],[-54.596802,-20.481277],[-54.596802,-20.481267],[-54.596792,-20.481267],[-54.596792,-20.481258],[-54.596783,-20.481258],[-54.596783,-20.481249],[-54.596773,-20.481249],[-54.596773,-20.48124],[-54.596764,-20.48124],[-54.596764,-20.481231],[-54.596754,-20.481231],[-54.596755,-20.481222],[-54.596745,-20.481222],[-54.596745,-20.481213],[-54.596735,-20.481212],[-54.596736,-20.481203],[-54.596726,-20.481203],[-54.596726,-20.481194],[-54.596717,-20.481194],[-54.596717,-20.481185],[-54.596707,-20.481185],[-54.596707,-20.481176],[-54.596698,-20.481176],[-54.596698,-20.481167],[-54.596066,-20.481158],[-54.596066,-20.481149],[-54.596056,-20.481149],[-54.596056,-20.48114],[-54.596047,-20.48114],[-54.596047,-20.481131],[-54.596037,-20.48113],[-54.596037,-20.481121],[-54.596028,-20.481121],[-54.596028,-20.481112],[-54.596018,-20.481112],[-54.596018,-20.481103],[-54.595827,-20.4811],[-54.595827,-20.481091],[-54.595473,-20.481087],[-54.595473,-20.481078],[-54.59462,-20.481066],[-54.59462,-20.481084],[-54.59461,-20.481084],[-54.59461,-20.481102],[-54.5946,-20.481102],[-54.5946,-20.48112],[-54.59459,-20.481119],[-54.59459,-20.481138],[-54.594581,-20.481137],[-54.59458,-20.481146],[-54.594571,-20.481146],[-54.594571,-20.481155],[-54.594552,-20.481155],[-54.594551,-20.481164],[-54.594542,-20.481164],[-54.594542,-20.481173],[-54.594522,-20.481173],[-54.594522,-20.481182],[-54.594513,-20.481182],[-54.594513,-20.481191],[-54.594503,-20.481191],[-54.594503,-20.4812],[-54.594493,-20.481199],[-54.594493,-20.481208],[-54.594244,-20.481205],[-54.594244,-20.481214],[-54.594234,-20.481214],[-54.594234,-20.481223],[-54.594225,-20.481223],[-54.594224,-20.481232],[-54.594215,-20.481232],[-54.594215,-20.481241],[-54.594205,-20.481241],[-54.594205,-20.48125],[-54.594195,-20.481249],[-54.594195,-20.481258],[-54.594186,-20.481258],[-54.594186,-20.481267],[-54.594004,-20.481265],[-54.594004,-20.481256],[-54.593985,-20.481256],[-54.593985,-20.481247],[-54.593975,-20.481246],[-54.593975,-20.481237],[-54.593956,-20.481237],[-54.593956,-20.481228],[-54.593937,-20.481228],[-54.593937,-20.481219],[-54.593918,-20.481219],[-54.593918,-20.481209],[-54.593909,-20.481209],[-54.593909,-20.4812],[-54.59389,-20.4812],[-54.59389,-20.481191],[-54.593871,-20.481191],[-54.593871,-20.481182],[-54.593852,-20.481181],[-54.593852,-20.481172],[-54.593392,-20.481166],[-54.593392,-20.481157],[-54.593382,-20.481157],[-54.593383,-20.481148],[-54.593373,-20.481148],[-54.593373,-20.481139],[-54.593363,-20.481139],[-54.593364,-20.48113],[-54.593354,-20.481129],[-54.593354,-20.48112],[-54.593345,-20.48112],[-54.593345,-20.481084],[-54.593355,-20.481084],[-54.593355,-20.481057],[-54.593365,-20.481057],[-54.593365,-20.48103],[-54.593375,-20.48103],[-54.593375,-20.481021],[-54.593365,-20.481021],[-54.593365,-20.481012],[-54.593356,-20.481012],[-54.593356,-20.481003],[-54.593346,-20.481003],[-54.593347,-20.480994],[-54.593327,-20.480994],[-54.593328,-20.480985],[-54.593318,-20.480984],[-54.593318,-20.480975],[-54.593127,-20.480973],[-54.593126,-20.481],[-54.593117,-20.481],[-54.593116,-20.481027],[-54.593107,-20.481027],[-54.593106,-20.481045],[-54.593097,-20.481045],[-54.593096,-20.481072],[-54.593087,-20.481072],[-54.593086,-20.481099],[-54.593077,-20.481098],[-54.593076,-20.481117],[-54.593067,-20.481116],[-54.593066,-20.481144],[-54.593057,-20.481143],[-54.593056,-20.481161],[-54.593047,-20.481161],[-54.593046,-20.481188],[-54.593037,-20.481188],[-54.593036,-20.481215],[-54.593027,-20.481215],[-54.593027,-20.481233],[-54.593017,-20.481233],[-54.593017,-20.48126],[-54.593007,-20.48126],[-54.593007,-20.481287],[-54.592997,-20.481287],[-54.592997,-20.481296],[-54.592614,-20.481291],[-54.592614,-20.481282],[-54.592413,-20.481279],[-54.592412,-20.481342],[-54.592402,-20.481342],[-54.592402,-20.481351],[-54.592392,-20.481351],[-54.592392,-20.48136],[-54.592383,-20.48136],[-54.592382,-20.481369],[-54.592373,-20.481369],[-54.592373,-20.481378],[-54.592363,-20.481378],[-54.592363,-20.481387],[-54.592353,-20.481386],[-54.592353,-20.481395],[-54.592344,-20.481395],[-54.592344,-20.481404],[-54.592334,-20.481404],[-54.592334,-20.481413],[-54.592324,-20.481413],[-54.592324,-20.481422],[-54.592315,-20.481422],[-54.592314,-20.481431],[-54.592305,-20.481431],[-54.592305,-20.48144],[-54.592295,-20.48144],[-54.592295,-20.481449],[-54.592285,-20.481449],[-54.592285,-20.481458],[-54.592276,-20.481458],[-54.592276,-20.481467],[-54.592266,-20.481467],[-54.592266,-20.481476],[-54.592256,-20.481475],[-54.592256,-20.481484],[-54.592246,-20.481484],[-54.592246,-20.481493],[-54.592237,-20.481493],[-54.592237,-20.481502],[-54.591988,-20.481499],[-54.591988,-20.48149],[-54.591949,-20.481489],[-54.591949,-20.48148],[-54.59193,-20.48148],[-54.59193,-20.481471],[-54.591911,-20.481471],[-54.591911,-20.481462],[-54.591902,-20.481461],[-54.591902,-20.481452],[-54.591883,-20.481452],[-54.591883,-20.481443],[-54.591864,-20.481443],[-54.591864,-20.481434],[-54.591854,-20.481434],[-54.591855,-20.481425],[-54.591835,-20.481424],[-54.591836,-20.481415],[-54.591816,-20.481415],[-54.591816,-20.481406],[-54.591797,-20.481406],[-54.591797,-20.481397],[-54.591788,-20.481397],[-54.591788,-20.481388],[-54.591769,-20.481387],[-54.591769,-20.481378],[-54.59175,-20.481378],[-54.59175,-20.481369],[-54.59174,-20.481369],[-54.591741,-20.48136],[-54.591721,-20.48136],[-54.591722,-20.481351],[-54.591702,-20.48135],[-54.591703,-20.481341],[-54.591693,-20.481341],[-54.591693,-20.481332],[-54.591664,-20.481332],[-54.591664,-20.481323],[-54.591645,-20.481322],[-54.591645,-20.481313],[-54.591626,-20.481313],[-54.591626,-20.481304],[-54.591617,-20.481304],[-54.591617,-20.481295],[-54.591598,-20.481295],[-54.591598,-20.481286],[-54.591588,-20.481286],[-54.591589,-20.481277],[-54.591579,-20.481276],[-54.591579,-20.481267],[-54.59156,-20.481267],[-54.59156,-20.481258],[-54.59155,-20.481258],[-54.591551,-20.481249],[-54.591531,-20.481249],[-54.591532,-20.48124],[-54.591522,-20.481239],[-54.591522,-20.48123],[-54.591503,-20.48123],[-54.591503,-20.481221],[-54.591494,-20.481221],[-54.591494,-20.481212],[-54.591484,-20.481212],[-54.591484,-20.481203],[-54.591465,-20.481203],[-54.591465,-20.481194],[-54.591456,-20.481193],[-54.591456,-20.481184],[-54.591437,-20.481184],[-54.591437,-20.481175],[-54.591427,-20.481175],[-54.591427,-20.481166],[-54.591418,-20.481166],[-54.591418,-20.481157],[-54.591399,-20.481157],[-54.591399,-20.481147],[-54.591389,-20.481147],[-54.591389,-20.481138],[-54.59137,-20.481138],[-54.59137,-20.481129],[-54.591361,-20.481129],[-54.591361,-20.48112],[-54.591342,-20.48112],[-54.591342,-20.481111],[-54.591332,-20.48111],[-54.591333,-20.481101],[-54.591323,-20.481101],[-54.591323,-20.481092],[-54.591304,-20.481092],[-54.591304,-20.481083],[-54.591294,-20.481083],[-54.591295,-20.481074],[-54.591275,-20.481074],[-54.591276,-20.481064],[-54.591247,-20.481064],[-54.591247,-20.481055],[-54.591084,-20.481053],[-54.591087,-20.480881],[-54.591077,-20.480881],[-54.591079,-20.480782],[-54.591088,-20.480782],[-54.591088,-20.480773],[-54.591098,-20.480773],[-54.591098,-20.480764],[-54.591108,-20.480764],[-54.591108,-20.480746],[-54.591118,-20.480746],[-54.591118,-20.480737],[-54.591127,-20.480737],[-54.591128,-20.480728],[-54.591137,-20.480728],[-54.591137,-20.480719],[-54.591367,-20.480723],[-54.591367,-20.480714],[-54.591406,-20.480714],[-54.591406,-20.480705],[-54.591444,-20.480706],[-54.591445,-20.480633],[-54.591455,-20.480634],[-54.591455,-20.480625],[-54.591465,-20.480625],[-54.591465,-20.480616],[-54.591474,-20.480616],[-54.591475,-20.480598],[-54.591484,-20.480598],[-54.591484,-20.48058],[-54.591494,-20.48058],[-54.591494,-20.480571],[-54.591504,-20.480571],[-54.591504,-20.480553],[-54.591514,-20.480553],[-54.591514,-20.480535],[-54.591523,-20.480535],[-54.591524,-20.480517],[-54.591533,-20.480517],[-54.591533,-20.480508],[-54.591543,-20.480508],[-54.591543,-20.48049],[-54.591553,-20.48049],[-54.591553,-20.480472],[-54.591563,-20.480472],[-54.591563,-20.480463],[-54.591572,-20.480464],[-54.591573,-20.480446],[-54.591582,-20.480446],[-54.591582,-20.480437],[-54.591592,-20.480437],[-54.591592,-20.480428],[-54.591602,-20.480428],[-54.591602,-20.480419],[-54.591611,-20.480419],[-54.591612,-20.48041],[-54.591621,-20.48041],[-54.591621,-20.480401],[-54.591631,-20.480401],[-54.591631,-20.480392],[-54.591641,-20.480392],[-54.591641,-20.480383],[-54.59165,-20.480383],[-54.591651,-20.480374],[-54.59166,-20.480375],[-54.59166,-20.480365],[-54.59167,-20.480366],[-54.59167,-20.480357],[-54.59168,-20.480357],[-54.59168,-20.480348],[-54.591689,-20.480348],[-54.591689,-20.480339],[-54.591699,-20.480339],[-54.591699,-20.48033],[-54.591709,-20.48033],[-54.591709,-20.480321],[-54.591718,-20.480321],[-54.591719,-20.480312],[-54.591728,-20.480312],[-54.591728,-20.480303],[-54.591738,-20.480303],[-54.591738,-20.480294],[-54.591748,-20.480294],[-54.591748,-20.480285],[-54.591757,-20.480286],[-54.591757,-20.480277],[-54.591767,-20.480277],[-54.591767,-20.480268],[-54.591777,-20.480268],[-54.591777,-20.480259],[-54.591786,-20.480259],[-54.591787,-20.48025],[-54.592208,-20.480256],[-54.592208,-20.480247],[-54.592218,-20.480247],[-54.592218,-20.480238],[-54.592228,-20.480238],[-54.592228,-20.480229],[-54.592237,-20.480229],[-54.592237,-20.48022],[-54.592247,-20.48022],[-54.592247,-20.480211],[-54.592257,-20.480211],[-54.592257,-20.480202],[-54.592267,-20.480202],[-54.592267,-20.480193],[-54.592276,-20.480193],[-54.592276,-20.480184],[-54.592286,-20.480185],[-54.592286,-20.480175],[-54.592296,-20.480176],[-54.592296,-20.480167],[-54.592305,-20.480167],[-54.592306,-20.480158],[-54.592315,-20.480158],[-54.592315,-20.480149],[-54.592325,-20.480149],[-54.592325,-20.48014],[-54.592335,-20.48014],[-54.592335,-20.480131],[-54.592344,-20.480131],[-54.592344,-20.480122],[-54.592354,-20.480122],[-54.592354,-20.480113],[-54.592364,-20.480113],[-54.592364,-20.480104],[-54.592373,-20.480104],[-54.592374,-20.480095],[-54.592383,-20.480096],[-54.592383,-20.480087],[-54.592393,-20.480087],[-54.592393,-20.480078],[-54.592403,-20.480078],[-54.592403,-20.480069],[-54.592412,-20.480069],[-54.592412,-20.48006],[-54.592422,-20.48006],[-54.592422,-20.480051],[-54.592432,-20.480051],[-54.592432,-20.480042],[-54.592441,-20.480042],[-54.592442,-20.480033],[-54.592451,-20.480033],[-54.592451,-20.480024],[-54.592461,-20.480024],[-54.592461,-20.480015],[-54.592471,-20.480016],[-54.592471,-20.480006],[-54.59248,-20.480007],[-54.592481,-20.479998],[-54.59249,-20.479998],[-54.59249,-20.479989],[-54.5925,-20.479989],[-54.5925,-20.47998],[-54.59251,-20.47998],[-54.59251,-20.479971],[-54.592519,-20.479971],[-54.592519,-20.479962],[-54.592529,-20.479962],[-54.592529,-20.479953],[-54.592539,-20.479953],[-54.592539,-20.479944],[-54.592548,-20.479944],[-54.592549,-20.479935],[-54.592558,-20.479935],[-54.592558,-20.479926],[-54.592568,-20.479927],[-54.592568,-20.479918],[-54.592578,-20.479918],[-54.592578,-20.479909],[-54.592587,-20.479909],[-54.592587,-20.4799],[-54.592597,-20.4799],[-54.592597,-20.479891],[-54.592607,-20.479891],[-54.592607,-20.479882],[-54.592856,-20.479885],[-54.592856,-20.479876],[-54.592894,-20.479877],[-54.592895,-20.479868],[-54.593086,-20.479871],[-54.593086,-20.479862],[-54.593115,-20.479862],[-54.593115,-20.479853],[-54.593125,-20.479853],[-54.593125,-20.479844],[-54.593135,-20.479844],[-54.593135,-20.479835],[-54.593144,-20.479835],[-54.593144,-20.479826],[-54.593154,-20.479826],[-54.593154,-20.479817],[-54.593164,-20.479817],[-54.593164,-20.479808],[-54.593173,-20.479809],[-54.593174,-20.4798],[-54.593183,-20.4798],[-54.593183,-20.479791],[-54.593193,-20.479791],[-54.593193,-20.479782],[-54.593203,-20.479782],[-54.593203,-20.479773],[-54.593212,-20.479773],[-54.593212,-20.479764],[-54.593222,-20.479764],[-54.593222,-20.479755],[-54.593232,-20.479755],[-54.593232,-20.479746],[-54.593241,-20.479746],[-54.593242,-20.479737],[-54.593251,-20.479737],[-54.593251,-20.479728],[-54.593261,-20.479728],[-54.593261,-20.479719],[-54.593271,-20.47972],[-54.593271,-20.479711],[-54.59329,-20.479711],[-54.59329,-20.479702],[-54.593395,-20.479703],[-54.593395,-20.479712],[-54.593625,-20.479715],[-54.593625,-20.479706],[-54.593635,-20.479707],[-54.593635,-20.479698],[-54.593645,-20.479698],[-54.593645,-20.479689],[-54.593654,-20.479689],[-54.593655,-20.47968],[-54.593664,-20.47968],[-54.593664,-20.479671],[-54.593674,-20.479671],[-54.593674,-20.479662],[-54.593684,-20.479662],[-54.593684,-20.479653],[-54.593693,-20.479653],[-54.593693,-20.479644],[-54.593703,-20.479644],[-54.593703,-20.479635],[-54.593713,-20.479635],[-54.593713,-20.479626],[-54.593722,-20.479627],[-54.593723,-20.479617],[-54.593732,-20.479618],[-54.593732,-20.479609],[-54.593752,-20.479609],[-54.593752,-20.4796],[-54.593771,-20.4796],[-54.593772,-20.479519],[-54.593782,-20.479519],[-54.593782,-20.479501],[-54.593792,-20.479501],[-54.593792,-20.479474],[-54.593802,-20.479474],[-54.593802,-20.479447],[-54.593812,-20.479447],[-54.593812,-20.47942],[-54.593822,-20.47942],[-54.593822,-20.479393],[-54.593832,-20.479393],[-54.593832,-20.479366],[-54.593842,-20.479366],[-54.593842,-20.47933],[-54.593852,-20.47933],[-54.593852,-20.479303],[-54.593862,-20.479303],[-54.593862,-20.479285],[-54.593872,-20.479285],[-54.593872,-20.479276],[-54.593958,-20.479278],[-54.593958,-20.479269],[-54.593977,-20.479269],[-54.593977,-20.47926],[-54.594035,-20.479261],[-54.594035,-20.47927],[-54.594351,-20.479274],[-54.594352,-20.479202],[-54.594362,-20.479202],[-54.594362,-20.479193],[-54.594371,-20.479193],[-54.594371,-20.479184],[-54.594381,-20.479184],[-54.594381,-20.479175],[-54.594391,-20.479175],[-54.594391,-20.479166],[-54.5944,-20.479166],[-54.594401,-20.479157],[-54.59441,-20.479157],[-54.59441,-20.479148],[-54.594429,-20.479149],[-54.59443,-20.47914],[-54.594439,-20.47914],[-54.594439,-20.479131],[-54.594449,-20.479131],[-54.594449,-20.479122],[-54.594459,-20.479122],[-54.594459,-20.479113],[-54.594468,-20.479113],[-54.594468,-20.479104],[-54.594478,-20.479104],[-54.594478,-20.479095],[-54.594488,-20.479095],[-54.594488,-20.479086],[-54.594517,-20.479087],[-54.594517,-20.479078],[-54.594526,-20.479078],[-54.594527,-20.479069],[-54.594536,-20.479069],[-54.594536,-20.47906],[-54.594546,-20.47906],[-54.594546,-20.479051],[-54.594556,-20.479051],[-54.594556,-20.479042],[-54.594565,-20.479042],[-54.594565,-20.479033],[-54.594575,-20.479033],[-54.594575,-20.479024],[-54.594585,-20.479024],[-54.594585,-20.479015],[-54.594594,-20.479016],[-54.594595,-20.479006],[-54.594604,-20.479007],[-54.594604,-20.478998],[-54.594614,-20.478998],[-54.594614,-20.478989],[-54.594624,-20.478989],[-54.594624,-20.47898],[-54.594633,-20.47898],[-54.594633,-20.478971],[-54.594643,-20.478971],[-54.594643,-20.478962],[-54.594653,-20.478962],[-54.594653,-20.478953],[-54.594663,-20.478953],[-54.594663,-20.478944],[-54.594672,-20.478944],[-54.594672,-20.478935],[-54.594682,-20.478935],[-54.594682,-20.478926],[-54.594692,-20.478927],[-54.594692,-20.478918],[-54.594701,-20.478918],[-54.594702,-20.478909],[-54.594711,-20.478909],[-54.594711,-20.4789],[-54.594721,-20.4789],[-54.594721,-20.478891],[-54.594731,-20.478891],[-54.594731,-20.478882],[-54.59474,-20.478882],[-54.59474,-20.478873],[-54.59475,-20.478873],[-54.59475,-20.478864],[-54.59476,-20.478864],[-54.59476,-20.478855],[-54.594769,-20.478855],[-54.59477,-20.478846],[-54.594779,-20.478846],[-54.594779,-20.478837],[-54.594789,-20.478838],[-54.594789,-20.478829],[-54.594923,-20.47883],[-54.594923,-20.478839],[-54.594961,-20.47884],[-54.594961,-20.478849],[-54.595,-20.47885],[-54.594999,-20.478859],[-54.595038,-20.478859],[-54.595038,-20.478868],[-54.595076,-20.478869],[-54.595076,-20.478878],[-54.595114,-20.478878],[-54.595114,-20.478887],[-54.595152,-20.478888],[-54.595152,-20.478897],[-54.59519,-20.478897],[-54.59519,-20.478906],[-54.595229,-20.478907],[-54.595228,-20.478916],[-54.595238,-20.478916],[-54.595238,-20.478925],[-54.595362,-20.478927],[-54.595363,-20.478918],[-54.595957,-20.478926],[-54.595956,-20.478935],[-54.595995,-20.478936],[-54.595995,-20.478945],[-54.596043,-20.478945],[-54.596042,-20.478954],[-54.596081,-20.478955],[-54.596081,-20.478964],[-54.596119,-20.478964],[-54.596119,-20.478973],[-54.596157,-20.478974],[-54.596157,-20.478983],[-54.596195,-20.478983],[-54.596195,-20.478993],[-54.596233,-20.478993],[-54.596233,-20.479002],[-54.596272,-20.479003],[-54.596271,-20.479012],[-54.59631,-20.479012],[-54.59631,-20.479021],[-54.596348,-20.479022],[-54.596348,-20.479031],[-54.596386,-20.479031],[-54.596386,-20.47904],[-54.596424,-20.479041],[-54.596424,-20.47905],[-54.596463,-20.47905],[-54.596462,-20.479059],[-54.596501,-20.47906],[-54.596501,-20.479069],[-54.596539,-20.47907],[-54.596539,-20.479079],[-54.596577,-20.479079],[-54.596577,-20.479088],[-54.596625,-20.479089],[-54.596634,-20.479089],[-54.596634,-20.479098],[-54.596653,-20.479098],[-54.596653,-20.479107],[-54.596672,-20.479107],[-54.597487,-20.479119],[-54.597487,-20.479128],[-54.597496,-20.479128],[-54.597496,-20.479137],[-54.597506,-20.479137],[-54.597506,-20.479146],[-54.597515,-20.479146],[-54.597515,-20.479155],[-54.597525,-20.479155],[-54.597524,-20.479164],[-54.597534,-20.479165],[-54.597534,-20.479174],[-54.597543,-20.479174],[-54.597543,-20.479183],[-54.597553,-20.479183],[-54.597553,-20.479192],[-54.597562,-20.479192],[-54.597562,-20.479201],[-54.597572,-20.479201],[-54.597572,-20.47921],[-54.597581,-20.47921],[-54.597581,-20.479219],[-54.597591,-20.47922],[-54.597591,-20.479229],[-54.5976,-20.479229],[-54.5976,-20.479238],[-54.59761,-20.479238],[-54.597609,-20.479247],[-54.597619,-20.479247],[-54.597619,-20.479256],[-54.597628,-20.479256],[-54.597628,-20.479265],[-54.597638,-20.479265],[-54.597638,-20.479274],[-54.597647,-20.479274],[-54.597647,-20.479284],[-54.597657,-20.479284],[-54.597657,-20.479293],[-54.597666,-20.479293],[-54.597666,-20.479302],[-54.597676,-20.479302],[-54.597675,-20.479311],[-54.597685,-20.479311],[-54.597685,-20.47932],[-54.597694,-20.47932],[-54.597694,-20.479329],[-54.597704,-20.479329],[-54.597704,-20.479338],[-54.597713,-20.479339],[-54.597713,-20.479348],[-54.597723,-20.479348],[-54.597723,-20.479357],[-54.597732,-20.479357],[-54.597732,-20.479366],[-54.597742,-20.479366],[-54.597742,-20.479375],[-54.597751,-20.479375],[-54.597751,-20.479384],[-54.597761,-20.479384],[-54.59776,-20.479393],[-54.59777,-20.479394],[-54.59777,-20.479403],[-54.597779,-20.479403],[-54.597779,-20.479412],[-54.597789,-20.479412],[-54.597789,-20.479421],[-54.597798,-20.479421],[-54.597798,-20.47943],[-54.597808,-20.47943],[-54.597808,-20.479439],[-54.597817,-20.479439],[-54.597817,-20.479448],[-54.597827,-20.479449],[-54.597827,-20.479458],[-54.597836,-20.479458],[-54.597836,-20.479467],[-54.59821,-20.479472],[-54.598209,-20.479481],[-54.598248,-20.479481],[-54.598248,-20.47949],[-54.598286,-20.479491],[-54.598286,-20.4795],[-54.598324,-20.479501],[-54.598324,-20.47951],[-54.598353,-20.47951],[-54.598353,-20.479519],[-54.598391,-20.47952],[-54.598391,-20.479529],[-54.598429,-20.479529],[-54.598429,-20.479538],[-54.598467,-20.479539],[-54.598467,-20.479548],[-54.598505,-20.479548],[-54.598505,-20.479557],[-54.598534,-20.479558],[-54.598534,-20.479567],[-54.598946,-20.479572],[-54.598946,-20.479581],[-54.599042,-20.479583],[-54.599042,-20.479574],[-54.599061,-20.479574],[-54.599061,-20.479565],[-54.59908,-20.479565],[-54.59908,-20.479556],[-54.59909,-20.479556],[-54.59909,-20.479547],[-54.5991,-20.479547],[-54.5991,-20.479538],[-54.599109,-20.479539],[-54.599109,-20.479529],[-54.599119,-20.47953],[-54.599119,-20.479521],[-54.599129,-20.479521],[-54.599129,-20.479512],[-54.599139,-20.479512],[-54.599139,-20.479503],[-54.599148,-20.479503],[-54.599148,-20.479494],[-54.599158,-20.479494],[-54.599158,-20.479485],[-54.599168,-20.479485],[-54.599168,-20.479476],[-54.599177,-20.479476],[-54.599178,-20.479467],[-54.599187,-20.479467],[-54.599187,-20.479458],[-54.599197,-20.479458],[-54.599197,-20.479449],[-54.599207,-20.47945],[-54.599207,-20.479441],[-54.599216,-20.479441],[-54.599216,-20.479432],[-54.599226,-20.479432],[-54.599226,-20.479423],[-54.599839,-20.479431],[-54.599839,-20.47944],[-54.600012,-20.479443],[-54.600011,-20.479452],[-54.600174,-20.479454],[-54.600174,-20.479463],[-54.600193,-20.479463],[-54.600193,-20.479472],[-54.600203,-20.479472],[-54.600203,-20.479463],[-54.600232,-20.479464],[-54.600232,-20.479455],[-54.600241,-20.479455],[-54.600242,-20.479446],[-54.600251,-20.479446],[-54.600251,-20.479428],[-54.600261,-20.479428],[-54.600261,-20.479419],[-54.600271,-20.479419],[-54.600271,-20.47941],[-54.60028,-20.47941],[-54.600281,-20.479401],[-54.60029,-20.479401],[-54.60029,-20.479392],[-54.6003,-20.479392],[-54.6003,-20.479401],[-54.600328,-20.479402],[-54.600328,-20.479411],[-54.600338,-20.479411],[-54.600338,-20.47942],[-54.600357,-20.47942],[-54.600357,-20.479429],[-54.600376,-20.47943],[-54.600376,-20.479439],[-54.600395,-20.479439],[-54.600395,-20.479448],[-54.600404,-20.479448],[-54.600404,-20.479457],[-54.600423,-20.479457],[-54.600424,-20.479448],[-54.600433,-20.479448],[-54.600433,-20.479439],[-54.600452,-20.47944],[-54.600453,-20.479431],[-54.600472,-20.479431],[-54.600472,-20.479422],[-54.600481,-20.479422],[-54.600482,-20.479395],[-54.600491,-20.479395],[-54.600492,-20.479332],[-54.600502,-20.479332],[-54.600502,-20.479323],[-54.600512,-20.479323],[-54.600512,-20.479314],[-54.600521,-20.479314],[-54.600522,-20.479305],[-54.600531,-20.479305],[-54.600531,-20.479296],[-54.600541,-20.479296],[-54.600541,-20.479287],[-54.600551,-20.479288],[-54.600551,-20.479278],[-54.600685,-20.47928],[-54.600685,-20.479271],[-54.600695,-20.479271],[-54.600695,-20.479262],[-54.600714,-20.479263],[-54.600714,-20.479254],[-54.600724,-20.479254],[-54.600724,-20.479245],[-54.600733,-20.479245],[-54.600734,-20.479236],[-54.600743,-20.479236],[-54.600743,-20.479227],[-54.600753,-20.479227],[-54.600753,-20.479218],[-54.601175,-20.479224],[-54.601175,-20.479215],[-54.601184,-20.479215],[-54.601184,-20.479206],[-54.601194,-20.479206],[-54.601194,-20.479197],[-54.601204,-20.479197],[-54.601204,-20.479188],[-54.601213,-20.479188],[-54.601214,-20.479179],[-54.601223,-20.479179],[-54.601223,-20.47917],[-54.601242,-20.479171],[-54.601243,-20.479162],[-54.601252,-20.479162],[-54.601252,-20.479153],[-54.601262,-20.479153],[-54.601262,-20.479144],[-54.601272,-20.479144],[-54.601272,-20.479135],[-54.601281,-20.479135],[-54.601281,-20.479126],[-54.601291,-20.479126],[-54.601291,-20.479117],[-54.601301,-20.479117],[-54.601301,-20.479108],[-54.60131,-20.479108],[-54.601311,-20.479099],[-54.60132,-20.479099],[-54.60132,-20.47909],[-54.60133,-20.479091],[-54.60133,-20.479082],[-54.60134,-20.479082],[-54.60134,-20.479073],[-54.601349,-20.479073],[-54.601349,-20.479064],[-54.601359,-20.479064],[-54.601359,-20.479055],[-54.601369,-20.479055],[-54.601369,-20.479046],[-54.601379,-20.479046],[-54.601379,-20.479037],[-54.601427,-20.479038],[-54.601427,-20.479029],[-54.601446,-20.479029],[-54.601446,-20.47902],[-54.601465,-20.47902],[-54.601465,-20.479011],[-54.601484,-20.479011],[-54.601485,-20.479002],[-54.601494,-20.479003],[-54.601494,-20.478994],[-54.601504,-20.478994],[-54.601504,-20.478985],[-54.601523,-20.478985],[-54.601523,-20.478976],[-54.601543,-20.478976],[-54.601543,-20.478967],[-54.601552,-20.478967],[-54.601553,-20.478949],[-54.601562,-20.478949],[-54.601562,-20.47894],[-54.601572,-20.47894],[-54.601572,-20.478931],[-54.601582,-20.478932],[-54.601582,-20.478922],[-54.601591,-20.478923],[-54.601591,-20.478914],[-54.601601,-20.478914],[-54.601601,-20.478905],[-54.601611,-20.478905],[-54.601611,-20.478896],[-54.60162,-20.478896],[-54.601621,-20.478887],[-54.60163,-20.478887],[-54.60163,-20.478878],[-54.60164,-20.478878],[-54.60164,-20.478869],[-54.60165,-20.478869],[-54.60165,-20.47886],[-54.601659,-20.47886],[-54.601659,-20.478851],[-54.601669,-20.478851],[-54.601669,-20.478842],[-54.601679,-20.478843],[-54.601679,-20.478834],[-54.601688,-20.478834],[-54.601689,-20.478825],[-54.601698,-20.478825],[-54.601698,-20.478816],[-54.601708,-20.478816],[-54.601708,-20.478807],[-54.602034,-20.478811],[-54.602034,-20.478802],[-54.602044,-20.478802],[-54.602044,-20.478793],[-54.602532,-20.4788],[-54.602532,-20.478809],[-54.602973,-20.478815],[-54.602973,-20.478824],[-54.603145,-20.478827],[-54.603145,-20.478818],[-54.603682,-20.478825],[-54.603682,-20.478834],[-54.603691,-20.478834],[-54.603691,-20.478852],[-54.603701,-20.478852],[-54.6037,-20.478861],[-54.60371,-20.478862],[-54.60371,-20.478871],[-54.603719,-20.478871],[-54.603719,-20.47888],[-54.603729,-20.47888],[-54.603729,-20.478889],[-54.604419,-20.478898],[-54.604419,-20.478889],[-54.604706,-20.478893],[-54.604706,-20.478884],[-54.604716,-20.478884],[-54.604716,-20.478875],[-54.604726,-20.478876],[-54.604726,-20.478867],[-54.604735,-20.478867],[-54.604735,-20.478858],[-54.604793,-20.478858],[-54.604793,-20.478867],[-54.604841,-20.478868],[-54.604841,-20.478859],[-54.604984,-20.478861],[-54.604984,-20.47887],[-54.60553,-20.478878],[-54.60553,-20.478887],[-54.605645,-20.478888],[-54.605645,-20.478879],[-54.605655,-20.478879],[-54.605655,-20.47887],[-54.605665,-20.47887],[-54.605665,-20.478861],[-54.605674,-20.478862],[-54.605675,-20.478853],[-54.605684,-20.478853],[-54.605684,-20.478844],[-54.605694,-20.478844],[-54.605694,-20.478835],[-54.605704,-20.478835],[-54.605704,-20.478826],[-54.605713,-20.478826],[-54.605713,-20.478817],[-54.605895,-20.478819],[-54.605895,-20.478828],[-54.606068,-20.478831],[-54.606068,-20.47884],[-54.606853,-20.478851],[-54.606853,-20.47886],[-54.606901,-20.47886],[-54.606901,-20.478869],[-54.606949,-20.47887],[-54.606949,-20.478879],[-54.606997,-20.47888],[-54.606996,-20.478889],[-54.607006,-20.478889],[-54.607006,-20.478898],[-54.607015,-20.478898],[-54.607015,-20.478907],[-54.607025,-20.478907],[-54.607025,-20.478916],[-54.607034,-20.478916],[-54.607034,-20.478925],[-54.607044,-20.478926],[-54.607044,-20.478935],[-54.607053,-20.478935],[-54.607053,-20.478944],[-54.607063,-20.478944],[-54.607063,-20.478953],[-54.607072,-20.478953],[-54.607072,-20.478962],[-54.607082,-20.478962],[-54.607081,-20.478971],[-54.607091,-20.478971],[-54.607091,-20.47898],[-54.6071,-20.478981],[-54.6071,-20.47899],[-54.607119,-20.47899],[-54.607119,-20.478999],[-54.607158,-20.478999],[-54.607157,-20.479008],[-54.607483,-20.479013],[-54.607483,-20.479022],[-54.607512,-20.479022],[-54.607512,-20.479031],[-54.607646,-20.479033],[-54.607646,-20.479042],[-54.607655,-20.479042],[-54.607655,-20.479051],[-54.607665,-20.479052],[-54.607665,-20.479061],[-54.607674,-20.479061],[-54.607674,-20.47907],[-54.607684,-20.47907],[-54.607683,-20.479079],[-54.607693,-20.479079],[-54.607693,-20.479088],[-54.607712,-20.479088],[-54.607712,-20.479097],[-54.607721,-20.479097],[-54.607721,-20.479107],[-54.607731,-20.479107],[-54.607731,-20.479116],[-54.60774,-20.479116],[-54.60774,-20.479125],[-54.60775,-20.479125],[-54.60775,-20.479134],[-54.607759,-20.479134],[-54.607759,-20.479143],[-54.607769,-20.479143],[-54.607769,-20.479152],[-54.607778,-20.479152],[-54.607778,-20.479161],[-54.607788,-20.479162],[-54.607787,-20.479171],[-54.608717,-20.479183],[-54.608717,-20.479174],[-54.608726,-20.479175],[-54.608727,-20.479166],[-54.608736,-20.479166],[-54.608736,-20.479157],[-54.608746,-20.479157],[-54.608746,-20.479148],[-54.608756,-20.479148],[-54.608756,-20.479139],[-54.608765,-20.479139],[-54.608766,-20.47913],[-54.608775,-20.47913],[-54.608775,-20.479121],[-54.608785,-20.479121],[-54.608785,-20.479112],[-54.608795,-20.479112],[-54.608795,-20.479103],[-54.608804,-20.479103],[-54.608804,-20.479094],[-54.608814,-20.479094],[-54.608814,-20.479085],[-54.608824,-20.479086],[-54.608824,-20.479077],[-54.608833,-20.479077],[-54.608834,-20.479068],[-54.608843,-20.479068],[-54.608843,-20.479059],[-54.608853,-20.479059],[-54.608853,-20.47905],[-54.608863,-20.47905],[-54.608863,-20.479041],[-54.608872,-20.479041],[-54.608872,-20.479032],[-54.608882,-20.479032],[-54.608882,-20.479023],[-54.609055,-20.479026],[-54.609055,-20.479017],[-54.609275,-20.47902],[-54.609275,-20.479011],[-54.610492,-20.479027],[-54.610492,-20.479036],[-54.610521,-20.479037],[-54.61052,-20.479046],[-54.610559,-20.479046],[-54.610559,-20.479055],[-54.610597,-20.479056],[-54.610597,-20.479065],[-54.610626,-20.479065],[-54.610625,-20.479074],[-54.610664,-20.479075],[-54.610664,-20.479084],[-54.610702,-20.479084],[-54.610702,-20.479093],[-54.610721,-20.479094],[-54.610721,-20.479103],[-54.61073,-20.479103],[-54.61073,-20.479112],[-54.61074,-20.479112],[-54.61074,-20.479121],[-54.610749,-20.479121],[-54.610749,-20.47913],[-54.610759,-20.47913],[-54.610759,-20.479139],[-54.610768,-20.479139],[-54.610768,-20.479148],[-54.610778,-20.479149],[-54.610777,-20.479158],[-54.610787,-20.479158],[-54.610787,-20.479167],[-54.610796,-20.479167],[-54.610796,-20.479176],[-54.610806,-20.479176],[-54.610806,-20.479185],[-54.610815,-20.479185],[-54.610815,-20.479194],[-54.61093,-20.479196],[-54.61093,-20.479205],[-54.610949,-20.479205],[-54.610949,-20.479214],[-54.610978,-20.479215],[-54.610978,-20.479224],[-54.610997,-20.479224],[-54.610997,-20.479233],[-54.611016,-20.479233],[-54.611016,-20.479242],[-54.611044,-20.479243],[-54.611044,-20.479252],[-54.611063,-20.479252],[-54.611063,-20.479261],[-54.611082,-20.479261],[-54.611082,-20.47927],[-54.611111,-20.479271],[-54.611111,-20.47928],[-54.611331,-20.479283],[-54.611331,-20.479274],[-54.611341,-20.479274],[-54.611342,-20.479229],[-54.611351,-20.479229],[-54.611352,-20.479193],[-54.611361,-20.479193],[-54.611362,-20.479139],[-54.611372,-20.479139],[-54.611372,-20.479112],[-54.611382,-20.479112],[-54.611382,-20.479121],[-54.611391,-20.479121],[-54.611391,-20.47913],[-54.611401,-20.47913],[-54.611401,-20.479139],[-54.61141,-20.479139],[-54.61141,-20.479148],[-54.61142,-20.479148],[-54.61142,-20.479157],[-54.611429,-20.479158],[-54.611429,-20.479167],[-54.611439,-20.479167],[-54.611438,-20.479176],[-54.611448,-20.479176],[-54.611448,-20.479185],[-54.611457,-20.479185],[-54.611457,-20.479194],[-54.611467,-20.479194],[-54.611467,-20.479203],[-54.611476,-20.479203],[-54.611476,-20.479212],[-54.611486,-20.479212],[-54.611486,-20.479222],[-54.611495,-20.479222],[-54.611495,-20.479231],[-54.611869,-20.479236],[-54.611869,-20.479245],[-54.611945,-20.479246],[-54.611945,-20.479255],[-54.612022,-20.479256],[-54.612022,-20.479265],[-54.612098,-20.479266],[-54.612098,-20.479275],[-54.612127,-20.479275],[-54.612127,-20.479285],[-54.612136,-20.479285],[-54.612136,-20.479294],[-54.612146,-20.479294],[-54.612146,-20.479303],[-54.612155,-20.479303],[-54.612155,-20.479312],[-54.612184,-20.479312],[-54.612184,-20.479321],[-54.612222,-20.479322],[-54.612222,-20.479331],[-54.612308,-20.479332],[-54.612308,-20.479341],[-54.612557,-20.479345],[-54.612557,-20.479354],[-54.612566,-20.479354],[-54.612566,-20.479363],[-54.612576,-20.479363],[-54.612576,-20.479372],[-54.612585,-20.479372],[-54.612585,-20.479399],[-54.612594,-20.479399],[-54.612594,-20.479408],[-54.612604,-20.479408],[-54.612604,-20.479418],[-54.612613,-20.479418],[-54.612613,-20.479427],[-54.612623,-20.479427],[-54.612623,-20.479436],[-54.612632,-20.479436],[-54.612632,-20.479445],[-54.612642,-20.479445],[-54.612642,-20.479454],[-54.612651,-20.479454],[-54.612651,-20.479463],[-54.612661,-20.479463],[-54.61266,-20.479472],[-54.61267,-20.479473],[-54.61267,-20.479482],[-54.612679,-20.479482],[-54.612679,-20.479491],[-54.612689,-20.479491],[-54.612689,-20.4795],[-54.612698,-20.4795],[-54.612698,-20.479509],[-54.612708,-20.479509],[-54.612708,-20.479518],[-54.612717,-20.479518],[-54.612717,-20.479527],[-54.612727,-20.479528],[-54.612726,-20.479537],[-54.612736,-20.479537],[-54.612736,-20.479546],[-54.612745,-20.479546],[-54.612745,-20.479555],[-54.612755,-20.479555],[-54.612755,-20.479564],[-54.612956,-20.479567],[-54.612956,-20.479558],[-54.612975,-20.479558],[-54.612975,-20.479549],[-54.613004,-20.479549],[-54.613004,-20.47954],[-54.613023,-20.479541],[-54.613024,-20.479532],[-54.613043,-20.479532],[-54.613043,-20.479523],[-54.613062,-20.479523],[-54.613062,-20.479514],[-54.613091,-20.479515],[-54.613091,-20.479505],[-54.61311,-20.479506],[-54.61311,-20.479497],[-54.61313,-20.479497],[-54.61313,-20.479488],[-54.613139,-20.479488],[-54.613139,-20.479479],[-54.613149,-20.479479],[-54.613149,-20.47947],[-54.613168,-20.47947],[-54.613168,-20.479461],[-54.613178,-20.479462],[-54.613178,-20.479452],[-54.613418,-20.479456],[-54.613418,-20.479447],[-54.613437,-20.479447],[-54.613437,-20.479438],[-54.613456,-20.479438],[-54.613456,-20.479429],[-54.613466,-20.479429],[-54.613466,-20.47942],[-54.613485,-20.479421],[-54.613485,-20.479412],[-54.613495,-20.479412],[-54.613495,-20.479403],[-54.613514,-20.479403],[-54.613514,-20.479394],[-54.613639,-20.479396],[-54.613639,-20.479387],[-54.613668,-20.479387],[-54.613668,-20.479378],[-54.613678,-20.479378],[-54.613678,-20.479369],[-54.613687,-20.479369],[-54.613687,-20.47936],[-54.613697,-20.47936],[-54.613697,-20.479351],[-54.613707,-20.479351],[-54.613707,-20.479342],[-54.613717,-20.479342],[-54.613717,-20.479333],[-54.613726,-20.479334],[-54.613726,-20.479325],[-54.613746,-20.479325],[-54.613746,-20.479316],[-54.613755,-20.479316],[-54.613755,-20.479307],[-54.614148,-20.479312],[-54.614148,-20.479303],[-54.614177,-20.479304],[-54.614177,-20.479295],[-54.614206,-20.479295],[-54.614206,-20.479286],[-54.614235,-20.479286],[-54.614235,-20.479277],[-54.614254,-20.479278],[-54.614254,-20.479269],[-54.614283,-20.479269],[-54.614283,-20.47926],[-54.614312,-20.47926],[-54.614312,-20.479251],[-54.614341,-20.479252],[-54.614341,-20.479243],[-54.61436,-20.479243],[-54.61436,-20.479234],[-54.614389,-20.479234],[-54.614389,-20.479225],[-54.614418,-20.479226],[-54.614418,-20.479217],[-54.614447,-20.479217],[-54.614447,-20.479208],[-54.614466,-20.479208],[-54.614467,-20.479118],[-54.614477,-20.479118],[-54.614477,-20.479109],[-54.614487,-20.479109],[-54.614487,-20.4791],[-54.614496,-20.4791],[-54.614497,-20.479091],[-54.614506,-20.479091],[-54.614506,-20.479073],[-54.614516,-20.479074],[-54.614516,-20.479055],[-54.614526,-20.479056],[-54.614526,-20.479038],[-54.614536,-20.479038],[-54.614536,-20.479029],[-54.614545,-20.479029],[-54.614546,-20.479011],[-54.614555,-20.479011],[-54.614556,-20.478993],[-54.614565,-20.478993],[-54.614565,-20.478975],[-54.614575,-20.478975],[-54.614575,-20.478966],[-54.614585,-20.478966],[-54.614585,-20.478948],[-54.614595,-20.478948],[-54.614595,-20.478939],[-54.614604,-20.478939],[-54.614604,-20.47893],[-54.614739,-20.478932],[-54.614739,-20.478914],[-54.614748,-20.478914],[-54.614749,-20.478905],[-54.614758,-20.478905],[-54.614758,-20.478896],[-54.614778,-20.478897],[-54.614778,-20.478878],[-54.614787,-20.478879],[-54.614788,-20.47887],[-54.614797,-20.47887],[-54.614797,-20.478861],[-54.614816,-20.478861],[-54.614817,-20.478843],[-54.614836,-20.478843],[-54.614836,-20.478834],[-54.614846,-20.478834],[-54.614846,-20.478825],[-54.614855,-20.478825],[-54.614856,-20.478807],[-54.614875,-20.478808],[-54.614875,-20.478799],[-54.614884,-20.478799],[-54.614885,-20.47879],[-54.614894,-20.47879],[-54.614894,-20.478781],[-54.614904,-20.478781],[-54.614904,-20.478772],[-54.614914,-20.478772],[-54.614914,-20.478763],[-54.614923,-20.478763],[-54.614923,-20.478754],[-54.615048,-20.478756],[-54.615048,-20.478765],[-54.615057,-20.478765],[-54.615057,-20.478774],[-54.615076,-20.478774],[-54.615076,-20.478783],[-54.615095,-20.478783],[-54.615095,-20.478793],[-54.615115,-20.478793],[-54.615114,-20.478802],[-54.615124,-20.478802],[-54.615134,-20.478802],[-54.615133,-20.478811],[-54.615153,-20.478811],[-54.615152,-20.47882],[-54.615172,-20.478821],[-54.615171,-20.47883],[-54.615823,-20.478839],[-54.615823,-20.47883],[-54.615842,-20.47883],[-54.615842,-20.478821],[-54.615862,-20.478821],[-54.615862,-20.478803],[-54.615871,-20.478803],[-54.615872,-20.47874],[-54.615882,-20.47874],[-54.615882,-20.478731],[-54.615892,-20.478731],[-54.615892,-20.478722],[-54.615901,-20.478722],[-54.615902,-20.478704],[-54.615911,-20.478704],[-54.615911,-20.478695],[-54.615921,-20.478695],[-54.615921,-20.478686],[-54.615931,-20.478687],[-54.615931,-20.478678],[-54.61594,-20.478678],[-54.615941,-20.478669],[-54.615969,-20.478669],[-54.615969,-20.47866],[-54.615979,-20.47866],[-54.615979,-20.478651],[-54.615989,-20.478651],[-54.615989,-20.478642],[-54.616027,-20.478643],[-54.616027,-20.478634],[-54.616037,-20.478634],[-54.616037,-20.478625],[-54.616047,-20.478625],[-54.616047,-20.478616],[-54.616056,-20.478616],[-54.616056,-20.478607],[-54.616066,-20.478607],[-54.616066,-20.478598],[-54.616076,-20.478598],[-54.616076,-20.478589],[-54.616133,-20.47859],[-54.616134,-20.478581],[-54.616143,-20.478581],[-54.616143,-20.478572],[-54.616153,-20.478572],[-54.616153,-20.478563],[-54.616163,-20.478563],[-54.616163,-20.478554],[-54.616172,-20.478554],[-54.616172,-20.478545],[-54.616182,-20.478546],[-54.616182,-20.478537],[-54.616192,-20.478537],[-54.616192,-20.478528],[-54.616211,-20.478528],[-54.616211,-20.478519],[-54.616221,-20.478519],[-54.616221,-20.47851],[-54.61623,-20.47851],[-54.616231,-20.478501],[-54.61625,-20.478501],[-54.61625,-20.478492],[-54.616259,-20.478492],[-54.61626,-20.478483],[-54.616269,-20.478484],[-54.616269,-20.478475],[-54.616289,-20.478475],[-54.616289,-20.478466],[-54.616298,-20.478466],[-54.616298,-20.478457],[-54.616308,-20.478457],[-54.616308,-20.478448],[-54.616318,-20.478448],[-54.616318,-20.478439],[-54.616327,-20.478439],[-54.616328,-20.47843],[-54.616337,-20.47843],[-54.616337,-20.478421],[-54.616347,-20.478421],[-54.61635,-20.478223],[-54.616359,-20.478223],[-54.61636,-20.478214],[-54.616369,-20.478214],[-54.616369,-20.478205],[-54.616379,-20.478205],[-54.616379,-20.478196],[-54.616389,-20.478196],[-54.616389,-20.478187],[-54.616398,-20.478187],[-54.616399,-20.478178],[-54.616408,-20.478178],[-54.616408,-20.478169],[-54.616418,-20.47817],[-54.616418,-20.478161],[-54.616428,-20.478161],[-54.616428,-20.478152],[-54.616437,-20.478152],[-54.616437,-20.478143],[-54.616447,-20.478143],[-54.616447,-20.478134],[-54.616457,-20.478134],[-54.616457,-20.478125],[-54.616466,-20.478125],[-54.616467,-20.478116],[-54.616486,-20.478116],[-54.616486,-20.478107],[-54.616495,-20.478107],[-54.616496,-20.478098],[-54.616505,-20.478098],[-54.616505,-20.478089],[-54.616515,-20.47809],[-54.616515,-20.478081],[-54.616525,-20.478081],[-54.616525,-20.478072],[-54.616534,-20.478072],[-54.616534,-20.478063],[-54.616544,-20.478063],[-54.616544,-20.478054],[-54.616554,-20.478054],[-54.616554,-20.478045],[-54.616563,-20.478045],[-54.616564,-20.478036],[-54.616573,-20.478036],[-54.616573,-20.478027],[-54.616583,-20.478027],[-54.616583,-20.478018],[-54.616593,-20.478018],[-54.616593,-20.478009],[-54.616602,-20.47801],[-54.616602,-20.478],[-54.616612,-20.478001],[-54.616612,-20.477992],[-54.616622,-20.477992],[-54.616622,-20.477983],[-54.616632,-20.477983],[-54.616632,-20.477974],[-54.616641,-20.477974],[-54.616641,-20.477965],[-54.616651,-20.477965],[-54.616651,-20.477956],[-54.616661,-20.477956],[-54.616661,-20.477947],[-54.61667,-20.477947],[-54.616671,-20.477938],[-54.61668,-20.477938],[-54.61668,-20.477929],[-54.61669,-20.477929],[-54.61669,-20.47792],[-54.6167,-20.477921],[-54.6167,-20.477912],[-54.616709,-20.477912],[-54.616709,-20.477903],[-54.616719,-20.477903],[-54.616719,-20.477894],[-54.616729,-20.477894],[-54.616729,-20.477885],[-54.616738,-20.477885],[-54.616739,-20.477876],[-54.616748,-20.477876],[-54.616748,-20.477867],[-54.617112,-20.477872],[-54.617113,-20.477863],[-54.617122,-20.477863],[-54.617122,-20.477854],[-54.617132,-20.477854],[-54.617132,-20.477845],[-54.617142,-20.477845],[-54.617142,-20.477836],[-54.617151,-20.477836],[-54.617151,-20.477827],[-54.617161,-20.477828],[-54.617161,-20.477819],[-54.617209,-20.477819],[-54.617209,-20.477828],[-54.617218,-20.477828],[-54.617219,-20.477819],[-54.617247,-20.47782],[-54.617247,-20.477811],[-54.617267,-20.477811],[-54.617267,-20.477802],[-54.617286,-20.477802],[-54.617286,-20.477793],[-54.617305,-20.477793],[-54.617305,-20.477784],[-54.617325,-20.477785],[-54.617325,-20.477776],[-54.617353,-20.477776],[-54.617355,-20.477668],[-54.617365,-20.477668],[-54.617365,-20.477632],[-54.617375,-20.477632],[-54.617375,-20.477623],[-54.617385,-20.477623],[-54.617385,-20.477614],[-54.617394,-20.477614],[-54.617394,-20.477605],[-54.617404,-20.477605],[-54.617404,-20.477596],[-54.617442,-20.477597],[-54.617443,-20.477588],[-54.617452,-20.477588],[-54.617452,-20.477579],[-54.617462,-20.477579],[-54.617462,-20.47757],[-54.617481,-20.47757],[-54.617481,-20.477561],[-54.617491,-20.477561],[-54.617491,-20.477552],[-54.617501,-20.477552],[-54.617501,-20.477543],[-54.61752,-20.477544],[-54.61752,-20.477534],[-54.61753,-20.477535],[-54.61753,-20.477526],[-54.617539,-20.477526],[-54.617539,-20.477517],[-54.617559,-20.477517],[-54.617559,-20.477508],[-54.617568,-20.477508],[-54.617569,-20.477499],[-54.617578,-20.477499],[-54.617578,-20.47749],[-54.617597,-20.47749],[-54.617598,-20.477481],[-54.617607,-20.477481],[-54.617607,-20.477472],[-54.617617,-20.477473],[-54.617617,-20.477464],[-54.617636,-20.477464],[-54.617636,-20.477455],[-54.617646,-20.477455],[-54.617646,-20.477446],[-54.617656,-20.477446],[-54.617656,-20.477437],[-54.617675,-20.477437],[-54.617675,-20.477428],[-54.617828,-20.47743],[-54.617828,-20.477439],[-54.618604,-20.47745],[-54.618604,-20.477441],[-54.618614,-20.477441],[-54.618614,-20.477432],[-54.618652,-20.477433],[-54.618653,-20.477424],[-54.618681,-20.477424],[-54.618681,-20.477415],[-54.61872,-20.477415],[-54.61872,-20.477406],[-54.618749,-20.477407],[-54.618749,-20.477398],[-54.618777,-20.477398],[-54.618778,-20.477389],[-54.618816,-20.47739],[-54.618816,-20.477381],[-54.618845,-20.477381],[-54.618845,-20.477372],[-54.618883,-20.477373],[-54.618883,-20.477364],[-54.618903,-20.477364],[-54.618903,-20.477355],[-54.618912,-20.477355],[-54.618912,-20.477346],[-54.618922,-20.477346],[-54.618922,-20.477337],[-54.618932,-20.477337],[-54.618932,-20.477328],[-54.618941,-20.477328],[-54.618942,-20.477319],[-54.618951,-20.477319],[-54.618951,-20.47731],[-54.618961,-20.47731],[-54.618961,-20.477301],[-54.618971,-20.477302],[-54.618971,-20.477292],[-54.61899,-20.477293],[-54.61899,-20.477284],[-54.619,-20.477284],[-54.619,-20.477275],[-54.619009,-20.477275],[-54.61901,-20.477266],[-54.619019,-20.477266],[-54.619019,-20.477257],[-54.619029,-20.477257],[-54.619029,-20.477248],[-54.619039,-20.477248],[-54.619039,-20.477239],[-54.619048,-20.477239],[-54.619048,-20.47723],[-54.619058,-20.47723],[-54.619058,-20.477221],[-54.619068,-20.477222],[-54.619068,-20.477213],[-54.619077,-20.477213],[-54.619078,-20.477204],[-54.619087,-20.477204],[-54.619087,-20.477195],[-54.619097,-20.477195],[-54.619097,-20.477186],[-54.619107,-20.477186],[-54.619107,-20.477177],[-54.619116,-20.477177],[-54.619116,-20.477168],[-54.619126,-20.477168],[-54.619126,-20.477159],[-54.619136,-20.477159],[-54.619136,-20.47715],[-54.619145,-20.47715],[-54.619146,-20.477141],[-54.619155,-20.477142],[-54.619155,-20.477132],[-54.619165,-20.477133],[-54.619165,-20.477124],[-54.619175,-20.477124],[-54.619175,-20.477115],[-54.619184,-20.477115],[-54.619184,-20.477106],[-54.619194,-20.477106],[-54.619194,-20.477097],[-54.619204,-20.477097],[-54.619204,-20.477088],[-54.619223,-20.477088],[-54.619223,-20.477079],[-54.619233,-20.477079],[-54.619233,-20.47707],[-54.619243,-20.47707],[-54.619243,-20.477061],[-54.619252,-20.477062],[-54.619252,-20.477053],[-54.619262,-20.477053],[-54.619262,-20.477044],[-54.61931,-20.477044],[-54.61931,-20.477035],[-54.61932,-20.477035],[-54.61932,-20.477026],[-54.619329,-20.477026],[-54.61933,-20.477017],[-54.619339,-20.477018],[-54.619339,-20.477009],[-54.619349,-20.477009],[-54.619349,-20.477],[-54.619359,-20.477],[-54.619359,-20.476991],[-54.619368,-20.476991],[-54.619368,-20.476982],[-54.619378,-20.476982],[-54.619378,-20.476973],[-54.619388,-20.476973],[-54.619388,-20.476964],[-54.619397,-20.476964],[-54.619398,-20.476955],[-54.619407,-20.476955],[-54.619407,-20.476946],[-54.619417,-20.476946],[-54.619417,-20.476937],[-54.619427,-20.476938],[-54.619427,-20.476929],[-54.619436,-20.476929],[-54.619437,-20.47692],[-54.619446,-20.47692],[-54.619446,-20.476911],[-54.619456,-20.476911],[-54.619456,-20.476902],[-54.619466,-20.476902],[-54.619466,-20.476893],[-54.619475,-20.476893],[-54.619475,-20.476884],[-54.619485,-20.476884],[-54.619485,-20.476875],[-54.619495,-20.476875],[-54.619495,-20.476866],[-54.619504,-20.476866],[-54.619506,-20.47674],[-54.619564,-20.476741],[-54.619564,-20.476732],[-54.619574,-20.476732],[-54.619574,-20.476723],[-54.619583,-20.476723],[-54.619583,-20.476714],[-54.619593,-20.476714],[-54.619593,-20.476705],[-54.619603,-20.476705],[-54.619603,-20.476696],[-54.619612,-20.476696],[-54.619613,-20.476687],[-54.619622,-20.476687],[-54.619622,-20.476678],[-54.619632,-20.476678],[-54.619632,-20.476669],[-54.619642,-20.47667],[-54.619642,-20.476661],[-54.619651,-20.476661],[-54.619651,-20.476652],[-54.619661,-20.476652],[-54.619661,-20.476643],[-54.619671,-20.476643],[-54.619671,-20.476634],[-54.61968,-20.476634],[-54.619681,-20.476625],[-54.61969,-20.476625],[-54.61969,-20.476616],[-54.6197,-20.476616],[-54.6197,-20.476607],[-54.61971,-20.476607],[-54.61971,-20.476598],[-54.619719,-20.476598],[-54.619719,-20.476589],[-54.619729,-20.476589],[-54.619729,-20.47658],[-54.619739,-20.476581],[-54.619739,-20.476572],[-54.619749,-20.476572],[-54.619749,-20.476563],[-54.619758,-20.476563],[-54.619758,-20.476554],[-54.619768,-20.476554],[-54.619768,-20.476545],[-54.619778,-20.476545],[-54.619778,-20.476536],[-54.619787,-20.476536],[-54.619788,-20.476527],[-54.619797,-20.476527],[-54.619797,-20.476518],[-54.619807,-20.476518],[-54.619807,-20.476509],[-54.619817,-20.476509],[-54.619817,-20.4765],[-54.619826,-20.476501],[-54.619826,-20.476491],[-54.619836,-20.476492],[-54.619836,-20.476483],[-54.619846,-20.476483],[-54.619846,-20.476474],[-54.619855,-20.476474],[-54.619856,-20.476465],[-54.619865,-20.476465],[-54.619865,-20.476456],[-54.619875,-20.476456],[-54.619875,-20.476447],[-54.619885,-20.476447],[-54.619885,-20.476438],[-54.619894,-20.476438],[-54.619894,-20.476429],[-54.619904,-20.476429],[-54.619904,-20.47642],[-54.619914,-20.47642],[-54.619914,-20.476411],[-54.619923,-20.476412],[-54.619924,-20.476403],[-54.619933,-20.476403],[-54.619933,-20.476394],[-54.619943,-20.476394],[-54.619943,-20.476385],[-54.619953,-20.476385],[-54.619953,-20.476376],[-54.619962,-20.476376],[-54.619962,-20.476367],[-54.619972,-20.476367],[-54.619972,-20.476358],[-54.619982,-20.476358],[-54.619982,-20.476349],[-54.619992,-20.476349],[-54.619992,-20.47634],[-54.620001,-20.47634],[-54.620001,-20.476331],[-54.620011,-20.476331],[-54.620011,-20.476322],[-54.620021,-20.476323],[-54.620021,-20.476314],[-54.62003,-20.476314],[-54.620031,-20.476287],[-54.62004,-20.476287],[-54.620041,-20.476233],[-54.620051,-20.476233],[-54.620051,-20.476224],[-54.620061,-20.476224],[-54.620061,-20.476215],[-54.62007,-20.476215],[-54.62007,-20.476206],[-54.62008,-20.476206],[-54.62008,-20.476197],[-54.620099,-20.476197],[-54.620099,-20.476188],[-54.620109,-20.476188],[-54.620109,-20.476179],[-54.620119,-20.476179],[-54.620119,-20.47617],[-54.620128,-20.476171],[-54.620129,-20.476162],[-54.620138,-20.476162],[-54.620139,-20.476098],[-54.62013,-20.476098],[-54.62013,-20.476071],[-54.62012,-20.476071],[-54.620123,-20.475872],[-54.620133,-20.475873],[-54.620133,-20.475846],[-54.620143,-20.475846],[-54.620143,-20.475837],[-54.620153,-20.475837],[-54.620153,-20.475801],[-54.620163,-20.475801],[-54.620163,-20.475792],[-54.620173,-20.475792],[-54.620173,-20.475774],[-54.620182,-20.475774],[-54.620192,-20.475151],[-54.620202,-20.475151],[-54.620202,-20.475115],[-54.620212,-20.475115],[-54.620212,-20.47507],[-54.620222,-20.47507],[-54.620223,-20.475025],[-54.620232,-20.475025],[-54.620233,-20.474989],[-54.620242,-20.474989],[-54.620243,-20.474953],[-54.620253,-20.474953],[-54.620253,-20.474944],[-54.620262,-20.474944],[-54.620263,-20.474926],[-54.620272,-20.474926],[-54.620272,-20.474908],[-54.620282,-20.474908],[-54.620282,-20.474899],[-54.620292,-20.4749],[-54.620292,-20.474881],[-54.620302,-20.474882],[-54.620302,-20.474873],[-54.620311,-20.474873],[-54.620311,-20.474864],[-54.620321,-20.474864],[-54.620321,-20.474855],[-54.620331,-20.474855],[-54.620331,-20.474846],[-54.620341,-20.474846],[-54.620341,-20.474837],[-54.62035,-20.474837],[-54.62035,-20.474828],[-54.62036,-20.474828],[-54.62036,-20.474819],[-54.62037,-20.474819],[-54.62037,-20.47481],[-54.620379,-20.47481],[-54.62038,-20.474801],[-54.620389,-20.474802],[-54.620389,-20.474792],[-54.620399,-20.474793],[-54.620399,-20.474784],[-54.620409,-20.474784],[-54.620409,-20.474775],[-54.620418,-20.474775],[-54.620418,-20.474766],[-54.620428,-20.474766],[-54.620428,-20.474757],[-54.620438,-20.474757],[-54.620438,-20.474748],[-54.620447,-20.474748],[-54.620448,-20.474739],[-54.620457,-20.474739],[-54.620457,-20.47473],[-54.620467,-20.47473],[-54.620467,-20.474721],[-54.620477,-20.474721],[-54.620477,-20.474712],[-54.620486,-20.474713],[-54.620486,-20.474704],[-54.620496,-20.474704],[-54.620496,-20.474677],[-54.620516,-20.474677],[-54.620516,-20.474668],[-54.620525,-20.474668],[-54.620525,-20.474659],[-54.620535,-20.474659],[-54.620535,-20.47465],[-54.620545,-20.47465],[-54.620545,-20.474641],[-54.620554,-20.474641],[-54.620555,-20.474632],[-54.620564,-20.474632],[-54.620564,-20.474623],[-54.620574,-20.474623],[-54.620574,-20.474614],[-54.620584,-20.474615],[-54.620584,-20.474606],[-54.620593,-20.474606],[-54.620594,-20.474597],[-54.620603,-20.474597],[-54.620603,-20.474588],[-54.620613,-20.474588],[-54.620613,-20.474579],[-54.620623,-20.474579],[-54.620623,-20.47457],[-54.620632,-20.47457],[-54.620632,-20.474561],[-54.620642,-20.474561],[-54.620642,-20.474552],[-54.620652,-20.474552],[-54.620652,-20.474543],[-54.620661,-20.474543],[-54.620662,-20.474534],[-54.620671,-20.474534],[-54.620671,-20.474525],[-54.620681,-20.474526],[-54.620681,-20.474517],[-54.620691,-20.474517],[-54.620691,-20.474508],[-54.6207,-20.474508],[-54.6207,-20.474499],[-54.62071,-20.474499],[-54.62071,-20.47449],[-54.62072,-20.47449],[-54.62072,-20.474481],[-54.620729,-20.474481],[-54.62073,-20.474472],[-54.620739,-20.474472],[-54.620739,-20.474463],[-54.620749,-20.474463],[-54.620749,-20.474454],[-54.620759,-20.474454],[-54.620759,-20.474445],[-54.620768,-20.474445],[-54.620768,-20.474436],[-54.620778,-20.474437],[-54.620778,-20.474428],[-54.620788,-20.474428],[-54.620788,-20.474419],[-54.620797,-20.474419],[-54.620798,-20.47441],[-54.620807,-20.47441],[-54.620807,-20.474401],[-54.620817,-20.474401],[-54.620817,-20.474392],[-54.620827,-20.474392],[-54.620827,-20.474383],[-54.620836,-20.474383],[-54.620836,-20.474374],[-54.620846,-20.474374],[-54.620846,-20.474365],[-54.620856,-20.474365],[-54.620858,-20.474239],[-54.620867,-20.474239],[-54.620867,-20.47423],[-54.620877,-20.47423],[-54.620877,-20.474221],[-54.620887,-20.474221],[-54.620887,-20.474212],[-54.620896,-20.474212],[-54.620897,-20.474203],[-54.620906,-20.474204],[-54.620906,-20.474195],[-54.620916,-20.474195],[-54.620916,-20.474186],[-54.620926,-20.474186],[-54.620926,-20.474177],[-54.620935,-20.474177],[-54.620936,-20.474168],[-54.620945,-20.474168],[-54.620945,-20.474159],[-54.620955,-20.474159],[-54.620955,-20.47415],[-54.620965,-20.47415],[-54.620965,-20.474141],[-54.620974,-20.474141],[-54.620974,-20.474132],[-54.620984,-20.474132],[-54.620984,-20.474123],[-54.620994,-20.474123],[-54.620994,-20.474114],[-54.621003,-20.474115],[-54.621004,-20.474106],[-54.621013,-20.474106],[-54.621013,-20.474097],[-54.621023,-20.474097],[-54.621023,-20.474088],[-54.621033,-20.474088],[-54.621033,-20.474079],[-54.621042,-20.474079],[-54.621043,-20.474061],[-54.621052,-20.474061],[-54.621052,-20.474052],[-54.621062,-20.474052],[-54.621062,-20.474043],[-54.621072,-20.474043],[-54.621072,-20.474034],[-54.621081,-20.474034],[-54.621081,-20.474025],[-54.621091,-20.474025],[-54.621091,-20.474016],[-54.621101,-20.474017],[-54.621101,-20.474008],[-54.62111,-20.474008],[-54.621111,-20.473999],[-54.62112,-20.473999],[-54.62112,-20.47399],[-54.62113,-20.47399],[-54.62113,-20.473981],[-54.62114,-20.473981],[-54.62114,-20.473972],[-54.621149,-20.473972],[-54.621149,-20.473963],[-54.621159,-20.473963],[-54.621159,-20.473954],[-54.621169,-20.473954],[-54.621169,-20.473945],[-54.621178,-20.473945],[-54.621179,-20.473936],[-54.621198,-20.473937],[-54.621198,-20.473928],[-54.621208,-20.473928],[-54.621208,-20.473919],[-54.621217,-20.473919],[-54.621217,-20.47391],[-54.621227,-20.47391],[-54.621227,-20.473901],[-54.621237,-20.473901],[-54.621237,-20.473892],[-54.621246,-20.473892],[-54.621247,-20.473883],[-54.621256,-20.473883],[-54.621256,-20.473874],[-54.621266,-20.473874],[-54.621266,-20.473865],[-54.621276,-20.473865],[-54.621276,-20.473856],[-54.621285,-20.473857],[-54.621285,-20.473848],[-54.621295,-20.473848],[-54.621295,-20.473839],[-54.621305,-20.473839],[-54.621305,-20.47383],[-54.621314,-20.47383],[-54.621315,-20.473821],[-54.621324,-20.473821],[-54.621324,-20.473812],[-54.621334,-20.473812],[-54.621334,-20.473803],[-54.621344,-20.473803],[-54.621344,-20.473794],[-54.621353,-20.473794],[-54.621353,-20.473785],[-54.621363,-20.473785],[-54.621363,-20.473776],[-54.621373,-20.473777],[-54.621373,-20.473767],[-54.621382,-20.473768],[-54.621383,-20.473759],[-54.621392,-20.473759],[-54.621392,-20.47375],[-54.621402,-20.47375],[-54.621402,-20.473741],[-54.621412,-20.473741],[-54.621412,-20.473732],[-54.621421,-20.473732],[-54.621421,-20.473723],[-54.621431,-20.473723],[-54.621431,-20.473714],[-54.621441,-20.473714],[-54.621441,-20.473705],[-54.621451,-20.473705],[-54.621451,-20.473696],[-54.62146,-20.473696],[-54.62146,-20.473687],[-54.62147,-20.473688],[-54.62147,-20.473679],[-54.62148,-20.473679],[-54.62148,-20.47367],[-54.621489,-20.47367],[-54.62149,-20.473661],[-54.621499,-20.473661],[-54.621499,-20.473652],[-54.621509,-20.473652],[-54.621509,-20.473643],[-54.621519,-20.473643],[-54.621519,-20.473625],[-54.621528,-20.473625],[-54.621529,-20.473598],[-54.621538,-20.473598],[-54.621539,-20.473571],[-54.621548,-20.473571],[-54.621549,-20.473544],[-54.621558,-20.473544],[-54.621559,-20.473517],[-54.621568,-20.473517],[-54.621569,-20.473481],[-54.621579,-20.473481],[-54.621579,-20.473454],[-54.621589,-20.473454],[-54.621589,-20.473427],[-54.621599,-20.473427],[-54.621599,-20.4734],[-54.621609,-20.4734],[-54.621609,-20.473373],[-54.621619,-20.473374],[-54.621619,-20.473346],[-54.621629,-20.473347],[-54.621629,-20.473319],[-54.621639,-20.47332],[-54.621639,-20.473293],[-54.621649,-20.473293],[-54.621649,-20.473229],[-54.62164,-20.473229],[-54.621641,-20.473148],[-54.621632,-20.473148],[-54.621633,-20.473067],[-54.621623,-20.473067],[-54.621625,-20.472985],[-54.621615,-20.472985],[-54.621615,-20.472949],[-54.621606,-20.472949],[-54.621606,-20.47294],[-54.621596,-20.47294],[-54.621597,-20.472931],[-54.621577,-20.47293],[-54.621578,-20.472921],[-54.621558,-20.472921],[-54.621559,-20.472912],[-54.621539,-20.472912],[-54.62154,-20.472903],[-54.62153,-20.472903],[-54.62153,-20.472894],[-54.621511,-20.472893],[-54.621511,-20.472884],[-54.621492,-20.472884],[-54.621492,-20.472875],[-54.621482,-20.472875],[-54.621483,-20.472866],[-54.621463,-20.472866],[-54.621464,-20.472857],[-54.621444,-20.472856],[-54.621445,-20.472847],[-54.621435,-20.472847],[-54.621435,-20.472838],[-54.621416,-20.472838],[-54.621416,-20.472829],[-54.621407,-20.472829],[-54.621407,-20.472793],[-54.621417,-20.472793],[-54.621417,-20.472775],[-54.621427,-20.472775],[-54.621427,-20.472766],[-54.621436,-20.472766],[-54.621437,-20.472748],[-54.621446,-20.472748],[-54.621446,-20.472739],[-54.621456,-20.472739],[-54.621456,-20.472721],[-54.621466,-20.472721],[-54.621466,-20.472703],[-54.621476,-20.472703],[-54.621476,-20.472694],[-54.621485,-20.472694],[-54.621486,-20.472676],[-54.621495,-20.472676],[-54.621495,-20.472658],[-54.621505,-20.472659],[-54.621505,-20.47265],[-54.621515,-20.47265],[-54.621515,-20.472632],[-54.621525,-20.472632],[-54.621525,-20.472623],[-54.621534,-20.472623],[-54.621535,-20.472605],[-54.621544,-20.472605],[-54.621544,-20.472587],[-54.621554,-20.472587],[-54.621554,-20.472578],[-54.621564,-20.472578],[-54.621564,-20.47256],[-54.621574,-20.47256],[-54.621574,-20.472551],[-54.621583,-20.472551],[-54.621593,-20.472551],[-54.621593,-20.472542],[-54.621603,-20.472542],[-54.621603,-20.472524],[-54.621612,-20.472525],[-54.621613,-20.472516],[-54.621622,-20.472516],[-54.621622,-20.472507],[-54.621632,-20.472507],[-54.621632,-20.472498],[-54.621642,-20.472498],[-54.621642,-20.47248],[-54.621651,-20.47248],[-54.621652,-20.472471],[-54.621661,-20.472471],[-54.621661,-20.472462],[-54.621671,-20.472462],[-54.621671,-20.472435],[-54.621681,-20.472435],[-54.621682,-20.47239],[-54.621691,-20.47239],[-54.621692,-20.472354],[-54.621701,-20.472354],[-54.621702,-20.472309],[-54.621712,-20.472309],[-54.621712,-20.472282],[-54.621731,-20.472282],[-54.621731,-20.472273],[-54.621913,-20.472276],[-54.621913,-20.472267],[-54.621923,-20.472267],[-54.621923,-20.472258],[-54.621933,-20.472258],[-54.621933,-20.472249],[-54.621942,-20.472249],[-54.621943,-20.47224],[-54.621962,-20.47224],[-54.621962,-20.472231],[-54.621972,-20.472231],[-54.621972,-20.472222],[-54.621981,-20.472223],[-54.621981,-20.472214],[-54.621991,-20.472214],[-54.621991,-20.472205],[-54.622422,-20.472211],[-54.622422,-20.472202],[-54.622432,-20.472202],[-54.622432,-20.472193],[-54.622442,-20.472193],[-54.622442,-20.472184],[-54.622451,-20.472184],[-54.622452,-20.472175],[-54.622461,-20.472175],[-54.622461,-20.472166],[-54.622471,-20.472166],[-54.622471,-20.472157],[-54.622481,-20.472157],[-54.622481,-20.472148],[-54.62249,-20.472148],[-54.62249,-20.472139],[-54.6225,-20.472139],[-54.6225,-20.47213],[-54.62251,-20.47213],[-54.62251,-20.472121],[-54.622519,-20.472122],[-54.62252,-20.472113],[-54.622529,-20.472113],[-54.622529,-20.472104],[-54.622539,-20.472104],[-54.622539,-20.472095],[-54.622549,-20.472095],[-54.622549,-20.472086],[-54.622558,-20.472086],[-54.622558,-20.472077],[-54.622568,-20.472077],[-54.622568,-20.472068],[-54.622578,-20.472068],[-54.622578,-20.472059],[-54.622587,-20.472059],[-54.622588,-20.47205],[-54.622597,-20.47205],[-54.622597,-20.472041],[-54.622607,-20.472042],[-54.622607,-20.472032],[-54.622617,-20.472033],[-54.622617,-20.472024],[-54.622626,-20.472024],[-54.622626,-20.472015],[-54.622636,-20.472015],[-54.622636,-20.472006],[-54.622646,-20.472006],[-54.622646,-20.471997],[-54.622655,-20.471997],[-54.622656,-20.471988],[-54.622665,-20.471988],[-54.622665,-20.471979],[-54.622675,-20.471979],[-54.622675,-20.47197],[-54.622685,-20.47197],[-54.622685,-20.471961],[-54.622694,-20.471961],[-54.622694,-20.471952],[-54.622704,-20.471953],[-54.622704,-20.471944],[-54.622714,-20.471944],[-54.622714,-20.471935],[-54.622724,-20.471935],[-54.622724,-20.471926],[-54.622733,-20.471926],[-54.622733,-20.471917],[-54.622743,-20.471917],[-54.622743,-20.471908],[-54.622753,-20.471908],[-54.622753,-20.471899],[-54.622762,-20.471899],[-54.622763,-20.47189],[-54.622772,-20.47189],[-54.622772,-20.471881],[-54.622782,-20.471881],[-54.622782,-20.471872],[-54.622792,-20.471872],[-54.622792,-20.471863],[-54.622801,-20.471864],[-54.622801,-20.471855],[-54.622811,-20.471855],[-54.622811,-20.471846],[-54.622821,-20.471846],[-54.622821,-20.471837],[-54.62283,-20.471837],[-54.622831,-20.471828],[-54.62284,-20.471828],[-54.62284,-20.471819],[-54.62285,-20.471819],[-54.62285,-20.47181],[-54.62286,-20.47181],[-54.62286,-20.471801],[-54.622869,-20.471801],[-54.622869,-20.471792],[-54.622879,-20.471792],[-54.622879,-20.471783],[-54.622889,-20.471783],[-54.622889,-20.471774],[-54.622898,-20.471775],[-54.622899,-20.471766],[-54.622908,-20.471766],[-54.622908,-20.471757],[-54.622918,-20.471757],[-54.622918,-20.471748],[-54.622928,-20.471748],[-54.622928,-20.471739],[-54.622937,-20.471739],[-54.622937,-20.47173],[-54.622947,-20.47173],[-54.622947,-20.471721],[-54.622957,-20.471721],[-54.622957,-20.471712],[-54.622967,-20.471712],[-54.622967,-20.471703],[-54.622976,-20.471703],[-54.622976,-20.471694],[-54.622986,-20.471695],[-54.622986,-20.471685],[-54.622996,-20.471686],[-54.622996,-20.471677],[-54.623005,-20.471677],[-54.623006,-20.471668],[-54.623015,-20.471668],[-54.623015,-20.471659],[-54.623034,-20.471659],[-54.623035,-20.47165],[-54.623044,-20.47165],[-54.623044,-20.471641],[-54.623054,-20.471641],[-54.623054,-20.471614],[-54.623064,-20.471614],[-54.623064,-20.471587],[-54.623074,-20.471587],[-54.623075,-20.471542],[-54.623084,-20.471542],[-54.623084,-20.471524],[-54.623094,-20.471524],[-54.623097,-20.471335],[-54.623106,-20.471335],[-54.623107,-20.471326],[-54.623116,-20.471326],[-54.623116,-20.471317],[-54.623126,-20.471317],[-54.623126,-20.471308],[-54.623136,-20.471308],[-54.623136,-20.471299],[-54.623145,-20.471299],[-54.623145,-20.47129],[-54.623155,-20.47129],[-54.623155,-20.471281],[-54.623165,-20.471282],[-54.623165,-20.471273],[-54.623175,-20.471273],[-54.623175,-20.471264],[-54.623184,-20.471264],[-54.623184,-20.471255],[-54.623194,-20.471255],[-54.623194,-20.471246],[-54.623204,-20.471246],[-54.623204,-20.471237],[-54.623213,-20.471237],[-54.623214,-20.471228],[-54.6233,-20.471229],[-54.6233,-20.47122],[-54.623309,-20.47122],[-54.62331,-20.471211],[-54.623319,-20.471211],[-54.623319,-20.471193],[-54.623329,-20.471194],[-54.623329,-20.471184],[-54.623339,-20.471185],[-54.623339,-20.471176],[-54.623348,-20.471176],[-54.623349,-20.471167],[-54.623358,-20.471167],[-54.623358,-20.471158],[-54.623368,-20.471158],[-54.623368,-20.471149],[-54.623378,-20.471149],[-54.623378,-20.47114],[-54.623387,-20.47114],[-54.623387,-20.471131],[-54.623397,-20.471131],[-54.623397,-20.471122],[-54.623407,-20.471122],[-54.623407,-20.471104],[-54.623417,-20.471104],[-54.623417,-20.471095],[-54.623426,-20.471096],[-54.623427,-20.471086],[-54.623436,-20.471087],[-54.623437,-20.471051],[-54.623446,-20.471051],[-54.623446,-20.471042],[-54.623456,-20.471042],[-54.623456,-20.471033],[-54.623466,-20.471033],[-54.623466,-20.471024],[-54.623475,-20.471024],[-54.623476,-20.471006],[-54.623485,-20.471006],[-54.623485,-20.470997],[-54.623495,-20.470997],[-54.623495,-20.470988],[-54.623505,-20.470988],[-54.623505,-20.470979],[-54.623514,-20.470979],[-54.623515,-20.47097],[-54.623524,-20.47097],[-54.623524,-20.470961],[-54.623534,-20.470962],[-54.623534,-20.470953],[-54.623544,-20.470953],[-54.623544,-20.470944],[-54.623553,-20.470944],[-54.623553,-20.470935],[-54.623563,-20.470935],[-54.623563,-20.470926],[-54.623573,-20.470926],[-54.623573,-20.470917],[-54.623582,-20.470917],[-54.623583,-20.470872],[-54.623593,-20.470872],[-54.623593,-20.470863],[-54.623602,-20.470863],[-54.623603,-20.470827],[-54.623613,-20.470827],[-54.623613,-20.4708],[-54.623623,-20.4708],[-54.623623,-20.470773],[-54.623633,-20.470773],[-54.623633,-20.470746],[-54.623643,-20.470746],[-54.623643,-20.47071],[-54.623653,-20.47071],[-54.623653,-20.470683],[-54.623663,-20.470683],[-54.623663,-20.470656],[-54.623673,-20.470656],[-54.623673,-20.47062],[-54.623683,-20.47062],[-54.623683,-20.470593],[-54.623693,-20.470593],[-54.623693,-20.470566],[-54.623703,-20.470567],[-54.623703,-20.470539],[-54.623713,-20.47054],[-54.623713,-20.470503],[-54.623723,-20.470504],[-54.623723,-20.470495],[-54.623733,-20.470495],[-54.623733,-20.470486],[-54.623742,-20.470486],[-54.623743,-20.470477],[-54.623752,-20.470477],[-54.623752,-20.470468],[-54.623762,-20.470468],[-54.623762,-20.470459],[-54.623772,-20.470459],[-54.623772,-20.47045],[-54.623781,-20.47045],[-54.623781,-20.470441],[-54.623791,-20.470441],[-54.623791,-20.470432],[-54.623801,-20.470432],[-54.623801,-20.470423],[-54.62381,-20.470424],[-54.623811,-20.470414],[-54.62382,-20.470415],[-54.62382,-20.470406],[-54.62383,-20.470406],[-54.62383,-20.470397],[-54.62384,-20.470397],[-54.62384,-20.470388],[-54.623849,-20.470388],[-54.623849,-20.470379],[-54.623859,-20.470379],[-54.623859,-20.47037],[-54.623869,-20.47037],[-54.623869,-20.470361],[-54.623878,-20.470361],[-54.623879,-20.470352],[-54.623888,-20.470352],[-54.623888,-20.470343],[-54.623898,-20.470343],[-54.623898,-20.470334],[-54.623908,-20.470335],[-54.623908,-20.470325],[-54.623917,-20.470326],[-54.623917,-20.470317],[-54.623927,-20.470317],[-54.623927,-20.470308],[-54.623937,-20.470308],[-54.623937,-20.470299],[-54.623947,-20.470299],[-54.623947,-20.47029],[-54.623956,-20.47029],[-54.623956,-20.470281],[-54.623966,-20.470281],[-54.623966,-20.470272],[-54.623976,-20.470272],[-54.623976,-20.470263],[-54.623985,-20.470263],[-54.623986,-20.470254],[-54.623995,-20.470254],[-54.623995,-20.470245],[-54.624005,-20.470246],[-54.624005,-20.470237],[-54.624015,-20.470237],[-54.624015,-20.470228],[-54.624024,-20.470228],[-54.624024,-20.470219],[-54.624034,-20.470219],[-54.624034,-20.47021],[-54.624044,-20.47021],[-54.624044,-20.470201],[-54.624053,-20.470201],[-54.624054,-20.470192],[-54.624063,-20.470192],[-54.624063,-20.470183],[-54.624073,-20.470183],[-54.624073,-20.470174],[-54.624083,-20.470174],[-54.624083,-20.470165],[-54.624092,-20.470165],[-54.624092,-20.470156],[-54.624102,-20.470157],[-54.624102,-20.470148],[-54.624112,-20.470148],[-54.624112,-20.470139],[-54.624121,-20.470139],[-54.624122,-20.470112],[-54.624112,-20.470112],[-54.624112,-20.470103],[-54.624122,-20.470103],[-54.624122,-20.470076],[-54.624132,-20.470076],[-54.624133,-20.47004],[-54.624142,-20.47004],[-54.624143,-20.470013],[-54.624152,-20.470013],[-54.624153,-20.469977],[-54.624162,-20.469977],[-54.624163,-20.46995],[-54.624172,-20.46995],[-54.624172,-20.469941],[-54.624182,-20.469941],[-54.624182,-20.469932],[-54.624192,-20.469932],[-54.624192,-20.469923],[-54.624201,-20.469923],[-54.624202,-20.469914],[-54.624527,-20.469919],[-54.624527,-20.469928],[-54.62491,-20.469933],[-54.624911,-20.469924],[-54.62493,-20.469924],[-54.62493,-20.469915],[-54.624939,-20.469915],[-54.62494,-20.469906],[-54.624949,-20.469906],[-54.624949,-20.469897],[-54.624959,-20.469897],[-54.624959,-20.469888],[-54.624969,-20.469888],[-54.624969,-20.469879],[-54.624978,-20.46988],[-54.624978,-20.469871],[-54.624988,-20.469871],[-54.624988,-20.469862],[-54.624998,-20.469862],[-54.624998,-20.469853],[-54.625007,-20.469853],[-54.625008,-20.469844],[-54.625017,-20.469844],[-54.625017,-20.469835],[-54.625027,-20.469835],[-54.625027,-20.469826],[-54.625037,-20.469826],[-54.625037,-20.469817],[-54.625046,-20.469817],[-54.625046,-20.469808],[-54.625056,-20.469808],[-54.625056,-20.469799],[-54.625066,-20.4698],[-54.625066,-20.46979],[-54.625075,-20.469791],[-54.625076,-20.469782],[-54.625085,-20.469782],[-54.625085,-20.469773],[-54.625095,-20.469773],[-54.625095,-20.469764],[-54.625105,-20.469764],[-54.625105,-20.469755],[-54.625114,-20.469755],[-54.625114,-20.469746],[-54.625124,-20.469746],[-54.625124,-20.469737],[-54.625134,-20.469737],[-54.625134,-20.469728],[-54.625143,-20.469728],[-54.625144,-20.469719],[-54.625153,-20.469719],[-54.625153,-20.46971],[-54.625163,-20.469711],[-54.625163,-20.469702],[-54.625173,-20.469702],[-54.625173,-20.469693],[-54.625182,-20.469693],[-54.625183,-20.469684],[-54.625192,-20.469684],[-54.625192,-20.469675],[-54.625202,-20.469675],[-54.625202,-20.469666],[-54.625212,-20.469666],[-54.625212,-20.469657],[-54.625221,-20.469657],[-54.625221,-20.469648],[-54.625231,-20.469648],[-54.625231,-20.469639],[-54.625241,-20.469639],[-54.625241,-20.46963],[-54.62525,-20.46963],[-54.625251,-20.469621],[-54.62526,-20.469622],[-54.62526,-20.469613],[-54.62527,-20.469613],[-54.62527,-20.469604],[-54.62528,-20.469604],[-54.62528,-20.469595],[-54.625289,-20.469595],[-54.625289,-20.469586],[-54.625299,-20.469586],[-54.625299,-20.469577],[-54.625309,-20.469577],[-54.625309,-20.469568],[-54.625318,-20.469568],[-54.625319,-20.469559],[-54.625328,-20.469559],[-54.625328,-20.46955],[-54.625338,-20.46955],[-54.625338,-20.469541],[-54.625348,-20.469541],[-54.625348,-20.469532],[-54.625357,-20.469533],[-54.625357,-20.469524],[-54.625367,-20.469524],[-54.625367,-20.469515],[-54.625377,-20.469515],[-54.625377,-20.469506],[-54.625386,-20.469506],[-54.625387,-20.469497],[-54.625396,-20.469497],[-54.625396,-20.469488],[-54.625406,-20.469488],[-54.625406,-20.469479],[-54.625416,-20.469479],[-54.625416,-20.46947],[-54.625425,-20.46947],[-54.625425,-20.469461],[-54.625435,-20.469461],[-54.625435,-20.469452],[-54.625445,-20.469453],[-54.625445,-20.469443],[-54.625455,-20.469444],[-54.625455,-20.469435],[-54.625464,-20.469435],[-54.625464,-20.469426],[-54.625474,-20.469426],[-54.625474,-20.469417],[-54.625484,-20.469417],[-54.625484,-20.469408],[-54.625503,-20.469408],[-54.625503,-20.469399],[-54.625513,-20.469399],[-54.625513,-20.46939],[-54.625532,-20.46939],[-54.625532,-20.469381],[-54.625551,-20.469382],[-54.625551,-20.469373],[-54.625561,-20.469373],[-54.625561,-20.469364],[-54.62558,-20.469364],[-54.62558,-20.469355],[-54.62559,-20.469355],[-54.62559,-20.469346],[-54.6256,-20.469346],[-54.6256,-20.469337],[-54.625609,-20.469337],[-54.62561,-20.469328],[-54.625619,-20.469328],[-54.625619,-20.469319],[-54.625629,-20.46932],[-54.625629,-20.469311],[-54.625639,-20.469311],[-54.625639,-20.469302],[-54.625648,-20.469302],[-54.625648,-20.469293],[-54.625668,-20.469293],[-54.625668,-20.469284],[-54.625687,-20.469284],[-54.625687,-20.469275],[-54.625697,-20.469275],[-54.625697,-20.469266],[-54.625706,-20.469266],[-54.625707,-20.469257],[-54.625745,-20.469258],[-54.625745,-20.469249],[-54.625822,-20.46925],[-54.625822,-20.469241],[-54.625841,-20.469241],[-54.625841,-20.469232],[-54.625851,-20.469232],[-54.625851,-20.469223],[-54.62587,-20.469224],[-54.62587,-20.469215],[-54.62588,-20.469215],[-54.62588,-20.469206],[-54.625899,-20.469206],[-54.625899,-20.469197],[-54.625909,-20.469197],[-54.625909,-20.469188],[-54.625928,-20.469188],[-54.625928,-20.469179],[-54.625938,-20.469179],[-54.625938,-20.46917],[-54.625957,-20.469171],[-54.625957,-20.469162],[-54.625967,-20.469162],[-54.625967,-20.469153],[-54.625976,-20.469153],[-54.625977,-20.469144],[-54.625996,-20.469144],[-54.625996,-20.469135],[-54.626005,-20.469135],[-54.626006,-20.469126],[-54.626015,-20.469126],[-54.626015,-20.469117],[-54.626025,-20.469117],[-54.626025,-20.469108],[-54.626035,-20.469108],[-54.626035,-20.469099],[-54.626044,-20.469099],[-54.626044,-20.46909],[-54.626054,-20.469091],[-54.626054,-20.469082],[-54.626064,-20.469082],[-54.626064,-20.469073],[-54.626073,-20.469073],[-54.626074,-20.469064],[-54.626083,-20.469064],[-54.626083,-20.469055],[-54.626093,-20.469055],[-54.626093,-20.469046],[-54.626103,-20.469046],[-54.626103,-20.469037],[-54.626112,-20.469037],[-54.626112,-20.469028],[-54.626122,-20.469028],[-54.626122,-20.469019],[-54.626132,-20.469019],[-54.626132,-20.46901],[-54.626142,-20.469011],[-54.626142,-20.469001],[-54.626151,-20.469002],[-54.626151,-20.468993],[-54.626161,-20.468993],[-54.626161,-20.468984],[-54.626171,-20.468984],[-54.626171,-20.468975],[-54.62618,-20.468975],[-54.626181,-20.468966],[-54.62619,-20.468966],[-54.62619,-20.468957],[-54.6262,-20.468957],[-54.6262,-20.468948],[-54.62621,-20.468948],[-54.62621,-20.468939],[-54.626219,-20.468939],[-54.62622,-20.468921],[-54.626229,-20.468921],[-54.626229,-20.468912],[-54.626239,-20.468913],[-54.626239,-20.468885],[-54.626249,-20.468886],[-54.626249,-20.468877],[-54.626259,-20.468877],[-54.626259,-20.468868],[-54.626268,-20.468868],[-54.626268,-20.468859],[-54.626278,-20.468859],[-54.626278,-20.46885],[-54.626288,-20.46885],[-54.626288,-20.468841],[-54.626297,-20.468841],[-54.626298,-20.468832],[-54.626307,-20.468832],[-54.626307,-20.468823],[-54.626317,-20.468823],[-54.626317,-20.468814],[-54.626327,-20.468814],[-54.626327,-20.468805],[-54.626336,-20.468805],[-54.626336,-20.468796],[-54.626346,-20.468797],[-54.626346,-20.468788],[-54.626356,-20.468788],[-54.626356,-20.468779],[-54.626385,-20.468779],[-54.626385,-20.46877],[-54.626433,-20.468771],[-54.626433,-20.468762],[-54.6265,-20.468763],[-54.6265,-20.468754],[-54.626567,-20.468754],[-54.626567,-20.468745],[-54.62697,-20.468751],[-54.62697,-20.468742],[-54.626979,-20.468742],[-54.626979,-20.468733],[-54.627152,-20.468735],[-54.627152,-20.468726],[-54.627248,-20.468728],[-54.627248,-20.468719],[-54.627267,-20.468719],[-54.627267,-20.46871],[-54.627286,-20.46871],[-54.627287,-20.468701],[-54.627306,-20.468701],[-54.627306,-20.468692],[-54.627325,-20.468693],[-54.627325,-20.468684],[-54.627344,-20.468684],[-54.627344,-20.468675],[-54.627354,-20.468675],[-54.627354,-20.468666],[-54.627364,-20.468666],[-54.627364,-20.468657],[-54.627373,-20.468657],[-54.627374,-20.468648],[-54.627383,-20.468648],[-54.627383,-20.468639],[-54.627393,-20.468639],[-54.627393,-20.46863],[-54.627403,-20.46863],[-54.627403,-20.468621],[-54.627412,-20.468622],[-54.627412,-20.468612],[-54.627422,-20.468613],[-54.627422,-20.468604],[-54.627432,-20.468604],[-54.627432,-20.468595],[-54.627441,-20.468595],[-54.627442,-20.468586],[-54.627451,-20.468586],[-54.627451,-20.468577],[-54.627461,-20.468577],[-54.627461,-20.468568],[-54.627471,-20.468568],[-54.627471,-20.468559],[-54.62749,-20.468559],[-54.62749,-20.46855],[-54.627528,-20.468551],[-54.627529,-20.468542],[-54.627586,-20.468543],[-54.627586,-20.468534],[-54.627634,-20.468534],[-54.627634,-20.468525],[-54.627749,-20.468527],[-54.627749,-20.468518],[-54.627768,-20.468518],[-54.627769,-20.468509],[-54.627788,-20.468509],[-54.627788,-20.4685],[-54.627807,-20.4685],[-54.627807,-20.468491],[-54.627826,-20.468492],[-54.627827,-20.468483],[-54.627846,-20.468483],[-54.627846,-20.468474],[-54.627865,-20.468474],[-54.627865,-20.468465],[-54.627875,-20.468465],[-54.627875,-20.468456],[-54.627894,-20.468457],[-54.627894,-20.468447],[-54.627904,-20.468448],[-54.627904,-20.468439],[-54.627913,-20.468439],[-54.627914,-20.46843],[-54.627923,-20.46843],[-54.627923,-20.468421],[-54.627933,-20.468421],[-54.627933,-20.468412],[-54.627943,-20.468412],[-54.627943,-20.468403],[-54.627952,-20.468403],[-54.627952,-20.468394],[-54.627962,-20.468394],[-54.627962,-20.468385],[-54.627972,-20.468385],[-54.627972,-20.468376],[-54.627981,-20.468376],[-54.627982,-20.468367],[-54.627991,-20.468368],[-54.627991,-20.468359],[-54.628001,-20.468359],[-54.628001,-20.46835],[-54.628011,-20.46835],[-54.628011,-20.468341],[-54.62802,-20.468341],[-54.62802,-20.468332],[-54.62803,-20.468332],[-54.62803,-20.468323],[-54.62804,-20.468323],[-54.62804,-20.468314],[-54.628049,-20.468314],[-54.62805,-20.468305],[-54.628059,-20.468305],[-54.628059,-20.468296],[-54.628079,-20.468296],[-54.628079,-20.468287],[-54.628107,-20.468288],[-54.628108,-20.468279],[-54.628127,-20.468279],[-54.628127,-20.46827],[-54.628156,-20.46827],[-54.628156,-20.468261],[-54.628175,-20.468262],[-54.628175,-20.468253],[-54.628204,-20.468253],[-54.628204,-20.468244],[-54.628405,-20.468247],[-54.628405,-20.468256],[-54.628424,-20.468256],[-54.628424,-20.468265],[-54.628434,-20.468265],[-54.628433,-20.468274],[-54.628453,-20.468274],[-54.628452,-20.468284],[-54.628472,-20.468284],[-54.628471,-20.468293],[-54.628491,-20.468293],[-54.62849,-20.468302],[-54.628644,-20.468304],[-54.628644,-20.468295],[-54.628653,-20.468295],[-54.628654,-20.468286],[-54.628663,-20.468286],[-54.628663,-20.468277],[-54.628692,-20.468278],[-54.628692,-20.468287],[-54.628749,-20.468288],[-54.628749,-20.468297],[-54.629056,-20.468301],[-54.629056,-20.468292],[-54.629066,-20.468292],[-54.629066,-20.468283],[-54.629075,-20.468283],[-54.629075,-20.468274],[-54.629095,-20.468274],[-54.629095,-20.468265],[-54.629104,-20.468265],[-54.629104,-20.468256],[-54.629124,-20.468257],[-54.629124,-20.468248],[-54.629133,-20.468248],[-54.629133,-20.468239],[-54.629143,-20.468239],[-54.629143,-20.46823],[-54.629162,-20.46823],[-54.629162,-20.468221],[-54.629172,-20.468221],[-54.629172,-20.468212],[-54.629191,-20.468212],[-54.629191,-20.468203],[-54.629201,-20.468203],[-54.629201,-20.468194],[-54.62922,-20.468195],[-54.62922,-20.468186],[-54.62923,-20.468186],[-54.62923,-20.468177],[-54.629249,-20.468177],[-54.62925,-20.468168],[-54.629259,-20.468168],[-54.629259,-20.468159],[-54.629278,-20.468159],[-54.629279,-20.46815],[-54.629288,-20.46815],[-54.629288,-20.468141],[-54.629307,-20.468142],[-54.629308,-20.468133],[-54.629317,-20.468133],[-54.629317,-20.468124],[-54.629336,-20.468124],[-54.629337,-20.468115],[-54.629854,-20.468122],[-54.629854,-20.468113],[-54.629873,-20.468113],[-54.629873,-20.468104],[-54.629902,-20.468105],[-54.629902,-20.468096],[-54.629921,-20.468096],[-54.629922,-20.468087],[-54.629941,-20.468087],[-54.629941,-20.468078],[-54.62996,-20.468078],[-54.62996,-20.468069],[-54.62997,-20.468069],[-54.62997,-20.46806],[-54.629989,-20.468061],[-54.629989,-20.468052],[-54.629999,-20.468052],[-54.629999,-20.468043],[-54.630008,-20.468043],[-54.630009,-20.468034],[-54.630018,-20.468034],[-54.630018,-20.468025],[-54.630028,-20.468025],[-54.630028,-20.468016],[-54.630038,-20.468016],[-54.630038,-20.468007],[-54.630047,-20.468007],[-54.630047,-20.467998],[-54.630057,-20.467998],[-54.630057,-20.467989],[-54.630067,-20.467989],[-54.630067,-20.46798],[-54.630076,-20.467981],[-54.630077,-20.467972],[-54.630086,-20.467972],[-54.630086,-20.467963],[-54.630096,-20.467963],[-54.630096,-20.467954],[-54.630106,-20.467954],[-54.630106,-20.467945],[-54.630115,-20.467945],[-54.630115,-20.467936],[-54.630125,-20.467936],[-54.630125,-20.467927],[-54.630135,-20.467927],[-54.630135,-20.467918],[-54.630144,-20.467918],[-54.630145,-20.467909],[-54.630154,-20.467909],[-54.630154,-20.4679],[-54.630164,-20.467901],[-54.630164,-20.467891],[-54.630174,-20.467892],[-54.630174,-20.467874],[-54.630183,-20.467874],[-54.630184,-20.467865],[-54.630193,-20.467865],[-54.630193,-20.467856],[-54.630213,-20.467856],[-54.630213,-20.467847],[-54.630222,-20.467847],[-54.630222,-20.467838],[-54.630232,-20.467838],[-54.630232,-20.467829],[-54.630242,-20.467829],[-54.630242,-20.46782],[-54.630251,-20.46782],[-54.630252,-20.467811],[-54.630261,-20.467812],[-54.630261,-20.467803],[-54.630271,-20.467803],[-54.630271,-20.467794],[-54.630281,-20.467794],[-54.630281,-20.467785],[-54.63029,-20.467785],[-54.63029,-20.467776],[-54.6303,-20.467776],[-54.6303,-20.467767],[-54.63031,-20.467767],[-54.63031,-20.467758],[-54.630319,-20.467758],[-54.63032,-20.467749],[-54.630329,-20.467749],[-54.630329,-20.46774],[-54.630339,-20.46774],[-54.630339,-20.467731],[-54.630349,-20.467731],[-54.630349,-20.467722],[-54.630358,-20.467723],[-54.630358,-20.467714],[-54.630368,-20.467714],[-54.630368,-20.467705],[-54.630378,-20.467705],[-54.630378,-20.467696],[-54.630387,-20.467696],[-54.630388,-20.467687],[-54.630397,-20.467687],[-54.630397,-20.467669],[-54.630407,-20.467669],[-54.630407,-20.46766],[-54.630417,-20.46766],[-54.630417,-20.467651],[-54.630541,-20.467653],[-54.630542,-20.467644],[-54.630551,-20.467644],[-54.630551,-20.467635],[-54.63057,-20.467635],[-54.630571,-20.467626],[-54.63058,-20.467626],[-54.63058,-20.467617],[-54.630599,-20.467617],[-54.6306,-20.467608],[-54.630609,-20.467609],[-54.630609,-20.4676],[-54.630628,-20.4676],[-54.630629,-20.467591],[-54.630648,-20.467591],[-54.630648,-20.467582],[-54.630667,-20.467582],[-54.630667,-20.467573],[-54.630686,-20.467574],[-54.630687,-20.467564],[-54.630715,-20.467565],[-54.630715,-20.467556],[-54.630735,-20.467556],[-54.630735,-20.467547],[-54.630754,-20.467547],[-54.630754,-20.467538],[-54.630773,-20.467539],[-54.630773,-20.46753],[-54.630802,-20.46753],[-54.630802,-20.467521],[-54.630821,-20.467521],[-54.630821,-20.467512],[-54.630841,-20.467512],[-54.630841,-20.467503],[-54.63086,-20.467504],[-54.63086,-20.467495],[-54.630889,-20.467495],[-54.630889,-20.467486],[-54.630908,-20.467486],[-54.630908,-20.467477],[-54.630918,-20.467477],[-54.630918,-20.467468],[-54.630928,-20.467468],[-54.630928,-20.467459],[-54.630937,-20.46746],[-54.630937,-20.467451],[-54.630947,-20.467451],[-54.630947,-20.467442],[-54.631167,-20.467445],[-54.631167,-20.467454],[-54.631225,-20.467454],[-54.631225,-20.467463],[-54.631311,-20.467465],[-54.631311,-20.467456],[-54.631483,-20.467458],[-54.631493,-20.467458],[-54.631493,-20.467449],[-54.631503,-20.467449],[-54.631503,-20.46744],[-54.631512,-20.46744],[-54.631513,-20.467431],[-54.631532,-20.467432],[-54.631532,-20.467422],[-54.631542,-20.467423],[-54.631542,-20.467414],[-54.631551,-20.467414],[-54.631551,-20.467405],[-54.631561,-20.467405],[-54.631561,-20.467396],[-54.631571,-20.467396],[-54.631571,-20.467387],[-54.63158,-20.467387],[-54.631581,-20.467378],[-54.63159,-20.467378],[-54.63159,-20.467369],[-54.631609,-20.467369],[-54.63161,-20.46736],[-54.631619,-20.46736],[-54.631619,-20.467351],[-54.631629,-20.467352],[-54.631629,-20.467343],[-54.631639,-20.467343],[-54.631639,-20.467334],[-54.631648,-20.467334],[-54.631648,-20.467325],[-54.631658,-20.467325],[-54.631658,-20.467316],[-54.631668,-20.467316],[-54.631668,-20.467307],[-54.631677,-20.467307],[-54.631678,-20.467298],[-54.631687,-20.467298],[-54.631687,-20.467289],[-54.631697,-20.467289],[-54.631697,-20.46728],[-54.631707,-20.46728],[-54.631707,-20.467271],[-54.631716,-20.467271],[-54.631716,-20.467262],[-54.631726,-20.467263],[-54.631726,-20.467254],[-54.631736,-20.467254],[-54.631736,-20.467245],[-54.631745,-20.467245],[-54.631746,-20.467236],[-54.631755,-20.467236],[-54.631755,-20.467227],[-54.631765,-20.467227],[-54.631765,-20.467218],[-54.631775,-20.467218],[-54.631775,-20.467209],[-54.631784,-20.467209],[-54.631785,-20.467191],[-54.631794,-20.467191],[-54.631795,-20.467146],[-54.631804,-20.467146],[-54.631806,-20.467029],[-54.631816,-20.467029],[-54.631816,-20.46702],[-54.631826,-20.46702],[-54.631826,-20.467011],[-54.631835,-20.467011],[-54.631836,-20.466993],[-54.631845,-20.466993],[-54.631846,-20.466966],[-54.631855,-20.466966],[-54.631855,-20.466948],[-54.631865,-20.466948],[-54.631865,-20.46693],[-54.631875,-20.466931],[-54.631875,-20.466912],[-54.631885,-20.466913],[-54.631885,-20.466895],[-54.631895,-20.466895],[-54.631895,-20.466877],[-54.631904,-20.466877],[-54.631905,-20.46685],[-54.631914,-20.46685],[-54.631915,-20.466832],[-54.631924,-20.466832],[-54.631925,-20.466814],[-54.631934,-20.466814],[-54.631934,-20.466796],[-54.631944,-20.466796],[-54.631944,-20.466778],[-54.631954,-20.466778],[-54.631954,-20.466769],[-54.631964,-20.466769],[-54.631964,-20.46676],[-54.631983,-20.46676],[-54.631983,-20.466751],[-54.631993,-20.466751],[-54.631993,-20.466742],[-54.632002,-20.466743],[-54.632002,-20.466734],[-54.632012,-20.466734],[-54.632012,-20.466725],[-54.632022,-20.466725],[-54.632022,-20.466716],[-54.632031,-20.466716],[-54.632032,-20.466707],[-54.632041,-20.466707],[-54.632041,-20.466698],[-54.632051,-20.466698],[-54.632051,-20.466689],[-54.632061,-20.466689],[-54.632061,-20.46668],[-54.63207,-20.46668],[-54.63207,-20.466671],[-54.63208,-20.466671],[-54.63208,-20.466662],[-54.63209,-20.466663],[-54.63209,-20.466653],[-54.632099,-20.466654],[-54.6321,-20.466645],[-54.632109,-20.466645],[-54.632109,-20.466636],[-54.632119,-20.466636],[-54.632119,-20.466627],[-54.632129,-20.466627],[-54.632129,-20.466618],[-54.632138,-20.466618],[-54.632138,-20.466609],[-54.632148,-20.466609],[-54.632148,-20.4666],[-54.632158,-20.4666],[-54.632158,-20.466591],[-54.632168,-20.466591],[-54.632168,-20.466582],[-54.632177,-20.466582],[-54.632177,-20.466573],[-54.632187,-20.466574],[-54.632187,-20.466565],[-54.632197,-20.466565],[-54.632197,-20.466556],[-54.632206,-20.466556],[-54.632207,-20.466538],[-54.632216,-20.466538],[-54.632216,-20.466529],[-54.632226,-20.466529],[-54.632226,-20.46652],[-54.632236,-20.46652],[-54.632236,-20.466511],[-54.632245,-20.466511],[-54.632246,-20.466502],[-54.632255,-20.466502],[-54.632255,-20.466493],[-54.632265,-20.466493],[-54.632265,-20.466484],[-54.632275,-20.466484],[-54.632275,-20.466475],[-54.632284,-20.466476],[-54.632284,-20.466467],[-54.632294,-20.466467],[-54.632294,-20.466458],[-54.632304,-20.466458],[-54.632304,-20.466449],[-54.632313,-20.466449],[-54.632314,-20.46644],[-54.632323,-20.46644],[-54.632323,-20.466431],[-54.632333,-20.466431],[-54.632333,-20.466422],[-54.632343,-20.466422],[-54.632343,-20.466413],[-54.632352,-20.466413],[-54.632352,-20.466404],[-54.632362,-20.466404],[-54.632362,-20.466395],[-54.632372,-20.466395],[-54.632372,-20.466386],[-54.632381,-20.466387],[-54.632382,-20.466378],[-54.632391,-20.466378],[-54.632391,-20.466369],[-54.632401,-20.466369],[-54.632401,-20.46636],[-54.632411,-20.46636],[-54.632411,-20.466351],[-54.63242,-20.466351],[-54.63242,-20.466342],[-54.63243,-20.466342],[-54.63243,-20.466333],[-54.63244,-20.466333],[-54.63244,-20.466324],[-54.632449,-20.466324],[-54.63245,-20.466315],[-54.632459,-20.466315],[-54.632459,-20.466306],[-54.632469,-20.466306],[-54.632469,-20.466288],[-54.632479,-20.466289],[-54.632479,-20.46628],[-54.632489,-20.46628],[-54.632489,-20.466271],[-54.632498,-20.466271],[-54.632498,-20.466262],[-54.632508,-20.466262],[-54.632508,-20.466253],[-54.632518,-20.466253],[-54.632518,-20.466244],[-54.632527,-20.466244],[-54.632528,-20.466235],[-54.632537,-20.466235],[-54.632537,-20.466226],[-54.632547,-20.466226],[-54.632547,-20.466217],[-54.632557,-20.466217],[-54.632557,-20.466208],[-54.632566,-20.466208],[-54.632566,-20.466199],[-54.632576,-20.4662],[-54.632576,-20.466191],[-54.632586,-20.466191],[-54.632586,-20.466182],[-54.632595,-20.466182],[-54.632596,-20.466173],[-54.632615,-20.466173],[-54.632615,-20.466164],[-54.632634,-20.466164],[-54.632634,-20.466155],[-54.632653,-20.466155],[-54.632653,-20.466146],[-54.632663,-20.466147],[-54.632663,-20.466138],[-54.632673,-20.466138],[-54.632673,-20.466129],[-54.632682,-20.466129],[-54.632683,-20.46612],[-54.632692,-20.46612],[-54.632692,-20.466111],[-54.632702,-20.466111],[-54.632702,-20.466102],[-54.632712,-20.466102],[-54.632712,-20.466093],[-54.632721,-20.466093],[-54.632721,-20.466084],[-54.632731,-20.466084],[-54.632731,-20.466075],[-54.632741,-20.466075],[-54.632741,-20.466066],[-54.63275,-20.466066],[-54.632751,-20.466057],[-54.63276,-20.466058],[-54.63276,-20.466049],[-54.63277,-20.466049],[-54.63277,-20.46604],[-54.632789,-20.46604],[-54.632789,-20.466031],[-54.632809,-20.466031],[-54.632809,-20.466022],[-54.632828,-20.466022],[-54.632828,-20.466013],[-54.632857,-20.466014],[-54.632857,-20.466005],[-54.632876,-20.466005],[-54.632876,-20.465996],[-54.632895,-20.465996],[-54.632895,-20.465987],[-54.632915,-20.465987],[-54.632915,-20.465978],[-54.632943,-20.465979],[-54.632944,-20.46597],[-54.632963,-20.46597],[-54.632963,-20.465961],[-54.632982,-20.465961],[-54.632982,-20.465952],[-54.633011,-20.465953],[-54.633011,-20.465944],[-54.633021,-20.465944],[-54.633021,-20.465935],[-54.63304,-20.465935],[-54.63304,-20.465926],[-54.633059,-20.465926],[-54.633059,-20.465917],[-54.633079,-20.465917],[-54.633079,-20.465908],[-54.633098,-20.465909],[-54.633098,-20.4659],[-54.633117,-20.4659],[-54.633117,-20.465891],[-54.633136,-20.465891],[-54.633137,-20.465882],[-54.633156,-20.465882],[-54.633156,-20.465873],[-54.633175,-20.465874],[-54.633175,-20.465865],[-54.633194,-20.465865],[-54.633194,-20.465856],[-54.633214,-20.465856],[-54.633214,-20.465847],[-54.633233,-20.465847],[-54.633233,-20.465838],[-54.633252,-20.465839],[-54.633252,-20.46583],[-54.633272,-20.46583],[-54.633272,-20.465821],[-54.633291,-20.465821],[-54.633291,-20.465812],[-54.63331,-20.465812],[-54.63331,-20.465803],[-54.633329,-20.465803],[-54.63333,-20.465794],[-54.633349,-20.465795],[-54.633349,-20.465786],[-54.633358,-20.465786],[-54.633359,-20.465777],[-54.633368,-20.465777],[-54.633368,-20.465768],[-54.633378,-20.465768],[-54.633378,-20.465759],[-54.633388,-20.465759],[-54.633388,-20.46575],[-54.633397,-20.46575],[-54.633397,-20.465741],[-54.633407,-20.465741],[-54.633407,-20.465732],[-54.633417,-20.465732],[-54.633417,-20.465723],[-54.633426,-20.465724],[-54.633427,-20.465714],[-54.633436,-20.465715],[-54.633436,-20.465706],[-54.633446,-20.465706],[-54.633446,-20.465697],[-54.633456,-20.465697],[-54.633456,-20.465688],[-54.633465,-20.465688],[-54.633466,-20.465679],[-54.633475,-20.465679],[-54.633475,-20.46567],[-54.633485,-20.46567],[-54.633485,-20.465661],[-54.633495,-20.465661],[-54.633495,-20.465652],[-54.633504,-20.465652],[-54.633504,-20.465643],[-54.633514,-20.465643],[-54.633514,-20.465634],[-54.633524,-20.465635],[-54.633524,-20.465626],[-54.633533,-20.465626],[-54.633534,-20.465617],[-54.633543,-20.465617],[-54.633543,-20.465608],[-54.633562,-20.465608],[-54.633563,-20.465599],[-54.63363,-20.4656],[-54.63363,-20.465591],[-54.633678,-20.465591],[-54.633678,-20.465582],[-54.633745,-20.465583],[-54.633745,-20.465574],[-54.633755,-20.465574],[-54.633755,-20.465565],[-54.633764,-20.465566],[-54.633764,-20.465557],[-54.633774,-20.465557],[-54.633774,-20.465548],[-54.633784,-20.465548],[-54.633784,-20.465539],[-54.633793,-20.465539],[-54.633794,-20.46553],[-54.633803,-20.46553],[-54.633803,-20.465521],[-54.633813,-20.465521],[-54.633813,-20.465512],[-54.633823,-20.465512],[-54.633823,-20.465503],[-54.633832,-20.465503],[-54.633832,-20.465494],[-54.633842,-20.465494],[-54.633842,-20.465485],[-54.633852,-20.465485],[-54.633852,-20.465476],[-54.633861,-20.465477],[-54.633862,-20.465468],[-54.633871,-20.465468],[-54.633871,-20.465459],[-54.633881,-20.465459],[-54.633881,-20.46545],[-54.633891,-20.46545],[-54.633891,-20.465441],[-54.6339,-20.465441],[-54.6339,-20.465432],[-54.63391,-20.465432],[-54.63391,-20.465423],[-54.63392,-20.465423],[-54.63392,-20.465414],[-54.633929,-20.465414],[-54.63393,-20.465405],[-54.633939,-20.465405],[-54.633939,-20.465396],[-54.633949,-20.465397],[-54.633949,-20.465387],[-54.633959,-20.465388],[-54.633959,-20.465379],[-54.633968,-20.465379],[-54.633969,-20.46537],[-54.633978,-20.46537],[-54.633978,-20.465361],[-54.633988,-20.465361],[-54.633988,-20.465352],[-54.633998,-20.465352],[-54.633998,-20.465343],[-54.634007,-20.465343],[-54.634007,-20.465334],[-54.634017,-20.465334],[-54.634017,-20.465325],[-54.634027,-20.465325],[-54.634027,-20.465316],[-54.634036,-20.465316],[-54.634037,-20.465307],[-54.634046,-20.465308],[-54.634046,-20.465298],[-54.634056,-20.465299],[-54.634056,-20.46529],[-54.634066,-20.46529],[-54.634066,-20.465281],[-54.634075,-20.465281],[-54.634075,-20.465272],[-54.634085,-20.465272],[-54.634085,-20.465263],[-54.634095,-20.465263],[-54.634095,-20.465254],[-54.634104,-20.465254],[-54.634105,-20.465245],[-54.634114,-20.465245],[-54.634114,-20.465236],[-54.634124,-20.465236],[-54.634124,-20.465227],[-54.634134,-20.465227],[-54.634134,-20.465218],[-54.634143,-20.465219],[-54.634144,-20.4652],[-54.634153,-20.465201],[-54.634153,-20.465192],[-54.634163,-20.465192],[-54.634163,-20.465183],[-54.634173,-20.465183],[-54.634173,-20.465174],[-54.634182,-20.465174],[-54.634182,-20.465165],[-54.634192,-20.465165],[-54.634192,-20.465156],[-54.634202,-20.465156],[-54.634202,-20.465147],[-54.634211,-20.465147],[-54.634212,-20.465138],[-54.634221,-20.465138],[-54.634221,-20.465129],[-54.634231,-20.465129],[-54.634231,-20.46512],[-54.634241,-20.465121],[-54.634241,-20.465112],[-54.63425,-20.465112],[-54.63425,-20.465103],[-54.63426,-20.465103],[-54.63426,-20.465094],[-54.63427,-20.465094],[-54.63427,-20.465085],[-54.63428,-20.465085],[-54.63428,-20.465076],[-54.634289,-20.465076],[-54.634289,-20.465067],[-54.634299,-20.465067],[-54.634299,-20.465058],[-54.634337,-20.465059],[-54.634338,-20.46505],[-54.634347,-20.46505],[-54.634347,-20.465041],[-54.634357,-20.465041],[-54.634357,-20.465032],[-54.634367,-20.465032],[-54.634367,-20.465023],[-54.634376,-20.465023],[-54.634376,-20.465014],[-54.634386,-20.465014],[-54.634386,-20.465005],[-54.634396,-20.465005],[-54.634396,-20.464996],[-54.634405,-20.464996],[-54.634406,-20.464987],[-54.634415,-20.464987],[-54.634415,-20.464978],[-54.634425,-20.464979],[-54.634425,-20.46497],[-54.634435,-20.46497],[-54.634435,-20.464961],[-54.634444,-20.464961],[-54.634444,-20.464952],[-54.634454,-20.464952],[-54.634454,-20.464943],[-54.634464,-20.464943],[-54.634464,-20.464934],[-54.634473,-20.464934],[-54.634474,-20.464925],[-54.634483,-20.464925],[-54.634483,-20.464916],[-54.634493,-20.464916],[-54.634493,-20.464907],[-54.634503,-20.464907],[-54.634503,-20.464898],[-54.634512,-20.464898],[-54.634512,-20.464889],[-54.634522,-20.46489],[-54.634522,-20.464881],[-54.634532,-20.464881],[-54.634532,-20.464872],[-54.634541,-20.464872],[-54.634542,-20.464863],[-54.634551,-20.464863],[-54.634551,-20.464854],[-54.634561,-20.464854],[-54.634561,-20.464845],[-54.634571,-20.464845],[-54.634571,-20.464836],[-54.63458,-20.464836],[-54.63458,-20.464827],[-54.63459,-20.464827],[-54.63459,-20.464818],[-54.6346,-20.464818],[-54.6346,-20.464809],[-54.63461,-20.464809],[-54.63461,-20.4648],[-54.634619,-20.464801],[-54.634619,-20.464792],[-54.634629,-20.464792],[-54.634629,-20.464783],[-54.634639,-20.464783],[-54.634639,-20.464774],[-54.634648,-20.464774],[-54.634649,-20.464765],[-54.634658,-20.464765],[-54.634658,-20.464756],[-54.634668,-20.464756],[-54.634668,-20.464747],[-54.634678,-20.464747],[-54.634678,-20.464738],[-54.634687,-20.464738],[-54.634687,-20.464729],[-54.634697,-20.464729],[-54.634697,-20.464711],[-54.634707,-20.464711],[-54.634707,-20.464702],[-54.634717,-20.464703],[-54.634717,-20.464694],[-54.634726,-20.464694],[-54.634726,-20.464685],[-54.634736,-20.464685],[-54.634736,-20.464676],[-54.634746,-20.464676],[-54.634746,-20.464667],[-54.634755,-20.464667],[-54.634756,-20.464658],[-54.634765,-20.464658],[-54.634766,-20.464595],[-54.634776,-20.464595],[-54.634782,-20.46418],[-54.634792,-20.46418],[-54.634792,-20.464171],[-54.634801,-20.464171],[-54.634801,-20.464162],[-54.634811,-20.464162],[-54.634811,-20.464153],[-54.634821,-20.464153],[-54.634821,-20.464144],[-54.634831,-20.464144],[-54.634831,-20.464135],[-54.63484,-20.464135],[-54.63484,-20.464126],[-54.63485,-20.464126],[-54.63485,-20.464117],[-54.63486,-20.464118],[-54.63486,-20.464109],[-54.634869,-20.464109],[-54.63487,-20.4641],[-54.634879,-20.4641],[-54.634879,-20.464091],[-54.634889,-20.464091],[-54.634889,-20.464073],[-54.634899,-20.464073],[-54.634899,-20.464046],[-54.634909,-20.464046],[-54.634909,-20.464028],[-54.634919,-20.464028],[-54.634919,-20.464001],[-54.634929,-20.464001],[-54.634929,-20.463983],[-54.634938,-20.463983],[-54.634939,-20.463956],[-54.634948,-20.463956],[-54.634949,-20.463938],[-54.634958,-20.463938],[-54.634959,-20.463911],[-54.634968,-20.463911],[-54.634969,-20.463893],[-54.634978,-20.463893],[-54.634978,-20.463884],[-54.634988,-20.463885],[-54.634988,-20.463875],[-54.634998,-20.463876],[-54.634998,-20.463867],[-54.635007,-20.463867],[-54.635007,-20.463858],[-54.635017,-20.463858],[-54.635017,-20.463849],[-54.635027,-20.463849],[-54.635027,-20.46384],[-54.635036,-20.46384],[-54.635037,-20.463831],[-54.635046,-20.463831],[-54.635046,-20.463822],[-54.635056,-20.463822],[-54.635056,-20.463813],[-54.635066,-20.463813],[-54.635066,-20.463804],[-54.635075,-20.463804],[-54.635075,-20.463795],[-54.635085,-20.463796],[-54.635085,-20.463787],[-54.635095,-20.463787],[-54.635095,-20.463778],[-54.635104,-20.463778],[-54.635105,-20.463769],[-54.635114,-20.463769],[-54.635114,-20.46376],[-54.635124,-20.46376],[-54.635124,-20.463751],[-54.635134,-20.463751],[-54.635134,-20.463742],[-54.635143,-20.463742],[-54.635143,-20.463733],[-54.635153,-20.463733],[-54.635153,-20.463724],[-54.635163,-20.463724],[-54.635163,-20.463715],[-54.635172,-20.463715],[-54.635173,-20.463706],[-54.635182,-20.463707],[-54.635182,-20.463698],[-54.635192,-20.463698],[-54.635192,-20.463689],[-54.635202,-20.463689],[-54.635202,-20.46368],[-54.635211,-20.46368],[-54.635211,-20.463671],[-54.635221,-20.463671],[-54.635221,-20.463662],[-54.635231,-20.463662],[-54.635231,-20.463653],[-54.63524,-20.463653],[-54.635241,-20.463644],[-54.63525,-20.463644],[-54.63525,-20.463635],[-54.63526,-20.463635],[-54.63526,-20.463626],[-54.63527,-20.463626],[-54.63527,-20.463617],[-54.635279,-20.463618],[-54.635279,-20.463609],[-54.635289,-20.463609],[-54.635289,-20.4636],[-54.635299,-20.4636],[-54.635299,-20.463591],[-54.635309,-20.463591],[-54.635309,-20.463582],[-54.635318,-20.463582],[-54.635318,-20.463573],[-54.635328,-20.463573],[-54.635328,-20.463564],[-54.635338,-20.463564],[-54.635338,-20.463555],[-54.635347,-20.463555],[-54.635348,-20.463537],[-54.635376,-20.463538],[-54.635377,-20.463529],[-54.635386,-20.463529],[-54.635386,-20.46352],[-54.635396,-20.46352],[-54.635396,-20.463511],[-54.635406,-20.463511],[-54.635406,-20.463502],[-54.635415,-20.463502],[-54.635415,-20.463493],[-54.635444,-20.463493],[-54.635444,-20.463484],[-54.635454,-20.463484],[-54.635454,-20.463475],[-54.635464,-20.463476],[-54.635464,-20.463467],[-54.635473,-20.463467],[-54.635473,-20.463458],[-54.635483,-20.463458],[-54.635483,-20.463449],[-54.635493,-20.463449],[-54.635493,-20.46344],[-54.635502,-20.46344],[-54.635503,-20.463431],[-54.635512,-20.463431],[-54.635516,-20.463196],[-54.635525,-20.463196],[-54.635525,-20.463187],[-54.635535,-20.463188],[-54.635535,-20.463179],[-54.635545,-20.463179],[-54.635545,-20.46317],[-54.635554,-20.46317],[-54.635555,-20.463161],[-54.635564,-20.463161],[-54.635564,-20.463152],[-54.635574,-20.463152],[-54.635574,-20.463143],[-54.635584,-20.463143],[-54.635584,-20.463134],[-54.635593,-20.463134],[-54.635594,-20.463125],[-54.635603,-20.463125],[-54.635603,-20.463116],[-54.635613,-20.463116],[-54.635613,-20.463107],[-54.635623,-20.463108],[-54.635623,-20.463098],[-54.635632,-20.463099],[-54.635632,-20.46309],[-54.635642,-20.46309],[-54.635642,-20.463081],[-54.635652,-20.463081],[-54.635652,-20.463072],[-54.635661,-20.463072],[-54.635662,-20.463063],[-54.635671,-20.463063],[-54.635671,-20.463054],[-54.635681,-20.463054],[-54.635681,-20.463045],[-54.635691,-20.463045],[-54.635691,-20.463036],[-54.6357,-20.463036],[-54.6357,-20.463027],[-54.63571,-20.463027],[-54.63571,-20.463018],[-54.63572,-20.463019],[-54.63572,-20.463],[-54.63573,-20.463001],[-54.63573,-20.462964],[-54.63574,-20.462965],[-54.63574,-20.462956],[-54.635749,-20.462956],[-54.63575,-20.462947],[-54.635759,-20.462947],[-54.635759,-20.462938],[-54.635769,-20.462938],[-54.635769,-20.462929],[-54.635779,-20.462929],[-54.635779,-20.46292],[-54.635788,-20.46292],[-54.635788,-20.462911],[-54.635798,-20.462911],[-54.635798,-20.462902],[-54.635808,-20.462902],[-54.635808,-20.462893],[-54.635817,-20.462893],[-54.635818,-20.462884],[-54.635827,-20.462885],[-54.635827,-20.462876],[-54.635837,-20.462876],[-54.635837,-20.462867],[-54.635847,-20.462867],[-54.635847,-20.462858],[-54.635856,-20.462858],[-54.635856,-20.462849],[-54.635866,-20.462849],[-54.635866,-20.46284],[-54.635876,-20.46284],[-54.635876,-20.462831],[-54.635885,-20.462831],[-54.635886,-20.462822],[-54.635895,-20.462822],[-54.635895,-20.462804],[-54.635905,-20.462804],[-54.635905,-20.462786],[-54.635905,-20.462777],[-54.635915,-20.462777],[-54.635915,-20.462759],[-54.635925,-20.462759],[-54.635925,-20.462732],[-54.635935,-20.462732],[-54.635935,-20.462705],[-54.635945,-20.462706],[-54.635945,-20.462678],[-54.635955,-20.462679],[-54.635955,-20.462651],[-54.635965,-20.462652],[-54.635965,-20.462634],[-54.635975,-20.462634],[-54.635982,-20.462164],[-54.635972,-20.462164],[-54.635973,-20.462119],[-54.635963,-20.462119],[-54.635965,-20.46201],[-54.635975,-20.462011],[-54.635975,-20.461984],[-54.635985,-20.461984],[-54.635985,-20.461948],[-54.635995,-20.461948],[-54.635995,-20.461912],[-54.636005,-20.461912],[-54.636005,-20.461885],[-54.636015,-20.461885],[-54.636015,-20.461849],[-54.636025,-20.461849],[-54.636026,-20.461813],[-54.636035,-20.461813],[-54.636035,-20.461804],[-54.636045,-20.461804],[-54.636045,-20.461795],[-54.636055,-20.461795],[-54.636055,-20.461786],[-54.636064,-20.461786],[-54.636065,-20.461777],[-54.636074,-20.461777],[-54.636074,-20.461768],[-54.636084,-20.461768],[-54.636084,-20.461759],[-54.636094,-20.461759],[-54.636094,-20.46175],[-54.636103,-20.46175],[-54.636103,-20.461741],[-54.636113,-20.461742],[-54.636113,-20.461724],[-54.636123,-20.461724],[-54.636123,-20.461697],[-54.636133,-20.461697],[-54.636133,-20.461661],[-54.636143,-20.461661],[-54.636143,-20.461634],[-54.636153,-20.461634],[-54.636153,-20.461607],[-54.636163,-20.461607],[-54.636163,-20.461571],[-54.636173,-20.461571],[-54.636173,-20.461544],[-54.636183,-20.461544],[-54.636184,-20.461508],[-54.636193,-20.461508],[-54.636194,-20.461463],[-54.636203,-20.461463],[-54.636204,-20.461454],[-54.636213,-20.461454],[-54.636214,-20.461427],[-54.636223,-20.461427],[-54.636223,-20.461409],[-54.636233,-20.461409],[-54.636233,-20.461391],[-54.636243,-20.461391],[-54.636243,-20.461382],[-54.636253,-20.461382],[-54.636253,-20.461373],[-54.636262,-20.461373],[-54.636262,-20.461364],[-54.636272,-20.461364],[-54.636272,-20.461346],[-54.636282,-20.461347],[-54.636282,-20.461319],[-54.636292,-20.46132],[-54.636292,-20.461302],[-54.636302,-20.461302],[-54.636302,-20.461284],[-54.636312,-20.461284],[-54.636312,-20.461266],[-54.636321,-20.461266],[-54.636322,-20.461248],[-54.636331,-20.461248],[-54.636332,-20.461203],[-54.636342,-20.461203],[-54.636342,-20.461194],[-54.636351,-20.461194],[-54.636351,-20.461185],[-54.636361,-20.461185],[-54.636361,-20.461176],[-54.636371,-20.461176],[-54.636371,-20.461167],[-54.63638,-20.461167],[-54.636381,-20.461158],[-54.63639,-20.461158],[-54.63639,-20.46114],[-54.6364,-20.46114],[-54.636404,-20.460852],[-54.636395,-20.460851],[-54.636401,-20.460463],[-54.636391,-20.460463],[-54.636393,-20.460355],[-54.636383,-20.460355],[-54.636383,-20.460346],[-54.636374,-20.460345],[-54.636374,-20.460336],[-54.636364,-20.460336],[-54.636365,-20.460327],[-54.636355,-20.460327],[-54.636355,-20.460318],[-54.636346,-20.460318],[-54.636346,-20.460309],[-54.636336,-20.460309],[-54.636336,-20.4603],[-54.636327,-20.4603],[-54.636327,-20.460291],[-54.636317,-20.46029],[-54.636317,-20.460281],[-54.636308,-20.460281],[-54.636308,-20.460272],[-54.636298,-20.460272],[-54.636298,-20.460263],[-54.636289,-20.460263],[-54.636289,-20.460227],[-54.63628,-20.460227],[-54.636281,-20.460173],[-54.636271,-20.460172],[-54.636272,-20.460118],[-54.636262,-20.460118],[-54.636266,-20.459856],[-54.636276,-20.459856],[-54.636276,-20.459829],[-54.636286,-20.459829],[-54.636286,-20.459802],[-54.636296,-20.459803],[-54.636296,-20.459784],[-54.636306,-20.459785],[-54.636306,-20.459758],[-54.636316,-20.459758],[-54.636316,-20.459731],[-54.636326,-20.459731],[-54.636326,-20.459704],[-54.636336,-20.459704],[-54.636336,-20.459677],[-54.636346,-20.459677],[-54.636346,-20.459659],[-54.636356,-20.459659],[-54.636356,-20.459632],[-54.636366,-20.459632],[-54.636366,-20.459614],[-54.636375,-20.459614],[-54.636376,-20.459587],[-54.636385,-20.459587],[-54.636386,-20.459569],[-54.636395,-20.459569],[-54.636396,-20.459551],[-54.636405,-20.459551],[-54.636406,-20.459488],[-54.636397,-20.459488],[-54.636397,-20.459434],[-54.636388,-20.459434],[-54.636392,-20.459172],[-54.636401,-20.459172],[-54.636409,-20.458693],[-54.636399,-20.458693],[-54.636399,-20.458684],[-54.63639,-20.458684],[-54.63639,-20.458675],[-54.63638,-20.458675],[-54.63638,-20.458666],[-54.636371,-20.458666],[-54.636371,-20.458657],[-54.636361,-20.458657],[-54.636362,-20.458648],[-54.636352,-20.458647],[-54.636352,-20.458638],[-54.636343,-20.458638],[-54.636343,-20.458629],[-54.636333,-20.458629],[-54.636333,-20.45862],[-54.636324,-20.45862],[-54.636324,-20.458611],[-54.636314,-20.458611],[-54.636314,-20.458593],[-54.636305,-20.458593],[-54.636305,-20.458575],[-54.636296,-20.458574],[-54.636296,-20.458556],[-54.636286,-20.458556],[-54.636287,-20.458538],[-54.636277,-20.458538],[-54.636277,-20.458529],[-54.636268,-20.458529],[-54.636268,-20.45852],[-54.636258,-20.45852],[-54.636258,-20.458511],[-54.636249,-20.458511],[-54.636249,-20.458502],[-54.636239,-20.458501],[-54.636239,-20.458492],[-54.63623,-20.458492],[-54.63623,-20.458483],[-54.63622,-20.458483],[-54.63622,-20.458474],[-54.636211,-20.458474],[-54.636211,-20.458465],[-54.636201,-20.458465],[-54.636202,-20.458456],[-54.636192,-20.458456],[-54.636192,-20.458438],[-54.636183,-20.458437],[-54.636183,-20.458428],[-54.636173,-20.458428],[-54.636173,-20.458419],[-54.636164,-20.458419],[-54.636164,-20.45841],[-54.636154,-20.45841],[-54.636155,-20.458401],[-54.636145,-20.458401],[-54.636145,-20.458392],[-54.636136,-20.458392],[-54.636136,-20.458383],[-54.636126,-20.458382],[-54.636126,-20.458373],[-54.636117,-20.458373],[-54.636117,-20.458364],[-54.636107,-20.458364],[-54.636107,-20.458355],[-54.636098,-20.458355],[-54.636098,-20.458328],[-54.636089,-20.458328],[-54.636089,-20.458301],[-54.636079,-20.458301],[-54.63608,-20.458273],[-54.63607,-20.458273],[-54.636071,-20.458246],[-54.636061,-20.458246],[-54.636067,-20.45784],[-54.636048,-20.45784],[-54.636048,-20.457831],[-54.636039,-20.45783],[-54.636039,-20.457821],[-54.636029,-20.457821],[-54.636029,-20.457812],[-54.63601,-20.457812],[-54.63601,-20.457803],[-54.636001,-20.457803],[-54.636001,-20.457794],[-54.635982,-20.457794],[-54.635982,-20.457784],[-54.635972,-20.457784],[-54.635972,-20.457775],[-54.635953,-20.457775],[-54.635953,-20.457766],[-54.635944,-20.457766],[-54.635944,-20.457757],[-54.635934,-20.457757],[-54.635935,-20.457748],[-54.635915,-20.457747],[-54.635916,-20.457738],[-54.635906,-20.457738],[-54.635906,-20.457729],[-54.635887,-20.457729],[-54.635887,-20.45772],[-54.635878,-20.45772],[-54.635878,-20.457711],[-54.635868,-20.457711],[-54.635868,-20.457702],[-54.635849,-20.457701],[-54.635849,-20.457692],[-54.63584,-20.457692],[-54.63584,-20.457683],[-54.635821,-20.457683],[-54.635821,-20.457674],[-54.635811,-20.457674],[-54.635812,-20.457647],[-54.635802,-20.457647],[-54.635802,-20.457629],[-54.635793,-20.457628],[-54.635793,-20.45761],[-54.635783,-20.45761],[-54.635784,-20.457592],[-54.635774,-20.457592],[-54.635774,-20.457574],[-54.635765,-20.457574],[-54.635765,-20.457556],[-54.635755,-20.457556],[-54.635756,-20.457538],[-54.635746,-20.457537],[-54.635746,-20.457519],[-54.635737,-20.457519],[-54.635737,-20.457501],[-54.635728,-20.457501],[-54.635728,-20.457483],[-54.635718,-20.457483],[-54.635719,-20.457465],[-54.635709,-20.457465],[-54.635709,-20.457447],[-54.6357,-20.457447],[-54.6357,-20.457428],[-54.63569,-20.457428],[-54.635691,-20.45741],[-54.635681,-20.45741],[-54.635681,-20.457392],[-54.635691,-20.457392],[-54.6357,-20.456814],[-54.635709,-20.456815],[-54.635709,-20.456805],[-54.635719,-20.456806],[-54.635729,-20.456165],[-54.635719,-20.456164],[-54.635719,-20.456155],[-54.63571,-20.456155],[-54.63571,-20.456146],[-54.6357,-20.456146],[-54.635701,-20.456137],[-54.635691,-20.456137],[-54.635691,-20.456128],[-54.635682,-20.456128],[-54.635682,-20.456119],[-54.635672,-20.456119],[-54.635672,-20.45611],[-54.635663,-20.45611],[-54.635674,-20.455351],[-54.635665,-20.455351],[-54.635689,-20.453762],[-54.635699,-20.453762],[-54.635699,-20.453753],[-54.635708,-20.453753],[-54.635708,-20.453744],[-54.635718,-20.453744],[-54.635718,-20.453735],[-54.635747,-20.453736],[-54.635747,-20.453727],[-54.635757,-20.453727],[-54.635919,-20.453729],[-54.63592,-20.45372],[-54.636082,-20.453722],[-54.636083,-20.453713],[-54.636245,-20.453715],[-54.636246,-20.453706]]]]},"properties":{"Nome":"MB ANHA7","Bacia":"ANHANDUI"}}]}