{"type":"FeatureCollection","features":[{"type":"Feature","geometry":{"type":"MultiPolygon","coordinates":[[[[-54.669527,-20.542691],[-54.669537,-20.542691],[-54.669537,-20.5427],[-54.669546,-20.5427],[-54.669546,-20.542718],[-54.669556,-20.542718],[-54.669555,-20.542754],[-54.669565,-20.542754],[-54.669564,-20.54279],[-54.669574,-20.542791],[-54.669573,-20.542827],[-54.669583,-20.542827],[-54.669582,-20.542863],[-54.669592,-20.542863],[-54.669591,-20.542899],[-54.669601,-20.542899],[-54.6696,-20.542935],[-54.66961,-20.542936],[-54.669609,-20.542972],[-54.669619,-20.542972],[-54.669618,-20.543008],[-54.669628,-20.543008],[-54.669627,-20.543044],[-54.669637,-20.543044],[-54.669636,-20.54308],[-54.669646,-20.543081],[-54.669645,-20.543117],[-54.669655,-20.543117],[-54.669654,-20.543153],[-54.669664,-20.543153],[-54.669663,-20.543189],[-54.669673,-20.543189],[-54.669673,-20.543225],[-54.669682,-20.543226],[-54.669682,-20.543262],[-54.669691,-20.543262],[-54.669691,-20.543298],[-54.6697,-20.543298],[-54.6697,-20.543334],[-54.669709,-20.543334],[-54.669709,-20.54337],[-54.669728,-20.543371],[-54.669728,-20.54338],[-54.669747,-20.54338],[-54.669747,-20.543389],[-54.669766,-20.543389],[-54.669766,-20.543398],[-54.669785,-20.543398],[-54.669785,-20.543407],[-54.669804,-20.543408],[-54.669804,-20.543417],[-54.669813,-20.543417],[-54.669813,-20.543426],[-54.669832,-20.543426],[-54.669832,-20.543435],[-54.669851,-20.543435],[-54.669851,-20.543445],[-54.669871,-20.543445],[-54.66987,-20.543454],[-54.66988,-20.543454],[-54.66988,-20.543463],[-54.669899,-20.543463],[-54.669899,-20.543472],[-54.669918,-20.543473],[-54.669918,-20.543482],[-54.669937,-20.543482],[-54.669937,-20.543491],[-54.669956,-20.543491],[-54.669956,-20.5435],[-54.669966,-20.5435],[-54.669965,-20.543509],[-54.669985,-20.54351],[-54.669984,-20.543519],[-54.670004,-20.543519],[-54.670003,-20.543528],[-54.670023,-20.543528],[-54.670023,-20.543537],[-54.670042,-20.543537],[-54.670042,-20.543546],[-54.670051,-20.543547],[-54.670051,-20.543556],[-54.67007,-20.543556],[-54.67007,-20.543565],[-54.670089,-20.543565],[-54.670089,-20.543574],[-54.670108,-20.543574],[-54.670108,-20.543583],[-54.670118,-20.543584],[-54.670118,-20.543593],[-54.670137,-20.543593],[-54.670137,-20.543602],[-54.670156,-20.543602],[-54.670156,-20.543611],[-54.670175,-20.543611],[-54.670175,-20.54362],[-54.670194,-20.543621],[-54.670194,-20.54363],[-54.670203,-20.54363],[-54.670203,-20.543639],[-54.670232,-20.543639],[-54.670232,-20.543648],[-54.67027,-20.543649],[-54.67027,-20.54364],[-54.670337,-20.543641],[-54.670337,-20.543632],[-54.670405,-20.543633],[-54.670405,-20.543624],[-54.670472,-20.543624],[-54.670472,-20.543615],[-54.670539,-20.543616],[-54.670539,-20.543607],[-54.670606,-20.543608],[-54.670606,-20.543599],[-54.670673,-20.5436],[-54.670674,-20.543591],[-54.670693,-20.543591],[-54.670693,-20.5436],[-54.670683,-20.5436],[-54.670676,-20.54407],[-54.670666,-20.54407],[-54.670666,-20.544088],[-54.670657,-20.544087],[-54.670656,-20.544106],[-54.670647,-20.544105],[-54.670646,-20.544123],[-54.670637,-20.544123],[-54.670637,-20.544132],[-54.670627,-20.544132],[-54.670627,-20.54415],[-54.670617,-20.54415],[-54.670617,-20.544168],[-54.670607,-20.544168],[-54.670607,-20.544177],[-54.670598,-20.544177],[-54.670597,-20.544195],[-54.670588,-20.544195],[-54.670587,-20.544213],[-54.670578,-20.544213],[-54.670578,-20.544231],[-54.670568,-20.544231],[-54.670568,-20.54424],[-54.670558,-20.54424],[-54.670558,-20.544258],[-54.670548,-20.544258],[-54.670548,-20.544276],[-54.670539,-20.544276],[-54.670538,-20.544294],[-54.670529,-20.544293],[-54.670529,-20.544302],[-54.670519,-20.544302],[-54.670519,-20.54432],[-54.670509,-20.54432],[-54.670509,-20.544338],[-54.670499,-20.544338],[-54.670499,-20.544356],[-54.670489,-20.544356],[-54.670489,-20.544365],[-54.67048,-20.544365],[-54.670479,-20.544383],[-54.67047,-20.544383],[-54.67047,-20.544401],[-54.67046,-20.544401],[-54.67046,-20.54441],[-54.670738,-20.544414],[-54.670738,-20.544423],[-54.670766,-20.544423],[-54.670766,-20.544432],[-54.670795,-20.544432],[-54.670795,-20.544442],[-54.670814,-20.544442],[-54.670814,-20.544451],[-54.670843,-20.544451],[-54.670843,-20.54446],[-54.670871,-20.544461],[-54.670871,-20.54447],[-54.67089,-20.54447],[-54.67089,-20.544479],[-54.670909,-20.544479],[-54.670909,-20.544488],[-54.670938,-20.544489],[-54.670938,-20.544498],[-54.670967,-20.544498],[-54.670967,-20.544507],[-54.670986,-20.544507],[-54.670986,-20.544516],[-54.671014,-20.544517],[-54.671014,-20.544526],[-54.671043,-20.544526],[-54.671043,-20.544535],[-54.671052,-20.544535],[-54.671052,-20.544544],[-54.671071,-20.544545],[-54.671071,-20.544554],[-54.671081,-20.544554],[-54.671081,-20.544563],[-54.6711,-20.544563],[-54.6711,-20.544572],[-54.671119,-20.544572],[-54.671119,-20.544581],[-54.671138,-20.544582],[-54.671138,-20.544591],[-54.671157,-20.544591],[-54.671157,-20.5446],[-54.671166,-20.5446],[-54.671166,-20.544609],[-54.671185,-20.544609],[-54.671185,-20.544618],[-54.671205,-20.544619],[-54.671204,-20.544628],[-54.671224,-20.544628],[-54.671223,-20.544637],[-54.671243,-20.544637],[-54.671242,-20.544646],[-54.671262,-20.544646],[-54.671261,-20.544655],[-54.671271,-20.544656],[-54.671271,-20.544665],[-54.67129,-20.544665],[-54.67129,-20.544674],[-54.671309,-20.544674],[-54.671309,-20.544683],[-54.671328,-20.544683],[-54.671328,-20.544693],[-54.671338,-20.544693],[-54.671337,-20.544702],[-54.671357,-20.544702],[-54.671357,-20.544711],[-54.671376,-20.544711],[-54.671376,-20.54472],[-54.671395,-20.544721],[-54.671395,-20.54473],[-54.671414,-20.54473],[-54.671414,-20.544739],[-54.671433,-20.544739],[-54.671433,-20.544748],[-54.671452,-20.544748],[-54.671452,-20.544757],[-54.671461,-20.544758],[-54.671461,-20.544767],[-54.67148,-20.544767],[-54.67148,-20.544794],[-54.671489,-20.544794],[-54.671489,-20.544803],[-54.671499,-20.544803],[-54.671499,-20.544812],[-54.671508,-20.544812],[-54.671508,-20.544839],[-54.671518,-20.54484],[-54.671517,-20.544867],[-54.671527,-20.544867],[-54.671526,-20.544894],[-54.671536,-20.544894],[-54.671535,-20.544921],[-54.671545,-20.544921],[-54.671545,-20.544948],[-54.671554,-20.544948],[-54.671554,-20.544966],[-54.671564,-20.544967],[-54.671563,-20.544994],[-54.671573,-20.544994],[-54.671572,-20.545021],[-54.671582,-20.545021],[-54.671581,-20.545048],[-54.671591,-20.545048],[-54.671591,-20.545075],[-54.6716,-20.545075],[-54.6716,-20.545094],[-54.67161,-20.545094],[-54.671609,-20.545121],[-54.671619,-20.545121],[-54.671619,-20.54513],[-54.671628,-20.54513],[-54.671628,-20.545139],[-54.671638,-20.545139],[-54.671637,-20.545148],[-54.671647,-20.545148],[-54.671647,-20.545157],[-54.671657,-20.545157],[-54.671656,-20.545167],[-54.671666,-20.545167],[-54.671666,-20.545176],[-54.671695,-20.545176],[-54.671694,-20.545185],[-54.671733,-20.545186],[-54.671733,-20.545195],[-54.671761,-20.545195],[-54.671761,-20.545204],[-54.67179,-20.545204],[-54.67179,-20.545213],[-54.671819,-20.545214],[-54.671819,-20.545223],[-54.671847,-20.545223],[-54.671847,-20.545232],[-54.671876,-20.545233],[-54.671876,-20.545242],[-54.671885,-20.545242],[-54.671885,-20.545251],[-54.671895,-20.545251],[-54.671895,-20.54526],[-54.671904,-20.54526],[-54.671904,-20.545269],[-54.671914,-20.545269],[-54.671914,-20.545278],[-54.671923,-20.545278],[-54.671923,-20.545287],[-54.671933,-20.545288],[-54.671932,-20.545297],[-54.671942,-20.545297],[-54.671942,-20.545306],[-54.671951,-20.545306],[-54.671951,-20.545315],[-54.671961,-20.545315],[-54.671961,-20.545324],[-54.67197,-20.545324],[-54.67197,-20.545333],[-54.67198,-20.545333],[-54.67198,-20.545342],[-54.671989,-20.545343],[-54.671989,-20.545352],[-54.671999,-20.545352],[-54.671999,-20.545361],[-54.672008,-20.545361],[-54.672008,-20.54537],[-54.672018,-20.54537],[-54.672017,-20.545379],[-54.672027,-20.545379],[-54.672027,-20.545388],[-54.672037,-20.545388],[-54.672036,-20.545397],[-54.672046,-20.545398],[-54.672046,-20.545407],[-54.672055,-20.545407],[-54.672055,-20.545416],[-54.672065,-20.545416],[-54.672065,-20.545425],[-54.672074,-20.545425],[-54.672074,-20.545434],[-54.672084,-20.545434],[-54.672084,-20.545443],[-54.672093,-20.545443],[-54.672093,-20.545452],[-54.672103,-20.545452],[-54.672103,-20.545461],[-54.672112,-20.545462],[-54.672112,-20.545471],[-54.672122,-20.545471],[-54.672121,-20.54548],[-54.672131,-20.54548],[-54.672131,-20.545489],[-54.67214,-20.545489],[-54.67214,-20.545498],[-54.672159,-20.545498],[-54.672159,-20.545507],[-54.672179,-20.545508],[-54.672178,-20.545517],[-54.672198,-20.545517],[-54.672197,-20.545526],[-54.672207,-20.545526],[-54.672207,-20.545535],[-54.672226,-20.545535],[-54.672226,-20.545544],[-54.672235,-20.545545],[-54.672235,-20.545554],[-54.672264,-20.545554],[-54.672264,-20.545563],[-54.672293,-20.545563],[-54.672293,-20.545572],[-54.672312,-20.545573],[-54.672312,-20.545582],[-54.67234,-20.545582],[-54.67234,-20.545591],[-54.672369,-20.545591],[-54.672369,-20.545601],[-54.672398,-20.545601],[-54.672397,-20.54561],[-54.672417,-20.54561],[-54.672417,-20.545619],[-54.672445,-20.54562],[-54.672445,-20.545629],[-54.672474,-20.545629],[-54.672474,-20.545638],[-54.672483,-20.545638],[-54.672483,-20.545647],[-54.672493,-20.545647],[-54.672493,-20.545656],[-54.672502,-20.545656],[-54.672502,-20.545666],[-54.672512,-20.545666],[-54.672511,-20.545729],[-54.67252,-20.545729],[-54.672516,-20.546],[-54.672526,-20.546],[-54.672523,-20.546162],[-54.672533,-20.546163],[-54.672533,-20.546172],[-54.672542,-20.546172],[-54.672542,-20.546181],[-54.672552,-20.546181],[-54.672552,-20.54619],[-54.672561,-20.54619],[-54.672561,-20.546199],[-54.672571,-20.546199],[-54.672571,-20.546208],[-54.67258,-20.546208],[-54.67258,-20.546217],[-54.67259,-20.546218],[-54.672589,-20.546227],[-54.672599,-20.546227],[-54.672599,-20.546236],[-54.672609,-20.546236],[-54.672608,-20.546245],[-54.672618,-20.546245],[-54.672618,-20.546254],[-54.672627,-20.546254],[-54.672627,-20.546263],[-54.672637,-20.546263],[-54.672637,-20.546272],[-54.672646,-20.546273],[-54.672646,-20.546282],[-54.672656,-20.546282],[-54.672656,-20.546291],[-54.672665,-20.546291],[-54.672665,-20.5463],[-54.672675,-20.5463],[-54.672675,-20.546309],[-54.672684,-20.546309],[-54.672684,-20.546318],[-54.672694,-20.546318],[-54.672693,-20.546327],[-54.672703,-20.546327],[-54.672703,-20.546336],[-54.672712,-20.546337],[-54.672712,-20.546346],[-54.672722,-20.546346],[-54.672722,-20.546355],[-54.672731,-20.546355],[-54.672731,-20.546364],[-54.672741,-20.546364],[-54.672741,-20.546373],[-54.67275,-20.546373],[-54.67275,-20.546382],[-54.67276,-20.546382],[-54.67276,-20.546391],[-54.672769,-20.546392],[-54.672768,-20.546464],[-54.672778,-20.546464],[-54.672777,-20.546473],[-54.672787,-20.546473],[-54.672787,-20.546482],[-54.672797,-20.546482],[-54.672796,-20.546491],[-54.672806,-20.546491],[-54.672806,-20.5465],[-54.672815,-20.546501],[-54.672815,-20.54651],[-54.672825,-20.54651],[-54.672825,-20.546519],[-54.672834,-20.546519],[-54.672834,-20.546528],[-54.672844,-20.546528],[-54.672844,-20.546537],[-54.672853,-20.546537],[-54.672853,-20.546546],[-54.672863,-20.546546],[-54.672863,-20.546555],[-54.672872,-20.546555],[-54.672872,-20.546574],[-54.672881,-20.546574],[-54.672878,-20.546817],[-54.672887,-20.546818],[-54.672887,-20.546827],[-54.672897,-20.546827],[-54.672897,-20.546836],[-54.672906,-20.546836],[-54.672906,-20.546845],[-54.672916,-20.546845],[-54.672916,-20.546854],[-54.672925,-20.546854],[-54.672925,-20.546863],[-54.672935,-20.546863],[-54.672934,-20.546872],[-54.672944,-20.546873],[-54.672944,-20.546882],[-54.672953,-20.546882],[-54.672953,-20.546891],[-54.672963,-20.546891],[-54.672963,-20.5469],[-54.672972,-20.5469],[-54.672972,-20.546909],[-54.672982,-20.546909],[-54.672982,-20.546918],[-54.672991,-20.546918],[-54.672991,-20.546927],[-54.673001,-20.546927],[-54.673001,-20.546936],[-54.67301,-20.546937],[-54.67301,-20.546946],[-54.67302,-20.546946],[-54.673019,-20.546955],[-54.673029,-20.546955],[-54.673029,-20.546964],[-54.673038,-20.546964],[-54.673038,-20.546973],[-54.673048,-20.546973],[-54.673048,-20.546982],[-54.673057,-20.546982],[-54.673057,-20.546991],[-54.673067,-20.546992],[-54.673067,-20.547001],[-54.673076,-20.547001],[-54.673076,-20.54701],[-54.673086,-20.54701],[-54.673086,-20.547019],[-54.673095,-20.547019],[-54.673095,-20.547028],[-54.673105,-20.547028],[-54.673104,-20.547037],[-54.673114,-20.547037],[-54.673114,-20.547046],[-54.673124,-20.547047],[-54.673123,-20.547056],[-54.673133,-20.547056],[-54.673133,-20.547065],[-54.673142,-20.547065],[-54.673142,-20.547074],[-54.673152,-20.547074],[-54.673152,-20.547083],[-54.673161,-20.547083],[-54.673161,-20.547092],[-54.673171,-20.547092],[-54.673171,-20.547101],[-54.67318,-20.547101],[-54.67318,-20.54711],[-54.67319,-20.547111],[-54.673189,-20.547129],[-54.673199,-20.547129],[-54.673199,-20.547138],[-54.673208,-20.547138],[-54.673208,-20.547147],[-54.673218,-20.547147],[-54.673218,-20.547156],[-54.673227,-20.547156],[-54.673227,-20.547165],[-54.673237,-20.547165],[-54.673237,-20.547174],[-54.673246,-20.547175],[-54.673246,-20.547184],[-54.673256,-20.547184],[-54.673256,-20.547193],[-54.673265,-20.547193],[-54.673265,-20.547202],[-54.673275,-20.547202],[-54.673274,-20.547211],[-54.673284,-20.547211],[-54.673284,-20.54722],[-54.673293,-20.54722],[-54.673293,-20.547229],[-54.673303,-20.54723],[-54.673303,-20.547239],[-54.673312,-20.547239],[-54.673312,-20.547248],[-54.673322,-20.547248],[-54.673322,-20.547257],[-54.673331,-20.547257],[-54.673331,-20.547275],[-54.673341,-20.547275],[-54.67334,-20.547284],[-54.67335,-20.547284],[-54.67335,-20.547293],[-54.673359,-20.547293],[-54.673359,-20.547303],[-54.673369,-20.547303],[-54.673369,-20.547312],[-54.673378,-20.547312],[-54.673378,-20.547321],[-54.673388,-20.547321],[-54.673388,-20.54733],[-54.673397,-20.54733],[-54.673397,-20.547339],[-54.673407,-20.547339],[-54.673407,-20.547348],[-54.673416,-20.547348],[-54.673416,-20.547357],[-54.673426,-20.547358],[-54.673425,-20.547367],[-54.673435,-20.547367],[-54.673435,-20.547376],[-54.673445,-20.547376],[-54.673444,-20.547385],[-54.673454,-20.547385],[-54.673454,-20.547394],[-54.673463,-20.547394],[-54.673463,-20.547403],[-54.673473,-20.547403],[-54.673473,-20.547412],[-54.673482,-20.547413],[-54.673482,-20.547431],[-54.673492,-20.547431],[-54.673491,-20.54744],[-54.673501,-20.54744],[-54.673501,-20.547449],[-54.673511,-20.547449],[-54.67351,-20.547458],[-54.67352,-20.547458],[-54.67352,-20.547467],[-54.673529,-20.547467],[-54.673529,-20.547476],[-54.673539,-20.547477],[-54.673539,-20.547486],[-54.673548,-20.547486],[-54.673548,-20.547495],[-54.673558,-20.547495],[-54.673558,-20.547504],[-54.673567,-20.547504],[-54.673567,-20.547513],[-54.673577,-20.547513],[-54.673577,-20.547522],[-54.673586,-20.547522],[-54.673586,-20.547531],[-54.673596,-20.547531],[-54.673595,-20.54754],[-54.673605,-20.547541],[-54.673605,-20.54755],[-54.673614,-20.54755],[-54.673614,-20.547559],[-54.673624,-20.547559],[-54.673624,-20.547568],[-54.673633,-20.547568],[-54.673633,-20.547586],[-54.673643,-20.547586],[-54.673643,-20.547595],[-54.673652,-20.547595],[-54.673652,-20.547604],[-54.673662,-20.547605],[-54.673661,-20.547614],[-54.673671,-20.547614],[-54.673671,-20.547623],[-54.67368,-20.547623],[-54.67368,-20.547632],[-54.67369,-20.547632],[-54.67369,-20.547641],[-54.673699,-20.547641],[-54.673699,-20.54765],[-54.673709,-20.54765],[-54.673709,-20.547659],[-54.673718,-20.54766],[-54.673718,-20.547669],[-54.673728,-20.547669],[-54.673728,-20.547678],[-54.673737,-20.547678],[-54.673737,-20.547687],[-54.673747,-20.547687],[-54.673746,-20.547696],[-54.673756,-20.547696],[-54.673756,-20.547705],[-54.673765,-20.547705],[-54.673765,-20.547714],[-54.673775,-20.547714],[-54.673775,-20.547724],[-54.673784,-20.547724],[-54.673784,-20.547742],[-54.673794,-20.547742],[-54.673794,-20.547751],[-54.673803,-20.547751],[-54.673803,-20.54776],[-54.673813,-20.54776],[-54.673812,-20.547769],[-54.673822,-20.547769],[-54.673822,-20.547778],[-54.673832,-20.547778],[-54.673831,-20.547787],[-54.673841,-20.547788],[-54.673841,-20.547797],[-54.67385,-20.547797],[-54.67385,-20.547806],[-54.67386,-20.547806],[-54.67386,-20.547815],[-54.673869,-20.547815],[-54.673869,-20.547824],[-54.673879,-20.547824],[-54.673879,-20.547833],[-54.673888,-20.547833],[-54.673888,-20.547842],[-54.673898,-20.547843],[-54.673898,-20.547852],[-54.673917,-20.547852],[-54.673917,-20.547861],[-54.673926,-20.547861],[-54.673926,-20.54787],[-54.673936,-20.54787],[-54.673935,-20.547879],[-54.673955,-20.547879],[-54.673954,-20.547888],[-54.673964,-20.547889],[-54.673964,-20.547898],[-54.673974,-20.547898],[-54.673973,-20.547907],[-54.673983,-20.547907],[-54.673983,-20.547916],[-54.673992,-20.547916],[-54.673992,-20.547925],[-54.674002,-20.547925],[-54.674002,-20.547934],[-54.674289,-20.547938],[-54.674289,-20.547947],[-54.674299,-20.547947],[-54.674299,-20.547956],[-54.674318,-20.547957],[-54.674318,-20.547966],[-54.674327,-20.547966],[-54.674327,-20.547975],[-54.674346,-20.547975],[-54.674346,-20.547984],[-54.674356,-20.547984],[-54.674356,-20.547993],[-54.674365,-20.547993],[-54.674365,-20.548002],[-54.674375,-20.548002],[-54.674374,-20.548012],[-54.674384,-20.548012],[-54.674384,-20.548021],[-54.674393,-20.548021],[-54.674393,-20.548048],[-54.674403,-20.548048],[-54.674403,-20.548057],[-54.674412,-20.548057],[-54.674411,-20.548147],[-54.67442,-20.548148],[-54.67442,-20.548166],[-54.67443,-20.548166],[-54.674429,-20.548184],[-54.674439,-20.548184],[-54.674439,-20.548193],[-54.674448,-20.548193],[-54.674448,-20.548211],[-54.674458,-20.548211],[-54.674458,-20.54822],[-54.674467,-20.54822],[-54.674467,-20.548239],[-54.674476,-20.548239],[-54.674476,-20.548248],[-54.674486,-20.548248],[-54.674486,-20.548266],[-54.674495,-20.548266],[-54.674495,-20.548275],[-54.674505,-20.548275],[-54.674505,-20.548284],[-54.674514,-20.548284],[-54.674514,-20.548302],[-54.674523,-20.548302],[-54.674523,-20.548312],[-54.674533,-20.548312],[-54.674533,-20.54833],[-54.674542,-20.54833],[-54.674542,-20.548339],[-54.674552,-20.548339],[-54.674551,-20.548357],[-54.674561,-20.548357],[-54.674561,-20.548366],[-54.67457,-20.548366],[-54.67457,-20.548384],[-54.67458,-20.548385],[-54.67458,-20.548394],[-54.674589,-20.548394],[-54.674589,-20.548403],[-54.674599,-20.548403],[-54.674598,-20.548421],[-54.674608,-20.548421],[-54.674608,-20.54843],[-54.674617,-20.54843],[-54.674617,-20.548448],[-54.674627,-20.548448],[-54.674627,-20.548457],[-54.674636,-20.548458],[-54.674636,-20.548476],[-54.674645,-20.548476],[-54.674645,-20.548485],[-54.674655,-20.548485],[-54.674655,-20.548503],[-54.674664,-20.548503],[-54.674664,-20.548512],[-54.674674,-20.548512],[-54.674674,-20.548521],[-54.674683,-20.548521],[-54.674683,-20.548539],[-54.674692,-20.54854],[-54.674692,-20.548549],[-54.674702,-20.548549],[-54.674702,-20.548567],[-54.674711,-20.548567],[-54.674711,-20.548576],[-54.674721,-20.548576],[-54.67472,-20.548594],[-54.67473,-20.548594],[-54.67473,-20.548603],[-54.674739,-20.548603],[-54.674739,-20.548621],[-54.674749,-20.548622],[-54.674749,-20.548631],[-54.674758,-20.548631],[-54.674758,-20.54864],[-54.674768,-20.54864],[-54.674767,-20.548658],[-54.674777,-20.548658],[-54.674777,-20.548667],[-54.674786,-20.548667],[-54.674786,-20.548685],[-54.674796,-20.548685],[-54.674796,-20.548694],[-54.674805,-20.548695],[-54.674805,-20.548713],[-54.674814,-20.548713],[-54.674814,-20.548722],[-54.674824,-20.548722],[-54.674824,-20.54874],[-54.674833,-20.54874],[-54.674833,-20.548749],[-54.674843,-20.548749],[-54.674843,-20.548758],[-54.674852,-20.548758],[-54.674852,-20.548776],[-54.674861,-20.548777],[-54.674861,-20.548786],[-54.674871,-20.548786],[-54.674871,-20.548804],[-54.67488,-20.548804],[-54.67488,-20.548813],[-54.67489,-20.548813],[-54.674889,-20.548831],[-54.674899,-20.548831],[-54.674899,-20.54884],[-54.674908,-20.54884],[-54.674908,-20.548859],[-54.674918,-20.548859],[-54.674918,-20.548868],[-54.674927,-20.548868],[-54.674927,-20.548877],[-54.674937,-20.548877],[-54.674936,-20.548895],[-54.674946,-20.548895],[-54.674946,-20.548904],[-54.674955,-20.548904],[-54.674955,-20.548922],[-54.674965,-20.548922],[-54.674965,-20.548932],[-54.674974,-20.548932],[-54.674974,-20.54895],[-54.674983,-20.54895],[-54.674983,-20.548959],[-54.674993,-20.548959],[-54.674993,-20.548977],[-54.675002,-20.548977],[-54.675002,-20.548986],[-54.675012,-20.548986],[-54.675011,-20.549004],[-54.675021,-20.549005],[-54.675021,-20.549014],[-54.67503,-20.549014],[-54.67503,-20.549023],[-54.67504,-20.549023],[-54.67504,-20.549041],[-54.675049,-20.549041],[-54.675049,-20.54905],[-54.675059,-20.54905],[-54.675058,-20.549068],[-54.675068,-20.549068],[-54.675068,-20.549077],[-54.675077,-20.549078],[-54.675077,-20.549096],[-54.675087,-20.549096],[-54.675087,-20.549105],[-54.675096,-20.549105],[-54.675096,-20.549123],[-54.675105,-20.549123],[-54.675105,-20.549132],[-54.675115,-20.549132],[-54.675115,-20.549141],[-54.675124,-20.549141],[-54.675124,-20.549159],[-54.675134,-20.54916],[-54.675134,-20.549169],[-54.675143,-20.549169],[-54.675143,-20.549187],[-54.675152,-20.549187],[-54.675152,-20.549196],[-54.675162,-20.549196],[-54.675162,-20.549214],[-54.675171,-20.549214],[-54.675171,-20.549223],[-54.675181,-20.549223],[-54.67518,-20.549241],[-54.67519,-20.549242],[-54.67519,-20.549251],[-54.675199,-20.549251],[-54.675199,-20.54926],[-54.675209,-20.54926],[-54.675209,-20.549278],[-54.675218,-20.549278],[-54.675218,-20.549287],[-54.675228,-20.549287],[-54.675227,-20.549305],[-54.675237,-20.549305],[-54.675237,-20.549314],[-54.675246,-20.549315],[-54.675246,-20.549333],[-54.675256,-20.549333],[-54.675256,-20.549342],[-54.675265,-20.549342],[-54.675265,-20.54936],[-54.675274,-20.54936],[-54.675274,-20.549369],[-54.675284,-20.549369],[-54.675284,-20.549378],[-54.675293,-20.549378],[-54.675293,-20.549396],[-54.675303,-20.549397],[-54.675303,-20.549406],[-54.675312,-20.549406],[-54.675312,-20.549424],[-54.675321,-20.549424],[-54.675321,-20.549433],[-54.675331,-20.549433],[-54.67533,-20.549478],[-54.67534,-20.549478],[-54.675339,-20.549496],[-54.675349,-20.549497],[-54.675349,-20.549506],[-54.675359,-20.549506],[-54.675358,-20.549515],[-54.675368,-20.549515],[-54.675368,-20.549524],[-54.675377,-20.549524],[-54.675377,-20.549533],[-54.675387,-20.549533],[-54.675387,-20.549542],[-54.675396,-20.549542],[-54.675396,-20.549551],[-54.675406,-20.549551],[-54.675406,-20.549561],[-54.675415,-20.549561],[-54.675415,-20.54957],[-54.675425,-20.54957],[-54.675425,-20.549579],[-54.675434,-20.549579],[-54.675434,-20.549588],[-54.675444,-20.549588],[-54.675443,-20.549597],[-54.675453,-20.549597],[-54.675453,-20.549606],[-54.675462,-20.549606],[-54.675462,-20.549615],[-54.675472,-20.549616],[-54.675472,-20.549625],[-54.675481,-20.549625],[-54.675481,-20.549634],[-54.675491,-20.549634],[-54.675491,-20.549643],[-54.6755,-20.549643],[-54.6755,-20.549652],[-54.67551,-20.549652],[-54.67551,-20.549661],[-54.675519,-20.549661],[-54.675519,-20.54967],[-54.675529,-20.549671],[-54.675528,-20.54968],[-54.675538,-20.54968],[-54.675538,-20.549689],[-54.675548,-20.549689],[-54.675547,-20.549698],[-54.675557,-20.549698],[-54.675557,-20.549707],[-54.675566,-20.549707],[-54.675566,-20.549716],[-54.675576,-20.549716],[-54.675576,-20.549725],[-54.675585,-20.549725],[-54.675585,-20.549735],[-54.675595,-20.549735],[-54.675595,-20.549744],[-54.675604,-20.549744],[-54.675604,-20.549753],[-54.675614,-20.549753],[-54.675614,-20.549762],[-54.675623,-20.549762],[-54.675623,-20.549771],[-54.675633,-20.549771],[-54.675632,-20.54978],[-54.675642,-20.54978],[-54.675642,-20.549789],[-54.675651,-20.54979],[-54.675651,-20.549799],[-54.675661,-20.549799],[-54.675661,-20.549808],[-54.67567,-20.549808],[-54.67567,-20.549817],[-54.67568,-20.549817],[-54.67568,-20.549826],[-54.675689,-20.549826],[-54.675689,-20.549835],[-54.675699,-20.549835],[-54.675699,-20.549844],[-54.675708,-20.549845],[-54.675708,-20.549854],[-54.675718,-20.549854],[-54.675717,-20.549863],[-54.675727,-20.549863],[-54.675727,-20.549872],[-54.675736,-20.549872],[-54.675736,-20.549881],[-54.675746,-20.549881],[-54.675746,-20.54989],[-54.675755,-20.54989],[-54.675755,-20.549899],[-54.675765,-20.549899],[-54.675765,-20.549909],[-54.675774,-20.549909],[-54.675774,-20.549918],[-54.675784,-20.549918],[-54.675784,-20.549927],[-54.675793,-20.549927],[-54.675793,-20.549936],[-54.675803,-20.549936],[-54.675802,-20.549945],[-54.675812,-20.549945],[-54.675812,-20.549954],[-54.675822,-20.549954],[-54.675821,-20.549963],[-54.675831,-20.549964],[-54.675831,-20.549973],[-54.67584,-20.549973],[-54.67584,-20.549982],[-54.67585,-20.549982],[-54.67585,-20.549991],[-54.675859,-20.549991],[-54.675859,-20.55],[-54.675869,-20.55],[-54.675869,-20.550009],[-54.675878,-20.550009],[-54.675878,-20.550018],[-54.675888,-20.550019],[-54.675888,-20.550028],[-54.675897,-20.550028],[-54.675897,-20.550037],[-54.675907,-20.550037],[-54.675906,-20.550046],[-54.675926,-20.550046],[-54.675925,-20.550064],[-54.675935,-20.550064],[-54.675935,-20.550082],[-54.675944,-20.550082],[-54.675944,-20.550092],[-54.675954,-20.550092],[-54.675953,-20.55011],[-54.675963,-20.55011],[-54.675963,-20.550128],[-54.675972,-20.550128],[-54.675972,-20.550137],[-54.675982,-20.550137],[-54.675982,-20.550146],[-54.675991,-20.550146],[-54.675991,-20.550164],[-54.676001,-20.550165],[-54.676,-20.550183],[-54.67601,-20.550183],[-54.67601,-20.550192],[-54.676019,-20.550192],[-54.676019,-20.55021],[-54.676029,-20.55021],[-54.676028,-20.550219],[-54.676038,-20.550219],[-54.676038,-20.550228],[-54.676047,-20.550228],[-54.676047,-20.550237],[-54.676067,-20.550238],[-54.676066,-20.550247],[-54.676076,-20.550247],[-54.676076,-20.550256],[-54.676085,-20.550256],[-54.676085,-20.550265],[-54.676095,-20.550265],[-54.676095,-20.550274],[-54.676104,-20.550274],[-54.676104,-20.550283],[-54.676114,-20.550283],[-54.676114,-20.550292],[-54.676123,-20.550293],[-54.676123,-20.550302],[-54.676133,-20.550302],[-54.676133,-20.550311],[-54.676142,-20.550311],[-54.676142,-20.55032],[-54.676152,-20.55032],[-54.676151,-20.550329],[-54.676161,-20.550329],[-54.676161,-20.550338],[-54.67617,-20.550338],[-54.67617,-20.550347],[-54.67618,-20.550348],[-54.67618,-20.550357],[-54.676189,-20.550357],[-54.676189,-20.550366],[-54.676199,-20.550366],[-54.676199,-20.550375],[-54.676208,-20.550375],[-54.676208,-20.550384],[-54.676218,-20.550384],[-54.676218,-20.550393],[-54.676227,-20.550393],[-54.676227,-20.550402],[-54.676237,-20.550402],[-54.676236,-20.550412],[-54.676246,-20.550412],[-54.676246,-20.550421],[-54.676256,-20.550421],[-54.676255,-20.55043],[-54.676265,-20.55043],[-54.676265,-20.550439],[-54.676274,-20.550439],[-54.676274,-20.550448],[-54.676284,-20.550448],[-54.676284,-20.550457],[-54.676293,-20.550457],[-54.676293,-20.550466],[-54.676303,-20.550467],[-54.676303,-20.550476],[-54.676312,-20.550476],[-54.676312,-20.550485],[-54.676322,-20.550485],[-54.676322,-20.550494],[-54.676331,-20.550494],[-54.676331,-20.550503],[-54.676341,-20.550503],[-54.67634,-20.550512],[-54.67635,-20.550512],[-54.67635,-20.550521],[-54.676359,-20.550522],[-54.676359,-20.550531],[-54.676369,-20.550531],[-54.676369,-20.55054],[-54.676378,-20.55054],[-54.676378,-20.550549],[-54.676388,-20.550549],[-54.676388,-20.550558],[-54.676397,-20.550558],[-54.676397,-20.550567],[-54.676407,-20.550567],[-54.676407,-20.550558],[-54.676455,-20.550559],[-54.676455,-20.55055],[-54.67657,-20.550551],[-54.67657,-20.550542],[-54.676589,-20.550543],[-54.676589,-20.550534],[-54.676618,-20.550534],[-54.676618,-20.550525],[-54.676637,-20.550525],[-54.676638,-20.550516],[-54.676647,-20.550516],[-54.676647,-20.550507],[-54.676676,-20.550508],[-54.676666,-20.551149],[-54.676657,-20.551149],[-54.676657,-20.551158],[-54.676647,-20.551158],[-54.676647,-20.551167],[-54.676628,-20.551166],[-54.676628,-20.551175],[-54.676618,-20.551175],[-54.676618,-20.551184],[-54.676599,-20.551184],[-54.676599,-20.551193],[-54.676589,-20.551193],[-54.676589,-20.551202],[-54.67657,-20.551202],[-54.67657,-20.551211],[-54.67656,-20.551211],[-54.67656,-20.55122],[-54.67655,-20.551219],[-54.676541,-20.551219],[-54.676541,-20.551228],[-54.676531,-20.551228],[-54.676531,-20.551237],[-54.676512,-20.551237],[-54.676512,-20.551241],[-54.676511,-20.551246],[-54.676502,-20.551246],[-54.676502,-20.551255],[-54.676483,-20.551255],[-54.676482,-20.551264],[-54.676473,-20.551264],[-54.676473,-20.551273],[-54.676454,-20.551272],[-54.676453,-20.551281],[-54.676444,-20.551281],[-54.676444,-20.55129],[-54.676425,-20.55129],[-54.676424,-20.551299],[-54.676415,-20.551299],[-54.676415,-20.551308],[-54.676395,-20.551308],[-54.676395,-20.551317],[-54.676386,-20.551317],[-54.676386,-20.551326],[-54.676366,-20.551325],[-54.676366,-20.551334],[-54.676357,-20.551334],[-54.676357,-20.551343],[-54.676337,-20.551343],[-54.676337,-20.551352],[-54.676328,-20.551352],[-54.676328,-20.551361],[-54.676308,-20.551361],[-54.676308,-20.55137],[-54.676299,-20.55137],[-54.676299,-20.551379],[-54.676279,-20.551378],[-54.676279,-20.551387],[-54.67627,-20.551387],[-54.67627,-20.551396],[-54.676241,-20.551396],[-54.676241,-20.551387],[-54.676222,-20.551387],[-54.676222,-20.551378],[-54.676203,-20.551377],[-54.676203,-20.551368],[-54.675873,-20.551364],[-54.675829,-20.551363],[-54.675829,-20.551372],[-54.675819,-20.551372],[-54.675819,-20.551381],[-54.67581,-20.551381],[-54.675809,-20.55139],[-54.6758,-20.55139],[-54.6758,-20.551399],[-54.67579,-20.551399],[-54.67579,-20.551408],[-54.67578,-20.551408],[-54.67578,-20.551417],[-54.675771,-20.551417],[-54.675771,-20.551426],[-54.675761,-20.551426],[-54.675761,-20.551435],[-54.675751,-20.551434],[-54.675751,-20.551444],[-54.675741,-20.551443],[-54.675741,-20.551452],[-54.675732,-20.551452],[-54.675732,-20.551461],[-54.675722,-20.551461],[-54.675722,-20.55147],[-54.675712,-20.55147],[-54.675712,-20.551479],[-54.675703,-20.551479],[-54.675702,-20.551488],[-54.675693,-20.551488],[-54.675693,-20.551497],[-54.675683,-20.551497],[-54.675683,-20.551506],[-54.675673,-20.551506],[-54.675673,-20.551515],[-54.675664,-20.551515],[-54.675664,-20.551524],[-54.675654,-20.551523],[-54.675654,-20.551533],[-54.675644,-20.551532],[-54.675644,-20.551541],[-54.675635,-20.551541],[-54.675634,-20.55155],[-54.675625,-20.55155],[-54.675625,-20.551559],[-54.675615,-20.551559],[-54.675615,-20.551568],[-54.675605,-20.551568],[-54.675605,-20.551577],[-54.675596,-20.551577],[-54.675596,-20.551586],[-54.675586,-20.551586],[-54.675586,-20.551595],[-54.675576,-20.551595],[-54.675576,-20.551604],[-54.675566,-20.551604],[-54.675566,-20.551613],[-54.675557,-20.551612],[-54.675557,-20.551622],[-54.675547,-20.551621],[-54.675547,-20.55163],[-54.675537,-20.55163],[-54.675537,-20.551639],[-54.675528,-20.551639],[-54.675527,-20.551648],[-54.675518,-20.551648],[-54.675518,-20.551657],[-54.675508,-20.551657],[-54.675508,-20.551666],[-54.675498,-20.551666],[-54.675498,-20.551675],[-54.675489,-20.551675],[-54.675489,-20.551684],[-54.675479,-20.551684],[-54.675479,-20.551693],[-54.675469,-20.551693],[-54.675469,-20.551702],[-54.67546,-20.551701],[-54.675459,-20.551711],[-54.67545,-20.55171],[-54.67545,-20.551719],[-54.67544,-20.551719],[-54.67544,-20.551728],[-54.67543,-20.551728],[-54.67543,-20.551737],[-54.675421,-20.551737],[-54.675421,-20.551746],[-54.675411,-20.551746],[-54.675411,-20.551755],[-54.675401,-20.551755],[-54.675401,-20.551764],[-54.675391,-20.551764],[-54.675391,-20.551773],[-54.675382,-20.551773],[-54.675382,-20.551782],[-54.675372,-20.551782],[-54.675372,-20.551791],[-54.675362,-20.55179],[-54.675362,-20.5518],[-54.675353,-20.551799],[-54.675352,-20.551808],[-54.675343,-20.551808],[-54.675343,-20.551817],[-54.675333,-20.551817],[-54.675333,-20.551826],[-54.675323,-20.551826],[-54.675323,-20.551835],[-54.675314,-20.551835],[-54.675314,-20.551844],[-54.675304,-20.551844],[-54.675304,-20.551853],[-54.675294,-20.551853],[-54.675294,-20.551862],[-54.675285,-20.551862],[-54.675284,-20.551871],[-54.675275,-20.551871],[-54.675275,-20.55188],[-54.675265,-20.551879],[-54.675265,-20.551889],[-54.675255,-20.551888],[-54.675255,-20.551897],[-54.675246,-20.551897],[-54.675246,-20.551906],[-54.675236,-20.551906],[-54.675236,-20.551915],[-54.675226,-20.551915],[-54.675226,-20.551924],[-54.675216,-20.551924],[-54.675216,-20.551933],[-54.675207,-20.551933],[-54.675207,-20.551942],[-54.675197,-20.551942],[-54.675197,-20.551951],[-54.675187,-20.551951],[-54.675187,-20.55196],[-54.675178,-20.55196],[-54.675177,-20.551969],[-54.675168,-20.551968],[-54.675168,-20.551978],[-54.675158,-20.551977],[-54.675158,-20.551986],[-54.675148,-20.551986],[-54.675148,-20.551995],[-54.675139,-20.551995],[-54.675139,-20.552004],[-54.675129,-20.552004],[-54.675129,-20.552013],[-54.675119,-20.552013],[-54.675119,-20.552022],[-54.67511,-20.552022],[-54.675109,-20.552031],[-54.6751,-20.552031],[-54.6751,-20.55204],[-54.67509,-20.55204],[-54.67509,-20.552049],[-54.67508,-20.552049],[-54.67508,-20.552058],[-54.675071,-20.552057],[-54.675071,-20.552067],[-54.675061,-20.552066],[-54.675061,-20.552075],[-54.675051,-20.552075],[-54.675051,-20.552084],[-54.675041,-20.552084],[-54.675041,-20.552093],[-54.675032,-20.552093],[-54.675032,-20.552102],[-54.675022,-20.552102],[-54.675022,-20.552111],[-54.675012,-20.552111],[-54.675012,-20.55212],[-54.675003,-20.55212],[-54.675002,-20.552129],[-54.674993,-20.552129],[-54.674993,-20.552138],[-54.674983,-20.552138],[-54.674983,-20.552147],[-54.674973,-20.552146],[-54.674973,-20.552156],[-54.674945,-20.552155],[-54.674944,-20.552164],[-54.674935,-20.552164],[-54.674935,-20.552173],[-54.674925,-20.552173],[-54.674925,-20.552182],[-54.674915,-20.552182],[-54.674915,-20.5522],[-54.674905,-20.5522],[-54.674905,-20.552218],[-54.674896,-20.552218],[-54.674895,-20.552245],[-54.674886,-20.552245],[-54.674885,-20.552263],[-54.674876,-20.552263],[-54.674876,-20.552281],[-54.674866,-20.55228],[-54.674866,-20.552299],[-54.674856,-20.552298],[-54.674856,-20.552316],[-54.674846,-20.552316],[-54.674846,-20.552343],[-54.674836,-20.552343],[-54.674836,-20.552361],[-54.674826,-20.552361],[-54.674826,-20.552379],[-54.674816,-20.552379],[-54.674816,-20.552397],[-54.674807,-20.552397],[-54.674806,-20.552424],[-54.674797,-20.552424],[-54.674796,-20.552442],[-54.674787,-20.552442],[-54.674787,-20.552459],[-54.674787,-20.55246],[-54.674786,-20.55246],[-54.674777,-20.55246],[-54.674777,-20.552469],[-54.674777,-20.552478],[-54.674768,-20.552478],[-54.674767,-20.552478],[-54.674767,-20.552479],[-54.674767,-20.552496],[-54.674757,-20.552496],[-54.674757,-20.552523],[-54.674747,-20.552523],[-54.674747,-20.552541],[-54.674737,-20.552541],[-54.674737,-20.552559],[-54.674727,-20.552559],[-54.674727,-20.552577],[-54.674718,-20.552577],[-54.674717,-20.552604],[-54.674708,-20.552603],[-54.674707,-20.552622],[-54.674698,-20.552621],[-54.674698,-20.552639],[-54.674688,-20.552639],[-54.674688,-20.552648],[-54.674678,-20.552648],[-54.674678,-20.552657],[-54.674668,-20.552657],[-54.674668,-20.552666],[-54.674659,-20.552666],[-54.674659,-20.552675],[-54.674649,-20.552675],[-54.674649,-20.552684],[-54.674639,-20.552684],[-54.674639,-20.552693],[-54.67463,-20.552693],[-54.674629,-20.552702],[-54.67462,-20.552702],[-54.67462,-20.552711],[-54.67461,-20.552711],[-54.67461,-20.55272],[-54.6746,-20.552719],[-54.6746,-20.552728],[-54.674591,-20.552728],[-54.674591,-20.552737],[-54.674581,-20.552737],[-54.674581,-20.552746],[-54.674571,-20.552746],[-54.674571,-20.552755],[-54.674562,-20.552755],[-54.674561,-20.552764],[-54.674552,-20.552764],[-54.674552,-20.552773],[-54.674542,-20.552773],[-54.674542,-20.552782],[-54.674532,-20.552782],[-54.674532,-20.552791],[-54.674523,-20.552791],[-54.674522,-20.5528],[-54.674513,-20.5528],[-54.674513,-20.552809],[-54.674503,-20.552808],[-54.674503,-20.552817],[-54.674493,-20.552817],[-54.674493,-20.552826],[-54.674484,-20.552826],[-54.674484,-20.552835],[-54.674474,-20.552835],[-54.674474,-20.552844],[-54.674464,-20.552844],[-54.674464,-20.552853],[-54.674455,-20.552853],[-54.674454,-20.552862],[-54.674445,-20.552862],[-54.674445,-20.552871],[-54.674435,-20.552871],[-54.674435,-20.55288],[-54.674425,-20.55288],[-54.674425,-20.552889],[-54.674416,-20.552889],[-54.674416,-20.552898],[-54.674406,-20.552897],[-54.674406,-20.552906],[-54.674396,-20.552906],[-54.674396,-20.552915],[-54.674387,-20.552915],[-54.674386,-20.552924],[-54.674377,-20.552924],[-54.674377,-20.552933],[-54.674367,-20.552933],[-54.674367,-20.552942],[-54.674357,-20.552942],[-54.674357,-20.552951],[-54.674348,-20.552951],[-54.674347,-20.55296],[-54.674338,-20.55296],[-54.674338,-20.552969],[-54.674328,-20.552969],[-54.674328,-20.552978],[-54.674318,-20.552978],[-54.674318,-20.552987],[-54.674309,-20.552986],[-54.674309,-20.552995],[-54.674299,-20.552995],[-54.674299,-20.553004],[-54.674289,-20.553004],[-54.674289,-20.553013],[-54.67428,-20.553013],[-54.674279,-20.553022],[-54.67427,-20.553022],[-54.67427,-20.553031],[-54.67426,-20.553031],[-54.67426,-20.55304],[-54.67425,-20.55304],[-54.67425,-20.553049],[-54.674241,-20.553049],[-54.674241,-20.553058],[-54.674231,-20.553058],[-54.674231,-20.553067],[-54.674221,-20.553067],[-54.674221,-20.553076],[-54.674212,-20.553075],[-54.674211,-20.553093],[-54.674202,-20.553093],[-54.674202,-20.553102],[-54.674192,-20.553102],[-54.674192,-20.553111],[-54.674182,-20.553111],[-54.674182,-20.55312],[-54.674172,-20.55312],[-54.674172,-20.553129],[-54.674163,-20.553129],[-54.674163,-20.553138],[-54.674153,-20.553138],[-54.674153,-20.553147],[-54.674143,-20.553147],[-54.674143,-20.553156],[-54.674134,-20.553156],[-54.674133,-20.553165],[-54.674124,-20.553165],[-54.674124,-20.553174],[-54.674114,-20.553173],[-54.674114,-20.553182],[-54.674104,-20.553182],[-54.674104,-20.553191],[-54.674095,-20.553191],[-54.674095,-20.5532],[-54.674085,-20.5532],[-54.674085,-20.553209],[-54.674075,-20.553209],[-54.674075,-20.553218],[-54.674066,-20.553218],[-54.674065,-20.553227],[-54.674056,-20.553227],[-54.674056,-20.553236],[-54.674046,-20.553236],[-54.674046,-20.553245],[-54.674036,-20.553245],[-54.674036,-20.553254],[-54.674027,-20.553254],[-54.674027,-20.553263],[-54.674017,-20.553262],[-54.674017,-20.553271],[-54.674007,-20.553271],[-54.674007,-20.553271],[-54.674007,-20.553272],[-54.674007,-20.55328],[-54.673999,-20.55328],[-54.673997,-20.55328],[-54.673997,-20.553282],[-54.673997,-20.553289],[-54.67399,-20.553289],[-54.673988,-20.553289],[-54.673988,-20.553292],[-54.673988,-20.553298],[-54.673982,-20.553298],[-54.673978,-20.553298],[-54.673978,-20.553302],[-54.673978,-20.553307],[-54.673973,-20.553307],[-54.673968,-20.553307],[-54.673968,-20.553312],[-54.673968,-20.553316],[-54.673965,-20.553316],[-54.673959,-20.553316],[-54.673958,-20.553322],[-54.673958,-20.553325],[-54.673956,-20.553325],[-54.673949,-20.553325],[-54.673949,-20.553333],[-54.673949,-20.553334],[-54.673948,-20.553334],[-54.673939,-20.553334],[-54.673939,-20.553343],[-54.673929,-20.553343],[-54.673929,-20.553346],[-54.673929,-20.553352],[-54.67392,-20.553351],[-54.67392,-20.55336],[-54.67391,-20.55336],[-54.67391,-20.553369],[-54.673891,-20.553369],[-54.673891,-20.553378],[-54.673862,-20.553378],[-54.673862,-20.553387],[-54.673833,-20.553386],[-54.673833,-20.553395],[-54.673814,-20.553395],[-54.673813,-20.553404],[-54.673785,-20.553404],[-54.673785,-20.553413],[-54.673756,-20.553412],[-54.673756,-20.553421],[-54.673727,-20.553421],[-54.673727,-20.55343],[-54.673708,-20.55343],[-54.673707,-20.553439],[-54.673679,-20.553439],[-54.673679,-20.553448],[-54.67365,-20.553447],[-54.67365,-20.553456],[-54.673621,-20.553456],[-54.673621,-20.553465],[-54.673602,-20.553465],[-54.673601,-20.553474],[-54.673573,-20.553473],[-54.673573,-20.553482],[-54.673544,-20.553482],[-54.673544,-20.553491],[-54.673515,-20.55349],[-54.673515,-20.5535],[-54.673496,-20.553499],[-54.673495,-20.553508],[-54.673467,-20.553508],[-54.673467,-20.553517],[-54.673438,-20.553517],[-54.673438,-20.553526],[-54.673409,-20.553525],[-54.673409,-20.553534],[-54.67338,-20.553534],[-54.67338,-20.553543],[-54.673376,-20.553543],[-54.673361,-20.553543],[-54.673361,-20.553552],[-54.673341,-20.553551],[-54.673341,-20.55356],[-54.673332,-20.55356],[-54.673332,-20.553569],[-54.673322,-20.553569],[-54.673322,-20.553578],[-54.673312,-20.553578],[-54.673312,-20.553587],[-54.673303,-20.553587],[-54.673302,-20.553596],[-54.673293,-20.553596],[-54.673293,-20.553605],[-54.673283,-20.553605],[-54.673283,-20.553614],[-54.673273,-20.553614],[-54.673273,-20.553623],[-54.673264,-20.553623],[-54.673263,-20.553632],[-54.673254,-20.553631],[-54.673254,-20.55364],[-54.673244,-20.55364],[-54.673243,-20.553704],[-54.673234,-20.553703],[-54.673233,-20.553767],[-54.673223,-20.553767],[-54.673222,-20.553839],[-54.673212,-20.553839],[-54.673212,-20.553875],[-54.673202,-20.553875],[-54.673202,-20.553902],[-54.673192,-20.553902],[-54.673192,-20.55392],[-54.673182,-20.553919],[-54.673182,-20.553947],[-54.673163,-20.553946],[-54.673163,-20.553955],[-54.673144,-20.553955],[-54.673143,-20.553964],[-54.673124,-20.553964],[-54.673124,-20.553973],[-54.673095,-20.553972],[-54.673095,-20.553982],[-54.673076,-20.553981],[-54.673076,-20.55399],[-54.673057,-20.55399],[-54.673057,-20.553999],[-54.673028,-20.553999],[-54.673028,-20.554008],[-54.673009,-20.554007],[-54.673008,-20.554016],[-54.672989,-20.554016],[-54.672989,-20.554025],[-54.67296,-20.554025],[-54.67296,-20.554034],[-54.672941,-20.554034],[-54.672941,-20.554043],[-54.672922,-20.554042],[-54.672922,-20.554051],[-54.672893,-20.554051],[-54.672893,-20.55406],[-54.672874,-20.55406],[-54.672873,-20.554069],[-54.672854,-20.554069],[-54.672854,-20.554078],[-54.672825,-20.554077],[-54.672825,-20.554086],[-54.672806,-20.554086],[-54.672806,-20.554095],[-54.672787,-20.554095],[-54.672787,-20.554104],[-54.672758,-20.554103],[-54.672758,-20.554112],[-54.672738,-20.554112],[-54.672738,-20.554121],[-54.672719,-20.554121],[-54.672719,-20.55413],[-54.67269,-20.55413],[-54.67269,-20.554139],[-54.672479,-20.554136],[-54.672479,-20.554154],[-54.672469,-20.554154],[-54.672469,-20.554163],[-54.67246,-20.554163],[-54.672459,-20.554181],[-54.67245,-20.554181],[-54.67245,-20.554199],[-54.67244,-20.554198],[-54.67244,-20.554217],[-54.67243,-20.554216],[-54.67243,-20.554234],[-54.67242,-20.554234],[-54.67242,-20.554243],[-54.672401,-20.554243],[-54.672401,-20.554252],[-54.672382,-20.554252],[-54.672381,-20.554261],[-54.672353,-20.554261],[-54.672353,-20.55427],[-54.672333,-20.554269],[-54.672333,-20.554278],[-54.672314,-20.554278],[-54.672314,-20.554287],[-54.672285,-20.554287],[-54.672285,-20.554296],[-54.672266,-20.554295],[-54.672266,-20.554305],[-54.672247,-20.554304],[-54.672246,-20.554313],[-54.672218,-20.554313],[-54.672218,-20.554322],[-54.672198,-20.554322],[-54.672198,-20.554331],[-54.672179,-20.55433],[-54.672179,-20.554339],[-54.67215,-20.554339],[-54.67215,-20.554348],[-54.672131,-20.554348],[-54.672131,-20.554357],[-54.672112,-20.554357],[-54.672111,-20.554366],[-54.672083,-20.554365],[-54.672083,-20.554374],[-54.672063,-20.554374],[-54.672063,-20.554383],[-54.672044,-20.554383],[-54.672044,-20.554392],[-54.672015,-20.554391],[-54.672015,-20.5544],[-54.671996,-20.5544],[-54.671996,-20.554409],[-54.671977,-20.554409],[-54.671976,-20.554418],[-54.671948,-20.554418],[-54.671948,-20.554427],[-54.671928,-20.554426],[-54.671928,-20.554435],[-54.671909,-20.554435],[-54.671909,-20.554444],[-54.67188,-20.554444],[-54.67188,-20.554453],[-54.671861,-20.554453],[-54.671861,-20.554462],[-54.671842,-20.554461],[-54.671841,-20.55447],[-54.671813,-20.55447],[-54.671812,-20.554479],[-54.671793,-20.554479],[-54.671793,-20.554488],[-54.671774,-20.554488],[-54.671774,-20.554497],[-54.671745,-20.554496],[-54.671745,-20.554505],[-54.671726,-20.554505],[-54.671726,-20.554514],[-54.671707,-20.554514],[-54.671706,-20.554523],[-54.671678,-20.554522],[-54.671677,-20.554531],[-54.671658,-20.554531],[-54.671658,-20.55454],[-54.671649,-20.55454],[-54.671648,-20.554549],[-54.671639,-20.554549],[-54.671639,-20.554558],[-54.671629,-20.554558],[-54.671629,-20.554567],[-54.671619,-20.554567],[-54.671619,-20.554576],[-54.67161,-20.554576],[-54.67161,-20.554585],[-54.6716,-20.554585],[-54.6716,-20.554594],[-54.67159,-20.554593],[-54.67159,-20.554602],[-54.671581,-20.554602],[-54.67158,-20.554611],[-54.671571,-20.554611],[-54.671571,-20.55462],[-54.671561,-20.55462],[-54.671561,-20.554629],[-54.671551,-20.554629],[-54.671551,-20.554638],[-54.671542,-20.554638],[-54.671541,-20.554647],[-54.671532,-20.554647],[-54.671532,-20.554656],[-54.671522,-20.554656],[-54.671522,-20.554665],[-54.671512,-20.554665],[-54.671512,-20.554674],[-54.671503,-20.554674],[-54.671503,-20.554683],[-54.671493,-20.554682],[-54.671493,-20.554691],[-54.671474,-20.554691],[-54.671474,-20.5547],[-54.671464,-20.5547],[-54.671464,-20.554709],[-54.671454,-20.554709],[-54.671454,-20.554718],[-54.671445,-20.554718],[-54.671444,-20.554727],[-54.671435,-20.554727],[-54.671435,-20.554736],[-54.671425,-20.554736],[-54.671425,-20.554745],[-54.671415,-20.554745],[-54.671415,-20.554754],[-54.671406,-20.554753],[-54.671406,-20.554763],[-54.671396,-20.554762],[-54.671396,-20.554771],[-54.671386,-20.554771],[-54.671386,-20.55478],[-54.671376,-20.55478],[-54.671376,-20.554789],[-54.671348,-20.554789],[-54.671348,-20.55478],[-54.671309,-20.554779],[-54.666457,-20.559238],[-54.666457,-20.559247],[-54.666467,-20.559247],[-54.666467,-20.559265],[-54.666457,-20.559265],[-54.666457,-20.559274],[-54.666447,-20.559274],[-54.666447,-20.559283],[-54.666437,-20.559283],[-54.666437,-20.559292],[-54.666428,-20.559292],[-54.666428,-20.559301],[-54.666418,-20.559301],[-54.666418,-20.55931],[-54.666408,-20.55931],[-54.666408,-20.559319],[-54.666399,-20.559319],[-54.666398,-20.559328],[-54.666389,-20.559328],[-54.666389,-20.559337],[-54.666379,-20.559336],[-54.666379,-20.559346],[-54.666369,-20.559345],[-54.666369,-20.559354],[-54.66636,-20.559354],[-54.66636,-20.559363],[-54.66635,-20.559363],[-54.66635,-20.559372],[-54.66634,-20.559372],[-54.66634,-20.559381],[-54.666331,-20.559381],[-54.66633,-20.55939],[-54.666321,-20.55939],[-54.666321,-20.559399],[-54.666311,-20.559399],[-54.666311,-20.559408],[-54.666301,-20.559408],[-54.666301,-20.559417],[-54.666292,-20.559417],[-54.666291,-20.559426],[-54.666282,-20.559425],[-54.666282,-20.559435],[-54.666272,-20.559434],[-54.666272,-20.559443],[-54.666262,-20.559443],[-54.666262,-20.559452],[-54.666253,-20.559452],[-54.666253,-20.559461],[-54.666243,-20.559461],[-54.666243,-20.55947],[-54.666233,-20.55947],[-54.666233,-20.559479],[-54.666224,-20.559479],[-54.666223,-20.559488],[-54.666214,-20.559488],[-54.666214,-20.559497],[-54.666204,-20.559497],[-54.666204,-20.559506],[-54.666194,-20.559506],[-54.666194,-20.559515],[-54.666185,-20.559514],[-54.666185,-20.559524],[-54.666175,-20.559523],[-54.666175,-20.559532],[-54.666156,-20.559532],[-54.666155,-20.559541],[-54.666146,-20.559541],[-54.666146,-20.55955],[-54.666136,-20.55955],[-54.666136,-20.559559],[-54.666126,-20.559559],[-54.666126,-20.559568],[-54.666117,-20.559568],[-54.666117,-20.559577],[-54.666107,-20.559577],[-54.666107,-20.559586],[-54.666097,-20.559586],[-54.666097,-20.559595],[-54.666088,-20.559594],[-54.666087,-20.559603],[-54.666078,-20.559603],[-54.666078,-20.559612],[-54.666068,-20.559612],[-54.666068,-20.559621],[-54.666058,-20.559621],[-54.666058,-20.55963],[-54.666049,-20.55963],[-54.666049,-20.559639],[-54.666039,-20.559639],[-54.666039,-20.559648],[-54.666029,-20.559648],[-54.666029,-20.559657],[-54.66602,-20.559657],[-54.666019,-20.559666],[-54.66601,-20.559666],[-54.66601,-20.559675],[-54.666,-20.559675],[-54.666,-20.559684],[-54.66599,-20.559683],[-54.66599,-20.559692],[-54.665981,-20.559692],[-54.66598,-20.559701],[-54.665971,-20.559701],[-54.665971,-20.55971],[-54.665961,-20.55971],[-54.665961,-20.559719],[-54.665951,-20.559719],[-54.665951,-20.559728],[-54.665942,-20.559728],[-54.665942,-20.559737],[-54.665932,-20.559737],[-54.665932,-20.559746],[-54.665922,-20.559746],[-54.665922,-20.559755],[-54.665913,-20.559755],[-54.665912,-20.559764],[-54.665903,-20.559764],[-54.665903,-20.559773],[-54.665893,-20.559772],[-54.665893,-20.559781],[-54.665883,-20.559781],[-54.665883,-20.55979],[-54.665874,-20.55979],[-54.665874,-20.559799],[-54.664118,-20.561396],[-54.658787,-20.564904],[-54.658787,-20.564905],[-54.658785,-20.564905],[-54.658777,-20.56491],[-54.658777,-20.564914],[-54.658771,-20.564914],[-54.658767,-20.564916],[-54.658767,-20.564923],[-54.658758,-20.564923],[-54.658758,-20.564932],[-54.658748,-20.564932],[-54.658748,-20.564941],[-54.658738,-20.564941],[-54.658738,-20.56495],[-54.658729,-20.564949],[-54.658728,-20.564958],[-54.658719,-20.564958],[-54.658719,-20.564967],[-54.658709,-20.564967],[-54.658709,-20.564976],[-54.658699,-20.564976],[-54.658699,-20.564985],[-54.65869,-20.564985],[-54.65869,-20.564994],[-54.65868,-20.564994],[-54.65868,-20.565012],[-54.65867,-20.565012],[-54.65867,-20.56503],[-54.65866,-20.56503],[-54.65866,-20.565057],[-54.65865,-20.565057],[-54.65865,-20.565075],[-54.65864,-20.565075],[-54.65864,-20.565084],[-54.658631,-20.565084],[-54.658631,-20.565093],[-54.658621,-20.565092],[-54.658621,-20.565102],[-54.658611,-20.565101],[-54.658611,-20.565137],[-54.658601,-20.565137],[-54.658601,-20.565146],[-54.658591,-20.565146],[-54.658591,-20.565155],[-54.658582,-20.565155],[-54.658581,-20.565164],[-54.658562,-20.565164],[-54.658562,-20.565173],[-54.658553,-20.565173],[-54.658552,-20.565182],[-54.658543,-20.565182],[-54.658543,-20.565191],[-54.658524,-20.56519],[-54.658523,-20.5652],[-54.658514,-20.565199],[-54.658514,-20.565208],[-54.658504,-20.565208],[-54.658504,-20.565217],[-54.658485,-20.565217],[-54.658485,-20.565226],[-54.658475,-20.565226],[-54.658475,-20.565235],[-54.658465,-20.565235],[-54.658465,-20.565244],[-54.658446,-20.565244],[-54.658446,-20.565253],[-54.658436,-20.565253],[-54.658436,-20.565262],[-54.658417,-20.565261],[-54.658417,-20.56527],[-54.658388,-20.56527],[-54.658388,-20.565279],[-54.658359,-20.565279],[-54.658359,-20.565288],[-54.658349,-20.565287],[-54.658349,-20.565296],[-54.65834,-20.565296],[-54.65834,-20.565305],[-54.65832,-20.565305],[-54.65832,-20.565314],[-54.658301,-20.565314],[-54.658301,-20.565305],[-54.658292,-20.565305],[-54.658292,-20.565314],[-54.658282,-20.565314],[-54.658282,-20.565323],[-54.658272,-20.565323],[-54.658272,-20.565332],[-54.654435,-20.56798],[-54.654425,-20.56798],[-54.654425,-20.567989],[-54.654406,-20.567988],[-54.654406,-20.567997],[-54.654396,-20.567997],[-54.654396,-20.568006],[-54.654386,-20.568006],[-54.654386,-20.568015],[-54.654367,-20.568015],[-54.654367,-20.568024],[-54.654357,-20.568024],[-54.654357,-20.568033],[-54.654348,-20.568033],[-54.654347,-20.568042],[-54.654328,-20.568041],[-54.654328,-20.56805],[-54.654319,-20.56805],[-54.654318,-20.568059],[-54.654309,-20.568059],[-54.654309,-20.568068],[-54.654289,-20.568068],[-54.654289,-20.568077],[-54.65428,-20.568077],[-54.65428,-20.568086],[-54.65427,-20.568086],[-54.65427,-20.568095],[-54.654251,-20.568095],[-54.654251,-20.568104],[-54.654241,-20.568103],[-54.654241,-20.568113],[-54.654231,-20.568112],[-54.654231,-20.568121],[-54.654212,-20.568121],[-54.654212,-20.56813],[-54.654202,-20.56813],[-54.654202,-20.568139],[-54.654193,-20.568139],[-54.654192,-20.568148],[-54.654173,-20.568148],[-54.654173,-20.568157],[-54.654163,-20.568157],[-54.654163,-20.568166],[-54.654144,-20.568165],[-54.654144,-20.568174],[-54.654134,-20.568174],[-54.654134,-20.568183],[-54.654125,-20.568183],[-54.654125,-20.568192],[-54.654105,-20.568192],[-54.654105,-20.568201],[-54.654096,-20.568201],[-54.654096,-20.56821],[-54.654086,-20.56821],[-54.654086,-20.568219],[-54.654067,-20.568219],[-54.654066,-20.568228],[-54.654057,-20.568227],[-54.654057,-20.568236],[-54.654047,-20.568236],[-54.654047,-20.568245],[-54.654028,-20.568245],[-54.654028,-20.568254],[-54.654018,-20.568254],[-54.654018,-20.568263],[-54.654008,-20.568263],[-54.654008,-20.568272],[-54.653989,-20.568272],[-54.653989,-20.568281],[-54.653979,-20.568281],[-54.653979,-20.56829],[-54.65397,-20.568289],[-54.65397,-20.568298],[-54.65395,-20.568298],[-54.65395,-20.568307],[-54.653941,-20.568307],[-54.65394,-20.568316],[-54.653931,-20.568316],[-54.653931,-20.568325],[-54.653912,-20.568325],[-54.653911,-20.568334],[-54.653902,-20.568334],[-54.653902,-20.568343],[-54.653892,-20.568343],[-54.653892,-20.568352],[-54.653873,-20.568351],[-54.653873,-20.56836],[-54.653863,-20.56836],[-54.653863,-20.568369],[-54.653853,-20.568369],[-54.653853,-20.568378],[-54.653834,-20.568378],[-54.653834,-20.568387],[-54.653824,-20.568387],[-54.653824,-20.568396],[-54.653815,-20.568396],[-54.653814,-20.568405],[-54.653795,-20.568404],[-54.653795,-20.568414],[-54.653786,-20.568413],[-54.653785,-20.568422],[-54.653766,-20.568422],[-54.653766,-20.568431],[-54.653757,-20.568431],[-54.653756,-20.56844],[-54.653747,-20.56844],[-54.653747,-20.568449],[-54.653728,-20.568449],[-54.653727,-20.568458],[-54.653718,-20.568458],[-54.653718,-20.568467],[-54.653708,-20.568467],[-54.653708,-20.568476],[-54.653689,-20.568475],[-54.653689,-20.568484],[-54.653679,-20.568484],[-54.653679,-20.568493],[-54.653669,-20.568493],[-54.653669,-20.568502],[-54.65365,-20.568502],[-54.65365,-20.568511],[-54.65364,-20.568511],[-54.65364,-20.56852],[-54.653631,-20.56852],[-54.65363,-20.568529],[-54.653611,-20.568528],[-54.653611,-20.568537],[-54.653602,-20.568537],[-54.653601,-20.568546],[-54.653592,-20.568546],[-54.653592,-20.568555],[-54.653572,-20.568555],[-54.653572,-20.568564],[-54.653563,-20.568564],[-54.653563,-20.568573],[-54.653553,-20.568573],[-54.653553,-20.568582],[-54.653534,-20.568582],[-54.653534,-20.568591],[-54.653524,-20.56859],[-54.653524,-20.568599],[-54.653514,-20.568599],[-54.653514,-20.568608],[-54.653495,-20.568608],[-54.653495,-20.568617],[-54.653485,-20.568617],[-54.653485,-20.568626],[-54.653476,-20.568626],[-54.653475,-20.568635],[-54.653456,-20.568635],[-54.653456,-20.568644],[-54.653446,-20.568644],[-54.653446,-20.568653],[-54.653437,-20.568652],[-54.653437,-20.568662],[-54.653417,-20.568661],[-54.653417,-20.56867],[-54.653408,-20.56867],[-54.653408,-20.568679],[-54.653388,-20.568679],[-54.653388,-20.568688],[-54.653379,-20.568688],[-54.653379,-20.568697],[-54.653369,-20.568697],[-54.653369,-20.568706],[-54.65335,-20.568705],[-54.65335,-20.568715],[-54.65334,-20.568714],[-54.65334,-20.568723],[-54.65333,-20.568723],[-54.65333,-20.568732],[-54.653311,-20.568732],[-54.653311,-20.568741],[-54.653301,-20.568741],[-54.653301,-20.56875],[-54.653291,-20.56875],[-54.653291,-20.568759],[-54.653272,-20.568759],[-54.653272,-20.568768],[-54.653262,-20.568768],[-54.653262,-20.568777],[-54.653253,-20.568776],[-54.653253,-20.568785],[-54.653233,-20.568785],[-54.653233,-20.568794],[-54.653224,-20.568794],[-54.653223,-20.568803],[-54.653214,-20.568803],[-54.653214,-20.568812],[-54.653195,-20.568812],[-54.653194,-20.568821],[-54.653185,-20.568821],[-54.653185,-20.56883],[-54.653175,-20.56883],[-54.653175,-20.568839],[-54.653156,-20.568838],[-54.653156,-20.568847],[-54.653146,-20.568847],[-54.653146,-20.568856],[-54.653136,-20.568856],[-54.653136,-20.568865],[-54.653117,-20.568865],[-54.653117,-20.568874],[-54.653107,-20.568874],[-54.653107,-20.568883],[-54.653098,-20.568883],[-54.653097,-20.568892],[-54.653078,-20.568891],[-54.653078,-20.5689],[-54.653069,-20.5689],[-54.653068,-20.568909],[-54.653049,-20.568909],[-54.653049,-20.568918],[-54.65304,-20.568918],[-54.653039,-20.568927],[-54.65303,-20.568927],[-54.65303,-20.568936],[-54.653011,-20.568936],[-54.65301,-20.568945],[-54.653001,-20.568945],[-54.653001,-20.568954],[-54.647849,-20.57245],[-54.644226,-20.573413],[-54.644187,-20.573412],[-54.644187,-20.573421],[-54.644149,-20.573421],[-54.644149,-20.57343],[-54.64411,-20.573429],[-54.64411,-20.573438],[-54.644072,-20.573438],[-54.644072,-20.573447],[-54.644043,-20.573446],[-54.644043,-20.573455],[-54.644005,-20.573455],[-54.644004,-20.573464],[-54.643966,-20.573463],[-54.643966,-20.573472],[-54.643928,-20.573472],[-54.643927,-20.573481],[-54.643889,-20.57348],[-54.643889,-20.573489],[-54.64386,-20.573489],[-54.64386,-20.573498],[-54.643822,-20.573498],[-54.643822,-20.573507],[-54.643783,-20.573506],[-54.643783,-20.573515],[-54.643745,-20.573515],[-54.643745,-20.573524],[-54.643706,-20.573523],[-54.643706,-20.573532],[-54.643668,-20.573532],[-54.643668,-20.573541],[-54.643639,-20.57354],[-54.643639,-20.573549],[-54.6436,-20.573549],[-54.6436,-20.573558],[-54.643562,-20.573557],[-54.643562,-20.573566],[-54.643523,-20.573566],[-54.643523,-20.573575],[-54.643485,-20.573574],[-54.643485,-20.573583],[-54.643456,-20.573583],[-54.643456,-20.573592],[-54.643418,-20.573591],[-54.643417,-20.5736],[-54.643379,-20.5736],[-54.643379,-20.573609],[-54.643341,-20.573608],[-54.64334,-20.573617],[-54.643302,-20.573617],[-54.643302,-20.573626],[-54.643273,-20.573626],[-54.643273,-20.573635],[-54.643235,-20.573634],[-54.643235,-20.573643],[-54.643196,-20.573643],[-54.643196,-20.573652],[-54.643158,-20.573651],[-54.643158,-20.57366],[-54.643119,-20.57366],[-54.643119,-20.573669],[-54.643081,-20.573668],[-54.643081,-20.573677],[-54.643052,-20.573677],[-54.643052,-20.573686],[-54.643013,-20.573685],[-54.643013,-20.573694],[-54.642975,-20.573694],[-54.642975,-20.573703],[-54.642936,-20.573702],[-54.642936,-20.573711],[-54.642898,-20.573711],[-54.642898,-20.57372],[-54.642869,-20.573719],[-54.642869,-20.573728],[-54.642831,-20.573728],[-54.64283,-20.573737],[-54.642792,-20.573736],[-54.642792,-20.573745],[-54.642754,-20.573745],[-54.642753,-20.573754],[-54.642715,-20.573753],[-54.642715,-20.573762],[-54.642677,-20.573762],[-54.642676,-20.573771],[-54.642648,-20.573771],[-54.642648,-20.57378],[-54.642609,-20.573779],[-54.642609,-20.573788],[-54.642571,-20.573788],[-54.642571,-20.573797],[-54.642532,-20.573796],[-54.642532,-20.573805],[-54.642494,-20.573805],[-54.642494,-20.573814],[-54.642465,-20.573813],[-54.642465,-20.573822],[-54.642426,-20.573822],[-54.642426,-20.573831],[-54.642388,-20.57383],[-54.642388,-20.573839],[-54.642349,-20.573839],[-54.642349,-20.573848],[-54.642311,-20.573847],[-54.642311,-20.573856],[-54.642282,-20.573856],[-54.642282,-20.573865],[-54.642244,-20.573864],[-54.642243,-20.573873],[-54.642205,-20.573873],[-54.642205,-20.573882],[-54.642167,-20.573881],[-54.642166,-20.57389],[-54.642128,-20.57389],[-54.642128,-20.573899],[-54.64209,-20.573898],[-54.642089,-20.573907],[-54.642061,-20.573907],[-54.642061,-20.573916],[-54.642022,-20.573916],[-54.642022,-20.573925],[-54.641984,-20.573924],[-54.641984,-20.573933],[-54.641945,-20.573933],[-54.641945,-20.573942],[-54.641907,-20.573941],[-54.641907,-20.57395],[-54.641878,-20.57395],[-54.641878,-20.573959],[-54.641839,-20.573958],[-54.641839,-20.573967],[-54.641801,-20.573967],[-54.641801,-20.573976],[-54.641762,-20.573975],[-54.641762,-20.573984],[-54.641724,-20.573984],[-54.641724,-20.573993],[-54.641685,-20.573992],[-54.641685,-20.574001],[-54.641676,-20.574001],[-54.641676,-20.573992],[-54.641638,-20.573992],[-54.641638,-20.573983],[-54.641609,-20.573982],[-54.641609,-20.573973],[-54.64159,-20.573973],[-54.641041,-20.573819],[-54.636488,-20.575239],[-54.634595,-20.575864],[-54.632724,-20.576813],[-54.632725,-20.576787],[-54.632734,-20.576787],[-54.632735,-20.576769],[-54.632744,-20.576769],[-54.632744,-20.57676],[-54.632754,-20.57676],[-54.632754,-20.576751],[-54.632764,-20.576751],[-54.632764,-20.576742],[-54.632773,-20.576742],[-54.632773,-20.576733],[-54.632783,-20.576733],[-54.632783,-20.576724],[-54.632793,-20.576724],[-54.632793,-20.576679],[-54.632803,-20.576679],[-54.632803,-20.57667],[-54.632813,-20.57667],[-54.632813,-20.576655],[-54.632817,-20.576652],[-54.632823,-20.576652],[-54.632823,-20.576648],[-54.632829,-20.576644],[-54.632832,-20.576644],[-54.632832,-20.576641],[-54.632841,-20.576635],[-54.632842,-20.576635],[-54.632842,-20.576634],[-54.633206,-20.576369],[-54.633211,-20.576369],[-54.633211,-20.576366],[-54.633219,-20.57636],[-54.63323,-20.57636],[-54.63323,-20.576352],[-54.633231,-20.576351],[-54.633249,-20.576351],[-54.633249,-20.576342],[-54.633269,-20.576343],[-54.633269,-20.576333],[-54.633297,-20.576334],[-54.633298,-20.576325],[-54.633317,-20.576325],[-54.633317,-20.576316],[-54.633326,-20.576316],[-54.633327,-20.576307],[-54.633336,-20.576307],[-54.633336,-20.576298],[-54.633346,-20.576298],[-54.633346,-20.576289],[-54.633356,-20.57629],[-54.633356,-20.576281],[-54.633365,-20.576281],[-54.633366,-20.576272],[-54.633375,-20.576272],[-54.633375,-20.576263],[-54.633385,-20.576263],[-54.633385,-20.576254],[-54.633395,-20.576254],[-54.633395,-20.576245],[-54.633404,-20.576245],[-54.633404,-20.576236],[-54.633414,-20.576236],[-54.633414,-20.576227],[-54.633424,-20.576227],[-54.633424,-20.576218],[-54.633443,-20.576218],[-54.633443,-20.576209],[-54.633453,-20.57621],[-54.633453,-20.576201],[-54.633463,-20.576201],[-54.633463,-20.576192],[-54.633472,-20.576192],[-54.633472,-20.576183],[-54.633482,-20.576183],[-54.633482,-20.576174],[-54.633492,-20.576174],[-54.633492,-20.576165],[-54.633501,-20.576165],[-54.633502,-20.576156],[-54.633511,-20.576156],[-54.633511,-20.576147],[-54.633521,-20.576147],[-54.633521,-20.57614],[-54.633523,-20.576138],[-54.633531,-20.576138],[-54.633531,-20.576133],[-54.633535,-20.576129],[-54.63356,-20.57613],[-54.63356,-20.576121],[-54.633579,-20.576121],[-54.633579,-20.576112],[-54.633608,-20.576112],[-54.633608,-20.576103],[-54.633627,-20.576104],[-54.633627,-20.576095],[-54.633646,-20.576095],[-54.633646,-20.576086],[-54.633666,-20.576086],[-54.633666,-20.576077],[-54.633675,-20.576077],[-54.633676,-20.576068],[-54.633695,-20.576068],[-54.633695,-20.576059],[-54.633714,-20.57606],[-54.633714,-20.576051],[-54.633724,-20.576051],[-54.633724,-20.576042],[-54.633743,-20.576042],[-54.633743,-20.576033],[-54.633753,-20.576033],[-54.633753,-20.576024],[-54.633762,-20.576024],[-54.633763,-20.576015],[-54.633772,-20.576015],[-54.633772,-20.576006],[-54.633782,-20.576006],[-54.633782,-20.575997],[-54.633792,-20.575998],[-54.633792,-20.575988],[-54.633801,-20.575989],[-54.633802,-20.57598],[-54.633811,-20.57598],[-54.633811,-20.575971],[-54.633821,-20.575971],[-54.633821,-20.575962],[-54.633831,-20.575962],[-54.633831,-20.575953],[-54.63385,-20.575953],[-54.63385,-20.575944],[-54.63386,-20.575944],[-54.63386,-20.575926],[-54.633869,-20.575926],[-54.63387,-20.575908],[-54.633879,-20.575908],[-54.633879,-20.575899],[-54.633889,-20.5759],[-54.633889,-20.57589],[-54.633899,-20.575891],[-54.633899,-20.575882],[-54.633909,-20.575882],[-54.633909,-20.575873],[-54.633918,-20.575873],[-54.633918,-20.575864],[-54.633928,-20.575864],[-54.633928,-20.575855],[-54.633938,-20.575855],[-54.633938,-20.575846],[-54.633947,-20.575846],[-54.633948,-20.575837],[-54.633957,-20.575837],[-54.633957,-20.575828],[-54.633967,-20.575828],[-54.633967,-20.575819],[-54.633977,-20.575819],[-54.633977,-20.57581],[-54.633986,-20.575811],[-54.633986,-20.575801],[-54.633996,-20.575802],[-54.633996,-20.575794],[-54.633998,-20.575793],[-54.634006,-20.575793],[-54.634006,-20.575787],[-54.634011,-20.575784],[-54.634016,-20.575784],[-54.634016,-20.57578],[-54.634023,-20.575775],[-54.634025,-20.575775],[-54.634025,-20.575773],[-54.634035,-20.575766],[-54.634145,-20.575226],[-54.634149,-20.575226],[-54.634149,-20.575208],[-54.634149,-20.575208],[-54.634159,-20.575208],[-54.634159,-20.575181],[-54.634169,-20.575181],[-54.634169,-20.575163],[-54.634179,-20.575163],[-54.634179,-20.575145],[-54.634188,-20.575145],[-54.634189,-20.575118],[-54.634198,-20.575118],[-54.634199,-20.575109],[-54.634208,-20.575109],[-54.634208,-20.575091],[-54.634218,-20.575091],[-54.634222,-20.574853],[-54.63423,-20.574812],[-54.634232,-20.574812],[-54.634232,-20.574802],[-54.634242,-20.574803],[-54.634242,-20.574794],[-54.634251,-20.574794],[-54.634251,-20.574785],[-54.634261,-20.574785],[-54.634261,-20.574776],[-54.634271,-20.574776],[-54.634271,-20.574767],[-54.634281,-20.574767],[-54.634281,-20.574758],[-54.63429,-20.574758],[-54.63429,-20.574749],[-54.6343,-20.574749],[-54.6343,-20.57474],[-54.63431,-20.57474],[-54.63431,-20.574731],[-54.634319,-20.574731],[-54.63432,-20.574722],[-54.634329,-20.574723],[-54.634329,-20.574714],[-54.634339,-20.574714],[-54.634339,-20.574705],[-54.634349,-20.574705],[-54.634349,-20.574696],[-54.634358,-20.574696],[-54.634358,-20.574687],[-54.634368,-20.574687],[-54.634368,-20.574678],[-54.634378,-20.574678],[-54.634378,-20.574669],[-54.634387,-20.574669],[-54.634388,-20.57466],[-54.634397,-20.57466],[-54.634397,-20.574651],[-54.634407,-20.574651],[-54.634407,-20.574642],[-54.634417,-20.574642],[-54.634417,-20.574633],[-54.634426,-20.574634],[-54.634427,-20.574625],[-54.634436,-20.574625],[-54.634436,-20.574616],[-54.634446,-20.574616],[-54.634446,-20.574607],[-54.634456,-20.574607],[-54.634456,-20.574598],[-54.634465,-20.574598],[-54.634465,-20.574589],[-54.634475,-20.574589],[-54.634475,-20.57458],[-54.634485,-20.57458],[-54.634485,-20.574571],[-54.634494,-20.574571],[-54.634495,-20.574562],[-54.634504,-20.574562],[-54.634504,-20.574553],[-54.634514,-20.574554],[-54.634514,-20.574544],[-54.634524,-20.574545],[-54.634524,-20.574536],[-54.634533,-20.574536],[-54.634534,-20.574527],[-54.634543,-20.574527],[-54.634543,-20.574518],[-54.634553,-20.574518],[-54.634553,-20.574509],[-54.634563,-20.574509],[-54.634563,-20.5745],[-54.634572,-20.5745],[-54.634572,-20.574491],[-54.634582,-20.574491],[-54.634582,-20.574482],[-54.634592,-20.574482],[-54.634593,-20.574419],[-54.634583,-20.574419],[-54.634584,-20.574378],[-54.634584,-20.574356],[-54.634579,-20.574356],[-54.634575,-20.574356],[-54.634575,-20.574336],[-54.634575,-20.574292],[-54.634566,-20.574292],[-54.634567,-20.574229],[-54.634557,-20.574229],[-54.634558,-20.574166],[-54.634549,-20.574166],[-54.63455,-20.574102],[-54.63454,-20.574102],[-54.634541,-20.574039],[-54.634531,-20.574039],[-54.634532,-20.573976],[-54.634523,-20.573976],[-54.634524,-20.573912],[-54.634514,-20.573912],[-54.634515,-20.573849],[-54.634506,-20.573849],[-54.634507,-20.573786],[-54.634497,-20.573786],[-54.634497,-20.573768],[-54.634488,-20.573768],[-54.634488,-20.573758],[-54.634478,-20.573758],[-54.634478,-20.573749],[-54.634469,-20.573749],[-54.634469,-20.57374],[-54.634459,-20.57374],[-54.634459,-20.573731],[-54.63445,-20.573731],[-54.63445,-20.573722],[-54.634443,-20.573722],[-54.63444,-20.573722],[-54.634441,-20.573713],[-54.634431,-20.573713],[-54.634431,-20.573704],[-54.634422,-20.573703],[-54.634422,-20.573694],[-54.634412,-20.573694],[-54.634412,-20.573685],[-54.634403,-20.573685],[-54.634403,-20.573676],[-54.634393,-20.573676],[-54.634393,-20.573667],[-54.634384,-20.573667],[-54.634384,-20.573658],[-54.634374,-20.573658],[-54.634374,-20.573649],[-54.634365,-20.573648],[-54.634365,-20.573639],[-54.634355,-20.573639],[-54.634356,-20.57363],[-54.634346,-20.57363],[-54.634346,-20.573621],[-54.634337,-20.573621],[-54.634337,-20.573612],[-54.634327,-20.573612],[-54.634327,-20.573603],[-54.634318,-20.573603],[-54.634318,-20.573594],[-54.634308,-20.573593],[-54.634308,-20.573584],[-54.634299,-20.573584],[-54.634299,-20.573575],[-54.634289,-20.573575],[-54.634289,-20.573566],[-54.63428,-20.573566],[-54.63428,-20.573557],[-54.63427,-20.573557],[-54.634271,-20.573548],[-54.634261,-20.573548],[-54.634261,-20.573539],[-54.634251,-20.573539],[-54.634252,-20.57353],[-54.634242,-20.573529],[-54.634242,-20.57352],[-54.634233,-20.57352],[-54.634233,-20.573511],[-54.634223,-20.573511],[-54.634223,-20.573502],[-54.634214,-20.573502],[-54.634214,-20.573493],[-54.634204,-20.573493],[-54.634204,-20.573484],[-54.634195,-20.573484],[-54.634195,-20.573475],[-54.634185,-20.573474],[-54.634186,-20.573465],[-54.634176,-20.573465],[-54.634176,-20.573456],[-54.634166,-20.573456],[-54.634167,-20.573447],[-54.634157,-20.573447],[-54.634157,-20.573438],[-54.634148,-20.573438],[-54.634148,-20.573429],[-54.634138,-20.573429],[-54.634138,-20.57342],[-54.634129,-20.573419],[-54.634129,-20.57341],[-54.634119,-20.57341],[-54.634119,-20.573395],[-54.63412,-20.573392],[-54.634116,-20.573392],[-54.63411,-20.573386],[-54.63411,-20.573383],[-54.634107,-20.573383],[-54.634101,-20.573377],[-54.634101,-20.573374],[-54.634098,-20.573374],[-54.634091,-20.573367],[-54.634091,-20.573365],[-54.634088,-20.573365],[-54.634082,-20.573358],[-54.634082,-20.573356],[-54.634079,-20.573356],[-54.634072,-20.573349],[-54.634072,-20.573346],[-54.63407,-20.573346],[-54.634063,-20.573339],[-54.634063,-20.573337],[-54.634061,-20.573337],[-54.634053,-20.57333],[-54.634053,-20.573328],[-54.634051,-20.573328],[-54.634044,-20.573321],[-54.634044,-20.573319],[-54.634042,-20.573319],[-54.634034,-20.573312],[-54.634034,-20.57331],[-54.634033,-20.57331],[-54.634025,-20.573302],[-54.634025,-20.573301],[-54.634023,-20.573301],[-54.634016,-20.573293],[-54.634016,-20.573291],[-54.634014,-20.573291],[-54.634006,-20.573284],[-54.634006,-20.573282],[-54.634005,-20.573282],[-54.633997,-20.573274],[-54.633997,-20.573273],[-54.633996,-20.573273],[-54.633987,-20.573265],[-54.633987,-20.573264],[-54.633986,-20.573264],[-54.633978,-20.573256],[-54.633978,-20.573255],[-54.633977,-20.573255],[-54.633968,-20.573246],[-54.633968,-20.573246],[-54.633968,-20.573246],[-54.633959,-20.573237],[-54.633959,-20.573237],[-54.633959,-20.573237],[-54.633949,-20.573228],[-54.633949,-20.573227],[-54.633949,-20.573227],[-54.63394,-20.573218],[-54.63393,-20.573215],[-54.633931,-20.573209],[-54.633921,-20.573209],[-54.633921,-20.5732],[-54.633912,-20.5732],[-54.633912,-20.573191],[-54.633902,-20.573191],[-54.633902,-20.573182],[-54.633893,-20.573181],[-54.633893,-20.573172],[-54.633883,-20.573172],[-54.633883,-20.573163],[-54.633874,-20.573163],[-54.633874,-20.573154],[-54.633746,-20.573152],[-54.633635,-20.573115],[-54.633644,-20.573115],[-54.633645,-20.573053],[-54.633646,-20.573052],[-54.633655,-20.573052],[-54.633656,-20.572992],[-54.633658,-20.57298],[-54.633666,-20.57298],[-54.633666,-20.572931],[-54.633669,-20.572917],[-54.633676,-20.572917],[-54.633677,-20.57287],[-54.633681,-20.572844],[-54.633687,-20.572845],[-54.633687,-20.572808],[-54.633694,-20.572772],[-54.633698,-20.572772],[-54.633698,-20.572747],[-54.633704,-20.572709],[-54.633708,-20.572709],[-54.633708,-20.572686],[-54.633717,-20.572637],[-54.633719,-20.572637],[-54.633719,-20.572625],[-54.633728,-20.572574],[-54.633729,-20.572574],[-54.63373,-20.572563],[-54.63374,-20.572502],[-54.633741,-20.572439],[-54.633731,-20.572439],[-54.633732,-20.57243],[-54.633722,-20.57243],[-54.633722,-20.572421],[-54.633713,-20.57242],[-54.633713,-20.572411],[-54.633703,-20.572411],[-54.633703,-20.572402],[-54.633694,-20.572402],[-54.633694,-20.572393],[-54.633684,-20.572393],[-54.633684,-20.572384],[-54.633675,-20.572384],[-54.633675,-20.572375],[-54.633665,-20.572375],[-54.633665,-20.572366],[-54.633656,-20.572365],[-54.633656,-20.572356],[-54.633646,-20.572356],[-54.633647,-20.572347],[-54.633637,-20.572347],[-54.633637,-20.572338],[-54.633628,-20.572338],[-54.633628,-20.572329],[-54.633618,-20.572329],[-54.633618,-20.57232],[-54.633609,-20.57232],[-54.633609,-20.572311],[-54.633599,-20.572311],[-54.633599,-20.572301],[-54.63359,-20.572301],[-54.63359,-20.572292],[-54.63358,-20.572292],[-54.63358,-20.572283],[-54.633571,-20.572283],[-54.633571,-20.572274],[-54.633561,-20.572274],[-54.633562,-20.572265],[-54.633552,-20.572265],[-54.633552,-20.572256],[-54.633543,-20.572256],[-54.633543,-20.572247],[-54.633533,-20.572246],[-54.633533,-20.572237],[-54.633524,-20.572237],[-54.633524,-20.572228],[-54.633514,-20.572228],[-54.633514,-20.572219],[-54.633505,-20.572219],[-54.633505,-20.57221],[-54.633495,-20.57221],[-54.633495,-20.572201],[-54.633486,-20.572201],[-54.633486,-20.572192],[-54.633476,-20.572191],[-54.633477,-20.572182],[-54.633467,-20.572182],[-54.633467,-20.572173],[-54.633458,-20.572173],[-54.633458,-20.572164],[-54.633448,-20.572164],[-54.633448,-20.572155],[-54.633439,-20.572155],[-54.633439,-20.572146],[-54.633429,-20.572146],[-54.633429,-20.572137],[-54.63342,-20.572136],[-54.63342,-20.572127],[-54.63341,-20.572127],[-54.63341,-20.572118],[-54.633401,-20.572118],[-54.633401,-20.572109],[-54.633391,-20.572109],[-54.633392,-20.5721],[-54.633382,-20.5721],[-54.633382,-20.572091],[-54.633372,-20.572091],[-54.633373,-20.572082],[-54.633363,-20.572082],[-54.633363,-20.572073],[-54.633354,-20.572072],[-54.633354,-20.572063],[-54.633344,-20.572063],[-54.633344,-20.572054],[-54.633335,-20.572054],[-54.633335,-20.572045],[-54.633325,-20.572045],[-54.633325,-20.572036],[-54.633316,-20.572036],[-54.633316,-20.572027],[-54.633306,-20.572027],[-54.633306,-20.572018],[-54.633297,-20.572017],[-54.633297,-20.572008],[-54.633287,-20.572008],[-54.633288,-20.571999],[-54.633278,-20.571999],[-54.633278,-20.57199],[-54.633269,-20.57199],[-54.633269,-20.571981],[-54.633259,-20.571981],[-54.633259,-20.571972],[-54.63325,-20.571972],[-54.63325,-20.571963],[-54.63324,-20.571962],[-54.63324,-20.571953],[-54.633231,-20.571953],[-54.633231,-20.571944],[-54.633221,-20.571944],[-54.633221,-20.571935],[-54.633212,-20.571935],[-54.633212,-20.571926],[-54.633202,-20.571926],[-54.633203,-20.571917],[-54.633193,-20.571917],[-54.633193,-20.571908],[-54.633184,-20.571908],[-54.633184,-20.571898],[-54.633174,-20.571898],[-54.633174,-20.571889],[-54.633166,-20.571889],[-54.633165,-20.571888],[-54.633165,-20.57188],[-54.633157,-20.57188],[-54.633155,-20.571878],[-54.633155,-20.571871],[-54.633148,-20.571871],[-54.633146,-20.571868],[-54.633146,-20.571862],[-54.63314,-20.571862],[-54.633136,-20.571858],[-54.633136,-20.571853],[-54.633131,-20.571853],[-54.633127,-20.571848],[-54.633127,-20.571844],[-54.633123,-20.571843],[-54.633117,-20.571838],[-54.633118,-20.571834],[-54.633114,-20.571834],[-54.633108,-20.571828],[-54.633108,-20.571825],[-54.633105,-20.571825],[-54.633099,-20.571818],[-54.633099,-20.571816],[-54.633097,-20.571816],[-54.633089,-20.571808],[-54.633089,-20.571807],[-54.633088,-20.571807],[-54.63308,-20.571798],[-54.633014,-20.571727],[-54.633014,-20.571725],[-54.633011,-20.571725],[-54.633004,-20.571717],[-54.633004,-20.571715],[-54.633003,-20.571715],[-54.632995,-20.571707],[-54.632995,-20.571706],[-54.632994,-20.571706],[-54.632985,-20.571697],[-54.632882,-20.571586],[-54.632882,-20.571569],[-54.632872,-20.571569],[-54.632872,-20.57156],[-54.632863,-20.57156],[-54.632863,-20.571551],[-54.632853,-20.571551],[-54.632854,-20.571542],[-54.632844,-20.571542],[-54.632844,-20.571533],[-54.632835,-20.571532],[-54.632835,-20.571523],[-54.632825,-20.571523],[-54.632825,-20.571514],[-54.632816,-20.571514],[-54.632816,-20.571505],[-54.632806,-20.571505],[-54.632806,-20.571496],[-54.632797,-20.571496],[-54.632797,-20.571487],[-54.632788,-20.571487],[-54.632787,-20.571486],[-54.632787,-20.571478],[-54.63278,-20.571478],[-54.632778,-20.571476],[-54.632778,-20.571469],[-54.632771,-20.571468],[-54.632768,-20.571466],[-54.632769,-20.571459],[-54.632762,-20.571459],[-54.632759,-20.571456],[-54.632759,-20.57145],[-54.632754,-20.57145],[-54.63275,-20.571446],[-54.63275,-20.571441],[-54.632745,-20.571441],[-54.63274,-20.571435],[-54.63274,-20.571432],[-54.632737,-20.571432],[-54.632731,-20.571425],[-54.632731,-20.571423],[-54.632728,-20.571423],[-54.632721,-20.571415],[-54.632721,-20.571414],[-54.63272,-20.571414],[-54.632712,-20.571405],[-54.632712,-20.571404],[-54.632711,-20.571404],[-54.632702,-20.571395],[-54.632665,-20.571355],[-54.632665,-20.571341],[-54.632655,-20.57134],[-54.632655,-20.571331],[-54.632646,-20.571331],[-54.632646,-20.571322],[-54.632636,-20.571322],[-54.632637,-20.571313],[-54.632627,-20.571313],[-54.632627,-20.571304],[-54.632618,-20.571304],[-54.632618,-20.571295],[-54.632608,-20.571295],[-54.632833,-20.570331],[-54.632834,-20.570331],[-54.632834,-20.570327],[-54.632841,-20.570295],[-54.632844,-20.570295],[-54.632844,-20.570283],[-54.63285,-20.570259],[-54.632854,-20.570259],[-54.632854,-20.570239],[-54.632858,-20.570223],[-54.632864,-20.570224],[-54.632865,-20.570195],[-54.632867,-20.570187],[-54.632874,-20.570188],[-54.632875,-20.570151],[-54.63228,-20.569539],[-54.632281,-20.569529],[-54.632271,-20.569529],[-54.632271,-20.56952],[-54.632261,-20.56952],[-54.632262,-20.569511],[-54.632261,-20.569511],[-54.632254,-20.569402],[-54.632257,-20.569222],[-54.632247,-20.569222],[-54.632255,-20.568689],[-54.632265,-20.568689],[-54.632274,-20.568075],[-54.632265,-20.568075],[-54.632265,-20.568048],[-54.632255,-20.568048],[-54.632256,-20.56803],[-54.632246,-20.56803],[-54.632246,-20.568012],[-54.632237,-20.568012],[-54.632237,-20.567993],[-54.632228,-20.567993],[-54.632228,-20.567984],[-54.632218,-20.567984],[-54.632218,-20.567975],[-54.632209,-20.567975],[-54.632209,-20.567966],[-54.632199,-20.567966],[-54.632201,-20.567858],[-54.63221,-20.567858],[-54.632211,-20.567813],[-54.632173,-20.567812],[-54.632173,-20.567803],[-54.632163,-20.567803],[-54.632164,-20.567785],[-54.632154,-20.567785],[-54.632154,-20.567776],[-54.632154,-20.567767],[-54.632146,-20.567766],[-54.632145,-20.567766],[-54.632145,-20.567748],[-54.632135,-20.567748],[-54.632136,-20.567739],[-54.632059,-20.567738],[-54.632059,-20.567729],[-54.632021,-20.567729],[-54.632021,-20.56772],[-54.631982,-20.567719],[-54.631983,-20.56771],[-54.631944,-20.56771],[-54.631944,-20.567701],[-54.631916,-20.5677],[-54.631916,-20.567691],[-54.631887,-20.567691],[-54.631887,-20.567682],[-54.631839,-20.567681],[-54.631839,-20.567672],[-54.631811,-20.567672],[-54.631811,-20.567663],[-54.631763,-20.567662],[-54.631763,-20.567653],[-54.631715,-20.567652],[-54.631715,-20.567643],[-54.631686,-20.567643],[-54.631687,-20.567634],[-54.631658,-20.567633],[-54.631658,-20.567624],[-54.631505,-20.567622],[-54.631505,-20.567613],[-54.631485,-20.567613],[-54.631486,-20.567595],[-54.631476,-20.567595],[-54.631476,-20.567586],[-54.631457,-20.567585],[-54.631457,-20.567576],[-54.6314,-20.567576],[-54.6314,-20.567567],[-54.631352,-20.567566],[-54.631352,-20.567557],[-54.631314,-20.567556],[-54.631314,-20.567547],[-54.631276,-20.567547],[-54.631276,-20.567538],[-54.631237,-20.567537],[-54.631237,-20.567528],[-54.631209,-20.567528],[-54.631209,-20.567519],[-54.631171,-20.567518],[-54.631171,-20.567509],[-54.631132,-20.567509],[-54.631132,-20.5675],[-54.631094,-20.567499],[-54.631094,-20.56749],[-54.631056,-20.56749],[-54.631056,-20.567481],[-54.630989,-20.56748],[-54.630989,-20.567471],[-54.63098,-20.567471],[-54.63098,-20.567453],[-54.63097,-20.567452],[-54.63097,-20.567443],[-54.630903,-20.567442],[-54.630903,-20.567433],[-54.630865,-20.567433],[-54.630865,-20.567424],[-54.630827,-20.567423],[-54.630827,-20.567414],[-54.630769,-20.567414],[-54.63077,-20.567405],[-54.630741,-20.567404],[-54.630741,-20.567395],[-54.630703,-20.567395],[-54.630703,-20.567386],[-54.630674,-20.567385],[-54.630674,-20.567376],[-54.630636,-20.567376],[-54.630636,-20.567367],[-54.630607,-20.567366],[-54.630607,-20.567357],[-54.630569,-20.567357],[-54.630569,-20.567348],[-54.63054,-20.567347],[-54.63054,-20.567338],[-54.630493,-20.567337],[-54.630493,-20.567328],[-54.630464,-20.567328],[-54.630464,-20.567319],[-54.630407,-20.567318],[-54.630407,-20.567309],[-54.630359,-20.567309],[-54.630359,-20.5673],[-54.630244,-20.567298],[-54.630244,-20.567289],[-54.630234,-20.567289],[-54.630235,-20.567271],[-54.630225,-20.567271],[-54.630225,-20.567253],[-54.630101,-20.567251],[-54.630101,-20.567233],[-54.630072,-20.567232],[-54.630072,-20.567223],[-54.630053,-20.567223],[-54.630053,-20.567214],[-54.630015,-20.567214],[-54.630015,-20.567205],[-54.629986,-20.567204],[-54.629987,-20.567195],[-54.629958,-20.567195],[-54.629958,-20.567186],[-54.629939,-20.567185],[-54.629939,-20.567176],[-54.62991,-20.567176],[-54.62991,-20.567167],[-54.629891,-20.567167],[-54.629891,-20.567158],[-54.629872,-20.567157],[-54.629872,-20.567148],[-54.629748,-20.567147],[-54.629748,-20.567138],[-54.629719,-20.567137],[-54.629719,-20.567128],[-54.62971,-20.567128],[-54.62971,-20.567119],[-54.629671,-20.567119],[-54.629671,-20.56711],[-54.629633,-20.567109],[-54.629633,-20.5671],[-54.629595,-20.567099],[-54.629595,-20.56709],[-54.629566,-20.56709],[-54.629566,-20.567081],[-54.629519,-20.56708],[-54.629519,-20.567071],[-54.62948,-20.567071],[-54.62948,-20.567062],[-54.629452,-20.567061],[-54.629452,-20.567052],[-54.629394,-20.567052],[-54.629394,-20.567043],[-54.629356,-20.567042],[-54.629356,-20.567033],[-54.629327,-20.567033],[-54.629328,-20.567024],[-54.62928,-20.567023],[-54.62928,-20.567014],[-54.629251,-20.567013],[-54.629251,-20.567004],[-54.629222,-20.567004],[-54.629223,-20.566995],[-54.629184,-20.566994],[-54.629184,-20.566985],[-54.629146,-20.566985],[-54.629146,-20.566976],[-54.629108,-20.566975],[-54.629108,-20.566966],[-54.62906,-20.566966],[-54.62906,-20.566957],[-54.629031,-20.566956],[-54.629032,-20.566947],[-54.629003,-20.566947],[-54.629003,-20.566938],[-54.628955,-20.566937],[-54.628955,-20.566928],[-54.628869,-20.566927],[-54.628869,-20.566918],[-54.628859,-20.566918],[-54.62886,-20.5669],[-54.62885,-20.5669],[-54.62885,-20.566891],[-54.628754,-20.566889],[-54.628755,-20.56688],[-54.628735,-20.56688],[-54.628735,-20.566871],[-54.628707,-20.566871],[-54.628707,-20.566862],[-54.628669,-20.566861],[-54.628669,-20.566852],[-54.62864,-20.566852],[-54.62864,-20.566843],[-54.628592,-20.566842],[-54.628592,-20.566833],[-54.628554,-20.566832],[-54.628554,-20.566823],[-54.628516,-20.566823],[-54.628516,-20.566814],[-54.628487,-20.566813],[-54.628487,-20.566804],[-54.628458,-20.566804],[-54.628459,-20.566795],[-54.62842,-20.566794],[-54.62842,-20.566785],[-54.628392,-20.566785],[-54.628392,-20.566776],[-54.628344,-20.566775],[-54.628344,-20.566766],[-54.628296,-20.566766],[-54.628296,-20.566757],[-54.628258,-20.566756],[-54.628258,-20.566747],[-54.628229,-20.566747],[-54.628229,-20.566738],[-54.628191,-20.566737],[-54.628191,-20.566728],[-54.628162,-20.566728],[-54.628163,-20.566719],[-54.628028,-20.566717],[-54.628028,-20.566708],[-54.628019,-20.566708],[-54.628019,-20.566699],[-54.628009,-20.566698],[-54.62801,-20.56668],[-54.628,-20.56668],[-54.628,-20.566671],[-54.627952,-20.566671],[-54.627952,-20.566662],[-54.627895,-20.566661],[-54.627895,-20.566652],[-54.627847,-20.566651],[-54.627847,-20.566642],[-54.627809,-20.566642],[-54.627809,-20.566633],[-54.62778,-20.566632],[-54.62778,-20.566623],[-54.627742,-20.566623],[-54.627742,-20.566614],[-54.627704,-20.566613],[-54.627704,-20.566604],[-54.627675,-20.566604],[-54.627675,-20.566595],[-54.627637,-20.566594],[-54.627637,-20.566585],[-54.627608,-20.566585],[-54.627609,-20.566576],[-54.62757,-20.566575],[-54.62757,-20.566566],[-54.627532,-20.566565],[-54.627532,-20.566556],[-54.627494,-20.566556],[-54.627494,-20.566547],[-54.627465,-20.566547],[-54.627465,-20.566537],[-54.627437,-20.566537],[-54.627437,-20.566528],[-54.627398,-20.566528],[-54.627399,-20.566519],[-54.627312,-20.566517],[-54.627313,-20.566499],[-54.627303,-20.566499],[-54.627303,-20.56649],[-54.627217,-20.566489],[-54.627217,-20.56648],[-54.627207,-20.56648],[-54.627208,-20.566471],[-54.627169,-20.56647],[-54.627169,-20.566461],[-54.627141,-20.566461],[-54.627141,-20.566452],[-54.627112,-20.566451],[-54.627112,-20.566442],[-54.627083,-20.566442],[-54.627083,-20.566433],[-54.627055,-20.566433],[-54.627055,-20.566423],[-54.627026,-20.566423],[-54.627026,-20.566414],[-54.626988,-20.566414],[-54.626988,-20.566405],[-54.62694,-20.566404],[-54.62694,-20.566395],[-54.626883,-20.566394],[-54.626883,-20.566385],[-54.626854,-20.566385],[-54.626854,-20.566376],[-54.626825,-20.566375],[-54.626826,-20.566366],[-54.626787,-20.566366],[-54.626787,-20.566357],[-54.626749,-20.566356],[-54.626749,-20.566347],[-54.626615,-20.566345],[-54.626615,-20.566336],[-54.626606,-20.566336],[-54.626606,-20.566327],[-54.626596,-20.566327],[-54.626596,-20.566318],[-54.626587,-20.566318],[-54.626587,-20.5663],[-54.626529,-20.566299],[-54.62653,-20.56629],[-54.626434,-20.566289],[-54.626434,-20.56628],[-54.626376,-20.566279],[-54.626376,-20.56627],[-54.626367,-20.56627],[-54.626367,-20.566261],[-54.626348,-20.56626],[-54.626348,-20.566251],[-54.626338,-20.566251],[-54.626339,-20.566242],[-54.626329,-20.566242],[-54.626329,-20.566233],[-54.626291,-20.566232],[-54.626291,-20.566223],[-54.626253,-20.566223],[-54.626253,-20.566214],[-54.626224,-20.566213],[-54.626224,-20.566204],[-54.626167,-20.566204],[-54.626167,-20.566195],[-54.626119,-20.566194],[-54.626119,-20.566185],[-54.62609,-20.566185],[-54.62609,-20.566175],[-54.626052,-20.566175],[-54.626052,-20.566166],[-54.626014,-20.566165],[-54.626014,-20.566156],[-54.625976,-20.566156],[-54.625976,-20.566147],[-54.625937,-20.566146],[-54.625937,-20.566137],[-54.625899,-20.566137],[-54.625899,-20.566128],[-54.62588,-20.566127],[-54.62588,-20.566118],[-54.625851,-20.566118],[-54.625852,-20.566109],[-54.625823,-20.566109],[-54.625823,-20.5661],[-54.625804,-20.566099],[-54.625804,-20.56609],[-54.625775,-20.56609],[-54.625775,-20.566081],[-54.625747,-20.56608],[-54.625747,-20.566071],[-54.625651,-20.56607],[-54.625651,-20.566061],[-54.625641,-20.566061],[-54.625642,-20.566043],[-54.625632,-20.566043],[-54.625632,-20.566034],[-54.625623,-20.566034],[-54.625623,-20.566025],[-54.625527,-20.566023],[-54.625527,-20.566014],[-54.625498,-20.566014],[-54.625498,-20.566005],[-54.62547,-20.566004],[-54.62547,-20.565995],[-54.625431,-20.565995],[-54.625432,-20.565986],[-54.625403,-20.565985],[-54.625403,-20.565976],[-54.625355,-20.565976],[-54.625355,-20.565967],[-54.625326,-20.565966],[-54.625327,-20.565957],[-54.625298,-20.565957],[-54.625298,-20.565948],[-54.625279,-20.565948],[-54.625279,-20.565939],[-54.625269,-20.565938],[-54.625269,-20.565929],[-54.62525,-20.565929],[-54.62525,-20.56592],[-54.625231,-20.56592],[-54.625231,-20.565911],[-54.625222,-20.565911],[-54.625222,-20.565902],[-54.625212,-20.565902],[-54.625213,-20.565893],[-54.625193,-20.565892],[-54.625194,-20.565883],[-54.625184,-20.565883],[-54.625184,-20.565874],[-54.625165,-20.565874],[-54.625165,-20.565865],[-54.625146,-20.565865],[-54.625146,-20.565856],[-54.625136,-20.565855],[-54.625137,-20.565846],[-54.625098,-20.565846],[-54.625098,-20.565837],[-54.62507,-20.565836],[-54.62507,-20.565827],[-54.625022,-20.565827],[-54.625022,-20.565818],[-54.62484,-20.565815],[-54.62484,-20.565824],[-54.62483,-20.565824],[-54.62483,-20.565833],[-54.62482,-20.565833],[-54.62482,-20.565842],[-54.624811,-20.565842],[-54.624811,-20.565833],[-54.624609,-20.56583],[-54.62461,-20.565821],[-54.6246,-20.565821],[-54.6246,-20.565812],[-54.624591,-20.565812],[-54.624591,-20.565803],[-54.624581,-20.565803],[-54.624581,-20.565794],[-54.624572,-20.565793],[-54.624572,-20.565766],[-54.624562,-20.565766],[-54.624563,-20.565757],[-54.624524,-20.565757],[-54.624496,-20.565756],[-54.624496,-20.565747],[-54.624457,-20.565747],[-54.624457,-20.565738],[-54.624419,-20.565737],[-54.624419,-20.565728],[-54.624381,-20.565728],[-54.624381,-20.565719],[-54.624343,-20.565718],[-54.624343,-20.565709],[-54.624314,-20.565709],[-54.624314,-20.5657],[-54.624276,-20.565699],[-54.624276,-20.56569],[-54.624247,-20.56569],[-54.624247,-20.565681],[-54.624209,-20.56568],[-54.624209,-20.565671],[-54.624161,-20.56567],[-54.624161,-20.565661],[-54.624104,-20.565661],[-54.624104,-20.565652],[-54.624047,-20.565651],[-54.624047,-20.565642],[-54.624008,-20.565641],[-54.624008,-20.565632],[-54.623989,-20.565632],[-54.623989,-20.565623],[-54.623951,-20.565622],[-54.623951,-20.565613],[-54.623932,-20.565613],[-54.623932,-20.565604],[-54.623894,-20.565604],[-54.623894,-20.565595],[-54.623836,-20.565594],[-54.623837,-20.565585],[-54.623808,-20.565584],[-54.623808,-20.565575],[-54.623779,-20.565575],[-54.623779,-20.565566],[-54.623751,-20.565565],[-54.623751,-20.565556],[-54.623722,-20.565556],[-54.623722,-20.565547],[-54.623703,-20.565547],[-54.623703,-20.565538],[-54.623694,-20.565538],[-54.623694,-20.565529],[-54.623684,-20.565528],[-54.623684,-20.565519],[-54.623675,-20.565519],[-54.623675,-20.56551],[-54.623665,-20.56551],[-54.623665,-20.565501],[-54.623627,-20.565501],[-54.623627,-20.56551],[-54.623608,-20.565509],[-54.623608,-20.565518],[-54.623598,-20.565518],[-54.623598,-20.5655],[-54.623474,-20.565498],[-54.623474,-20.565489],[-54.623445,-20.565489],[-54.623445,-20.56548],[-54.623426,-20.56548],[-54.623426,-20.565471],[-54.623397,-20.56547],[-54.623397,-20.565461],[-54.623388,-20.565461],[-54.623388,-20.565452],[-54.623369,-20.565452],[-54.623369,-20.565443],[-54.623359,-20.565443],[-54.62336,-20.565434],[-54.62334,-20.565433],[-54.62334,-20.565424],[-54.623331,-20.565424],[-54.623331,-20.565415],[-54.623321,-20.565415],[-54.623322,-20.565406],[-54.623302,-20.565406],[-54.623303,-20.565397],[-54.623283,-20.565396],[-54.623284,-20.565387],[-54.623274,-20.565387],[-54.623274,-20.565378],[-54.623245,-20.565378],[-54.623245,-20.565369],[-54.623169,-20.565368],[-54.623169,-20.565377],[-54.623159,-20.565377],[-54.623159,-20.565386],[-54.62314,-20.565385],[-54.62314,-20.565395],[-54.62313,-20.565394],[-54.62313,-20.565403],[-54.62312,-20.565403],[-54.62312,-20.565412],[-54.623111,-20.565412],[-54.62311,-20.565421],[-54.623091,-20.565421],[-54.623091,-20.565412],[-54.623063,-20.565412],[-54.623063,-20.565402],[-54.623053,-20.565402],[-54.623053,-20.565384],[-54.623044,-20.565384],[-54.623044,-20.565366],[-54.623006,-20.565366],[-54.623006,-20.565357],[-54.622968,-20.565356],[-54.622968,-20.565347],[-54.622929,-20.565346],[-54.62293,-20.565337],[-54.622891,-20.565337],[-54.622891,-20.565328],[-54.622853,-20.565327],[-54.622853,-20.565318],[-54.622824,-20.565318],[-54.622825,-20.565309],[-54.622796,-20.565309],[-54.622796,-20.565299],[-54.622758,-20.565299],[-54.622758,-20.56529],[-54.622719,-20.565289],[-54.622719,-20.56528],[-54.622691,-20.56528],[-54.622691,-20.565271],[-54.622653,-20.56527],[-54.622653,-20.565261],[-54.622614,-20.565261],[-54.622614,-20.565252],[-54.622576,-20.565251],[-54.622576,-20.565242],[-54.6225,-20.565241],[-54.6225,-20.565223],[-54.62249,-20.565223],[-54.62249,-20.565214],[-54.622414,-20.565213],[-54.622414,-20.565204],[-54.622356,-20.565203],[-54.622356,-20.565194],[-54.622328,-20.565194],[-54.622328,-20.565185],[-54.62229,-20.565184],[-54.62229,-20.565175],[-54.622261,-20.565175],[-54.622261,-20.565166],[-54.622232,-20.565165],[-54.622232,-20.565156],[-54.622204,-20.565156],[-54.622204,-20.565147],[-54.622185,-20.565147],[-54.622185,-20.565138],[-54.622156,-20.565137],[-54.622156,-20.565128],[-54.622127,-20.565128],[-54.622128,-20.565119],[-54.622108,-20.565118],[-54.622108,-20.565109],[-54.622099,-20.565109],[-54.622099,-20.5651],[-54.62208,-20.5651],[-54.62208,-20.565091],[-54.62207,-20.565091],[-54.622071,-20.565082],[-54.622061,-20.565082],[-54.622061,-20.565073],[-54.622052,-20.565073],[-54.622052,-20.565064],[-54.622042,-20.565063],[-54.622042,-20.565054],[-54.622033,-20.565054],[-54.622033,-20.565045],[-54.622014,-20.565045],[-54.622014,-20.565036],[-54.622004,-20.565036],[-54.622004,-20.565027],[-54.621995,-20.565027],[-54.621995,-20.565018],[-54.621985,-20.565017],[-54.621985,-20.565008],[-54.621976,-20.565008],[-54.621976,-20.564999],[-54.621966,-20.564999],[-54.621967,-20.56499],[-54.621947,-20.56499],[-54.621947,-20.564981],[-54.621938,-20.564981],[-54.621938,-20.564972],[-54.621928,-20.564972],[-54.621929,-20.564962],[-54.621909,-20.564962],[-54.62191,-20.564953],[-54.6219,-20.564953],[-54.6219,-20.564944],[-54.621891,-20.564944],[-54.621891,-20.564935],[-54.621881,-20.564935],[-54.621881,-20.564926],[-54.621872,-20.564926],[-54.621872,-20.564917],[-54.621862,-20.564916],[-54.621862,-20.564907],[-54.621853,-20.564907],[-54.621853,-20.564898],[-54.621834,-20.564898],[-54.621834,-20.564889],[-54.621824,-20.564889],[-54.621824,-20.56488],[-54.621815,-20.56488],[-54.621815,-20.564871],[-54.621805,-20.56487],[-54.621806,-20.564861],[-54.621796,-20.564861],[-54.621796,-20.564852],[-54.621777,-20.564852],[-54.621777,-20.564843],[-54.621767,-20.564843],[-54.621768,-20.564834],[-54.621758,-20.564834],[-54.621758,-20.564825],[-54.621749,-20.564825],[-54.621749,-20.564816],[-54.621739,-20.564815],[-54.621739,-20.564806],[-54.62173,-20.564806],[-54.62173,-20.564797],[-54.621711,-20.564797],[-54.621711,-20.564788],[-54.621701,-20.564788],[-54.621701,-20.564779],[-54.621692,-20.564779],[-54.621692,-20.56477],[-54.621673,-20.564769],[-54.621673,-20.56476],[-54.621644,-20.56476],[-54.621644,-20.564751],[-54.621615,-20.56475],[-54.621616,-20.564741],[-54.621587,-20.564741],[-54.621587,-20.564732],[-54.621558,-20.564732],[-54.621558,-20.564723],[-54.62153,-20.564722],[-54.62153,-20.564713],[-54.621501,-20.564713],[-54.621501,-20.564704],[-54.621482,-20.564704],[-54.621482,-20.564694],[-54.62131,-20.564692],[-54.62131,-20.564683],[-54.6213,-20.564683],[-54.6213,-20.564674],[-54.621291,-20.564674],[-54.621291,-20.564665],[-54.621281,-20.564665],[-54.621281,-20.564656],[-54.621272,-20.564655],[-54.621272,-20.564646],[-54.621262,-20.564646],[-54.621262,-20.564637],[-54.621253,-20.564637],[-54.621254,-20.564538],[-54.621245,-20.564538],[-54.621245,-20.564529],[-54.621235,-20.564529],[-54.621236,-20.56452],[-54.621226,-20.564519],[-54.621226,-20.56451],[-54.621216,-20.56451],[-54.621217,-20.564501],[-54.621207,-20.564501],[-54.621207,-20.564492],[-54.621198,-20.564492],[-54.621198,-20.564483],[-54.621188,-20.564483],[-54.621188,-20.564474],[-54.621179,-20.564474],[-54.621179,-20.564465],[-54.621169,-20.564464],[-54.621169,-20.564455],[-54.62116,-20.564455],[-54.62116,-20.564446],[-54.62115,-20.564446],[-54.62115,-20.564437],[-54.621141,-20.564437],[-54.621141,-20.564428],[-54.621131,-20.564428],[-54.621132,-20.564419],[-54.621122,-20.564419],[-54.621122,-20.56441],[-54.621113,-20.564409],[-54.621113,-20.5644],[-54.621103,-20.5644],[-54.621103,-20.564391],[-54.621094,-20.564391],[-54.621094,-20.564382],[-54.621084,-20.564382],[-54.621084,-20.564373],[-54.621075,-20.564373],[-54.621075,-20.564364],[-54.621065,-20.564364],[-54.621065,-20.564355],[-54.621056,-20.564355],[-54.621056,-20.564345],[-54.621046,-20.564345],[-54.621047,-20.564336],[-54.621037,-20.564336],[-54.621037,-20.564327],[-54.621028,-20.564327],[-54.621028,-20.564318],[-54.621018,-20.564318],[-54.621018,-20.564309],[-54.621009,-20.564309],[-54.621009,-20.5643],[-54.620999,-20.5643],[-54.620999,-20.564291],[-54.62099,-20.56429],[-54.62099,-20.564281],[-54.62098,-20.564281],[-54.62098,-20.564272],[-54.620971,-20.564272],[-54.620971,-20.564263],[-54.620961,-20.564263],[-54.620962,-20.564254],[-54.620664,-20.56425],[-54.620665,-20.564241],[-54.620655,-20.564241],[-54.620655,-20.564232],[-54.620646,-20.564231],[-54.620646,-20.564222],[-54.620636,-20.564222],[-54.620636,-20.564213],[-54.620627,-20.564213],[-54.620627,-20.564204],[-54.620617,-20.564204],[-54.620617,-20.564195],[-54.620608,-20.564195],[-54.620608,-20.564186],[-54.620598,-20.564186],[-54.620598,-20.564177],[-54.620589,-20.564177],[-54.620589,-20.564167],[-54.620579,-20.564167],[-54.62058,-20.564158],[-54.62057,-20.564158],[-54.62057,-20.564149],[-54.62056,-20.564149],[-54.620561,-20.56414],[-54.620551,-20.56414],[-54.620551,-20.564131],[-54.620542,-20.564131],[-54.620542,-20.564122],[-54.620532,-20.564122],[-54.620532,-20.564113],[-54.620523,-20.564112],[-54.620523,-20.564103],[-54.620513,-20.564103],[-54.620513,-20.564094],[-54.620504,-20.564094],[-54.620504,-20.564085],[-54.620494,-20.564085],[-54.620495,-20.564076],[-54.620485,-20.564076],[-54.620485,-20.564067],[-54.620475,-20.564067],[-54.620476,-20.564058],[-54.620466,-20.564057],[-54.620466,-20.564048],[-54.620457,-20.564048],[-54.620457,-20.564039],[-54.620447,-20.564039],[-54.620447,-20.56403],[-54.620438,-20.56403],[-54.620438,-20.564021],[-54.620428,-20.564021],[-54.620428,-20.564012],[-54.620419,-20.564012],[-54.620419,-20.564003],[-54.620409,-20.564002],[-54.620409,-20.563993],[-54.6204,-20.563993],[-54.6204,-20.563984],[-54.62039,-20.563984],[-54.620391,-20.563975],[-54.620381,-20.563975],[-54.620381,-20.563966],[-54.620372,-20.563966],[-54.620372,-20.563957],[-54.620362,-20.563957],[-54.620362,-20.563948],[-54.620353,-20.563948],[-54.620353,-20.563938],[-54.620343,-20.563938],[-54.620343,-20.563929],[-54.620334,-20.563929],[-54.620334,-20.56392],[-54.620324,-20.56392],[-54.620324,-20.563911],[-54.620315,-20.563911],[-54.620315,-20.563902],[-54.620305,-20.563902],[-54.620306,-20.563893],[-54.620296,-20.563893],[-54.620296,-20.563884],[-54.620287,-20.563883],[-54.620287,-20.563874],[-54.620277,-20.563874],[-54.620277,-20.563865],[-54.620268,-20.563865],[-54.620268,-20.563856],[-54.620258,-20.563856],[-54.620258,-20.563847],[-54.620249,-20.563847],[-54.620249,-20.563838],[-54.620239,-20.563838],[-54.620239,-20.563829],[-54.62023,-20.563828],[-54.62023,-20.563819],[-54.62022,-20.563819],[-54.620221,-20.56381],[-54.620211,-20.56381],[-54.620211,-20.563801],[-54.620202,-20.563801],[-54.620202,-20.563792],[-54.620192,-20.563792],[-54.620192,-20.563783],[-54.620183,-20.563783],[-54.620183,-20.563774],[-54.620173,-20.563773],[-54.620173,-20.563764],[-54.620164,-20.563764],[-54.620164,-20.563755],[-54.620154,-20.563755],[-54.620154,-20.563746],[-54.620145,-20.563746],[-54.620145,-20.563737],[-54.620135,-20.563737],[-54.620136,-20.563728],[-54.620126,-20.563728],[-54.620126,-20.563719],[-54.620117,-20.563719],[-54.620117,-20.563709],[-54.620107,-20.563709],[-54.620107,-20.5637],[-54.620098,-20.5637],[-54.620098,-20.563691],[-54.620088,-20.563691],[-54.620088,-20.563682],[-54.620079,-20.563682],[-54.620079,-20.563673],[-54.620069,-20.563673],[-54.620069,-20.563664],[-54.62006,-20.563664],[-54.62006,-20.563655],[-54.62005,-20.563654],[-54.620051,-20.563645],[-54.620041,-20.563645],[-54.620041,-20.563636],[-54.620032,-20.563636],[-54.620032,-20.563627],[-54.620022,-20.563627],[-54.620022,-20.563618],[-54.620013,-20.563618],[-54.620013,-20.563609],[-54.620003,-20.563609],[-54.620003,-20.5636],[-54.619994,-20.563599],[-54.619994,-20.56359],[-54.619984,-20.56359],[-54.619984,-20.563581],[-54.619975,-20.563581],[-54.619975,-20.563572],[-54.619965,-20.563572],[-54.619966,-20.563563],[-54.619956,-20.563563],[-54.619956,-20.563554],[-54.619946,-20.563554],[-54.619947,-20.563545],[-54.619937,-20.563544],[-54.619937,-20.563535],[-54.619928,-20.563535],[-54.619928,-20.563526],[-54.619918,-20.563526],[-54.619918,-20.563517],[-54.619909,-20.563517],[-54.619909,-20.563508],[-54.619899,-20.563508],[-54.619899,-20.563499],[-54.61989,-20.563499],[-54.61989,-20.56349],[-54.61988,-20.56349],[-54.619881,-20.56348],[-54.619871,-20.56348],[-54.619871,-20.563471],[-54.619861,-20.563471],[-54.619862,-20.563462],[-54.619852,-20.563462],[-54.619852,-20.563453],[-54.619843,-20.563453],[-54.619843,-20.563444],[-54.619833,-20.563444],[-54.619833,-20.563435],[-54.619824,-20.563435],[-54.619824,-20.563426],[-54.619814,-20.563425],[-54.619814,-20.563416],[-54.619805,-20.563416],[-54.619805,-20.563407],[-54.619795,-20.563407],[-54.619796,-20.563398],[-54.619786,-20.563398],[-54.619786,-20.563389],[-54.619776,-20.563389],[-54.619777,-20.56338],[-54.619767,-20.56338],[-54.619767,-20.563371],[-54.619758,-20.56337],[-54.619758,-20.563361],[-54.619748,-20.563361],[-54.619748,-20.563352],[-54.619739,-20.563352],[-54.619739,-20.563343],[-54.619729,-20.563343],[-54.619729,-20.563334],[-54.61972,-20.563334],[-54.61972,-20.563325],[-54.61971,-20.563325],[-54.61971,-20.563316],[-54.619701,-20.563315],[-54.619701,-20.563306],[-54.619691,-20.563306],[-54.619692,-20.563297],[-54.619682,-20.563297],[-54.619682,-20.563288],[-54.619673,-20.563288],[-54.619673,-20.563279],[-54.619663,-20.563279],[-54.619663,-20.56327],[-54.619654,-20.56327],[-54.619654,-20.563261],[-54.619644,-20.563261],[-54.619644,-20.563251],[-54.619635,-20.563251],[-54.619635,-20.563242],[-54.619625,-20.563242],[-54.619625,-20.563233],[-54.619616,-20.563233],[-54.619616,-20.563224],[-54.619606,-20.563224],[-54.619607,-20.563215],[-54.619597,-20.563215],[-54.619597,-20.563206],[-54.619588,-20.563206],[-54.619588,-20.563197],[-54.619578,-20.563196],[-54.619578,-20.563187],[-54.619569,-20.563187],[-54.619569,-20.563178],[-54.619559,-20.563178],[-54.619559,-20.563169],[-54.61955,-20.563169],[-54.61955,-20.56316],[-54.61954,-20.56316],[-54.61954,-20.563151],[-54.619531,-20.563151],[-54.619531,-20.563142],[-54.619521,-20.563141],[-54.619522,-20.563132],[-54.619512,-20.563132],[-54.619512,-20.563123],[-54.619503,-20.563123],[-54.619503,-20.563114],[-54.619493,-20.563114],[-54.619493,-20.563105],[-54.619484,-20.563105],[-54.619484,-20.563096],[-54.619474,-20.563096],[-54.619474,-20.563087],[-54.619465,-20.563086],[-54.619465,-20.563077],[-54.619455,-20.563077],[-54.619455,-20.563068],[-54.619446,-20.563068],[-54.619446,-20.563059],[-54.619436,-20.563059],[-54.619437,-20.56305],[-54.619427,-20.56305],[-54.619427,-20.563041],[-54.619418,-20.563041],[-54.619418,-20.563032],[-54.619408,-20.563031],[-54.619408,-20.563022],[-54.619399,-20.563022],[-54.619399,-20.563013],[-54.619389,-20.563013],[-54.619389,-20.563004],[-54.61938,-20.563004],[-54.61938,-20.562995],[-54.61937,-20.562995],[-54.61937,-20.562986],[-54.619361,-20.562986],[-54.619361,-20.562977],[-54.619351,-20.562977],[-54.619352,-20.562968],[-54.619342,-20.562967],[-54.619342,-20.562958],[-54.619333,-20.562958],[-54.619333,-20.562949],[-54.619323,-20.562949],[-54.619323,-20.56294],[-54.619314,-20.56294],[-54.619314,-20.562931],[-54.619304,-20.562931],[-54.619304,-20.562922],[-54.619295,-20.562922],[-54.619295,-20.562913],[-54.619285,-20.562912],[-54.619285,-20.562903],[-54.619276,-20.562903],[-54.619276,-20.562894],[-54.619266,-20.562894],[-54.619267,-20.562885],[-54.619257,-20.562885],[-54.619257,-20.562876],[-54.619247,-20.562876],[-54.619248,-20.562867],[-54.619238,-20.562867],[-54.619238,-20.562858],[-54.619229,-20.562857],[-54.619229,-20.562848],[-54.619219,-20.562848],[-54.619219,-20.562839],[-54.61921,-20.562839],[-54.61921,-20.56283],[-54.6192,-20.56283],[-54.6192,-20.562821],[-54.619191,-20.562821],[-54.619191,-20.562812],[-54.619181,-20.562812],[-54.619182,-20.562803],[-54.619172,-20.562802],[-54.619172,-20.562793],[-54.619162,-20.562793],[-54.619163,-20.562784],[-54.619153,-20.562784],[-54.619153,-20.562775],[-54.619144,-20.562775],[-54.619144,-20.562766],[-54.619134,-20.562766],[-54.619134,-20.562757],[-54.619125,-20.562757],[-54.619125,-20.562748],[-54.619115,-20.562748],[-54.619115,-20.562739],[-54.619106,-20.562738],[-54.619106,-20.562729],[-54.619096,-20.562729],[-54.619096,-20.56272],[-54.619087,-20.56272],[-54.619087,-20.562711],[-54.619077,-20.562711],[-54.619078,-20.562702],[-54.619068,-20.562702],[-54.619068,-20.562693],[-54.619059,-20.562693],[-54.619059,-20.562684],[-54.619049,-20.562683],[-54.619049,-20.562674],[-54.61904,-20.562674],[-54.61904,-20.562665],[-54.61903,-20.562665],[-54.619031,-20.562647],[-54.619021,-20.562647],[-54.619021,-20.562638],[-54.619011,-20.562638],[-54.619012,-20.562629],[-54.619002,-20.562629],[-54.619002,-20.56262],[-54.618993,-20.562619],[-54.618993,-20.56261],[-54.618983,-20.56261],[-54.618983,-20.562592],[-54.618974,-20.562592],[-54.618974,-20.562583],[-54.618964,-20.562583],[-54.618965,-20.562574],[-54.618955,-20.562574],[-54.618955,-20.562565],[-54.618945,-20.562565],[-54.618946,-20.562556],[-54.618936,-20.562555],[-54.618936,-20.562546],[-54.618927,-20.562546],[-54.618927,-20.562537],[-54.618917,-20.562537],[-54.618917,-20.562528],[-54.618908,-20.562528],[-54.618908,-20.562519],[-54.618898,-20.562519],[-54.618898,-20.56251],[-54.618889,-20.56251],[-54.618889,-20.562501],[-54.618879,-20.5625],[-54.61888,-20.562491],[-54.61887,-20.562491],[-54.61887,-20.562482],[-54.61886,-20.562482],[-54.618861,-20.562473],[-54.618851,-20.562473],[-54.618851,-20.562464],[-54.618842,-20.562464],[-54.618842,-20.562455],[-54.618832,-20.562455],[-54.618832,-20.562446],[-54.618823,-20.562446],[-54.618823,-20.562436],[-54.618813,-20.562436],[-54.618813,-20.562427],[-54.618804,-20.562427],[-54.618804,-20.562418],[-54.618794,-20.562418],[-54.618795,-20.562409],[-54.618785,-20.562409],[-54.618785,-20.5624],[-54.618775,-20.5624],[-54.618776,-20.562391],[-54.618766,-20.562391],[-54.618766,-20.562382],[-54.618757,-20.562381],[-54.618757,-20.562372],[-54.618747,-20.562372],[-54.618747,-20.562363],[-54.618738,-20.562363],[-54.618738,-20.562354],[-54.618728,-20.562354],[-54.618728,-20.562345],[-54.618719,-20.562345],[-54.618719,-20.562336],[-54.618709,-20.562336],[-54.618709,-20.562327],[-54.6187,-20.562326],[-54.6187,-20.562317],[-54.61869,-20.562317],[-54.618691,-20.562308],[-54.618681,-20.562308],[-54.618681,-20.562299],[-54.618672,-20.562299],[-54.618672,-20.56229],[-54.618662,-20.56229],[-54.618662,-20.562281],[-54.618653,-20.562281],[-54.618653,-20.562272],[-54.618643,-20.562271],[-54.618643,-20.562262],[-54.618634,-20.562262],[-54.618634,-20.562253],[-54.618624,-20.562253],[-54.618624,-20.562244],[-54.618615,-20.562244],[-54.618615,-20.562235],[-54.618605,-20.562235],[-54.618606,-20.562226],[-54.618596,-20.562226],[-54.618596,-20.562217],[-54.618587,-20.562217],[-54.618587,-20.562207],[-54.618577,-20.562207],[-54.618577,-20.562198],[-54.618568,-20.562198],[-54.618568,-20.562189],[-54.618558,-20.562189],[-54.618558,-20.56218],[-54.618549,-20.56218],[-54.618549,-20.562171],[-54.618539,-20.562171],[-54.618539,-20.562162],[-54.61853,-20.562162],[-54.61853,-20.562153],[-54.61852,-20.562152],[-54.618521,-20.562143],[-54.618511,-20.562143],[-54.618511,-20.562134],[-54.618502,-20.562134],[-54.618502,-20.562125],[-54.618492,-20.562125],[-54.618492,-20.562116],[-54.618483,-20.562116],[-54.618483,-20.562107],[-54.618473,-20.562107],[-54.618473,-20.562098],[-54.618464,-20.562097],[-54.618464,-20.562088],[-54.618454,-20.562088],[-54.618454,-20.562079],[-54.618445,-20.562079],[-54.618445,-20.56207],[-54.618435,-20.56207],[-54.618436,-20.562061],[-54.618426,-20.562061],[-54.618426,-20.562052],[-54.618417,-20.562052],[-54.618417,-20.562043],[-54.618407,-20.562042],[-54.618407,-20.562033],[-54.618398,-20.562033],[-54.618398,-20.562024],[-54.618388,-20.562024],[-54.618388,-20.562015],[-54.618379,-20.562015],[-54.618379,-20.562006],[-54.618369,-20.562006],[-54.618369,-20.561997],[-54.61836,-20.561997],[-54.61836,-20.561988],[-54.61835,-20.561988],[-54.618351,-20.561978],[-54.618341,-20.561978],[-54.618341,-20.561969],[-54.618332,-20.561969],[-54.618332,-20.56196],[-54.618322,-20.56196],[-54.618322,-20.561951],[-54.618313,-20.561951],[-54.618313,-20.561942],[-54.618303,-20.561942],[-54.618303,-20.561933],[-54.618294,-20.561933],[-54.618294,-20.561924],[-54.618284,-20.561923],[-54.618284,-20.561914],[-54.618275,-20.561914],[-54.618275,-20.561905],[-54.618265,-20.561905],[-54.618266,-20.561896],[-54.618256,-20.561896],[-54.618256,-20.561887],[-54.618247,-20.561887],[-54.618247,-20.561878],[-54.618237,-20.561878],[-54.618237,-20.561869],[-54.618228,-20.561868],[-54.618228,-20.561859],[-54.618218,-20.561859],[-54.618218,-20.56185],[-54.618209,-20.56185],[-54.618209,-20.561841],[-54.618199,-20.561841],[-54.618199,-20.561832],[-54.61819,-20.561832],[-54.61819,-20.561823],[-54.61818,-20.561823],[-54.618181,-20.561814],[-54.618171,-20.561813],[-54.618171,-20.561804],[-54.618161,-20.561804],[-54.618162,-20.561795],[-54.618142,-20.561795],[-54.618143,-20.561786],[-54.618133,-20.561786],[-54.618133,-20.561777],[-54.618124,-20.561777],[-54.618124,-20.561768],[-54.618114,-20.561768],[-54.618114,-20.561759],[-54.618105,-20.561758],[-54.618105,-20.561749],[-54.618095,-20.561749],[-54.618095,-20.56174],[-54.618086,-20.56174],[-54.618086,-20.561731],[-54.618076,-20.561731],[-54.618076,-20.561722],[-54.618067,-20.561722],[-54.618067,-20.561713],[-54.618057,-20.561713],[-54.618058,-20.561704],[-54.618048,-20.561703],[-54.618048,-20.561694],[-54.618039,-20.561694],[-54.618039,-20.561685],[-54.618029,-20.561685],[-54.618029,-20.561676],[-54.61802,-20.561676],[-54.61802,-20.561667],[-54.61801,-20.561667],[-54.61801,-20.561658],[-54.618001,-20.561658],[-54.618001,-20.561649],[-54.617991,-20.561648],[-54.617991,-20.561639],[-54.617982,-20.561639],[-54.617982,-20.56163],[-54.617972,-20.56163],[-54.617973,-20.561621],[-54.617963,-20.561621],[-54.617963,-20.561612],[-54.617954,-20.561612],[-54.617954,-20.561603],[-54.617944,-20.561603],[-54.617944,-20.561594],[-54.617935,-20.561593],[-54.617935,-20.561584],[-54.617925,-20.561584],[-54.617925,-20.561575],[-54.617916,-20.561575],[-54.617916,-20.561566],[-54.617906,-20.561566],[-54.617906,-20.561557],[-54.617897,-20.561557],[-54.617897,-20.561548],[-54.617887,-20.561548],[-54.617888,-20.561539],[-54.617878,-20.561539],[-54.617878,-20.56153],[-54.617869,-20.561529],[-54.617869,-20.56152],[-54.617859,-20.56152],[-54.617859,-20.561511],[-54.61785,-20.561511],[-54.61785,-20.561502],[-54.61784,-20.561502],[-54.61784,-20.561493],[-54.617831,-20.561493],[-54.617831,-20.561484],[-54.617821,-20.561484],[-54.617821,-20.561475],[-54.617812,-20.561474],[-54.617812,-20.561465],[-54.617802,-20.561465],[-54.617803,-20.561456],[-54.617793,-20.561456],[-54.617793,-20.561447],[-54.617784,-20.561447],[-54.617784,-20.561438],[-54.617774,-20.561438],[-54.617774,-20.561429],[-54.617765,-20.561429],[-54.617765,-20.56142],[-54.617755,-20.561419],[-54.617755,-20.56141],[-54.617727,-20.56141],[-54.617727,-20.561401],[-54.617717,-20.561401],[-54.617717,-20.561392],[-54.617708,-20.561392],[-54.617708,-20.561383],[-54.617698,-20.561383],[-54.617698,-20.561374],[-54.617689,-20.561373],[-54.617689,-20.561364],[-54.617679,-20.561364],[-54.617679,-20.561355],[-54.61767,-20.561355],[-54.61767,-20.561346],[-54.61766,-20.561346],[-54.617661,-20.561337],[-54.617651,-20.561337],[-54.617651,-20.561328],[-54.617642,-20.561328],[-54.617642,-20.561319],[-54.617632,-20.561318],[-54.617632,-20.561309],[-54.617623,-20.561309],[-54.617623,-20.5613],[-54.617613,-20.5613],[-54.617613,-20.561291],[-54.617604,-20.561291],[-54.617604,-20.561282],[-54.617594,-20.561282],[-54.617594,-20.561273],[-54.617585,-20.561273],[-54.617585,-20.561264],[-54.617575,-20.561263],[-54.617576,-20.561254],[-54.617566,-20.561254],[-54.617566,-20.561245],[-54.617557,-20.561245],[-54.617557,-20.561236],[-54.617547,-20.561236],[-54.617547,-20.561227],[-54.617538,-20.561227],[-54.617538,-20.561218],[-54.617528,-20.561218],[-54.617528,-20.561209],[-54.617519,-20.561208],[-54.617519,-20.561199],[-54.617509,-20.561199],[-54.617509,-20.56119],[-54.6175,-20.56119],[-54.6175,-20.561181],[-54.61749,-20.561181],[-54.617491,-20.561172],[-54.617481,-20.561172],[-54.617481,-20.561163],[-54.617472,-20.561163],[-54.617472,-20.561154],[-54.617462,-20.561154],[-54.617462,-20.561145],[-54.617453,-20.561144],[-54.617453,-20.561135],[-54.617443,-20.561135],[-54.617443,-20.561126],[-54.617434,-20.561126],[-54.617434,-20.561117],[-54.617424,-20.561117],[-54.617424,-20.561108],[-54.617415,-20.561108],[-54.617415,-20.561099],[-54.617405,-20.561099],[-54.617406,-20.56109],[-54.617396,-20.561089],[-54.617396,-20.56108],[-54.617387,-20.56108],[-54.617387,-20.561071],[-54.617377,-20.561071],[-54.617377,-20.561062],[-54.617368,-20.561062],[-54.617368,-20.561053],[-54.617358,-20.561053],[-54.617358,-20.561044],[-54.617349,-20.561044],[-54.617349,-20.561035],[-54.617339,-20.561034],[-54.617339,-20.561025],[-54.61733,-20.561025],[-54.61733,-20.561016],[-54.61732,-20.561016],[-54.617321,-20.561007],[-54.617311,-20.561007],[-54.617311,-20.560998],[-54.617301,-20.560998],[-54.617302,-20.560989],[-54.617024,-20.560985],[-54.617024,-20.560976],[-54.615998,-20.560962],[-54.615998,-20.560971],[-54.615988,-20.560971],[-54.615989,-20.560962],[-54.615979,-20.560962],[-54.615979,-20.560953],[-54.61596,-20.560952],[-54.61596,-20.560943],[-54.615941,-20.560943],[-54.615941,-20.560934],[-54.615931,-20.560934],[-54.615932,-20.560925],[-54.615922,-20.560925],[-54.615922,-20.560916],[-54.615903,-20.560915],[-54.615903,-20.560906],[-54.615893,-20.560906],[-54.615894,-20.560897],[-54.615874,-20.560897],[-54.615875,-20.560888],[-54.615865,-20.560888],[-54.615865,-20.560879],[-54.615856,-20.560879],[-54.615856,-20.56087],[-54.615837,-20.560869],[-54.615837,-20.56086],[-54.615827,-20.56086],[-54.615827,-20.560851],[-54.615818,-20.560851],[-54.615818,-20.560842],[-54.615799,-20.560842],[-54.615799,-20.560833],[-54.615789,-20.560833],[-54.615789,-20.560823],[-54.61578,-20.560823],[-54.61578,-20.560814],[-54.615761,-20.560814],[-54.615761,-20.560805],[-54.615751,-20.560805],[-54.615751,-20.560796],[-54.615732,-20.560796],[-54.615732,-20.560787],[-54.615723,-20.560786],[-54.615723,-20.560777],[-54.615713,-20.560777],[-54.615713,-20.560768],[-54.615694,-20.560768],[-54.615694,-20.560759],[-54.615685,-20.560759],[-54.615685,-20.56075],[-54.615675,-20.56075],[-54.615676,-20.560741],[-54.615656,-20.56074],[-54.615657,-20.560731],[-54.615647,-20.560731],[-54.615647,-20.560722],[-54.615637,-20.560722],[-54.615638,-20.560713],[-54.615609,-20.560713],[-54.615609,-20.560704],[-54.615599,-20.560703],[-54.6156,-20.560694],[-54.61559,-20.560694],[-54.61559,-20.560685],[-54.615581,-20.560685],[-54.615581,-20.560676],[-54.615561,-20.560676],[-54.615562,-20.560667],[-54.615552,-20.560667],[-54.615552,-20.560658],[-54.615543,-20.560658],[-54.615543,-20.560649],[-54.615524,-20.560648],[-54.615524,-20.560639],[-54.615514,-20.560639],[-54.615514,-20.56063],[-54.615505,-20.56063],[-54.615505,-20.560621],[-54.615495,-20.560621],[-54.615495,-20.560612],[-54.615476,-20.560611],[-54.615476,-20.560602],[-54.615467,-20.560602],[-54.615467,-20.560593],[-54.615457,-20.560593],[-54.615457,-20.560584],[-54.615429,-20.560584],[-54.615429,-20.560575],[-54.615419,-20.560575],[-54.615419,-20.560566],[-54.61541,-20.560565],[-54.61541,-20.560556],[-54.6154,-20.560556],[-54.615401,-20.560547],[-54.615381,-20.560547],[-54.615381,-20.560538],[-54.615372,-20.560538],[-54.615372,-20.560529],[-54.615362,-20.560529],[-54.615363,-20.56052],[-54.615334,-20.560519],[-54.615334,-20.56051],[-54.615324,-20.56051],[-54.615325,-20.560501],[-54.615315,-20.560501],[-54.615315,-20.560492],[-54.615305,-20.560492],[-54.615306,-20.560483],[-54.615296,-20.560483],[-54.615296,-20.560474],[-54.615287,-20.560473],[-54.615287,-20.560464],[-54.615277,-20.560464],[-54.615277,-20.560455],[-54.615239,-20.560455],[-54.615239,-20.560446],[-54.615201,-20.560445],[-54.615201,-20.560454],[-54.615191,-20.560454],[-54.615191,-20.560463],[-54.615181,-20.560463],[-54.615181,-20.560472],[-54.615172,-20.560472],[-54.615171,-20.560481],[-54.615162,-20.560481],[-54.615162,-20.56049],[-54.615143,-20.560489],[-54.615142,-20.560499],[-54.615133,-20.560498],[-54.615133,-20.560507],[-54.615123,-20.560507],[-54.615123,-20.560516],[-54.615113,-20.560516],[-54.615113,-20.560525],[-54.615104,-20.560525],[-54.615103,-20.560534],[-54.615084,-20.560534],[-54.615084,-20.560543],[-54.615075,-20.560543],[-54.615074,-20.560552],[-54.615065,-20.560552],[-54.615065,-20.560561],[-54.615046,-20.56056],[-54.615045,-20.560569],[-54.615026,-20.560569],[-54.615026,-20.560578],[-54.615017,-20.560578],[-54.615016,-20.560587],[-54.614997,-20.560587],[-54.614997,-20.560596],[-54.614978,-20.560596],[-54.614978,-20.560605],[-54.614968,-20.560604],[-54.614968,-20.560614],[-54.614939,-20.560613],[-54.614939,-20.560622],[-54.61492,-20.560622],[-54.61492,-20.560631],[-54.614901,-20.560631],[-54.6149,-20.56064],[-54.614843,-20.560639],[-54.614843,-20.560648],[-54.614833,-20.560648],[-54.614833,-20.560657],[-54.614824,-20.560657],[-54.614823,-20.560666],[-54.614814,-20.560666],[-54.614814,-20.560675],[-54.614804,-20.560674],[-54.614804,-20.560665],[-54.614795,-20.560665],[-54.614795,-20.560656],[-54.614785,-20.560656],[-54.614785,-20.560647],[-54.614776,-20.560647],[-54.614776,-20.560638],[-54.614766,-20.560638],[-54.614766,-20.560629],[-54.614757,-20.560629],[-54.614757,-20.56062],[-54.614738,-20.560619],[-54.614738,-20.56061],[-54.6147,-20.56061],[-54.6147,-20.560601],[-54.614661,-20.5606],[-54.614662,-20.560591],[-54.614623,-20.560591],[-54.614623,-20.560582],[-54.614585,-20.560581],[-54.614585,-20.560572],[-54.614547,-20.560572],[-54.614547,-20.560563],[-54.614509,-20.560562],[-54.614509,-20.560553],[-54.61447,-20.560552],[-54.614471,-20.560543],[-54.614432,-20.560543],[-54.614432,-20.560534],[-54.614365,-20.560533],[-54.614365,-20.560524],[-54.614107,-20.56052],[-54.614107,-20.560511],[-54.614097,-20.560511],[-54.614097,-20.560502],[-54.614088,-20.560502],[-54.614088,-20.560493],[-54.614078,-20.560493],[-54.614078,-20.560484],[-54.614069,-20.560484],[-54.614069,-20.560475],[-54.614059,-20.560475],[-54.614059,-20.560466],[-54.61405,-20.560465],[-54.61405,-20.560456],[-54.61404,-20.560456],[-54.614041,-20.560447],[-54.614031,-20.560447],[-54.614031,-20.560438],[-54.614022,-20.560438],[-54.614022,-20.560429],[-54.614012,-20.560429],[-54.614012,-20.56042],[-54.614003,-20.56042],[-54.614003,-20.560411],[-54.613993,-20.56041],[-54.613993,-20.560401],[-54.613984,-20.560401],[-54.613984,-20.560392],[-54.613974,-20.560392],[-54.613974,-20.560383],[-54.613965,-20.560383],[-54.613965,-20.560374],[-54.613955,-20.560374],[-54.613956,-20.560365],[-54.613946,-20.560365],[-54.613946,-20.560356],[-54.613937,-20.560355],[-54.613937,-20.560346],[-54.613927,-20.560346],[-54.613927,-20.560337],[-54.613918,-20.560337],[-54.613918,-20.560328],[-54.613908,-20.560328],[-54.613908,-20.560319],[-54.613899,-20.560319],[-54.613899,-20.56031],[-54.613889,-20.56031],[-54.613889,-20.560301],[-54.61388,-20.560301],[-54.61388,-20.560291],[-54.61387,-20.560291],[-54.613871,-20.560282],[-54.613861,-20.560282],[-54.613861,-20.560273],[-54.613852,-20.560273],[-54.613852,-20.560264],[-54.613842,-20.560264],[-54.613842,-20.560255],[-54.613833,-20.560255],[-54.613833,-20.560246],[-54.613823,-20.560246],[-54.613823,-20.560237],[-54.613814,-20.560236],[-54.613814,-20.560227],[-54.613804,-20.560227],[-54.613804,-20.560218],[-54.613795,-20.560218],[-54.613795,-20.560209],[-54.613785,-20.560209],[-54.613786,-20.5602],[-54.613776,-20.5602],[-54.613776,-20.560191],[-54.613767,-20.560191],[-54.613767,-20.560182],[-54.613757,-20.560181],[-54.613757,-20.560172],[-54.613748,-20.560172],[-54.613748,-20.560163],[-54.613738,-20.560163],[-54.613738,-20.560154],[-54.613729,-20.560154],[-54.613729,-20.560145],[-54.613719,-20.560145],[-54.61372,-20.5601],[-54.61373,-20.5601],[-54.613731,-20.560009],[-54.613741,-20.56001],[-54.613742,-20.559928],[-54.613751,-20.559929],[-54.613752,-20.559901],[-54.613742,-20.559901],[-54.613742,-20.559892],[-54.613733,-20.559892],[-54.613733,-20.559883],[-54.613723,-20.559883],[-54.613723,-20.559874],[-54.613714,-20.559874],[-54.613714,-20.559856],[-54.613705,-20.559856],[-54.613705,-20.559847],[-54.613695,-20.559846],[-54.613695,-20.559837],[-54.613686,-20.559837],[-54.613686,-20.559828],[-54.613676,-20.559828],[-54.613676,-20.559819],[-54.613667,-20.559819],[-54.613667,-20.55981],[-54.613657,-20.55981],[-54.613658,-20.559801],[-54.613648,-20.559801],[-54.613648,-20.559792],[-54.613638,-20.559791],[-54.613639,-20.559782],[-54.613629,-20.559782],[-54.613629,-20.559773],[-54.61362,-20.559773],[-54.61362,-20.559755],[-54.61361,-20.559755],[-54.61361,-20.559746],[-54.613601,-20.559746],[-54.613601,-20.559737],[-54.613591,-20.559737],[-54.613592,-20.559728],[-54.613582,-20.559728],[-54.613582,-20.559718],[-54.613573,-20.559718],[-54.613573,-20.559709],[-54.613563,-20.559709],[-54.613563,-20.5597],[-54.613554,-20.5597],[-54.613554,-20.559691],[-54.613544,-20.559691],[-54.613544,-20.559682],[-54.613535,-20.559682],[-54.613535,-20.559673],[-54.613525,-20.559673],[-54.613525,-20.559664],[-54.613516,-20.559663],[-54.613516,-20.559645],[-54.613507,-20.559645],[-54.613507,-20.559636],[-54.613497,-20.559636],[-54.613497,-20.559627],[-54.613488,-20.559627],[-54.613488,-20.559618],[-54.613478,-20.559618],[-54.613478,-20.559609],[-54.613469,-20.559609],[-54.613469,-20.5596],[-54.613459,-20.559599],[-54.613459,-20.55959],[-54.61345,-20.55959],[-54.61345,-20.559581],[-54.61344,-20.559581],[-54.613441,-20.559572],[-54.613431,-20.559572],[-54.613431,-20.559563],[-54.613422,-20.559563],[-54.613422,-20.559554],[-54.613412,-20.559554],[-54.613413,-20.559517],[-54.613403,-20.559517],[-54.613403,-20.55949],[-54.613394,-20.55949],[-54.613394,-20.559454],[-54.613385,-20.559454],[-54.613386,-20.559409],[-54.613376,-20.559409],[-54.613377,-20.559354],[-54.613348,-20.559354],[-54.613348,-20.559345],[-54.613329,-20.559345],[-54.613329,-20.559336],[-54.61331,-20.559335],[-54.61331,-20.559326],[-54.613253,-20.559326],[-54.613253,-20.559317],[-54.613224,-20.559316],[-54.613224,-20.559307],[-54.613195,-20.559307],[-54.613196,-20.559298],[-54.613167,-20.559297],[-54.613167,-20.559288],[-54.613129,-20.559288],[-54.613129,-20.559279],[-54.6131,-20.559278],[-54.6131,-20.559269],[-54.613071,-20.559269],[-54.613071,-20.55926],[-54.613043,-20.55926],[-54.613043,-20.559251],[-54.613014,-20.55925],[-54.613014,-20.559241],[-54.612985,-20.559241],[-54.612986,-20.559232],[-54.612957,-20.559231],[-54.612957,-20.559222],[-54.612919,-20.559222],[-54.612919,-20.559213],[-54.61289,-20.559212],[-54.61289,-20.559203],[-54.612842,-20.559203],[-54.612842,-20.559194],[-54.61266,-20.559191],[-54.61266,-20.559209],[-54.61265,-20.559209],[-54.61265,-20.559263],[-54.61264,-20.559263],[-54.612639,-20.559308],[-54.61263,-20.559308],[-54.612629,-20.559362],[-54.612619,-20.559362],[-54.612618,-20.559416],[-54.612609,-20.559416],[-54.612608,-20.559452],[-54.61257,-20.559452],[-54.61257,-20.559461],[-54.612522,-20.55946],[-54.612522,-20.559469],[-54.612474,-20.559468],[-54.612474,-20.559477],[-54.612426,-20.559477],[-54.612426,-20.559486],[-54.612378,-20.559485],[-54.612378,-20.559494],[-54.61233,-20.559494],[-54.612329,-20.559503],[-54.612282,-20.559502],[-54.612281,-20.559511],[-54.612233,-20.55951],[-54.612233,-20.559519],[-54.612176,-20.559518],[-54.612176,-20.559528],[-54.612128,-20.559527],[-54.612128,-20.559536],[-54.61208,-20.559535],[-54.61208,-20.559544],[-54.612032,-20.559544],[-54.612031,-20.559553],[-54.611984,-20.559552],[-54.611983,-20.559561],[-54.611935,-20.55956],[-54.611935,-20.559569],[-54.611887,-20.559569],[-54.611887,-20.559578],[-54.611839,-20.559577],[-54.611839,-20.559586],[-54.611782,-20.559585],[-54.611782,-20.559594],[-54.611734,-20.559594],[-54.611733,-20.559603],[-54.611686,-20.559602],[-54.611685,-20.559611],[-54.611302,-20.559606],[-54.611302,-20.559597],[-54.611293,-20.559597],[-54.611293,-20.559588],[-54.611283,-20.559587],[-54.611283,-20.559578],[-54.611274,-20.559578],[-54.611274,-20.559569],[-54.611264,-20.559569],[-54.611264,-20.55956],[-54.611255,-20.55956],[-54.611255,-20.559551],[-54.611245,-20.559551],[-54.611245,-20.559542],[-54.611236,-20.559542],[-54.611236,-20.559533],[-54.611226,-20.559532],[-54.611227,-20.559523],[-54.611217,-20.559523],[-54.611217,-20.559514],[-54.611208,-20.559514],[-54.611208,-20.559505],[-54.611198,-20.559505],[-54.611198,-20.559496],[-54.611189,-20.559496],[-54.611189,-20.559487],[-54.611179,-20.559487],[-54.611179,-20.559478],[-54.61117,-20.559478],[-54.61117,-20.559468],[-54.61116,-20.559468],[-54.61116,-20.559459],[-54.611151,-20.559459],[-54.611151,-20.55945],[-54.611141,-20.55945],[-54.611142,-20.559441],[-54.611132,-20.559441],[-54.611132,-20.559432],[-54.611122,-20.559432],[-54.611123,-20.559423],[-54.611113,-20.559423],[-54.611113,-20.559414],[-54.611104,-20.559413],[-54.611104,-20.559404],[-54.611094,-20.559404],[-54.611094,-20.559395],[-54.611085,-20.559395],[-54.611085,-20.559386],[-54.611075,-20.559386],[-54.611075,-20.559377],[-54.611066,-20.559377],[-54.611066,-20.559368],[-54.611056,-20.559368],[-54.611057,-20.559359],[-54.611047,-20.559358],[-54.611047,-20.559349],[-54.611037,-20.559349],[-54.611038,-20.55934],[-54.611028,-20.55934],[-54.611028,-20.559331],[-54.611019,-20.559331],[-54.611019,-20.559322],[-54.611009,-20.559322],[-54.611009,-20.559313],[-54.611,-20.559313],[-54.611,-20.559304],[-54.61099,-20.559303],[-54.61099,-20.559294],[-54.610981,-20.559294],[-54.610981,-20.559285],[-54.610971,-20.559285],[-54.610972,-20.559276],[-54.610962,-20.559276],[-54.610962,-20.559267],[-54.610952,-20.559267],[-54.610953,-20.559258],[-54.610943,-20.559258],[-54.610943,-20.559249],[-54.610934,-20.559249],[-54.610934,-20.559239],[-54.610924,-20.559239],[-54.610924,-20.55923],[-54.610915,-20.55923],[-54.610915,-20.559221],[-54.610905,-20.559221],[-54.610905,-20.559212],[-54.610896,-20.559212],[-54.610896,-20.559203],[-54.610886,-20.559203],[-54.610887,-20.559194],[-54.610877,-20.559194],[-54.610877,-20.559185],[-54.610867,-20.559184],[-54.610868,-20.559175],[-54.610858,-20.559175],[-54.610858,-20.559166],[-54.610849,-20.559166],[-54.610849,-20.559157],[-54.610839,-20.559157],[-54.610839,-20.559148],[-54.61083,-20.559148],[-54.61083,-20.559112],[-54.610821,-20.559111],[-54.610821,-20.559102],[-54.610811,-20.559102],[-54.610811,-20.559093],[-54.610802,-20.559093],[-54.610802,-20.559084],[-54.610735,-20.559083],[-54.610735,-20.559074],[-54.610677,-20.559073],[-54.610678,-20.559064],[-54.610649,-20.559064],[-54.610649,-20.559055],[-54.610553,-20.559054],[-54.610553,-20.559063],[-54.610534,-20.559062],[-54.610534,-20.559026],[-54.610496,-20.559026],[-54.610496,-20.559017],[-54.610477,-20.559016],[-54.610477,-20.559007],[-54.610468,-20.559007],[-54.610468,-20.558998],[-54.610439,-20.558998],[-54.610439,-20.558989],[-54.61041,-20.558988],[-54.61041,-20.558979],[-54.610382,-20.558979],[-54.610382,-20.55897],[-54.610363,-20.55897],[-54.610363,-20.558961],[-54.610334,-20.55896],[-54.610334,-20.558951],[-54.610296,-20.558951],[-54.610296,-20.558942],[-54.610258,-20.558941],[-54.610258,-20.558932],[-54.610229,-20.558932],[-54.610229,-20.558923],[-54.6102,-20.558922],[-54.610201,-20.558913],[-54.610162,-20.558913],[-54.610162,-20.558904],[-54.610143,-20.558903],[-54.610143,-20.558894],[-54.610134,-20.558894],[-54.610134,-20.558885],[-54.610124,-20.558885],[-54.610124,-20.558876],[-54.610115,-20.558876],[-54.610115,-20.558867],[-54.610105,-20.558867],[-54.610106,-20.558858],[-54.610096,-20.558858],[-54.610096,-20.558849],[-54.610087,-20.558849],[-54.610087,-20.558839],[-54.610077,-20.558839],[-54.610077,-20.55883],[-54.610068,-20.55883],[-54.610068,-20.558821],[-54.610058,-20.558821],[-54.610058,-20.558812],[-54.610049,-20.558812],[-54.610049,-20.558803],[-54.610039,-20.558803],[-54.610039,-20.558794],[-54.61002,-20.558793],[-54.61002,-20.558784],[-54.610011,-20.558784],[-54.610011,-20.558775],[-54.610001,-20.558775],[-54.610001,-20.558766],[-54.609992,-20.558766],[-54.609992,-20.558757],[-54.609982,-20.558757],[-54.609983,-20.558748],[-54.609973,-20.558748],[-54.609973,-20.558739],[-54.609964,-20.558738],[-54.609964,-20.558729],[-54.609954,-20.558729],[-54.609954,-20.55872],[-54.609945,-20.55872],[-54.609945,-20.558711],[-54.609935,-20.558711],[-54.609935,-20.558702],[-54.609926,-20.558702],[-54.609926,-20.558693],[-54.609878,-20.558692],[-54.609753,-20.55869],[-54.609754,-20.558681],[-54.609696,-20.558681],[-54.609696,-20.558672],[-54.609687,-20.558671],[-54.609687,-20.558662],[-54.609677,-20.558662],[-54.609677,-20.558653],[-54.609668,-20.558653],[-54.609668,-20.558644],[-54.609658,-20.558644],[-54.609658,-20.558635],[-54.609649,-20.558635],[-54.609649,-20.558626],[-54.609639,-20.558626],[-54.609639,-20.558617],[-54.60963,-20.558616],[-54.60963,-20.558607],[-54.60962,-20.558607],[-54.609621,-20.558598],[-54.609611,-20.558598],[-54.609611,-20.558589],[-54.609602,-20.558589],[-54.609602,-20.55858],[-54.609592,-20.55858],[-54.609592,-20.558571],[-54.609583,-20.558571],[-54.609583,-20.558562],[-54.609573,-20.558561],[-54.609573,-20.558552],[-54.609564,-20.558552],[-54.609564,-20.558543],[-54.609554,-20.558543],[-54.609554,-20.558534],[-54.609545,-20.558534],[-54.609545,-20.558525],[-54.609535,-20.558525],[-54.609536,-20.558516],[-54.609526,-20.558516],[-54.609526,-20.558507],[-54.609517,-20.558507],[-54.609517,-20.558498],[-54.609507,-20.558497],[-54.609507,-20.558488],[-54.609498,-20.558488],[-54.609498,-20.558479],[-54.609488,-20.558479],[-54.609488,-20.55847],[-54.609479,-20.55847],[-54.609479,-20.558461],[-54.609469,-20.558461],[-54.609469,-20.558452],[-54.60946,-20.558452],[-54.60946,-20.558443],[-54.60945,-20.558442],[-54.609451,-20.558433],[-54.609441,-20.558433],[-54.609441,-20.558424],[-54.609432,-20.558424],[-54.609432,-20.558415],[-54.609422,-20.558415],[-54.609422,-20.558406],[-54.609413,-20.558406],[-54.609413,-20.558397],[-54.609403,-20.558397],[-54.609403,-20.558388],[-54.609394,-20.558387],[-54.609394,-20.558378],[-54.609384,-20.558378],[-54.609384,-20.558369],[-54.609375,-20.558369],[-54.609375,-20.55836],[-54.609365,-20.55836],[-54.609366,-20.558351],[-54.609356,-20.558351],[-54.609356,-20.558342],[-54.609347,-20.558342],[-54.609347,-20.558333],[-54.609337,-20.558332],[-54.609337,-20.558323],[-54.609328,-20.558323],[-54.609328,-20.558314],[-54.609318,-20.558314],[-54.609318,-20.558305],[-54.609309,-20.558305],[-54.609309,-20.558296],[-54.609299,-20.558296],[-54.609299,-20.558287],[-54.60929,-20.558287],[-54.60929,-20.558278],[-54.60928,-20.558278],[-54.609281,-20.558268],[-54.609271,-20.558268],[-54.609271,-20.558259],[-54.609262,-20.558259],[-54.609262,-20.55825],[-54.609252,-20.55825],[-54.609252,-20.558241],[-54.609243,-20.558241],[-54.609243,-20.558232],[-54.609233,-20.558232],[-54.609233,-20.558223],[-54.609224,-20.558223],[-54.609224,-20.558214],[-54.609214,-20.558213],[-54.609214,-20.558204],[-54.609205,-20.558204],[-54.609205,-20.558195],[-54.609195,-20.558195],[-54.609196,-20.558186],[-54.609186,-20.558186],[-54.609186,-20.558177],[-54.609177,-20.558177],[-54.609177,-20.558168],[-54.609167,-20.558168],[-54.609167,-20.558159],[-54.609158,-20.558158],[-54.609158,-20.558149],[-54.609148,-20.558149],[-54.609148,-20.55814],[-54.609139,-20.55814],[-54.609139,-20.558131],[-54.609129,-20.558131],[-54.609129,-20.558122],[-54.60912,-20.558122],[-54.60912,-20.558113],[-54.60911,-20.558113],[-54.609111,-20.558104],[-54.609101,-20.558103],[-54.609101,-20.558094],[-54.608909,-20.558092],[-54.608909,-20.558101],[-54.608737,-20.558098],[-54.608737,-20.558107],[-54.608698,-20.558107],[-54.608698,-20.558098],[-54.608679,-20.558098],[-54.60868,-20.558071],[-54.608689,-20.558071],[-54.608689,-20.558053],[-54.608699,-20.558053],[-54.608699,-20.558035],[-54.608709,-20.558035],[-54.608709,-20.558017],[-54.608719,-20.558017],[-54.608719,-20.55799],[-54.608729,-20.55799],[-54.608729,-20.557963],[-54.608739,-20.557963],[-54.608739,-20.557936],[-54.608749,-20.557936],[-54.608749,-20.557918],[-54.608759,-20.557918],[-54.608759,-20.557891],[-54.608769,-20.557891],[-54.608769,-20.557864],[-54.608779,-20.557864],[-54.608779,-20.557837],[-54.608789,-20.557837],[-54.608789,-20.557819],[-54.608799,-20.557819],[-54.608799,-20.557792],[-54.608809,-20.557792],[-54.608809,-20.557765],[-54.608819,-20.557765],[-54.608819,-20.557738],[-54.608829,-20.557738],[-54.608829,-20.55772],[-54.608838,-20.557721],[-54.608839,-20.557693],[-54.608848,-20.557694],[-54.608849,-20.557667],[-54.608858,-20.557667],[-54.608859,-20.55764],[-54.608869,-20.55764],[-54.608869,-20.557622],[-54.608878,-20.557622],[-54.608879,-20.557595],[-54.608888,-20.557595],[-54.608889,-20.557568],[-54.608898,-20.557568],[-54.608899,-20.557541],[-54.608908,-20.557541],[-54.608909,-20.557523],[-54.608918,-20.557523],[-54.608919,-20.557496],[-54.608928,-20.557496],[-54.608929,-20.557469],[-54.608938,-20.557469],[-54.608939,-20.557442],[-54.608948,-20.557442],[-54.608949,-20.557415],[-54.608958,-20.557415],[-54.608963,-20.55709],[-54.608954,-20.55709],[-54.608954,-20.557081],[-54.608944,-20.557081],[-54.608944,-20.557072],[-54.608935,-20.557072],[-54.608935,-20.557063],[-54.608925,-20.557063],[-54.608926,-20.557054],[-54.608916,-20.557053],[-54.608916,-20.557044],[-54.608907,-20.557044],[-54.608907,-20.557035],[-54.608897,-20.557035],[-54.608897,-20.557026],[-54.608878,-20.557026],[-54.608878,-20.557008],[-54.608869,-20.557008],[-54.608869,-20.556999],[-54.608859,-20.556998],[-54.608859,-20.556989],[-54.60885,-20.556989],[-54.60885,-20.556971],[-54.608841,-20.556971],[-54.608841,-20.556962],[-54.608831,-20.556962],[-54.608831,-20.556953],[-54.608822,-20.556953],[-54.608822,-20.556944],[-54.608812,-20.556944],[-54.608813,-20.556926],[-54.608803,-20.556925],[-54.608803,-20.556916],[-54.608793,-20.556916],[-54.608794,-20.556907],[-54.608784,-20.556907],[-54.608784,-20.556898],[-54.608775,-20.556898],[-54.608775,-20.55688],[-54.608765,-20.55688],[-54.608765,-20.556871],[-54.608756,-20.556871],[-54.608756,-20.556862],[-54.608746,-20.556861],[-54.608747,-20.556843],[-54.608737,-20.556843],[-54.608737,-20.556834],[-54.608728,-20.556834],[-54.608728,-20.556825],[-54.608718,-20.556825],[-54.608718,-20.556816],[-54.608709,-20.556816],[-54.608709,-20.556798],[-54.608699,-20.556798],[-54.6087,-20.556789],[-54.60869,-20.556788],[-54.60869,-20.556779],[-54.608681,-20.556779],[-54.608681,-20.556761],[-54.608671,-20.556761],[-54.608671,-20.556752],[-54.608662,-20.556752],[-54.608662,-20.556743],[-54.608652,-20.556743],[-54.608653,-20.556734],[-54.608643,-20.556734],[-54.608643,-20.556725],[-54.608633,-20.556724],[-54.608634,-20.556715],[-54.608078,-20.556708],[-54.608078,-20.556699],[-54.608068,-20.556699],[-54.608068,-20.55669],[-54.608059,-20.556689],[-54.608059,-20.55668],[-54.608049,-20.55668],[-54.608049,-20.556671],[-54.60804,-20.556671],[-54.60804,-20.556662],[-54.607992,-20.556661],[-54.607992,-20.55667],[-54.607954,-20.55667],[-54.607953,-20.556679],[-54.607915,-20.556678],[-54.607915,-20.556687],[-54.607877,-20.556687],[-54.607877,-20.556696],[-54.607838,-20.556695],[-54.607838,-20.556704],[-54.6078,-20.556704],[-54.6078,-20.556713],[-54.607761,-20.556712],[-54.607761,-20.556721],[-54.607723,-20.556721],[-54.607723,-20.55673],[-54.607684,-20.556729],[-54.607684,-20.556738],[-54.607646,-20.556738],[-54.607646,-20.556747],[-54.607607,-20.556746],[-54.607607,-20.556755],[-54.607569,-20.556755],[-54.607569,-20.556764],[-54.60753,-20.556763],[-54.60753,-20.556772],[-54.607492,-20.556772],[-54.607492,-20.556781],[-54.607453,-20.55678],[-54.607453,-20.556789],[-54.607415,-20.556789],[-54.607415,-20.556798],[-54.607376,-20.556797],[-54.607376,-20.556806],[-54.607338,-20.556806],[-54.607338,-20.556815],[-54.60729,-20.556814],[-54.60729,-20.556823],[-54.607079,-20.55682],[-54.607079,-20.556811],[-54.606973,-20.55681],[-54.606974,-20.556801],[-54.606868,-20.556799],[-54.606868,-20.55679],[-54.60682,-20.55679],[-54.606821,-20.556781],[-54.606811,-20.556781],[-54.606811,-20.556771],[-54.606802,-20.556771],[-54.606802,-20.556762],[-54.606792,-20.556762],[-54.606792,-20.556753],[-54.606783,-20.556753],[-54.606783,-20.556744],[-54.606773,-20.556744],[-54.606773,-20.556735],[-54.606764,-20.556735],[-54.606764,-20.556726],[-54.606754,-20.556726],[-54.606762,-20.55622],[-54.606753,-20.55622],[-54.606753,-20.556211],[-54.606743,-20.556211],[-54.606743,-20.556202],[-54.606734,-20.556202],[-54.606734,-20.556192],[-54.606724,-20.556192],[-54.606724,-20.556183],[-54.606715,-20.556183],[-54.606715,-20.556174],[-54.606705,-20.556174],[-54.606706,-20.556165],[-54.606696,-20.556165],[-54.606696,-20.556156],[-54.606686,-20.556156],[-54.606687,-20.556147],[-54.606677,-20.556147],[-54.606677,-20.556138],[-54.606668,-20.556137],[-54.606668,-20.556128],[-54.606658,-20.556128],[-54.606658,-20.556119],[-54.606649,-20.556119],[-54.606649,-20.55611],[-54.606639,-20.55611],[-54.606639,-20.556101],[-54.60662,-20.556101],[-54.60662,-20.556092],[-54.606563,-20.556091],[-54.606563,-20.556082],[-54.606505,-20.556081],[-54.606506,-20.556072],[-54.606448,-20.556071],[-54.606448,-20.556062],[-54.606391,-20.556061],[-54.606391,-20.556052],[-54.605672,-20.556042],[-54.605672,-20.556033],[-54.605634,-20.556033],[-54.605634,-20.556024],[-54.605605,-20.556023],[-54.605605,-20.556014],[-54.605586,-20.556014],[-54.605586,-20.556005],[-54.605567,-20.556005],[-54.605567,-20.555996],[-54.605548,-20.555995],[-54.605548,-20.555986],[-54.605529,-20.555986],[-54.605529,-20.555977],[-54.60551,-20.555977],[-54.60551,-20.555968],[-54.605491,-20.555968],[-54.605491,-20.555959],[-54.605472,-20.555958],[-54.605472,-20.555949],[-54.605453,-20.555949],[-54.605453,-20.55594],[-54.605434,-20.55594],[-54.605434,-20.555931],[-54.605396,-20.55593],[-54.605396,-20.555921],[-54.605367,-20.555921],[-54.605367,-20.555912],[-54.605329,-20.555911],[-54.605329,-20.555902],[-54.605291,-20.555902],[-54.605291,-20.555893],[-54.605252,-20.555892],[-54.605253,-20.555883],[-54.605224,-20.555883],[-54.605224,-20.555874],[-54.605186,-20.555873],[-54.605186,-20.555864],[-54.605147,-20.555864],[-54.605148,-20.555855],[-54.605109,-20.555854],[-54.605109,-20.555845],[-54.605081,-20.555845],[-54.605081,-20.555836],[-54.605071,-20.555835],[-54.605071,-20.555826],[-54.605062,-20.555826],[-54.605062,-20.555817],[-54.605052,-20.555817],[-54.605052,-20.555808],[-54.605043,-20.555808],[-54.605043,-20.555799],[-54.605033,-20.555799],[-54.605034,-20.55579],[-54.605024,-20.55579],[-54.605024,-20.555781],[-54.605015,-20.55578],[-54.605015,-20.555771],[-54.605005,-20.555771],[-54.605005,-20.555762],[-54.604996,-20.555762],[-54.604996,-20.555753],[-54.604986,-20.555753],[-54.604986,-20.555744],[-54.604977,-20.555744],[-54.604977,-20.555735],[-54.604967,-20.555735],[-54.604967,-20.555726],[-54.604958,-20.555725],[-54.604958,-20.555716],[-54.604948,-20.555716],[-54.604949,-20.555707],[-54.604939,-20.555707],[-54.604939,-20.555698],[-54.604929,-20.555698],[-54.60493,-20.555689],[-54.60492,-20.555689],[-54.60492,-20.55568],[-54.604911,-20.55568],[-54.604911,-20.555671],[-54.604901,-20.55567],[-54.604901,-20.555661],[-54.604892,-20.555661],[-54.604892,-20.555652],[-54.604882,-20.555652],[-54.604882,-20.555643],[-54.604873,-20.555643],[-54.604873,-20.555634],[-54.604863,-20.555634],[-54.604864,-20.555625],[-54.604854,-20.555625],[-54.604854,-20.555616],[-54.604576,-20.555612],[-54.604576,-20.555603],[-54.604567,-20.555603],[-54.604567,-20.555594],[-54.604557,-20.555593],[-54.604557,-20.555584],[-54.604548,-20.555584],[-54.604548,-20.555575],[-54.604538,-20.555575],[-54.604538,-20.555566],[-54.604529,-20.555566],[-54.604529,-20.555557],[-54.604519,-20.555557],[-54.60452,-20.555548],[-54.60451,-20.555548],[-54.60451,-20.555539],[-54.604501,-20.555539],[-54.604501,-20.55553],[-54.604491,-20.555529],[-54.604491,-20.55552],[-54.604482,-20.55552],[-54.604482,-20.555511],[-54.604472,-20.555511],[-54.604472,-20.555502],[-54.604463,-20.555502],[-54.604463,-20.555493],[-54.604453,-20.555493],[-54.604453,-20.555484],[-54.604444,-20.555484],[-54.604444,-20.555475],[-54.604434,-20.555474],[-54.604435,-20.555465],[-54.604425,-20.555465],[-54.604425,-20.555456],[-54.604416,-20.555456],[-54.604416,-20.555447],[-54.604406,-20.555447],[-54.604406,-20.555438],[-54.604397,-20.555438],[-54.604397,-20.555429],[-54.604387,-20.555429],[-54.604387,-20.55542],[-54.604378,-20.555419],[-54.604378,-20.55541],[-54.604368,-20.55541],[-54.604368,-20.555401],[-54.604359,-20.555401],[-54.604359,-20.555392],[-54.604349,-20.555392],[-54.60435,-20.555383],[-54.60434,-20.555383],[-54.60434,-20.555374],[-54.604331,-20.555374],[-54.604331,-20.555365],[-54.604321,-20.555364],[-54.604322,-20.555337],[-54.604331,-20.555338],[-54.604331,-20.555328],[-54.604341,-20.555329],[-54.604342,-20.555283],[-54.604332,-20.555283],[-54.604332,-20.555274],[-54.604323,-20.555274],[-54.604323,-20.555265],[-54.604313,-20.555265],[-54.604313,-20.555256],[-54.604304,-20.555256],[-54.604304,-20.555238],[-54.604294,-20.555238],[-54.604294,-20.555229],[-54.604285,-20.555229],[-54.604285,-20.555219],[-54.604275,-20.555219],[-54.604276,-20.55521],[-54.604266,-20.55521],[-54.604266,-20.555201],[-54.604237,-20.555201],[-54.604238,-20.555192],[-54.604228,-20.555192],[-54.604228,-20.555183],[-54.604199,-20.555182],[-54.604199,-20.555173],[-54.60418,-20.555173],[-54.60418,-20.555164],[-54.604152,-20.555163],[-54.604152,-20.555154],[-54.604133,-20.555154],[-54.604133,-20.555145],[-54.604114,-20.555145],[-54.604114,-20.555136],[-54.604104,-20.555136],[-54.604104,-20.555127],[-54.604085,-20.555126],[-54.604085,-20.555135],[-54.604018,-20.555135],[-54.604018,-20.555125],[-54.60397,-20.555125],[-54.60397,-20.555116],[-54.603894,-20.555115],[-54.603894,-20.555106],[-54.60376,-20.555104],[-54.60376,-20.555095],[-54.60374,-20.555095],[-54.60374,-20.555104],[-54.603731,-20.555103],[-54.603731,-20.555112],[-54.603721,-20.555112],[-54.603721,-20.555121],[-54.603711,-20.555121],[-54.603711,-20.55513],[-54.603702,-20.55513],[-54.603701,-20.555139],[-54.603692,-20.555139],[-54.603692,-20.555148],[-54.603682,-20.555148],[-54.603682,-20.555157],[-54.603672,-20.555157],[-54.603672,-20.555166],[-54.603663,-20.555166],[-54.603663,-20.555175],[-54.603653,-20.555175],[-54.603653,-20.555184],[-54.603643,-20.555184],[-54.603643,-20.555193],[-54.603633,-20.555192],[-54.603633,-20.555201],[-54.603624,-20.555201],[-54.603624,-20.55521],[-54.603614,-20.55521],[-54.603614,-20.555219],[-54.603604,-20.555219],[-54.603604,-20.555228],[-54.603595,-20.555228],[-54.603594,-20.555237],[-54.603585,-20.555237],[-54.603585,-20.555246],[-54.603575,-20.555246],[-54.603575,-20.555255],[-54.603565,-20.555255],[-54.603565,-20.555264],[-54.603556,-20.555264],[-54.603556,-20.555273],[-54.603527,-20.555272],[-54.603527,-20.555281],[-54.603469,-20.55528],[-54.603469,-20.555289],[-54.603411,-20.555289],[-54.603411,-20.555298],[-54.603354,-20.555297],[-54.603354,-20.555306],[-54.603306,-20.555305],[-54.603306,-20.555314],[-54.603248,-20.555314],[-54.603248,-20.555323],[-54.60319,-20.555322],[-54.60319,-20.555331],[-54.603133,-20.55533],[-54.603133,-20.555339],[-54.603075,-20.555338],[-54.603075,-20.555347],[-54.603027,-20.555347],[-54.603027,-20.555356],[-54.602327,-20.555346],[-54.602327,-20.555337],[-54.602318,-20.555337],[-54.602318,-20.555328],[-54.602308,-20.555328],[-54.602308,-20.555319],[-54.602299,-20.555318],[-54.602299,-20.555309],[-54.602289,-20.555309],[-54.60229,-20.5553],[-54.60228,-20.5553],[-54.60228,-20.555291],[-54.602271,-20.555291],[-54.602271,-20.555282],[-54.602261,-20.555282],[-54.602261,-20.555273],[-54.602252,-20.555273],[-54.602252,-20.555264],[-54.602242,-20.555263],[-54.602242,-20.555254],[-54.602223,-20.555254],[-54.602223,-20.555245],[-54.602214,-20.555245],[-54.602214,-20.555236],[-54.602204,-20.555236],[-54.602204,-20.555227],[-54.602195,-20.555227],[-54.602195,-20.555218],[-54.602185,-20.555218],[-54.602186,-20.555208],[-54.602176,-20.555208],[-54.602176,-20.555199],[-54.602166,-20.555199],[-54.602167,-20.55519],[-54.602157,-20.55519],[-54.602157,-20.555181],[-54.602148,-20.555181],[-54.602148,-20.555172],[-54.602138,-20.555172],[-54.602138,-20.555163],[-54.60095,-20.555146],[-54.60095,-20.555137],[-54.600931,-20.555137],[-54.600931,-20.555128],[-54.600902,-20.555128],[-54.600902,-20.555118],[-54.600883,-20.555118],[-54.600883,-20.555109],[-54.600854,-20.555109],[-54.600855,-20.5551],[-54.600835,-20.555099],[-54.600836,-20.55509],[-54.600807,-20.55509],[-54.600807,-20.555081],[-54.600788,-20.555081],[-54.600788,-20.555072],[-54.60075,-20.555071],[-54.60075,-20.555062],[-54.600721,-20.555062],[-54.600721,-20.555053],[-54.600683,-20.555052],[-54.600683,-20.555043],[-54.600635,-20.555043],[-54.600635,-20.555034],[-54.600539,-20.555032],[-54.600539,-20.555023],[-54.600511,-20.555023],[-54.600511,-20.555014],[-54.600444,-20.555013],[-54.600444,-20.555004],[-54.600425,-20.555003],[-54.600425,-20.554994],[-54.600415,-20.554994],[-54.600415,-20.554985],[-54.600406,-20.554985],[-54.600406,-20.554976],[-54.600396,-20.554976],[-54.600396,-20.554967],[-54.600387,-20.554967],[-54.600387,-20.554958],[-54.600377,-20.554958],[-54.600378,-20.554949],[-54.600368,-20.554949],[-54.600368,-20.55494],[-54.600359,-20.554939],[-54.600359,-20.55493],[-54.600349,-20.55493],[-54.600349,-20.554921],[-54.60033,-20.554921],[-54.60033,-20.554912],[-54.600311,-20.554912],[-54.600311,-20.554903],[-54.600292,-20.554902],[-54.600292,-20.554893],[-54.600273,-20.554893],[-54.600273,-20.554884],[-54.600254,-20.554884],[-54.600254,-20.554875],[-54.600235,-20.554874],[-54.600235,-20.554865],[-54.600216,-20.554865],[-54.600216,-20.554856],[-54.600197,-20.554856],[-54.600197,-20.554847],[-54.600178,-20.554847],[-54.600178,-20.554838],[-54.600159,-20.554837],[-54.600159,-20.554828],[-54.600149,-20.554828],[-54.600149,-20.554819],[-54.60014,-20.554819],[-54.60014,-20.55481],[-54.60013,-20.55481],[-54.600131,-20.554801],[-54.600121,-20.554801],[-54.600121,-20.554792],[-54.600112,-20.554791],[-54.600112,-20.554782],[-54.600102,-20.554782],[-54.600102,-20.554773],[-54.600093,-20.554773],[-54.600093,-20.554764],[-54.600083,-20.554764],[-54.600083,-20.554755],[-54.600074,-20.554755],[-54.600074,-20.554746],[-54.600064,-20.554746],[-54.600064,-20.554737],[-54.600055,-20.554737],[-54.600055,-20.554727],[-54.600045,-20.554727],[-54.600046,-20.554718],[-54.600036,-20.554718],[-54.600036,-20.554709],[-54.600027,-20.554709],[-54.600027,-20.5547],[-54.600017,-20.5547],[-54.600017,-20.554691],[-54.600008,-20.554691],[-54.600008,-20.554682],[-54.599998,-20.554682],[-54.599998,-20.554673],[-54.599989,-20.554672],[-54.599989,-20.554663],[-54.599979,-20.554663],[-54.599979,-20.554654],[-54.59997,-20.554654],[-54.59997,-20.554645],[-54.59996,-20.554645],[-54.599961,-20.554636],[-54.599951,-20.554636],[-54.599951,-20.554627],[-54.599942,-20.554627],[-54.599942,-20.554618],[-54.599932,-20.554617],[-54.599932,-20.554608],[-54.599923,-20.554608],[-54.599923,-20.554599],[-54.599913,-20.554599],[-54.599913,-20.55459],[-54.599894,-20.55459],[-54.599894,-20.554581],[-54.599885,-20.554581],[-54.599885,-20.554572],[-54.599875,-20.554571],[-54.599875,-20.554562],[-54.599866,-20.554562],[-54.599866,-20.554553],[-54.599856,-20.554553],[-54.599857,-20.554544],[-54.599847,-20.554544],[-54.599847,-20.554535],[-54.599838,-20.554535],[-54.599838,-20.554526],[-54.599828,-20.554526],[-54.599828,-20.554517],[-54.599819,-20.554517],[-54.599819,-20.554507],[-54.599809,-20.554507],[-54.599809,-20.554498],[-54.5998,-20.554498],[-54.5998,-20.554489],[-54.59979,-20.554489],[-54.59979,-20.55448],[-54.599781,-20.55448],[-54.599781,-20.554471],[-54.599771,-20.554471],[-54.599772,-20.554462],[-54.599762,-20.554462],[-54.599762,-20.554453],[-54.599753,-20.554452],[-54.599753,-20.554443],[-54.599743,-20.554443],[-54.599743,-20.554434],[-54.599734,-20.554434],[-54.599734,-20.554425],[-54.599724,-20.554425],[-54.599724,-20.554416],[-54.599715,-20.554416],[-54.599715,-20.554407],[-54.599705,-20.554407],[-54.599705,-20.554398],[-54.599696,-20.554397],[-54.599696,-20.554388],[-54.599686,-20.554388],[-54.599687,-20.554379],[-54.599677,-20.554379],[-54.599677,-20.55437],[-54.599668,-20.55437],[-54.599668,-20.554361],[-54.599629,-20.55436],[-54.599629,-20.554351],[-54.59962,-20.554351],[-54.59962,-20.554342],[-54.59961,-20.554342],[-54.599611,-20.554333],[-54.599601,-20.554333],[-54.599601,-20.554324],[-54.599592,-20.554324],[-54.599592,-20.554315],[-54.599582,-20.554315],[-54.599582,-20.554306],[-54.599573,-20.554305],[-54.599573,-20.554296],[-54.599563,-20.554296],[-54.599563,-20.554287],[-54.599554,-20.554287],[-54.599554,-20.554278],[-54.599544,-20.554278],[-54.599544,-20.554269],[-54.599535,-20.554269],[-54.599535,-20.55426],[-54.599525,-20.55426],[-54.599526,-20.554251],[-54.599516,-20.55425],[-54.599516,-20.554241],[-54.599507,-20.554241],[-54.599507,-20.554232],[-54.599497,-20.554232],[-54.599497,-20.554223],[-54.599488,-20.554223],[-54.599488,-20.554214],[-54.599478,-20.554214],[-54.599478,-20.554205],[-54.599469,-20.554205],[-54.599469,-20.554196],[-54.599459,-20.554195],[-54.599459,-20.554186],[-54.59945,-20.554186],[-54.59945,-20.554177],[-54.59944,-20.554177],[-54.599441,-20.554168],[-54.599431,-20.554168],[-54.599431,-20.554159],[-54.599422,-20.554159],[-54.599422,-20.55415],[-54.599412,-20.55415],[-54.599412,-20.554141],[-54.599403,-20.554141],[-54.599403,-20.554131],[-54.599393,-20.554131],[-54.599393,-20.554122],[-54.599384,-20.554122],[-54.599384,-20.554113],[-54.599374,-20.554113],[-54.599374,-20.554104],[-54.599365,-20.554104],[-54.599365,-20.554095],[-54.599355,-20.554095],[-54.599356,-20.554086],[-54.599346,-20.554086],[-54.599346,-20.554077],[-54.599337,-20.554076],[-54.599337,-20.554067],[-54.599327,-20.554067],[-54.599327,-20.554058],[-54.599318,-20.554058],[-54.599318,-20.554049],[-54.599308,-20.554049],[-54.599308,-20.55404],[-54.599299,-20.55404],[-54.599299,-20.554031],[-54.599289,-20.554031],[-54.599289,-20.554022],[-54.59928,-20.554021],[-54.59928,-20.554012],[-54.59927,-20.554012],[-54.599271,-20.554003],[-54.599261,-20.554003],[-54.599261,-20.553994],[-54.599252,-20.553994],[-54.599252,-20.553985],[-54.599242,-20.553985],[-54.599242,-20.553976],[-54.599233,-20.553976],[-54.599233,-20.553967],[-54.599223,-20.553966],[-54.599223,-20.553957],[-54.599214,-20.553957],[-54.599214,-20.553948],[-54.599204,-20.553948],[-54.599204,-20.553939],[-54.599195,-20.553939],[-54.599195,-20.55393],[-54.599185,-20.55393],[-54.599186,-20.553921],[-54.599176,-20.553921],[-54.599176,-20.553912],[-54.599167,-20.553911],[-54.599167,-20.553902],[-54.599157,-20.553902],[-54.599157,-20.553893],[-54.599148,-20.553893],[-54.599148,-20.553884],[-54.599138,-20.553884],[-54.599138,-20.553875],[-54.599129,-20.553875],[-54.599129,-20.553866],[-54.599119,-20.553866],[-54.599119,-20.553857],[-54.59911,-20.553857],[-54.59911,-20.553847],[-54.5991,-20.553847],[-54.599101,-20.553838],[-54.599091,-20.553838],[-54.599091,-20.553829],[-54.599082,-20.553829],[-54.599082,-20.55382],[-54.599072,-20.55382],[-54.599072,-20.553811],[-54.599063,-20.553811],[-54.599063,-20.553802],[-54.599053,-20.553802],[-54.599053,-20.553793],[-54.599044,-20.553792],[-54.599044,-20.553783],[-54.599034,-20.553783],[-54.599034,-20.553774],[-54.599025,-20.553774],[-54.599025,-20.553765],[-54.599015,-20.553765],[-54.599016,-20.553756],[-54.599006,-20.553756],[-54.599006,-20.553747],[-54.598997,-20.553747],[-54.598997,-20.553738],[-54.598987,-20.553737],[-54.598987,-20.553728],[-54.598978,-20.553728],[-54.598978,-20.553719],[-54.598968,-20.553719],[-54.598968,-20.55371],[-54.598959,-20.55371],[-54.598959,-20.553701],[-54.598949,-20.553701],[-54.598949,-20.553692],[-54.59894,-20.553692],[-54.59894,-20.553683],[-54.59893,-20.553682],[-54.598931,-20.553673],[-54.598921,-20.553673],[-54.598921,-20.553664],[-54.598912,-20.553664],[-54.598912,-20.553655],[-54.598902,-20.553655],[-54.598902,-20.553646],[-54.598893,-20.553646],[-54.598893,-20.553637],[-54.598883,-20.553637],[-54.598883,-20.553628],[-54.598874,-20.553627],[-54.598874,-20.553618],[-54.598864,-20.553618],[-54.598865,-20.553609],[-54.598855,-20.553609],[-54.598855,-20.5536],[-54.598845,-20.5536],[-54.598846,-20.553591],[-54.598836,-20.553591],[-54.598836,-20.553582],[-54.598827,-20.553582],[-54.598827,-20.553573],[-54.598817,-20.553573],[-54.598817,-20.553563],[-54.598808,-20.553563],[-54.598808,-20.553554],[-54.598798,-20.553554],[-54.598798,-20.553545],[-54.598789,-20.553545],[-54.598789,-20.553536],[-54.598779,-20.553536],[-54.59878,-20.553527],[-54.59877,-20.553527],[-54.59877,-20.553518],[-54.59876,-20.553518],[-54.598761,-20.553509],[-54.598751,-20.553508],[-54.598751,-20.553499],[-54.598742,-20.553499],[-54.598742,-20.55349],[-54.598732,-20.55349],[-54.598732,-20.553481],[-54.598723,-20.553481],[-54.598723,-20.553472],[-54.598713,-20.553472],[-54.598713,-20.553463],[-54.598704,-20.553463],[-54.598704,-20.553454],[-54.598694,-20.553453],[-54.598695,-20.553444],[-54.598685,-20.553444],[-54.598685,-20.553435],[-54.598675,-20.553435],[-54.598676,-20.553426],[-54.598666,-20.553426],[-54.598666,-20.553417],[-54.598657,-20.553417],[-54.598657,-20.553408],[-54.598647,-20.553408],[-54.598647,-20.553399],[-54.598638,-20.553398],[-54.598638,-20.553389],[-54.598628,-20.553389],[-54.598628,-20.55338],[-54.598619,-20.55338],[-54.598619,-20.553371],[-54.598609,-20.553371],[-54.59861,-20.553362],[-54.5986,-20.553362],[-54.5986,-20.553353],[-54.59859,-20.553353],[-54.598591,-20.553344],[-54.598581,-20.553343],[-54.598581,-20.553334],[-54.598572,-20.553334],[-54.598572,-20.553325],[-54.598562,-20.553325],[-54.598562,-20.553316],[-54.598553,-20.553316],[-54.598553,-20.553307],[-54.598543,-20.553307],[-54.598543,-20.553298],[-54.598534,-20.553298],[-54.598534,-20.553289],[-54.598524,-20.553289],[-54.598525,-20.553279],[-54.598515,-20.553279],[-54.598515,-20.55327],[-54.598505,-20.55327],[-54.598506,-20.553261],[-54.598496,-20.553261],[-54.598496,-20.553252],[-54.598487,-20.553252],[-54.598487,-20.553243],[-54.598477,-20.553243],[-54.598477,-20.553234],[-54.598468,-20.553234],[-54.598468,-20.553225],[-54.598458,-20.553224],[-54.598458,-20.553215],[-54.598449,-20.553215],[-54.598449,-20.553206],[-54.598439,-20.553206],[-54.59844,-20.553197],[-54.59843,-20.553197],[-54.59843,-20.553188],[-54.59842,-20.553188],[-54.598421,-20.553179],[-54.598411,-20.553179],[-54.598411,-20.55317],[-54.598402,-20.553169],[-54.598402,-20.55316],[-54.598392,-20.55316],[-54.598392,-20.553151],[-54.598383,-20.553151],[-54.598383,-20.553142],[-54.598373,-20.553142],[-54.598373,-20.553133],[-54.598364,-20.553133],[-54.598364,-20.553124],[-54.598354,-20.553124],[-54.598355,-20.553115],[-54.598345,-20.553114],[-54.598345,-20.553105],[-54.598335,-20.553105],[-54.598336,-20.553096],[-54.598326,-20.553096],[-54.598326,-20.553087],[-54.598317,-20.553087],[-54.598317,-20.553078],[-54.598307,-20.553078],[-54.598307,-20.553069],[-54.598298,-20.553069],[-54.598298,-20.55306],[-54.598288,-20.553059],[-54.598288,-20.55305],[-54.598279,-20.55305],[-54.598279,-20.553041],[-54.598269,-20.553041],[-54.59827,-20.553032],[-54.59826,-20.553032],[-54.59826,-20.553023],[-54.59825,-20.553023],[-54.598251,-20.553014],[-54.598241,-20.553014],[-54.598241,-20.553005],[-54.598232,-20.553005],[-54.598232,-20.552996],[-54.598222,-20.552995],[-54.598222,-20.552986],[-54.598213,-20.552986],[-54.598213,-20.552977],[-54.598203,-20.552977],[-54.598203,-20.552968],[-54.598194,-20.552968],[-54.598194,-20.552959],[-54.598184,-20.552959],[-54.598185,-20.55295],[-54.598175,-20.55295],[-54.598175,-20.552941],[-54.598165,-20.55294],[-54.598166,-20.552931],[-54.598156,-20.552931],[-54.598156,-20.552922],[-54.598147,-20.552922],[-54.598147,-20.552913],[-54.598137,-20.552913],[-54.598137,-20.552904],[-54.598128,-20.552904],[-54.598128,-20.552895],[-54.598118,-20.552895],[-54.598118,-20.552886],[-54.598109,-20.552885],[-54.598109,-20.552876],[-54.598234,-20.552878],[-54.598233,-20.552887],[-54.598281,-20.552888],[-54.598281,-20.552897],[-54.598329,-20.552898],[-54.598329,-20.552907],[-54.598358,-20.552907],[-54.598358,-20.552916],[-54.598386,-20.552916],[-54.598386,-20.552925],[-54.598415,-20.552926],[-54.598415,-20.552935],[-54.598444,-20.552935],[-54.598443,-20.552944],[-54.598472,-20.552945],[-54.598472,-20.552954],[-54.598501,-20.552954],[-54.598501,-20.552963],[-54.598529,-20.552964],[-54.598529,-20.552973],[-54.598558,-20.552973],[-54.598558,-20.552982],[-54.598587,-20.552982],[-54.598587,-20.552991],[-54.598615,-20.552992],[-54.598615,-20.553001],[-54.598644,-20.553001],[-54.598644,-20.55301],[-54.598673,-20.553011],[-54.598672,-20.55302],[-54.598701,-20.55302],[-54.598701,-20.553029],[-54.59873,-20.55303],[-54.59873,-20.553039],[-54.598758,-20.553039],[-54.598758,-20.553048],[-54.598787,-20.553048],[-54.598787,-20.553057],[-54.598816,-20.553058],[-54.598815,-20.553067],[-54.598844,-20.553067],[-54.598844,-20.553076],[-54.598873,-20.553077],[-54.598873,-20.553086],[-54.598901,-20.553086],[-54.598901,-20.553095],[-54.59893,-20.553095],[-54.59893,-20.553105],[-54.598959,-20.553105],[-54.598959,-20.553114],[-54.598987,-20.553114],[-54.598987,-20.553123],[-54.599016,-20.553124],[-54.599016,-20.553133],[-54.599045,-20.553133],[-54.599044,-20.553142],[-54.599073,-20.553143],[-54.599073,-20.553152],[-54.599102,-20.553152],[-54.599102,-20.553161],[-54.59913,-20.553161],[-54.59913,-20.553171],[-54.599159,-20.553171],[-54.599159,-20.55318],[-54.599188,-20.55318],[-54.599187,-20.553189],[-54.599216,-20.55319],[-54.599216,-20.553199],[-54.599523,-20.553203],[-54.599523,-20.553212],[-54.599542,-20.553212],[-54.599542,-20.553221],[-54.599561,-20.553222],[-54.599561,-20.553231],[-54.59958,-20.553231],[-54.59958,-20.55324],[-54.599599,-20.55324],[-54.599599,-20.553249],[-54.599618,-20.55325],[-54.599618,-20.553259],[-54.599637,-20.553259],[-54.599637,-20.553268],[-54.599656,-20.553268],[-54.599656,-20.553277],[-54.59978,-20.553279],[-54.59978,-20.553288],[-54.59979,-20.553288],[-54.59979,-20.553297],[-54.599799,-20.553297],[-54.599799,-20.553306],[-54.599809,-20.553306],[-54.599809,-20.553315],[-54.599818,-20.553315],[-54.599818,-20.553325],[-54.599828,-20.553325],[-54.599828,-20.553334],[-54.599837,-20.553334],[-54.599837,-20.553343],[-54.599847,-20.553343],[-54.599846,-20.553352],[-54.599856,-20.553352],[-54.599856,-20.553361],[-54.599865,-20.553361],[-54.599865,-20.55337],[-54.599875,-20.55337],[-54.599875,-20.553379],[-54.599884,-20.55338],[-54.599884,-20.553389],[-54.59998,-20.55339],[-54.59998,-20.553399],[-54.59999,-20.553399],[-54.599989,-20.553408],[-54.600181,-20.553411],[-54.600181,-20.55342],[-54.600258,-20.553421],[-54.600257,-20.55343],[-54.600286,-20.55343],[-54.600286,-20.553421],[-54.600306,-20.553422],[-54.600306,-20.553413],[-54.600334,-20.553413],[-54.600335,-20.553404],[-54.600344,-20.553404],[-54.600343,-20.553467],[-54.600334,-20.553467],[-54.600333,-20.553485],[-54.600324,-20.553485],[-54.600324,-20.553494],[-54.600304,-20.553494],[-54.600304,-20.553503],[-54.600285,-20.553503],[-54.600285,-20.553512],[-54.600275,-20.553511],[-54.600275,-20.55352],[-54.600256,-20.55352],[-54.600256,-20.553538],[-54.600246,-20.553538],[-54.600245,-20.553592],[-54.600236,-20.553592],[-54.600235,-20.55361],[-54.600226,-20.55361],[-54.600226,-20.553628],[-54.600216,-20.553628],[-54.600216,-20.553646],[-54.600206,-20.553646],[-54.600206,-20.553655],[-54.600196,-20.553655],[-54.600196,-20.553682],[-54.600177,-20.553682],[-54.600176,-20.553727],[-54.600167,-20.553727],[-54.600166,-20.55379],[-54.600175,-20.55379],[-54.600175,-20.553817],[-54.600165,-20.553817],[-54.600165,-20.553835],[-54.600155,-20.553835],[-54.600155,-20.553853],[-54.600145,-20.553853],[-54.600145,-20.55388],[-54.600135,-20.55388],[-54.600135,-20.553907],[-54.600125,-20.553907],[-54.600125,-20.553934],[-54.600115,-20.553934],[-54.600115,-20.553952],[-54.600106,-20.553952],[-54.600105,-20.55397],[-54.600115,-20.55397],[-54.600115,-20.553988],[-54.600124,-20.553988],[-54.600124,-20.553997],[-54.600134,-20.553997],[-54.600133,-20.554006],[-54.600143,-20.554006],[-54.600143,-20.554015],[-54.600152,-20.554015],[-54.600152,-20.554024],[-54.600162,-20.554025],[-54.600162,-20.554034],[-54.600181,-20.554034],[-54.600181,-20.554052],[-54.60019,-20.554052],[-54.60019,-20.55407],[-54.6002,-20.55407],[-54.600199,-20.554079],[-54.600266,-20.55408],[-54.600266,-20.554089],[-54.600276,-20.554089],[-54.600276,-20.554107],[-54.600304,-20.554108],[-54.600304,-20.554117],[-54.600323,-20.554117],[-54.600323,-20.554126],[-54.600342,-20.554126],[-54.600342,-20.554135],[-54.600371,-20.554136],[-54.600371,-20.554145],[-54.600419,-20.554146],[-54.600419,-20.554155],[-54.600447,-20.554155],[-54.600447,-20.554164],[-54.600467,-20.554164],[-54.600466,-20.554173],[-54.600486,-20.554174],[-54.600485,-20.554183],[-54.600505,-20.554183],[-54.600504,-20.554192],[-54.600524,-20.554192],[-54.600523,-20.55421],[-54.600533,-20.55421],[-54.600533,-20.554228],[-54.600542,-20.554229],[-54.600542,-20.554247],[-54.600552,-20.554247],[-54.600551,-20.554265],[-54.600561,-20.554265],[-54.600561,-20.554283],[-54.60057,-20.554283],[-54.60057,-20.554301],[-54.600579,-20.554301],[-54.600579,-20.55431],[-54.600809,-20.554314],[-54.600809,-20.554304],[-54.601595,-20.554315],[-54.601595,-20.554324],[-54.601605,-20.554325],[-54.601605,-20.554334],[-54.601614,-20.554334],[-54.601614,-20.554343],[-54.601624,-20.554343],[-54.601624,-20.554352],[-54.601633,-20.554352],[-54.601633,-20.554361],[-54.601643,-20.554361],[-54.601643,-20.55437],[-54.601652,-20.55437],[-54.601652,-20.554388],[-54.601709,-20.554389],[-54.601709,-20.554398],[-54.601795,-20.554399],[-54.601795,-20.554408],[-54.601872,-20.55441],[-54.601872,-20.554419],[-54.602294,-20.554424],[-54.602294,-20.554433],[-54.602437,-20.554435],[-54.602437,-20.554444],[-54.602466,-20.554445],[-54.602466,-20.554454],[-54.602495,-20.554454],[-54.602494,-20.554463],[-54.602523,-20.554464],[-54.602523,-20.554473],[-54.602609,-20.554474],[-54.602609,-20.554465],[-54.602648,-20.554465],[-54.602648,-20.554456],[-54.602667,-20.554457],[-54.602667,-20.554448],[-54.602677,-20.554448],[-54.602677,-20.554439],[-54.602686,-20.554439],[-54.602687,-20.55443],[-54.602696,-20.55443],[-54.602696,-20.554421],[-54.602706,-20.554421],[-54.602706,-20.554412],[-54.602716,-20.554412],[-54.602716,-20.554403],[-54.602735,-20.554403],[-54.602735,-20.554394],[-54.602745,-20.554394],[-54.602745,-20.554385],[-54.602754,-20.554386],[-54.602755,-20.554377],[-54.602764,-20.554377],[-54.602764,-20.554368],[-54.602774,-20.554368],[-54.602774,-20.554359],[-54.602784,-20.554359],[-54.602784,-20.55435],[-54.602793,-20.55435],[-54.602793,-20.554341],[-54.602803,-20.554341],[-54.602803,-20.554332],[-54.602813,-20.554332],[-54.602813,-20.554323],[-54.602823,-20.554323],[-54.602823,-20.554314],[-54.602832,-20.554314],[-54.602832,-20.554305],[-54.603925,-20.554321],[-54.603925,-20.55433],[-54.603935,-20.55433],[-54.603934,-20.554339],[-54.603944,-20.554339],[-54.603944,-20.554348],[-54.603953,-20.554348],[-54.603953,-20.554357],[-54.603982,-20.554357],[-54.603982,-20.554366],[-54.604011,-20.554367],[-54.604011,-20.554376],[-54.604058,-20.554377],[-54.604058,-20.554386],[-54.604087,-20.554386],[-54.604087,-20.554395],[-54.604202,-20.554397],[-54.604202,-20.554388],[-54.604212,-20.554388],[-54.604212,-20.554379],[-54.604231,-20.554379],[-54.604231,-20.55437],[-54.60425,-20.55437],[-54.60425,-20.554361],[-54.60426,-20.554361],[-54.60426,-20.554352],[-54.604279,-20.554353],[-54.604279,-20.554343],[-54.604299,-20.554344],[-54.604299,-20.554335],[-54.604308,-20.554335],[-54.604309,-20.554326],[-54.604328,-20.554326],[-54.604328,-20.554317],[-54.604347,-20.554317],[-54.604347,-20.554308],[-54.604357,-20.554308],[-54.604357,-20.554299],[-54.604376,-20.5543],[-54.604376,-20.554291],[-54.604395,-20.554291],[-54.604396,-20.554282],[-54.604405,-20.554282],[-54.604405,-20.554273],[-54.604424,-20.554273],[-54.604425,-20.554264],[-54.604434,-20.554264],[-54.604434,-20.554255],[-54.604453,-20.554256],[-54.604454,-20.554247],[-54.604473,-20.554247],[-54.604473,-20.554238],[-54.604482,-20.554238],[-54.604482,-20.554247],[-54.604492,-20.554247],[-54.604492,-20.554256],[-54.604501,-20.554256],[-54.604501,-20.554265],[-54.604511,-20.554265],[-54.604511,-20.554274],[-54.60452,-20.554275],[-54.60452,-20.554284],[-54.60453,-20.554284],[-54.60453,-20.554293],[-54.604539,-20.554293],[-54.604539,-20.554302],[-54.604549,-20.554302],[-54.604548,-20.554311],[-54.604558,-20.554311],[-54.604558,-20.55432],[-54.604567,-20.55432],[-54.604567,-20.554329],[-54.604577,-20.55433],[-54.604577,-20.554339],[-54.604586,-20.554339],[-54.604586,-20.554348],[-54.604596,-20.554348],[-54.604596,-20.554357],[-54.604605,-20.554357],[-54.604605,-20.554366],[-54.604615,-20.554366],[-54.604615,-20.554375],[-54.604624,-20.554375],[-54.604624,-20.554384],[-54.604634,-20.554385],[-54.604633,-20.554394],[-54.604643,-20.554394],[-54.604643,-20.554403],[-54.604652,-20.554403],[-54.604652,-20.554412],[-54.604662,-20.554412],[-54.604662,-20.554421],[-54.604671,-20.554421],[-54.604671,-20.55443],[-54.604681,-20.55443],[-54.604681,-20.554439],[-54.60469,-20.554439],[-54.60469,-20.554449],[-54.6047,-20.554449],[-54.6047,-20.554458],[-54.604709,-20.554458],[-54.604709,-20.554467],[-54.604719,-20.554467],[-54.604718,-20.554476],[-54.604738,-20.554476],[-54.604824,-20.554477],[-54.604824,-20.554486],[-54.604929,-20.554488],[-54.604929,-20.554497],[-54.605044,-20.554499],[-54.605044,-20.554508],[-54.605149,-20.554509],[-54.605149,-20.554518],[-54.605264,-20.55452],[-54.605264,-20.554529],[-54.60536,-20.55453],[-54.60536,-20.554539],[-54.605446,-20.55454],[-54.605446,-20.554549],[-54.605513,-20.55455],[-54.605513,-20.554559],[-54.605522,-20.554559],[-54.605522,-20.554568],[-54.605532,-20.554569],[-54.605532,-20.554578],[-54.605541,-20.554578],[-54.605541,-20.554587],[-54.605551,-20.554587],[-54.605551,-20.554596],[-54.60556,-20.554596],[-54.60556,-20.554605],[-54.60557,-20.554605],[-54.60557,-20.554614],[-54.605579,-20.554614],[-54.605579,-20.554623],[-54.605589,-20.554623],[-54.605588,-20.554633],[-54.605598,-20.554633],[-54.605598,-20.554642],[-54.605608,-20.554642],[-54.605607,-20.554651],[-54.605617,-20.554651],[-54.605617,-20.55466],[-54.605626,-20.55466],[-54.605626,-20.554669],[-54.605636,-20.554669],[-54.605636,-20.554678],[-54.605645,-20.554678],[-54.605645,-20.554687],[-54.605655,-20.554688],[-54.605655,-20.554697],[-54.605664,-20.554697],[-54.605664,-20.554706],[-54.605674,-20.554706],[-54.605673,-20.554715],[-54.605683,-20.554715],[-54.605683,-20.554724],[-54.605693,-20.554724],[-54.605692,-20.554733],[-54.605702,-20.554733],[-54.605702,-20.554742],[-54.605711,-20.554743],[-54.605711,-20.554752],[-54.605721,-20.554752],[-54.605721,-20.554761],[-54.60573,-20.554761],[-54.60573,-20.55477],[-54.60574,-20.55477],[-54.60574,-20.554779],[-54.605749,-20.554779],[-54.605749,-20.554788],[-54.605759,-20.554788],[-54.605758,-20.554797],[-54.605768,-20.554798],[-54.605768,-20.554807],[-54.605778,-20.554807],[-54.605777,-20.554816],[-54.605787,-20.554816],[-54.605787,-20.554825],[-54.605796,-20.554825],[-54.605796,-20.554834],[-54.605806,-20.554834],[-54.605806,-20.554843],[-54.605815,-20.554843],[-54.605815,-20.554852],[-54.605825,-20.554852],[-54.605825,-20.554862],[-54.605834,-20.554862],[-54.605834,-20.554871],[-54.605844,-20.554871],[-54.605843,-20.55488],[-54.605853,-20.55488],[-54.605853,-20.554889],[-54.605863,-20.554889],[-54.605862,-20.554898],[-54.605872,-20.554898],[-54.605872,-20.554907],[-54.605881,-20.554907],[-54.605881,-20.554916],[-54.60637,-20.554923],[-54.60637,-20.554932],[-54.606399,-20.554933],[-54.606399,-20.554942],[-54.606418,-20.554942],[-54.606418,-20.554951],[-54.606437,-20.554951],[-54.606437,-20.55496],[-54.606456,-20.554961],[-54.606456,-20.55497],[-54.606475,-20.55497],[-54.606475,-20.554979],[-54.606503,-20.554979],[-54.606503,-20.554988],[-54.606522,-20.554989],[-54.606522,-20.554998],[-54.606542,-20.554998],[-54.606541,-20.555007],[-54.606561,-20.555007],[-54.60656,-20.555016],[-54.60658,-20.555016],[-54.606579,-20.555025],[-54.606608,-20.555026],[-54.606608,-20.555035],[-54.606627,-20.555035],[-54.606627,-20.555044],[-54.606646,-20.555044],[-54.606646,-20.555053],[-54.606665,-20.555054],[-54.606665,-20.555063],[-54.606684,-20.555063],[-54.606684,-20.555072],[-54.606703,-20.555072],[-54.606703,-20.555081],[-54.606732,-20.555082],[-54.606732,-20.555091],[-54.606751,-20.555091],[-54.606751,-20.5551],[-54.60677,-20.5551],[-54.60677,-20.555109],[-54.606789,-20.55511],[-54.606789,-20.555119],[-54.606923,-20.555121],[-54.606923,-20.55513],[-54.606933,-20.55513],[-54.606932,-20.555139],[-54.606942,-20.555139],[-54.606942,-20.555148],[-54.606951,-20.555148],[-54.606951,-20.555157],[-54.606961,-20.555157],[-54.606961,-20.555166],[-54.60697,-20.555166],[-54.60697,-20.555175],[-54.607478,-20.555182],[-54.607478,-20.555173],[-54.607622,-20.555175],[-54.607622,-20.555184],[-54.607632,-20.555184],[-54.607631,-20.555194],[-54.607641,-20.555194],[-54.607641,-20.555203],[-54.60765,-20.555203],[-54.60765,-20.555212],[-54.60766,-20.555212],[-54.60766,-20.555221],[-54.607669,-20.555221],[-54.607669,-20.555239],[-54.607679,-20.555239],[-54.607679,-20.555248],[-54.607688,-20.555248],[-54.607688,-20.555267],[-54.607697,-20.555267],[-54.607697,-20.555276],[-54.607707,-20.555276],[-54.607707,-20.555285],[-54.607716,-20.555285],[-54.607716,-20.555294],[-54.607726,-20.555294],[-54.607726,-20.555303],[-54.607745,-20.555303],[-54.607745,-20.555312],[-54.607754,-20.555313],[-54.607754,-20.555322],[-54.608233,-20.555328],[-54.608233,-20.555337],[-54.608329,-20.555339],[-54.608329,-20.555348],[-54.608425,-20.555349],[-54.608425,-20.555358],[-54.608521,-20.555359],[-54.60852,-20.555368],[-54.608616,-20.55537],[-54.608616,-20.555379],[-54.608712,-20.55538],[-54.608712,-20.555389],[-54.608808,-20.55539],[-54.608808,-20.555399],[-54.608903,-20.555401],[-54.608903,-20.55541],[-54.608999,-20.555411],[-54.608999,-20.55542],[-54.609095,-20.555421],[-54.609095,-20.55543],[-54.609181,-20.555432],[-54.609181,-20.555441],[-54.609277,-20.555442],[-54.609276,-20.555451],[-54.609334,-20.555452],[-54.609334,-20.555461],[-54.609363,-20.555461],[-54.609362,-20.55547],[-54.609401,-20.555471],[-54.609401,-20.55548],[-54.609439,-20.55548],[-54.609439,-20.555489],[-54.609468,-20.55549],[-54.609467,-20.555499],[-54.609496,-20.555499],[-54.609496,-20.555508],[-54.609534,-20.555509],[-54.609534,-20.555518],[-54.609563,-20.555518],[-54.609563,-20.555527],[-54.609601,-20.555528],[-54.609601,-20.555537],[-54.60963,-20.555537],[-54.60963,-20.555546],[-54.609668,-20.555547],[-54.609668,-20.555556],[-54.609697,-20.555556],[-54.609697,-20.555565],[-54.609716,-20.555565],[-54.609716,-20.555574],[-54.609725,-20.555575],[-54.609725,-20.555584],[-54.609735,-20.555584],[-54.609734,-20.555593],[-54.609744,-20.555593],[-54.609744,-20.555602],[-54.609754,-20.555602],[-54.609753,-20.555611],[-54.609763,-20.555611],[-54.609763,-20.55562],[-54.609772,-20.55562],[-54.609772,-20.555629],[-54.609782,-20.55563],[-54.609782,-20.555639],[-54.609791,-20.555639],[-54.609791,-20.555648],[-54.609801,-20.555648],[-54.609801,-20.555657],[-54.60981,-20.555657],[-54.60981,-20.555666],[-54.60982,-20.555666],[-54.609819,-20.555675],[-54.609829,-20.555675],[-54.609829,-20.555684],[-54.609839,-20.555685],[-54.609838,-20.555694],[-54.609848,-20.555694],[-54.609848,-20.555703],[-54.609857,-20.555703],[-54.609857,-20.555712],[-54.609867,-20.555712],[-54.609867,-20.555721],[-54.609876,-20.555721],[-54.609876,-20.55573],[-54.609886,-20.55573],[-54.609886,-20.555739],[-54.609895,-20.55574],[-54.609895,-20.555749],[-54.609905,-20.555749],[-54.609904,-20.555758],[-54.609914,-20.555758],[-54.609914,-20.555767],[-54.609924,-20.555767],[-54.609923,-20.555776],[-54.61,-20.555777],[-54.61,-20.555786],[-54.61001,-20.555786],[-54.610009,-20.555795],[-54.6107,-20.555805],[-54.610699,-20.555814],[-54.610709,-20.555814],[-54.610709,-20.555805],[-54.610747,-20.555805],[-54.610747,-20.555814],[-54.610757,-20.555815],[-54.610757,-20.555824],[-54.610766,-20.555824],[-54.610766,-20.555833],[-54.610776,-20.555833],[-54.610776,-20.555842],[-54.610785,-20.555842],[-54.610785,-20.555851],[-54.610795,-20.555851],[-54.610795,-20.55586],[-54.610804,-20.55586],[-54.610804,-20.555869],[-54.610814,-20.55587],[-54.610813,-20.555879],[-54.610823,-20.555879],[-54.610823,-20.555888],[-54.610832,-20.555888],[-54.610832,-20.555897],[-54.610842,-20.555897],[-54.610842,-20.555906],[-54.610851,-20.555906],[-54.610851,-20.555915],[-54.610861,-20.555915],[-54.610861,-20.555924],[-54.61087,-20.555925],[-54.61087,-20.555934],[-54.61088,-20.555934],[-54.61088,-20.555943],[-54.610889,-20.555943],[-54.610889,-20.555952],[-54.610899,-20.555952],[-54.610898,-20.555961],[-54.610908,-20.555961],[-54.610908,-20.55597],[-54.610917,-20.55597],[-54.610917,-20.555979],[-54.610927,-20.555979],[-54.610927,-20.555989],[-54.610965,-20.555989],[-54.610965,-20.555998],[-54.611003,-20.555999],[-54.611003,-20.556008],[-54.611042,-20.556008],[-54.611041,-20.556017],[-54.61108,-20.556018],[-54.61108,-20.556027],[-54.611118,-20.556027],[-54.611118,-20.556036],[-54.611127,-20.556036],[-54.611127,-20.556045],[-54.611156,-20.556046],[-54.611156,-20.556055],[-54.611185,-20.556055],[-54.611184,-20.556064],[-54.611194,-20.556064],[-54.611194,-20.556073],[-54.611223,-20.556074],[-54.611223,-20.556083],[-54.611232,-20.556083],[-54.611232,-20.556092],[-54.611242,-20.556092],[-54.611241,-20.556101],[-54.61127,-20.556102],[-54.61127,-20.556111],[-54.611289,-20.556111],[-54.611289,-20.55612],[-54.611308,-20.55612],[-54.611308,-20.556129],[-54.611337,-20.55613],[-54.611337,-20.556139],[-54.611356,-20.556139],[-54.611356,-20.556148],[-54.611375,-20.556148],[-54.611375,-20.556157],[-54.611404,-20.556158],[-54.611403,-20.556167],[-54.611423,-20.556167],[-54.611422,-20.556176],[-54.611451,-20.556176],[-54.611451,-20.556185],[-54.61147,-20.556186],[-54.61147,-20.556195],[-54.611489,-20.556195],[-54.611489,-20.556204],[-54.611518,-20.556204],[-54.611518,-20.556213],[-54.611537,-20.556214],[-54.611537,-20.556223],[-54.611546,-20.556223],[-54.611546,-20.556232],[-54.611556,-20.556232],[-54.611555,-20.556268],[-54.611546,-20.556268],[-54.611545,-20.556286],[-54.611536,-20.556286],[-54.611535,-20.556313],[-54.611526,-20.556313],[-54.611525,-20.556331],[-54.611535,-20.556331],[-54.611535,-20.55634],[-54.611544,-20.55634],[-54.611544,-20.556349],[-54.611554,-20.556349],[-54.611554,-20.556358],[-54.611563,-20.556359],[-54.611563,-20.556368],[-54.611573,-20.556368],[-54.611573,-20.556377],[-54.611582,-20.556377],[-54.611582,-20.556386],[-54.611592,-20.556386],[-54.611592,-20.556395],[-54.611601,-20.556395],[-54.611601,-20.556404],[-54.611611,-20.556404],[-54.61161,-20.556413],[-54.61162,-20.556413],[-54.61162,-20.556423],[-54.61163,-20.556423],[-54.611629,-20.556432],[-54.611639,-20.556432],[-54.611639,-20.556441],[-54.611648,-20.556441],[-54.611648,-20.55645],[-54.611658,-20.55645],[-54.611658,-20.556459],[-54.611667,-20.556459],[-54.611667,-20.556468],[-54.611677,-20.556468],[-54.611677,-20.556477],[-54.611686,-20.556478],[-54.611686,-20.556487],[-54.611696,-20.556487],[-54.611695,-20.556496],[-54.611705,-20.556496],[-54.611705,-20.556505],[-54.611715,-20.556505],[-54.611714,-20.556514],[-54.611724,-20.556514],[-54.611724,-20.556523],[-54.611733,-20.556523],[-54.611733,-20.556532],[-54.611743,-20.556533],[-54.611743,-20.556542],[-54.611752,-20.556542],[-54.611752,-20.556551],[-54.611762,-20.556551],[-54.611762,-20.55656],[-54.611771,-20.55656],[-54.611771,-20.556569],[-54.611781,-20.556569],[-54.61178,-20.556578],[-54.61179,-20.556578],[-54.61179,-20.556587],[-54.6118,-20.556588],[-54.611799,-20.556597],[-54.611809,-20.556597],[-54.611809,-20.556615],[-54.611818,-20.556615],[-54.611818,-20.556624],[-54.611828,-20.556624],[-54.611828,-20.556633],[-54.611837,-20.556633],[-54.611837,-20.556642],[-54.611847,-20.556642],[-54.611846,-20.556651],[-54.611856,-20.556652],[-54.611856,-20.556661],[-54.611865,-20.556661],[-54.611865,-20.55667],[-54.611875,-20.55667],[-54.611875,-20.556679],[-54.611884,-20.556679],[-54.611884,-20.556688],[-54.611894,-20.556688],[-54.611894,-20.556697],[-54.611903,-20.556697],[-54.611903,-20.556706],[-54.611913,-20.556706],[-54.611913,-20.556716],[-54.611922,-20.556716],[-54.611922,-20.556725],[-54.611932,-20.556725],[-54.611931,-20.556734],[-54.611941,-20.556734],[-54.611941,-20.556743],[-54.61195,-20.556743],[-54.611951,-20.556734],[-54.61197,-20.556734],[-54.61197,-20.556725],[-54.611989,-20.556726],[-54.611989,-20.556717],[-54.612008,-20.556717],[-54.612009,-20.556708],[-54.612028,-20.556708],[-54.612028,-20.556699],[-54.612057,-20.556699],[-54.612057,-20.55669],[-54.612076,-20.556691],[-54.612076,-20.556682],[-54.612095,-20.556682],[-54.612095,-20.556673],[-54.612115,-20.556673],[-54.612115,-20.556664],[-54.612143,-20.556665],[-54.612144,-20.556655],[-54.612163,-20.556656],[-54.612163,-20.556647],[-54.612182,-20.556647],[-54.612182,-20.556638],[-54.612192,-20.556638],[-54.612192,-20.556647],[-54.612431,-20.55665],[-54.612431,-20.556659],[-54.61247,-20.55666],[-54.612469,-20.556669],[-54.612508,-20.55667],[-54.612508,-20.556679],[-54.612556,-20.556679],[-54.612555,-20.556688],[-54.612594,-20.556689],[-54.612594,-20.556698],[-54.612641,-20.556698],[-54.612641,-20.556707],[-54.61267,-20.556708],[-54.61267,-20.556717],[-54.612699,-20.556717],[-54.612699,-20.556726],[-54.612708,-20.556726],[-54.612708,-20.556736],[-54.612718,-20.556736],[-54.612717,-20.556745],[-54.612737,-20.556745],[-54.612737,-20.556736],[-54.612766,-20.556736],[-54.612764,-20.556809],[-54.612774,-20.556809],[-54.612772,-20.556908],[-54.612782,-20.556908],[-54.61278,-20.557025],[-54.61279,-20.557026],[-54.612788,-20.557134],[-54.612798,-20.557134],[-54.612796,-20.557242],[-54.612806,-20.557243],[-54.612805,-20.557279],[-54.612815,-20.557279],[-54.612815,-20.557288],[-54.612824,-20.557288],[-54.612824,-20.557297],[-54.612834,-20.557297],[-54.612833,-20.557306],[-54.612843,-20.557306],[-54.612843,-20.557315],[-54.612852,-20.557315],[-54.612852,-20.557324],[-54.612862,-20.557325],[-54.612862,-20.557334],[-54.612871,-20.557334],[-54.612871,-20.557343],[-54.612881,-20.557343],[-54.612881,-20.557352],[-54.61289,-20.557352],[-54.61289,-20.557361],[-54.6129,-20.557361],[-54.6129,-20.55737],[-54.612909,-20.55737],[-54.612909,-20.557379],[-54.612919,-20.55738],[-54.612918,-20.557389],[-54.612928,-20.557389],[-54.612928,-20.557398],[-54.612937,-20.557398],[-54.612937,-20.557407],[-54.612947,-20.557407],[-54.612947,-20.557416],[-54.612956,-20.557416],[-54.612956,-20.557425],[-54.612966,-20.557425],[-54.612966,-20.557434],[-54.612985,-20.557435],[-54.612985,-20.557444],[-54.612994,-20.557444],[-54.612994,-20.557453],[-54.613004,-20.557453],[-54.613004,-20.557462],[-54.613013,-20.557462],[-54.613013,-20.557471],[-54.613023,-20.557471],[-54.613022,-20.55748],[-54.613032,-20.55748],[-54.613032,-20.557489],[-54.613041,-20.55749],[-54.613041,-20.557499],[-54.613051,-20.557499],[-54.613051,-20.557508],[-54.61306,-20.557508],[-54.61306,-20.557517],[-54.61307,-20.557517],[-54.61307,-20.557526],[-54.613079,-20.557526],[-54.613079,-20.557535],[-54.613089,-20.557535],[-54.613089,-20.557544],[-54.613098,-20.557545],[-54.613098,-20.557554],[-54.613108,-20.557554],[-54.613107,-20.557563],[-54.613117,-20.557563],[-54.613117,-20.557572],[-54.613126,-20.557572],[-54.613126,-20.557581],[-54.613136,-20.557581],[-54.613136,-20.55759],[-54.613145,-20.55759],[-54.613145,-20.557599],[-54.613155,-20.5576],[-54.613155,-20.557609],[-54.613164,-20.557609],[-54.613164,-20.557618],[-54.613174,-20.557618],[-54.613174,-20.557627],[-54.613183,-20.557627],[-54.613183,-20.557636],[-54.613193,-20.557636],[-54.613192,-20.557645],[-54.613202,-20.557645],[-54.613202,-20.557654],[-54.613221,-20.557655],[-54.613221,-20.557664],[-54.61325,-20.557664],[-54.61325,-20.557673],[-54.613278,-20.557673],[-54.613278,-20.557683],[-54.613307,-20.557683],[-54.613307,-20.557692],[-54.613316,-20.557692],[-54.613316,-20.557701],[-54.613326,-20.557701],[-54.613326,-20.55771],[-54.613335,-20.55771],[-54.613335,-20.557719],[-54.613345,-20.55772],[-54.613345,-20.557729],[-54.613354,-20.557729],[-54.613354,-20.557738],[-54.613364,-20.557738],[-54.613363,-20.557747],[-54.613373,-20.557747],[-54.613372,-20.557801],[-54.613382,-20.557801],[-54.613382,-20.55781],[-54.613401,-20.557811],[-54.613401,-20.55782],[-54.61342,-20.55782],[-54.61342,-20.557829],[-54.613448,-20.557829],[-54.613448,-20.557838],[-54.613467,-20.557839],[-54.613467,-20.557848],[-54.613496,-20.557848],[-54.613496,-20.557857],[-54.613515,-20.557857],[-54.613515,-20.557866],[-54.613544,-20.557867],[-54.613544,-20.557876],[-54.613563,-20.557876],[-54.613563,-20.557885],[-54.613582,-20.557885],[-54.613582,-20.557894],[-54.61361,-20.557895],[-54.61361,-20.557904],[-54.613629,-20.557904],[-54.613629,-20.557913],[-54.613658,-20.557913],[-54.613658,-20.557923],[-54.613677,-20.557923],[-54.613677,-20.557932],[-54.613706,-20.557932],[-54.613706,-20.557941],[-54.613725,-20.557942],[-54.613725,-20.557951],[-54.613744,-20.557951],[-54.613744,-20.55796],[-54.613772,-20.55796],[-54.613772,-20.557969],[-54.613791,-20.55797],[-54.613791,-20.557979],[-54.61382,-20.557979],[-54.61382,-20.557988],[-54.613839,-20.557988],[-54.613839,-20.557997],[-54.613868,-20.557998],[-54.613868,-20.558007],[-54.613887,-20.558007],[-54.613887,-20.558016],[-54.613906,-20.558016],[-54.613906,-20.558025],[-54.613934,-20.558026],[-54.613934,-20.558035],[-54.613953,-20.558035],[-54.613953,-20.558044],[-54.613982,-20.558044],[-54.613982,-20.558053],[-54.614001,-20.558054],[-54.614001,-20.558063],[-54.61402,-20.558063],[-54.61402,-20.558072],[-54.614049,-20.558072],[-54.614049,-20.558081],[-54.614068,-20.558082],[-54.614068,-20.558091],[-54.614096,-20.558091],[-54.614096,-20.5581],[-54.614115,-20.5581],[-54.614115,-20.558109],[-54.614144,-20.55811],[-54.614144,-20.558119],[-54.614163,-20.558119],[-54.614163,-20.558128],[-54.614182,-20.558128],[-54.614182,-20.558137],[-54.614211,-20.558138],[-54.614211,-20.558147],[-54.61423,-20.558147],[-54.61423,-20.558156],[-54.614258,-20.558157],[-54.614258,-20.558166],[-54.614277,-20.558166],[-54.614277,-20.558175],[-54.614287,-20.558175],[-54.614287,-20.558184],[-54.614296,-20.558184],[-54.614296,-20.558193],[-54.614306,-20.558193],[-54.614306,-20.558202],[-54.614325,-20.558203],[-54.614325,-20.558212],[-54.614334,-20.558212],[-54.614334,-20.558221],[-54.614353,-20.558221],[-54.614353,-20.55823],[-54.614363,-20.55823],[-54.614363,-20.558239],[-54.614372,-20.558239],[-54.614372,-20.558248],[-54.614391,-20.558249],[-54.614391,-20.558258],[-54.614401,-20.558258],[-54.6144,-20.558267],[-54.61441,-20.558267],[-54.61441,-20.558276],[-54.614429,-20.558276],[-54.614429,-20.558285],[-54.614438,-20.558285],[-54.614438,-20.558294],[-54.614448,-20.558295],[-54.614448,-20.558304],[-54.614467,-20.558304],[-54.614467,-20.558313],[-54.614476,-20.558313],[-54.614476,-20.558322],[-54.614486,-20.558322],[-54.614486,-20.558331],[-54.614495,-20.558331],[-54.614495,-20.55834],[-54.614505,-20.558341],[-54.614505,-20.55835],[-54.614514,-20.55835],[-54.614514,-20.558359],[-54.614524,-20.558359],[-54.614524,-20.558368],[-54.614552,-20.558368],[-54.614552,-20.558377],[-54.615376,-20.558389],[-54.615376,-20.558398],[-54.615386,-20.558398],[-54.615386,-20.558407],[-54.615395,-20.558407],[-54.615395,-20.558416],[-54.615405,-20.558416],[-54.615405,-20.558425],[-54.615414,-20.558425],[-54.615414,-20.558434],[-54.615424,-20.558434],[-54.615424,-20.558444],[-54.615433,-20.558444],[-54.615433,-20.558453],[-54.615443,-20.558453],[-54.615442,-20.558462],[-54.615452,-20.558462],[-54.615452,-20.558471],[-54.615462,-20.558471],[-54.615459,-20.558634],[-54.615469,-20.558634],[-54.615468,-20.558643],[-54.615478,-20.558643],[-54.615478,-20.558652],[-54.615487,-20.558652],[-54.615487,-20.558661],[-54.615497,-20.558661],[-54.615497,-20.55867],[-54.615506,-20.55867],[-54.615506,-20.558679],[-54.615516,-20.55868],[-54.615516,-20.558689],[-54.615525,-20.558689],[-54.615525,-20.558698],[-54.615535,-20.558698],[-54.615535,-20.558707],[-54.615544,-20.558707],[-54.615544,-20.558716],[-54.615554,-20.558716],[-54.615553,-20.558725],[-54.615563,-20.558725],[-54.615563,-20.558734],[-54.615572,-20.558735],[-54.615572,-20.558744],[-54.615582,-20.558744],[-54.615582,-20.558753],[-54.615591,-20.558753],[-54.615591,-20.558762],[-54.615601,-20.558762],[-54.615601,-20.558771],[-54.61561,-20.558771],[-54.61561,-20.55878],[-54.61562,-20.55878],[-54.61562,-20.558789],[-54.615629,-20.558789],[-54.615629,-20.558799],[-54.615639,-20.558799],[-54.615638,-20.558808],[-54.615648,-20.558808],[-54.615648,-20.558817],[-54.615657,-20.558817],[-54.615657,-20.558826],[-54.615667,-20.558826],[-54.615667,-20.558835],[-54.615676,-20.558835],[-54.615676,-20.558844],[-54.615686,-20.558844],[-54.615686,-20.558853],[-54.615695,-20.558854],[-54.615695,-20.558863],[-54.615705,-20.558863],[-54.615705,-20.558872],[-54.615714,-20.558872],[-54.615714,-20.558881],[-54.615724,-20.558881],[-54.615723,-20.55889],[-54.615752,-20.558891],[-54.615752,-20.5589],[-54.615771,-20.5589],[-54.615771,-20.558909],[-54.61579,-20.558909],[-54.61579,-20.558918],[-54.615809,-20.558918],[-54.615809,-20.558927],[-54.615838,-20.558928],[-54.615838,-20.558919],[-54.615848,-20.558919],[-54.615848,-20.55891],[-54.615877,-20.55891],[-54.615877,-20.558901],[-54.615896,-20.558902],[-54.615896,-20.558892],[-54.615915,-20.558893],[-54.615915,-20.558884],[-54.615934,-20.558884],[-54.615935,-20.558875],[-54.615954,-20.558875],[-54.615954,-20.558866],[-54.615973,-20.558866],[-54.615973,-20.558857],[-54.615983,-20.558858],[-54.615983,-20.558867],[-54.615992,-20.558867],[-54.615992,-20.558885],[-54.616002,-20.558885],[-54.616001,-20.558894],[-54.616136,-20.558896],[-54.616135,-20.558905],[-54.616164,-20.558905],[-54.616164,-20.558896],[-54.616184,-20.558896],[-54.616184,-20.558887],[-54.616203,-20.558888],[-54.616203,-20.558879],[-54.616222,-20.558879],[-54.616222,-20.55887],[-54.616242,-20.55887],[-54.616242,-20.558861],[-54.616338,-20.558862],[-54.616337,-20.558871],[-54.616395,-20.558872],[-54.616395,-20.558881],[-54.616443,-20.558882],[-54.616443,-20.558891],[-54.6165,-20.558892],[-54.6165,-20.558901],[-54.616548,-20.558901],[-54.616548,-20.55891],[-54.616596,-20.558911],[-54.616595,-20.55892],[-54.616653,-20.558921],[-54.616653,-20.55893],[-54.616701,-20.558931],[-54.616701,-20.55894],[-54.616758,-20.55894],[-54.616758,-20.55895],[-54.616806,-20.55895],[-54.616806,-20.558959],[-54.616854,-20.55896],[-54.616854,-20.558969],[-54.616911,-20.55897],[-54.616911,-20.558979],[-54.616959,-20.558979],[-54.616959,-20.558988],[-54.616997,-20.558989],[-54.616997,-20.55898],[-54.617016,-20.55898],[-54.617017,-20.558971],[-54.617036,-20.558971],[-54.617036,-20.558962],[-54.617045,-20.558962],[-54.617046,-20.558953],[-54.617065,-20.558954],[-54.617065,-20.558945],[-54.617084,-20.558945],[-54.617084,-20.558936],[-54.617103,-20.558936],[-54.617104,-20.558927],[-54.617123,-20.558927],[-54.617123,-20.558918],[-54.617132,-20.558919],[-54.617133,-20.55891],[-54.617152,-20.55891],[-54.617152,-20.558901],[-54.6172,-20.558901],[-54.6172,-20.558892],[-54.617219,-20.558893],[-54.617219,-20.558884],[-54.617238,-20.558884],[-54.617239,-20.558875],[-54.617258,-20.558875],[-54.617258,-20.558866],[-54.617287,-20.558866],[-54.617286,-20.558876],[-54.617296,-20.558876],[-54.617296,-20.558885],[-54.617306,-20.558885],[-54.617305,-20.558894],[-54.617315,-20.558894],[-54.617315,-20.558903],[-54.617324,-20.558903],[-54.617324,-20.558912],[-54.617391,-20.558913],[-54.617392,-20.558904],[-54.617516,-20.558906],[-54.617516,-20.558897],[-54.617679,-20.558899],[-54.617679,-20.55889],[-54.617766,-20.558891],[-54.617766,-20.558882],[-54.617775,-20.558882],[-54.617775,-20.558873],[-54.617785,-20.558873],[-54.617785,-20.558864],[-54.617804,-20.558865],[-54.617805,-20.558856],[-54.617814,-20.558856],[-54.617814,-20.558847],[-54.617824,-20.558847],[-54.617824,-20.558838],[-54.617834,-20.558838],[-54.617834,-20.558829],[-54.617843,-20.558829],[-54.617843,-20.55882],[-54.617863,-20.55882],[-54.617863,-20.558811],[-54.617872,-20.558811],[-54.617872,-20.558802],[-54.617882,-20.558802],[-54.617882,-20.558793],[-54.617892,-20.558794],[-54.617892,-20.558785],[-54.617911,-20.558785],[-54.617911,-20.558776],[-54.617921,-20.558776],[-54.617921,-20.558767],[-54.617931,-20.558767],[-54.617931,-20.558758],[-54.61794,-20.558758],[-54.61794,-20.558749],[-54.61796,-20.558749],[-54.61796,-20.55874],[-54.617969,-20.55874],[-54.617969,-20.558731],[-54.617979,-20.558732],[-54.617979,-20.558723],[-54.617989,-20.558723],[-54.617989,-20.558714],[-54.618008,-20.558714],[-54.618008,-20.558705],[-54.618018,-20.558705],[-54.618018,-20.558696],[-54.618028,-20.558696],[-54.618028,-20.558687],[-54.618037,-20.558687],[-54.618037,-20.558678],[-54.618047,-20.558678],[-54.618047,-20.558669],[-54.618066,-20.55867],[-54.618066,-20.55866],[-54.618076,-20.558661],[-54.618076,-20.558652],[-54.618086,-20.558652],[-54.618086,-20.558643],[-54.618095,-20.558643],[-54.618096,-20.558634],[-54.618115,-20.558634],[-54.618115,-20.558625],[-54.618125,-20.558625],[-54.618125,-20.558616],[-54.618134,-20.558616],[-54.618134,-20.558607],[-54.618144,-20.558607],[-54.618144,-20.558598],[-54.618163,-20.558599],[-54.618163,-20.55859],[-54.618173,-20.55859],[-54.618173,-20.558581],[-54.618183,-20.558581],[-54.618183,-20.558572],[-54.618192,-20.558572],[-54.618193,-20.558563],[-54.618212,-20.558563],[-54.618212,-20.558554],[-54.618221,-20.558554],[-54.618222,-20.558545],[-54.618231,-20.558545],[-54.618231,-20.558536],[-54.618241,-20.558536],[-54.618241,-20.558527],[-54.61826,-20.558528],[-54.61826,-20.558519],[-54.61827,-20.558519],[-54.61827,-20.55851],[-54.61828,-20.55851],[-54.61828,-20.558501],[-54.618289,-20.558501],[-54.61829,-20.558492],[-54.618309,-20.558492],[-54.618309,-20.558483],[-54.618318,-20.558483],[-54.618319,-20.558474],[-54.618712,-20.55848],[-54.618712,-20.558471],[-54.618721,-20.558471],[-54.618721,-20.558462],[-54.618731,-20.558462],[-54.618731,-20.558453],[-54.618741,-20.558453],[-54.618741,-20.558444],[-54.618751,-20.558444],[-54.618751,-20.558435],[-54.61876,-20.558435],[-54.61876,-20.558426],[-54.61877,-20.558426],[-54.61877,-20.558417],[-54.61878,-20.558417],[-54.61878,-20.558408],[-54.618789,-20.558409],[-54.61879,-20.5584],[-54.618799,-20.5584],[-54.618799,-20.558391],[-54.618809,-20.558391],[-54.618809,-20.558382],[-54.618819,-20.558382],[-54.618819,-20.558373],[-54.618828,-20.558373],[-54.618828,-20.558364],[-54.618838,-20.558364],[-54.618838,-20.558355],[-54.618857,-20.558355],[-54.618857,-20.558364],[-54.618886,-20.558365],[-54.618886,-20.558374],[-54.618905,-20.558374],[-54.618905,-20.558383],[-54.618924,-20.558383],[-54.618924,-20.558392],[-54.618943,-20.558393],[-54.618943,-20.558402],[-54.618972,-20.558402],[-54.618972,-20.558411],[-54.618991,-20.558411],[-54.618991,-20.55842],[-54.61901,-20.558421],[-54.61901,-20.55843],[-54.619029,-20.55843],[-54.619029,-20.558439],[-54.619057,-20.558439],[-54.619057,-20.558448],[-54.619076,-20.558449],[-54.619076,-20.558458],[-54.619095,-20.558458],[-54.619095,-20.558467],[-54.619114,-20.558467],[-54.619114,-20.558476],[-54.619143,-20.558477],[-54.619143,-20.558486],[-54.619162,-20.558486],[-54.619162,-20.558495],[-54.619181,-20.558495],[-54.619181,-20.558504],[-54.6192,-20.558505],[-54.6192,-20.558514],[-54.619219,-20.558514],[-54.619219,-20.558523],[-54.619248,-20.558523],[-54.619248,-20.558532],[-54.619267,-20.558533],[-54.619267,-20.558542],[-54.619286,-20.558542],[-54.619286,-20.558551],[-54.619305,-20.558551],[-54.619305,-20.55856],[-54.619324,-20.55856],[-54.619324,-20.558569],[-54.619333,-20.55857],[-54.619333,-20.558579],[-54.619343,-20.558579],[-54.619342,-20.558615],[-54.619352,-20.558615],[-54.619351,-20.55866],[-54.619361,-20.55866],[-54.61936,-20.558696],[-54.61937,-20.558696],[-54.619369,-20.558733],[-54.619379,-20.558733],[-54.619378,-20.558769],[-54.619388,-20.558769],[-54.619387,-20.558805],[-54.619397,-20.558805],[-54.619396,-20.558841],[-54.619406,-20.558841],[-54.619406,-20.55885],[-54.61955,-20.558852],[-54.61955,-20.558843],[-54.619703,-20.558846],[-54.619703,-20.558837],[-54.619713,-20.558837],[-54.619713,-20.558828],[-54.619723,-20.558828],[-54.619723,-20.558819],[-54.619732,-20.558819],[-54.619732,-20.55881],[-54.619742,-20.55881],[-54.619742,-20.558801],[-54.619752,-20.558801],[-54.619752,-20.558792],[-54.619761,-20.558792],[-54.619762,-20.558783],[-54.619771,-20.558783],[-54.619771,-20.558774],[-54.619781,-20.558774],[-54.619781,-20.558765],[-54.619791,-20.558765],[-54.619791,-20.558756],[-54.6198,-20.558757],[-54.6198,-20.558748],[-54.61981,-20.558748],[-54.61981,-20.558739],[-54.61982,-20.558739],[-54.61982,-20.55873],[-54.61983,-20.55873],[-54.61983,-20.558721],[-54.619839,-20.558721],[-54.619839,-20.558712],[-54.619849,-20.558712],[-54.619849,-20.558703],[-54.619859,-20.558703],[-54.619859,-20.558694],[-54.619868,-20.558694],[-54.619869,-20.558685],[-54.619878,-20.558685],[-54.619878,-20.558676],[-54.619888,-20.558677],[-54.619888,-20.558667],[-54.619898,-20.558668],[-54.619898,-20.558659],[-54.619907,-20.558659],[-54.619907,-20.55865],[-54.619917,-20.55865],[-54.619917,-20.558641],[-54.619927,-20.558641],[-54.619927,-20.558632],[-54.619936,-20.558632],[-54.619937,-20.558623],[-54.619946,-20.558623],[-54.619946,-20.558614],[-54.619956,-20.558614],[-54.619956,-20.558605],[-54.619966,-20.558605],[-54.619966,-20.558596],[-54.619975,-20.558596],[-54.619976,-20.558587],[-54.619985,-20.558588],[-54.619985,-20.558579],[-54.619995,-20.558579],[-54.619995,-20.55857],[-54.620005,-20.55857],[-54.620005,-20.558561],[-54.620014,-20.558561],[-54.620014,-20.558552],[-54.620034,-20.558552],[-54.620034,-20.558543],[-54.620063,-20.558543],[-54.620063,-20.558534],[-54.620101,-20.558535],[-54.620101,-20.558526],[-54.62013,-20.558526],[-54.62013,-20.558517],[-54.620159,-20.558518],[-54.620159,-20.558509],[-54.620188,-20.558509],[-54.620188,-20.5585],[-54.620217,-20.5585],[-54.620217,-20.558491],[-54.620245,-20.558492],[-54.620246,-20.558483],[-54.620284,-20.558483],[-54.620284,-20.558474],[-54.620313,-20.558475],[-54.620313,-20.558466],[-54.620342,-20.558466],[-54.620342,-20.558457],[-54.620371,-20.558457],[-54.620371,-20.558448],[-54.6204,-20.558449],[-54.6204,-20.55844],[-54.620428,-20.55844],[-54.620429,-20.558431],[-54.620457,-20.558431],[-54.620457,-20.558422],[-54.620496,-20.558423],[-54.620496,-20.558414],[-54.620525,-20.558414],[-54.620525,-20.558405],[-54.620554,-20.558406],[-54.620554,-20.558397],[-54.620583,-20.558397],[-54.620583,-20.558388],[-54.620611,-20.558388],[-54.620612,-20.558379],[-54.62064,-20.55838],[-54.62064,-20.558371],[-54.620679,-20.558371],[-54.620679,-20.558362],[-54.620708,-20.558363],[-54.620708,-20.558354],[-54.620737,-20.558354],[-54.620737,-20.558345],[-54.620746,-20.558345],[-54.620746,-20.558336],[-54.620766,-20.558336],[-54.620766,-20.558327],[-54.620775,-20.558328],[-54.620776,-20.558291],[-54.620785,-20.558292],[-54.620785,-20.558301],[-54.620795,-20.558301],[-54.620795,-20.55831],[-54.620843,-20.55831],[-54.620843,-20.558319],[-54.620852,-20.55832],[-54.620852,-20.558329],[-54.620862,-20.558329],[-54.620861,-20.558356],[-54.620871,-20.558356],[-54.62087,-20.558392],[-54.62088,-20.558392],[-54.620879,-20.558437],[-54.620889,-20.558437],[-54.620888,-20.558474],[-54.620898,-20.558474],[-54.620897,-20.558519],[-54.620907,-20.558519],[-54.620906,-20.558555],[-54.620916,-20.558555],[-54.620915,-20.5586],[-54.620925,-20.5586],[-54.620924,-20.558646],[-54.620933,-20.558646],[-54.620933,-20.558682],[-54.620942,-20.558682],[-54.620942,-20.558727],[-54.620951,-20.558727],[-54.620951,-20.558763],[-54.62096,-20.558763],[-54.62096,-20.558809],[-54.620969,-20.558809],[-54.620969,-20.558854],[-54.620978,-20.558854],[-54.620978,-20.55889],[-54.620987,-20.55889],[-54.620986,-20.558935],[-54.620996,-20.558936],[-54.620996,-20.558963],[-54.620986,-20.558963],[-54.620986,-20.558981],[-54.620976,-20.55898],[-54.620976,-20.558989],[-54.620966,-20.558989],[-54.620966,-20.558998],[-54.620976,-20.558998],[-54.620976,-20.559008],[-54.621072,-20.559009],[-54.621072,-20.559],[-54.621148,-20.559001],[-54.621149,-20.558992],[-54.621225,-20.558993],[-54.621225,-20.558984],[-54.621292,-20.558985],[-54.621293,-20.558976],[-54.621369,-20.558977],[-54.621369,-20.558968],[-54.621437,-20.558969],[-54.621437,-20.55896],[-54.621513,-20.558961],[-54.621514,-20.558952],[-54.621581,-20.558953],[-54.621581,-20.558944],[-54.621648,-20.558945],[-54.621648,-20.558935],[-54.621725,-20.558937],[-54.621725,-20.558928],[-54.621792,-20.558928],[-54.621792,-20.558919],[-54.621859,-20.55892],[-54.621859,-20.558911],[-54.621917,-20.558912],[-54.621917,-20.558903],[-54.621927,-20.558903],[-54.621926,-20.558912],[-54.621936,-20.558912],[-54.621936,-20.558921],[-54.621945,-20.558922],[-54.621945,-20.558931],[-54.621955,-20.558931],[-54.621955,-20.55894],[-54.621974,-20.55894],[-54.621974,-20.558949],[-54.621983,-20.558949],[-54.621983,-20.558958],[-54.621993,-20.558958],[-54.621993,-20.558967],[-54.622002,-20.558967],[-54.622002,-20.558976],[-54.622021,-20.558977],[-54.622021,-20.558986],[-54.622031,-20.558986],[-54.622031,-20.558995],[-54.62204,-20.558995],[-54.62204,-20.559004],[-54.62205,-20.559004],[-54.622049,-20.559013],[-54.622069,-20.559014],[-54.622069,-20.559023],[-54.622078,-20.559023],[-54.622078,-20.559032],[-54.622088,-20.559032],[-54.622087,-20.559041],[-54.622097,-20.559041],[-54.622097,-20.55905],[-54.622116,-20.55905],[-54.622116,-20.559059],[-54.622125,-20.559059],[-54.622125,-20.559068],[-54.622135,-20.559069],[-54.622135,-20.559078],[-54.622154,-20.559078],[-54.622154,-20.559087],[-54.622163,-20.559087],[-54.622163,-20.559096],[-54.622173,-20.559096],[-54.622173,-20.559105],[-54.622182,-20.559105],[-54.622182,-20.559114],[-54.622201,-20.559115],[-54.622201,-20.559124],[-54.622211,-20.559124],[-54.622211,-20.559133],[-54.62222,-20.559133],[-54.62222,-20.559142],[-54.62223,-20.559142],[-54.62223,-20.559151],[-54.622249,-20.559151],[-54.622249,-20.55916],[-54.622258,-20.559161],[-54.622258,-20.55917],[-54.622268,-20.55917],[-54.622267,-20.559179],[-54.622277,-20.559179],[-54.622277,-20.559188],[-54.622296,-20.559188],[-54.622296,-20.559197],[-54.622306,-20.559197],[-54.622305,-20.559206],[-54.622315,-20.559207],[-54.622315,-20.559216],[-54.622334,-20.559216],[-54.622334,-20.559225],[-54.62242,-20.559226],[-54.62242,-20.559235],[-54.622449,-20.559235],[-54.622449,-20.559244],[-54.622468,-20.559245],[-54.622468,-20.559254],[-54.622477,-20.559254],[-54.622477,-20.559263],[-54.622487,-20.559263],[-54.622487,-20.559272],[-54.622496,-20.559272],[-54.622496,-20.559281],[-54.622515,-20.559282],[-54.622515,-20.559291],[-54.622525,-20.559291],[-54.622524,-20.5593],[-54.622534,-20.5593],[-54.622534,-20.559309],[-54.622543,-20.559309],[-54.622543,-20.559318],[-54.622563,-20.559318],[-54.622562,-20.559327],[-54.622572,-20.559327],[-54.622572,-20.559336],[-54.622591,-20.559337],[-54.622591,-20.559346],[-54.62261,-20.559346],[-54.62261,-20.559355],[-54.622639,-20.559355],[-54.622638,-20.559364],[-54.622658,-20.559365],[-54.622658,-20.559374],[-54.622686,-20.559374],[-54.622686,-20.559383],[-54.622696,-20.559383],[-54.622696,-20.559392],[-54.622724,-20.559393],[-54.622724,-20.559402],[-54.622734,-20.559402],[-54.622734,-20.559411],[-54.622762,-20.559411],[-54.622762,-20.55942],[-54.622772,-20.55942],[-54.622772,-20.55943],[-54.6228,-20.55943],[-54.6228,-20.559439],[-54.62282,-20.559439],[-54.622819,-20.559448],[-54.622829,-20.559448],[-54.622829,-20.559457],[-54.622838,-20.559458],[-54.622838,-20.559467],[-54.622857,-20.559467],[-54.622857,-20.559476],[-54.622876,-20.559476],[-54.622876,-20.559485],[-54.622915,-20.559486],[-54.622915,-20.559495],[-54.622934,-20.559495],[-54.622943,-20.559495],[-54.622943,-20.559504],[-54.622991,-20.559505],[-54.622991,-20.559496],[-54.62303,-20.559496],[-54.62303,-20.559487],[-54.623068,-20.559488],[-54.623068,-20.559479],[-54.623087,-20.559479],[-54.623087,-20.55947],[-54.623107,-20.55947],[-54.623107,-20.559461],[-54.623126,-20.559461],[-54.623126,-20.559452],[-54.623145,-20.559453],[-54.623145,-20.559444],[-54.623155,-20.559444],[-54.623155,-20.559435],[-54.623174,-20.559435],[-54.623174,-20.559426],[-54.623194,-20.559426],[-54.623194,-20.559417],[-54.623213,-20.559418],[-54.623213,-20.559408],[-54.623223,-20.559409],[-54.623223,-20.5594],[-54.623242,-20.5594],[-54.623242,-20.559391],[-54.623261,-20.559391],[-54.623261,-20.559382],[-54.623271,-20.559382],[-54.623271,-20.559373],[-54.62329,-20.559373],[-54.62329,-20.559364],[-54.62331,-20.559365],[-54.62331,-20.559356],[-54.623329,-20.559356],[-54.623329,-20.559347],[-54.623348,-20.559347],[-54.623348,-20.559338],[-54.623368,-20.559338],[-54.623368,-20.559329],[-54.623387,-20.55933],[-54.623387,-20.559321],[-54.623397,-20.559321],[-54.623397,-20.559312],[-54.623416,-20.559312],[-54.623416,-20.559303],[-54.623435,-20.559303],[-54.623435,-20.559294],[-54.623445,-20.559294],[-54.623445,-20.559285],[-54.623464,-20.559286],[-54.623464,-20.559276],[-54.623484,-20.559277],[-54.623484,-20.559268],[-54.623503,-20.559268],[-54.623503,-20.559259],[-54.623513,-20.559259],[-54.623513,-20.55925],[-54.623532,-20.55925],[-54.623532,-20.559241],[-54.623551,-20.559242],[-54.623551,-20.559233],[-54.623571,-20.559233],[-54.623571,-20.559224],[-54.62358,-20.559224],[-54.62358,-20.559215],[-54.6236,-20.559215],[-54.6236,-20.559206],[-54.623648,-20.559207],[-54.623648,-20.559216],[-54.623676,-20.559216],[-54.623676,-20.559225],[-54.623695,-20.559225],[-54.623695,-20.559235],[-54.623724,-20.559235],[-54.623722,-20.559352],[-54.623713,-20.559352],[-54.623711,-20.55947],[-54.623701,-20.559469],[-54.6237,-20.559515],[-54.62371,-20.559515],[-54.62371,-20.559524],[-54.623892,-20.559526],[-54.623892,-20.559535],[-54.623921,-20.559536],[-54.62392,-20.559545],[-54.623949,-20.559545],[-54.623949,-20.559554],[-54.623978,-20.559554],[-54.623978,-20.559563],[-54.623997,-20.559564],[-54.623997,-20.559573],[-54.624025,-20.559573],[-54.624025,-20.559582],[-54.624054,-20.559583],[-54.624054,-20.559592],[-54.624083,-20.559592],[-54.624083,-20.559601],[-54.624111,-20.559601],[-54.624111,-20.55961],[-54.62413,-20.559611],[-54.62413,-20.55962],[-54.624159,-20.55962],[-54.624159,-20.559629],[-54.624188,-20.55963],[-54.624187,-20.559639],[-54.624216,-20.559639],[-54.624216,-20.559648],[-54.624245,-20.559648],[-54.624245,-20.559657],[-54.624264,-20.559658],[-54.624264,-20.559667],[-54.624293,-20.559667],[-54.624294,-20.559559],[-54.624304,-20.559559],[-54.624305,-20.559478],[-54.624315,-20.559478],[-54.624315,-20.559469],[-54.624324,-20.559469],[-54.624324,-20.55946],[-54.624334,-20.55946],[-54.624334,-20.559451],[-54.624344,-20.559451],[-54.624344,-20.559442],[-54.624354,-20.559442],[-54.624354,-20.559433],[-54.624363,-20.559433],[-54.624363,-20.559424],[-54.624373,-20.559424],[-54.624373,-20.559415],[-54.624383,-20.559416],[-54.624383,-20.559406],[-54.624392,-20.559407],[-54.624393,-20.559398],[-54.624402,-20.559398],[-54.624402,-20.559389],[-54.624412,-20.559389],[-54.624412,-20.55938],[-54.624422,-20.55938],[-54.624422,-20.559371],[-54.624431,-20.559371],[-54.624431,-20.559362],[-54.624441,-20.559362],[-54.624441,-20.559353],[-54.624527,-20.559354],[-54.624528,-20.559345],[-54.624547,-20.559346],[-54.624547,-20.559336],[-54.624566,-20.559337],[-54.624566,-20.559328],[-54.624585,-20.559328],[-54.624586,-20.559319],[-54.624595,-20.559319],[-54.624595,-20.55931],[-54.624605,-20.55931],[-54.624605,-20.559301],[-54.624615,-20.559301],[-54.624615,-20.559292],[-54.624624,-20.559292],[-54.624625,-20.559274],[-54.624634,-20.559274],[-54.624634,-20.559265],[-54.624644,-20.559266],[-54.624644,-20.559257],[-54.624654,-20.559257],[-54.624654,-20.559248],[-54.624663,-20.559248],[-54.624663,-20.559239],[-54.624673,-20.559239],[-54.624673,-20.55923],[-54.624683,-20.55923],[-54.624683,-20.559212],[-54.624693,-20.559212],[-54.624693,-20.559203],[-54.624702,-20.559203],[-54.624703,-20.559176],[-54.624712,-20.559176],[-54.624713,-20.559167],[-54.624722,-20.559167],[-54.624722,-20.559149],[-54.624732,-20.559149],[-54.624732,-20.559131],[-54.624742,-20.559131],[-54.624742,-20.559113],[-54.624752,-20.559114],[-54.624752,-20.559095],[-54.624762,-20.559096],[-54.624762,-20.559087],[-54.624771,-20.559087],[-54.624771,-20.559078],[-54.624781,-20.559078],[-54.624781,-20.559069],[-54.624829,-20.559069],[-54.624829,-20.55906],[-54.624915,-20.559062],[-54.624916,-20.559053],[-54.625011,-20.559054],[-54.625012,-20.559045],[-54.625098,-20.559046],[-54.625098,-20.559037],[-54.625184,-20.559038],[-54.625184,-20.559029],[-54.625271,-20.55903],[-54.625271,-20.559021],[-54.625367,-20.559023],[-54.625367,-20.559014],[-54.625434,-20.559015],[-54.625434,-20.559006],[-54.625463,-20.559006],[-54.625463,-20.558997],[-54.625473,-20.558997],[-54.625473,-20.558988],[-54.625482,-20.558988],[-54.625482,-20.558979],[-54.625492,-20.558979],[-54.625492,-20.55897],[-54.625502,-20.55897],[-54.625502,-20.558961],[-54.625511,-20.558961],[-54.625512,-20.558952],[-54.625521,-20.558953],[-54.625521,-20.558944],[-54.625531,-20.558944],[-54.625531,-20.558935],[-54.625541,-20.558935],[-54.625541,-20.558926],[-54.62555,-20.558926],[-54.625551,-20.558917],[-54.62556,-20.558917],[-54.62556,-20.558908],[-54.62557,-20.558908],[-54.62557,-20.558899],[-54.62558,-20.558899],[-54.62558,-20.55889],[-54.625589,-20.55889],[-54.625589,-20.558881],[-54.625599,-20.558881],[-54.625599,-20.558872],[-54.625609,-20.558872],[-54.625609,-20.558863],[-54.625618,-20.558864],[-54.625619,-20.558855],[-54.625628,-20.558855],[-54.625628,-20.558846],[-54.626127,-20.558852],[-54.626127,-20.558843],[-54.626137,-20.558844],[-54.626137,-20.558835],[-54.626156,-20.558835],[-54.626156,-20.558826],[-54.626185,-20.558826],[-54.626185,-20.558817],[-54.626214,-20.558818],[-54.626214,-20.558809],[-54.626243,-20.558809],[-54.626243,-20.5588],[-54.626262,-20.5588],[-54.626262,-20.558791],[-54.626291,-20.558792],[-54.626291,-20.558782],[-54.62632,-20.558783],[-54.62632,-20.558774],[-54.626349,-20.558774],[-54.626349,-20.558765],[-54.626377,-20.558766],[-54.626378,-20.558757],[-54.626406,-20.558757],[-54.626406,-20.558748],[-54.626426,-20.558748],[-54.626426,-20.558739],[-54.626455,-20.55874],[-54.626455,-20.558731],[-54.626483,-20.558731],[-54.626484,-20.558722],[-54.626512,-20.558722],[-54.626512,-20.558713],[-54.626541,-20.558714],[-54.626541,-20.558705],[-54.62657,-20.558705],[-54.62657,-20.558696],[-54.626599,-20.558696],[-54.626599,-20.558687],[-54.626628,-20.558688],[-54.626628,-20.558679],[-54.626657,-20.558679],[-54.626657,-20.55867],[-54.626686,-20.55867],[-54.626686,-20.558661],[-54.626715,-20.558662],[-54.626715,-20.558653],[-54.626743,-20.558653],[-54.626744,-20.558644],[-54.626772,-20.558645],[-54.626773,-20.558636],[-54.626801,-20.558636],[-54.626801,-20.558627],[-54.62683,-20.558627],[-54.62683,-20.558618],[-54.626859,-20.558619],[-54.626859,-20.55861],[-54.626888,-20.55861],[-54.626888,-20.558601],[-54.626917,-20.558601],[-54.626917,-20.558592],[-54.626946,-20.558593],[-54.626946,-20.558584],[-54.626975,-20.558584],[-54.626975,-20.558575],[-54.626994,-20.558575],[-54.626994,-20.558566],[-54.627147,-20.558568],[-54.627148,-20.558559],[-54.627157,-20.55856],[-54.627157,-20.558551],[-54.627167,-20.558551],[-54.627167,-20.558542],[-54.627177,-20.558542],[-54.627177,-20.558533],[-54.627186,-20.558533],[-54.627187,-20.558524],[-54.627196,-20.558524],[-54.627196,-20.558515],[-54.627206,-20.558515],[-54.627206,-20.558506],[-54.627216,-20.558506],[-54.627216,-20.558497],[-54.627225,-20.558497],[-54.627225,-20.558488],[-54.627235,-20.558488],[-54.627235,-20.558479],[-54.627245,-20.558479],[-54.627245,-20.55847],[-54.627254,-20.558471],[-54.627255,-20.558462],[-54.627264,-20.558462],[-54.627264,-20.558453],[-54.627274,-20.558453],[-54.627274,-20.558444],[-54.627284,-20.558444],[-54.627284,-20.558435],[-54.627293,-20.558435],[-54.627294,-20.558426],[-54.627303,-20.558426],[-54.627303,-20.558417],[-54.627313,-20.558417],[-54.627313,-20.558408],[-54.627323,-20.558408],[-54.627323,-20.558399],[-54.627332,-20.558399],[-54.627332,-20.55839],[-54.627342,-20.558391],[-54.627342,-20.558381],[-54.627352,-20.558382],[-54.627352,-20.558373],[-54.627361,-20.558373],[-54.627362,-20.558364],[-54.627371,-20.558364],[-54.627371,-20.558355],[-54.627381,-20.558355],[-54.627381,-20.558346],[-54.627391,-20.558346],[-54.627391,-20.558337],[-54.6274,-20.558337],[-54.6274,-20.558328],[-54.62741,-20.558328],[-54.62741,-20.558319],[-54.627439,-20.55832],[-54.627439,-20.558311],[-54.627449,-20.558311],[-54.627449,-20.558302],[-54.627458,-20.558302],[-54.627459,-20.558293],[-54.627468,-20.558293],[-54.627468,-20.558284],[-54.627478,-20.558284],[-54.627478,-20.558275],[-54.627488,-20.558275],[-54.627488,-20.558266],[-54.627497,-20.558266],[-54.627497,-20.558257],[-54.627507,-20.558257],[-54.627507,-20.558248],[-54.627517,-20.558248],[-54.627517,-20.558239],[-54.627526,-20.55824],[-54.627527,-20.558231],[-54.627536,-20.558231],[-54.627536,-20.558222],[-54.627546,-20.558222],[-54.627546,-20.558213],[-54.627556,-20.558213],[-54.627556,-20.558204],[-54.627565,-20.558204],[-54.627566,-20.558195],[-54.627575,-20.558195],[-54.627575,-20.558186],[-54.627585,-20.558186],[-54.627585,-20.558177],[-54.627595,-20.558177],[-54.627595,-20.558168],[-54.627604,-20.558168],[-54.627604,-20.558159],[-54.627614,-20.558159],[-54.627614,-20.55815],[-54.627624,-20.558151],[-54.627624,-20.558142],[-54.627633,-20.558142],[-54.627634,-20.558133],[-54.627643,-20.558133],[-54.627643,-20.558124],[-54.627653,-20.558124],[-54.627653,-20.558115],[-54.627663,-20.558115],[-54.627663,-20.558106],[-54.627672,-20.558106],[-54.627673,-20.558097],[-54.627682,-20.558097],[-54.627682,-20.558088],[-54.627692,-20.558088],[-54.627692,-20.558079],[-54.627702,-20.558079],[-54.627702,-20.55807],[-54.627711,-20.55807],[-54.627711,-20.558061],[-54.627721,-20.558062],[-54.627721,-20.558053],[-54.627731,-20.558053],[-54.627731,-20.558044],[-54.62774,-20.558044],[-54.627741,-20.558035],[-54.62775,-20.558035],[-54.62775,-20.558026],[-54.62776,-20.558026],[-54.62776,-20.558008],[-54.627799,-20.558008],[-54.627798,-20.558018],[-54.627818,-20.558018],[-54.627817,-20.558027],[-54.627846,-20.558027],[-54.627846,-20.558036],[-54.627865,-20.558036],[-54.627865,-20.558046],[-54.627894,-20.558046],[-54.627894,-20.558055],[-54.627913,-20.558055],[-54.627913,-20.558064],[-54.627941,-20.558065],[-54.627941,-20.558074],[-54.62797,-20.558074],[-54.62797,-20.558083],[-54.627989,-20.558083],[-54.627989,-20.558092],[-54.628018,-20.558093],[-54.628018,-20.558102],[-54.628037,-20.558102],[-54.628037,-20.558111],[-54.628065,-20.558111],[-54.628065,-20.55812],[-54.628084,-20.558121],[-54.628084,-20.55813],[-54.628113,-20.55813],[-54.628113,-20.558139],[-54.628132,-20.558139],[-54.628132,-20.558149],[-54.628151,-20.558149],[-54.628151,-20.558158],[-54.62817,-20.558158],[-54.62817,-20.558167],[-54.628218,-20.558168],[-54.628218,-20.558159],[-54.628256,-20.558159],[-54.628257,-20.55815],[-54.628285,-20.558151],[-54.628285,-20.558142],[-54.628314,-20.558142],[-54.628314,-20.558133],[-54.628343,-20.558133],[-54.628343,-20.558124],[-54.628382,-20.558125],[-54.628382,-20.558116],[-54.628401,-20.558116],[-54.628401,-20.558107],[-54.628411,-20.558107],[-54.628411,-20.558098],[-54.628478,-20.558099],[-54.628478,-20.55809],[-54.628842,-20.558095],[-54.628842,-20.558086],[-54.628881,-20.558087],[-54.628881,-20.558077],[-54.62891,-20.558078],[-54.62891,-20.558069],[-54.628948,-20.558069],[-54.628948,-20.55806],[-54.628977,-20.558061],[-54.628977,-20.558052],[-54.629015,-20.558052],[-54.629016,-20.558043],[-54.629044,-20.558044],[-54.629045,-20.558035],[-54.629083,-20.558035],[-54.629083,-20.558026],[-54.629121,-20.558027],[-54.629121,-20.558018],[-54.62915,-20.558018],[-54.62915,-20.558009],[-54.629189,-20.558009],[-54.629189,-20.558],[-54.629218,-20.558001],[-54.629218,-20.557992],[-54.629256,-20.557992],[-54.629256,-20.557983],[-54.629285,-20.557984],[-54.629285,-20.557975],[-54.629323,-20.557975],[-54.629324,-20.557966],[-54.629352,-20.557967],[-54.629353,-20.557958],[-54.629391,-20.557958],[-54.629391,-20.557949],[-54.62942,-20.557949],[-54.62942,-20.55794],[-54.629458,-20.557941],[-54.629458,-20.557932],[-54.629487,-20.557932],[-54.629487,-20.557923],[-54.629526,-20.557924],[-54.629526,-20.557915],[-54.629555,-20.557915],[-54.629555,-20.557906],[-54.629593,-20.557907],[-54.629593,-20.557898],[-54.629622,-20.557898],[-54.629622,-20.557889],[-54.629651,-20.557889],[-54.629656,-20.557537],[-54.629666,-20.557537],[-54.629666,-20.557528],[-54.629676,-20.557528],[-54.629676,-20.557519],[-54.629685,-20.55752],[-54.629685,-20.557511],[-54.629695,-20.557511],[-54.629695,-20.557502],[-54.629849,-20.557504],[-54.629849,-20.557495],[-54.629858,-20.557495],[-54.629858,-20.557486],[-54.629916,-20.557487],[-54.629916,-20.557478],[-54.629974,-20.557478],[-54.629974,-20.557469],[-54.629983,-20.557469],[-54.629983,-20.55746],[-54.629993,-20.557461],[-54.629993,-20.557452],[-54.630051,-20.557452],[-54.630051,-20.557443],[-54.630108,-20.557444],[-54.630108,-20.557435],[-54.630137,-20.557435],[-54.630137,-20.557426],[-54.630147,-20.557427],[-54.630147,-20.557418],[-54.630157,-20.557418],[-54.630157,-20.557409],[-54.630176,-20.557409],[-54.630176,-20.5574],[-54.630195,-20.5574],[-54.630195,-20.557391],[-54.630205,-20.557391],[-54.630205,-20.557382],[-54.631231,-20.557396],[-54.631231,-20.557405],[-54.631259,-20.557406],[-54.631259,-20.557415],[-54.631269,-20.557415],[-54.631269,-20.557424],[-54.631288,-20.557424],[-54.631288,-20.557433],[-54.631297,-20.557433],[-54.631297,-20.557442],[-54.631316,-20.557443],[-54.631316,-20.557452],[-54.631326,-20.557452],[-54.631326,-20.557461],[-54.631345,-20.557461],[-54.631345,-20.55747],[-54.631354,-20.55747],[-54.631354,-20.557479],[-54.631373,-20.557479],[-54.631373,-20.557489],[-54.631383,-20.557489],[-54.631383,-20.557498],[-54.631402,-20.557498],[-54.631402,-20.557507],[-54.631411,-20.557507],[-54.631411,-20.557516],[-54.63143,-20.557516],[-54.63143,-20.557525],[-54.63144,-20.557526],[-54.63144,-20.557535],[-54.631449,-20.557535],[-54.631449,-20.557544],[-54.631468,-20.557544],[-54.631468,-20.557553],[-54.631478,-20.557553],[-54.631478,-20.557562],[-54.631497,-20.557562],[-54.631497,-20.557571],[-54.631506,-20.557572],[-54.631506,-20.557581],[-54.631525,-20.557581],[-54.631525,-20.55759],[-54.631535,-20.55759],[-54.631534,-20.557599],[-54.631554,-20.557599],[-54.631554,-20.557608],[-54.631563,-20.557609],[-54.631563,-20.557618],[-54.631582,-20.557618],[-54.631582,-20.557627],[-54.631592,-20.557627],[-54.631591,-20.557636],[-54.631611,-20.557636],[-54.63161,-20.557645],[-54.63162,-20.557645],[-54.63162,-20.557654],[-54.631639,-20.557655],[-54.631639,-20.557664],[-54.631649,-20.557664],[-54.631648,-20.557673],[-54.631668,-20.557673],[-54.631667,-20.557682],[-54.631677,-20.557682],[-54.631677,-20.557691],[-54.631696,-20.557692],[-54.631696,-20.557701],[-54.631705,-20.557701],[-54.631705,-20.55771],[-54.631715,-20.55771],[-54.631715,-20.557719],[-54.631724,-20.557719],[-54.631724,-20.557728],[-54.631734,-20.557728],[-54.631734,-20.557737],[-54.631743,-20.557737],[-54.631743,-20.557746],[-54.631781,-20.557747],[-54.631781,-20.557756],[-54.631791,-20.557756],[-54.631791,-20.557765],[-54.6318,-20.557765],[-54.6318,-20.557774],[-54.631819,-20.557775],[-54.631819,-20.557784],[-54.631829,-20.557784],[-54.631829,-20.557793],[-54.631838,-20.557793],[-54.631838,-20.557802],[-54.631848,-20.557802],[-54.631848,-20.557811],[-54.631867,-20.557811],[-54.631867,-20.55782],[-54.631876,-20.55782],[-54.631876,-20.55783],[-54.631886,-20.55783],[-54.631886,-20.557839],[-54.631895,-20.557839],[-54.631895,-20.557848],[-54.631905,-20.557848],[-54.631904,-20.557857],[-54.631914,-20.557857],[-54.631914,-20.557866],[-54.631923,-20.557866],[-54.631923,-20.557875],[-54.631933,-20.557875],[-54.631933,-20.557884],[-54.631942,-20.557885],[-54.631942,-20.557894],[-54.631952,-20.557894],[-54.631952,-20.557903],[-54.631961,-20.557903],[-54.631961,-20.557912],[-54.631971,-20.557912],[-54.631971,-20.557921],[-54.63198,-20.557921],[-54.63198,-20.55793],[-54.63199,-20.55793],[-54.631989,-20.557939],[-54.631999,-20.55794],[-54.631999,-20.557949],[-54.632008,-20.557949],[-54.632008,-20.557958],[-54.632018,-20.557958],[-54.632018,-20.557967],[-54.632027,-20.557967],[-54.632027,-20.557976],[-54.632037,-20.557976],[-54.632037,-20.557985],[-54.632046,-20.557985],[-54.632046,-20.557994],[-54.632056,-20.557995],[-54.632056,-20.558004],[-54.632065,-20.558004],[-54.632065,-20.558013],[-54.632075,-20.558013],[-54.632074,-20.558022],[-54.632084,-20.558022],[-54.632084,-20.558031],[-54.632094,-20.558031],[-54.632093,-20.55804],[-54.632132,-20.558041],[-54.632132,-20.55805],[-54.63216,-20.55805],[-54.63216,-20.558059],[-54.632179,-20.558059],[-54.632179,-20.558068],[-54.632198,-20.558069],[-54.632198,-20.558078],[-54.632227,-20.558078],[-54.632227,-20.558087],[-54.632246,-20.558087],[-54.632246,-20.558096],[-54.632265,-20.558097],[-54.632265,-20.558106],[-54.632275,-20.558106],[-54.632274,-20.558115],[-54.632284,-20.558115],[-54.632284,-20.558124],[-54.632293,-20.558124],[-54.632293,-20.558133],[-54.632303,-20.558133],[-54.632303,-20.558142],[-54.632351,-20.558143],[-54.632351,-20.558134],[-54.63236,-20.558134],[-54.632361,-20.558125],[-54.63237,-20.558125],[-54.63237,-20.558116],[-54.63238,-20.558116],[-54.63238,-20.558107],[-54.63239,-20.558107],[-54.63239,-20.558098],[-54.632399,-20.558099],[-54.632399,-20.55809],[-54.632419,-20.55809],[-54.632418,-20.558099],[-54.632438,-20.558099],[-54.632437,-20.558108],[-54.632447,-20.558108],[-54.632447,-20.558117],[-54.632457,-20.558117],[-54.632456,-20.558126],[-54.632466,-20.558127],[-54.632466,-20.558136],[-54.632475,-20.558136],[-54.632475,-20.558145],[-54.632485,-20.558145],[-54.632485,-20.558154],[-54.632494,-20.558154],[-54.632494,-20.558163],[-54.632504,-20.558163],[-54.632504,-20.558172],[-54.632513,-20.558172],[-54.632513,-20.558181],[-54.632532,-20.558182],[-54.632532,-20.558191],[-54.632542,-20.558191],[-54.632542,-20.5582],[-54.632551,-20.5582],[-54.632551,-20.558209],[-54.632561,-20.558209],[-54.63256,-20.558218],[-54.63257,-20.558218],[-54.63257,-20.558227],[-54.632579,-20.558227],[-54.632579,-20.558236],[-54.632589,-20.558237],[-54.632589,-20.558246],[-54.632598,-20.558246],[-54.632598,-20.558255],[-54.632617,-20.558255],[-54.632617,-20.558264],[-54.632627,-20.558264],[-54.632627,-20.558273],[-54.632636,-20.558273],[-54.632636,-20.558282],[-54.632646,-20.558283],[-54.632646,-20.558292],[-54.632655,-20.558292],[-54.632655,-20.558301],[-54.632665,-20.558301],[-54.632664,-20.55831],[-54.632674,-20.55831],[-54.632674,-20.558319],[-54.632684,-20.558319],[-54.632683,-20.558328],[-54.632693,-20.558328],[-54.632693,-20.558337],[-54.632712,-20.558338],[-54.632712,-20.558347],[-54.632721,-20.558347],[-54.632721,-20.558356],[-54.632731,-20.558356],[-54.632731,-20.558365],[-54.63274,-20.558365],[-54.63274,-20.558374],[-54.63275,-20.558374],[-54.63275,-20.558383],[-54.632759,-20.558383],[-54.632759,-20.558392],[-54.632769,-20.558393],[-54.632769,-20.558402],[-54.632778,-20.558402],[-54.632778,-20.558411],[-54.632797,-20.558411],[-54.632797,-20.55842],[-54.632807,-20.55842],[-54.632806,-20.558429],[-54.632816,-20.558429],[-54.632816,-20.558438],[-54.632825,-20.558438],[-54.632825,-20.558448],[-54.632835,-20.558448],[-54.632835,-20.558457],[-54.632844,-20.558457],[-54.632844,-20.558466],[-54.632854,-20.558466],[-54.632854,-20.558475],[-54.632844,-20.558475],[-54.632844,-20.558484],[-54.632844,-20.558493],[-54.632853,-20.558493],[-54.632853,-20.558502],[-54.632863,-20.558502],[-54.632863,-20.558511],[-54.632872,-20.558511],[-54.632872,-20.55852],[-54.633399,-20.558528],[-54.6334,-20.558519],[-54.633409,-20.558519],[-54.633409,-20.55851],[-54.633419,-20.55851],[-54.633419,-20.558501],[-54.633429,-20.558501],[-54.633429,-20.558492],[-54.633438,-20.558492],[-54.633438,-20.558483],[-54.633448,-20.558483],[-54.633448,-20.558474],[-54.633458,-20.558474],[-54.633458,-20.558465],[-54.633467,-20.558465],[-54.633468,-20.558456],[-54.633477,-20.558456],[-54.633477,-20.558447],[-54.633487,-20.558448],[-54.633487,-20.558439],[-54.633497,-20.558439],[-54.633497,-20.55843],[-54.633506,-20.55843],[-54.633506,-20.558421],[-54.633516,-20.558421],[-54.633516,-20.558412],[-54.633526,-20.558412],[-54.633526,-20.558403],[-54.634475,-20.558416],[-54.634475,-20.558407],[-54.634494,-20.558407],[-54.634494,-20.558398],[-54.634514,-20.558398],[-54.634514,-20.558389],[-54.634523,-20.558389],[-54.634523,-20.55838],[-54.634543,-20.558381],[-54.634543,-20.558372],[-54.634562,-20.558372],[-54.634562,-20.558363],[-54.634572,-20.558363],[-54.634572,-20.558354],[-54.634591,-20.558354],[-54.634591,-20.558345],[-54.63461,-20.558345],[-54.63461,-20.558336],[-54.63463,-20.558337],[-54.63463,-20.558328],[-54.634639,-20.558328],[-54.634639,-20.558319],[-54.634659,-20.558319],[-54.634659,-20.55831],[-54.634678,-20.55831],[-54.634678,-20.558301],[-54.634688,-20.558301],[-54.634688,-20.558292],[-54.634707,-20.558293],[-54.634707,-20.558284],[-54.634726,-20.558284],[-54.634726,-20.558275],[-54.634746,-20.558275],[-54.634746,-20.558266],[-54.634755,-20.558266],[-54.634755,-20.558257],[-54.634775,-20.558257],[-54.634775,-20.558248],[-54.634794,-20.558249],[-54.634794,-20.55824],[-54.634804,-20.55824],[-54.634804,-20.558231],[-54.634823,-20.558231],[-54.634823,-20.558222],[-54.634842,-20.558222],[-54.634842,-20.558213],[-54.634852,-20.558213],[-54.634852,-20.558204],[-54.634871,-20.558205],[-54.634871,-20.558196],[-54.634891,-20.558196],[-54.634891,-20.558187],[-54.6349,-20.558187],[-54.6349,-20.558178],[-54.63491,-20.558178],[-54.63491,-20.558169],[-54.63492,-20.558169],[-54.63492,-20.55816],[-54.634939,-20.55816],[-54.634939,-20.558151],[-54.634949,-20.558151],[-54.634949,-20.558142],[-54.635658,-20.558152],[-54.635658,-20.558161],[-54.635668,-20.558161],[-54.635668,-20.55817],[-54.635687,-20.558171],[-54.635687,-20.55818],[-54.635696,-20.55818],[-54.635696,-20.558189],[-54.635706,-20.558189],[-54.635706,-20.558198],[-54.635725,-20.558198],[-54.635725,-20.558207],[-54.635734,-20.558207],[-54.635734,-20.558216],[-54.635753,-20.558217],[-54.635753,-20.558226],[-54.635763,-20.558226],[-54.635762,-20.558235],[-54.636156,-20.55824],[-54.636156,-20.558231],[-54.636194,-20.558232],[-54.636194,-20.558223],[-54.636261,-20.558224],[-54.636261,-20.558215],[-54.636348,-20.558216],[-54.636348,-20.558225],[-54.636357,-20.558225],[-54.636357,-20.558234],[-54.636367,-20.558234],[-54.636366,-20.558243],[-54.636376,-20.558243],[-54.636376,-20.558252],[-54.636385,-20.558252],[-54.636385,-20.558261],[-54.636395,-20.558262],[-54.636395,-20.558271],[-54.636404,-20.558271],[-54.636404,-20.55828],[-54.636414,-20.55828],[-54.636414,-20.558289],[-54.636423,-20.558289],[-54.636423,-20.558298],[-54.636433,-20.558298],[-54.636433,-20.558307],[-54.636442,-20.558307],[-54.636442,-20.558316],[-54.636452,-20.558316],[-54.636451,-20.558325],[-54.636461,-20.558326],[-54.636461,-20.558335],[-54.63647,-20.558335],[-54.63647,-20.558344],[-54.63648,-20.558344],[-54.63648,-20.558353],[-54.636489,-20.558353],[-54.636489,-20.558362],[-54.636499,-20.558362],[-54.636499,-20.558371],[-54.636508,-20.558371],[-54.636508,-20.55838],[-54.636518,-20.558381],[-54.636518,-20.55839],[-54.636527,-20.55839],[-54.636527,-20.558399],[-54.636537,-20.558399],[-54.636536,-20.558408],[-54.636546,-20.558408],[-54.636546,-20.558417],[-54.636555,-20.558417],[-54.636555,-20.558426],[-54.636565,-20.558426],[-54.636565,-20.558435],[-54.636574,-20.558436],[-54.636574,-20.558445],[-54.636584,-20.558445],[-54.636584,-20.558454],[-54.636593,-20.558454],[-54.636593,-20.558463],[-54.636603,-20.558463],[-54.636603,-20.558472],[-54.636612,-20.558472],[-54.636612,-20.558481],[-54.636622,-20.558481],[-54.636621,-20.55849],[-54.636631,-20.55849],[-54.636631,-20.5585],[-54.636641,-20.5585],[-54.63664,-20.558509],[-54.63665,-20.558509],[-54.63665,-20.558518],[-54.636669,-20.558518],[-54.636669,-20.558527],[-54.636678,-20.558527],[-54.636678,-20.558536],[-54.636688,-20.558536],[-54.636688,-20.558545],[-54.636697,-20.558546],[-54.636697,-20.558564],[-54.636707,-20.558564],[-54.636706,-20.558573],[-54.636716,-20.558573],[-54.636716,-20.558591],[-54.636725,-20.558591],[-54.636725,-20.5586],[-54.636735,-20.5586],[-54.636735,-20.558609],[-54.636744,-20.558609],[-54.636744,-20.558627],[-54.636754,-20.558628],[-54.636753,-20.558637],[-54.636763,-20.558637],[-54.636763,-20.558655],[-54.636772,-20.558655],[-54.636772,-20.558664],[-54.636782,-20.558664],[-54.636782,-20.558682],[-54.636791,-20.558682],[-54.636791,-20.558691],[-54.636801,-20.558691],[-54.6368,-20.55871],[-54.63681,-20.55871],[-54.63681,-20.558719],[-54.636819,-20.558719],[-54.636819,-20.558728],[-54.636829,-20.558728],[-54.636828,-20.558746],[-54.636838,-20.558746],[-54.636838,-20.558755],[-54.636848,-20.558755],[-54.636847,-20.558773],[-54.636857,-20.558774],[-54.636857,-20.558783],[-54.636866,-20.558783],[-54.636866,-20.558801],[-54.636876,-20.558801],[-54.636875,-20.55881],[-54.636885,-20.55881],[-54.636885,-20.558819],[-54.636894,-20.558819],[-54.636894,-20.558837],[-54.636904,-20.558837],[-54.636904,-20.558846],[-54.636913,-20.558847],[-54.636913,-20.558865],[-54.636923,-20.558865],[-54.636922,-20.558874],[-54.636932,-20.558874],[-54.636932,-20.558892],[-54.636941,-20.558892],[-54.636941,-20.558901],[-54.636951,-20.558901],[-54.63695,-20.558919],[-54.63696,-20.558919],[-54.63696,-20.558928],[-54.636969,-20.558929],[-54.636969,-20.558947],[-54.636979,-20.558947],[-54.636979,-20.558956],[-54.636988,-20.558956],[-54.637046,-20.558957],[-54.637046,-20.558948],[-54.63719,-20.55895],[-54.63719,-20.558941],[-54.637199,-20.558941],[-54.6372,-20.558932],[-54.637209,-20.558932],[-54.637209,-20.558923],[-54.637219,-20.558923],[-54.637219,-20.558914],[-54.637229,-20.558914],[-54.637229,-20.558905],[-54.637238,-20.558905],[-54.637238,-20.558896],[-54.637248,-20.558896],[-54.637248,-20.558887],[-54.637258,-20.558887],[-54.637258,-20.558878],[-54.637267,-20.558878],[-54.637268,-20.558869],[-54.637277,-20.55887],[-54.637277,-20.558861],[-54.637287,-20.558861],[-54.637287,-20.558852],[-54.637297,-20.558852],[-54.637297,-20.558843],[-54.637306,-20.558843],[-54.637307,-20.558834],[-54.638428,-20.558849],[-54.638428,-20.558858],[-54.638438,-20.558858],[-54.638437,-20.558867],[-54.638447,-20.558867],[-54.638447,-20.558876],[-54.638456,-20.558877],[-54.638456,-20.558886],[-54.638466,-20.558886],[-54.638466,-20.558895],[-54.638485,-20.558895],[-54.638485,-20.558904],[-54.638494,-20.558904],[-54.638494,-20.558913],[-54.638504,-20.558913],[-54.638504,-20.558922],[-54.638782,-20.558926],[-54.638781,-20.558935],[-54.63881,-20.558936],[-54.63881,-20.558945],[-54.638829,-20.558945],[-54.638829,-20.558954],[-54.638848,-20.558954],[-54.638848,-20.558963],[-54.638867,-20.558963],[-54.638867,-20.558973],[-54.638896,-20.558973],[-54.638896,-20.558982],[-54.638925,-20.558982],[-54.638924,-20.558991],[-54.638953,-20.558992],[-54.638953,-20.559001],[-54.638972,-20.559001],[-54.638972,-20.55901],[-54.638982,-20.55901],[-54.638981,-20.559028],[-54.638991,-20.559028],[-54.638991,-20.559037],[-54.639,-20.559038],[-54.639,-20.559047],[-54.63901,-20.559047],[-54.63901,-20.559056],[-54.639019,-20.559056],[-54.639019,-20.559065],[-54.639029,-20.559065],[-54.639029,-20.559074],[-54.639038,-20.559074],[-54.639038,-20.559083],[-54.639048,-20.559083],[-54.639048,-20.559092],[-54.639057,-20.559092],[-54.639057,-20.559102],[-54.639067,-20.559102],[-54.639066,-20.559111],[-54.639076,-20.559111],[-54.639076,-20.55912],[-54.639085,-20.55912],[-54.639085,-20.559129],[-54.639095,-20.559129],[-54.639095,-20.559138],[-54.639104,-20.559138],[-54.639104,-20.559147],[-54.639114,-20.559147],[-54.639114,-20.559156],[-54.639123,-20.559157],[-54.639123,-20.559166],[-54.639133,-20.559166],[-54.639133,-20.559175],[-54.639142,-20.559175],[-54.639142,-20.559184],[-54.639152,-20.559184],[-54.639151,-20.559193],[-54.639161,-20.559193],[-54.639161,-20.559202],[-54.63917,-20.559202],[-54.63917,-20.559211],[-54.63918,-20.559212],[-54.63918,-20.559221],[-54.639189,-20.559221],[-54.639189,-20.55923],[-54.639199,-20.55923],[-54.639199,-20.559239],[-54.639208,-20.559239],[-54.639208,-20.559248],[-54.639218,-20.559248],[-54.639218,-20.559257],[-54.639227,-20.559257],[-54.639227,-20.559266],[-54.639275,-20.559267],[-54.639275,-20.559258],[-54.639313,-20.559259],[-54.639314,-20.55925],[-54.639362,-20.55925],[-54.639362,-20.559241],[-54.63941,-20.559242],[-54.63941,-20.559233],[-54.639458,-20.559233],[-54.639458,-20.559224],[-54.639506,-20.559225],[-54.639506,-20.559216],[-54.639554,-20.559217],[-54.639554,-20.559208],[-54.639602,-20.559208],[-54.639602,-20.559199],[-54.63964,-20.5592],[-54.63964,-20.559191],[-54.639688,-20.559191],[-54.639689,-20.559182],[-54.639736,-20.559183],[-54.639737,-20.559174],[-54.639785,-20.559175],[-54.639785,-20.559166],[-54.639833,-20.559166],[-54.639833,-20.559157],[-54.639881,-20.559158],[-54.639881,-20.559149],[-54.639929,-20.55915],[-54.639929,-20.55914],[-54.639958,-20.559141],[-54.639958,-20.559132],[-54.639967,-20.559132],[-54.639967,-20.559123],[-54.639977,-20.559123],[-54.639977,-20.559114],[-54.639987,-20.559114],[-54.639987,-20.559105],[-54.639997,-20.559105],[-54.639997,-20.559096],[-54.640006,-20.559096],[-54.640006,-20.559087],[-54.640016,-20.559088],[-54.640016,-20.559078],[-54.640026,-20.559079],[-54.640026,-20.55907],[-54.640035,-20.55907],[-54.640036,-20.559061],[-54.640045,-20.559061],[-54.640045,-20.559052],[-54.640055,-20.559052],[-54.640055,-20.559043],[-54.640065,-20.559043],[-54.640065,-20.559034],[-54.640084,-20.559034],[-54.640084,-20.559025],[-54.640103,-20.559025],[-54.640103,-20.559016],[-54.640123,-20.559017],[-54.640123,-20.559008],[-54.640142,-20.559008],[-54.640142,-20.558999],[-54.640152,-20.558999],[-54.640152,-20.55899],[-54.640171,-20.55899],[-54.640171,-20.558981],[-54.640181,-20.558981],[-54.640181,-20.558972],[-54.6402,-20.558973],[-54.6402,-20.558964],[-54.640219,-20.558964],[-54.640219,-20.558955],[-54.640229,-20.558955],[-54.640229,-20.558946],[-54.640248,-20.558946],[-54.640248,-20.558937],[-54.640268,-20.558937],[-54.640268,-20.558928],[-54.640277,-20.558929],[-54.640277,-20.558919],[-54.640297,-20.55892],[-54.640297,-20.558911],[-54.640316,-20.558911],[-54.640316,-20.558902],[-54.640326,-20.558902],[-54.640326,-20.558893],[-54.640345,-20.558893],[-54.640345,-20.558884],[-54.640364,-20.558885],[-54.640364,-20.558876],[-54.640374,-20.558876],[-54.640374,-20.558867],[-54.640393,-20.558867],[-54.640393,-20.558858],[-54.640413,-20.558858],[-54.640413,-20.558849],[-54.640422,-20.558849],[-54.640422,-20.55884],[-54.640442,-20.55884],[-54.640442,-20.558831],[-54.640451,-20.558832],[-54.640452,-20.558823],[-54.640471,-20.558823],[-54.640471,-20.558814],[-54.64049,-20.558814],[-54.64049,-20.558805],[-54.6405,-20.558805],[-54.6405,-20.558796],[-54.640519,-20.558796],[-54.640519,-20.558787],[-54.640538,-20.558788],[-54.640538,-20.558779],[-54.640548,-20.558779],[-54.640548,-20.55877],[-54.640567,-20.55877],[-54.640568,-20.558761],[-54.640587,-20.558761],[-54.640587,-20.558752],[-54.640596,-20.558752],[-54.640597,-20.558743],[-54.640616,-20.558743],[-54.640616,-20.558734],[-54.640635,-20.558735],[-54.640635,-20.558726],[-54.640645,-20.558726],[-54.640645,-20.558717],[-54.640664,-20.558717],[-54.640664,-20.558708],[-54.640683,-20.558708],[-54.640684,-20.558699],[-54.640693,-20.558699],[-54.640693,-20.55869],[-54.640712,-20.558691],[-54.640713,-20.558682],[-54.640722,-20.558682],[-54.640722,-20.558673],[-54.640741,-20.558673],[-54.640742,-20.558664],[-54.640761,-20.558664],[-54.640761,-20.558655],[-54.64077,-20.558655],[-54.640771,-20.558646],[-54.64079,-20.558647],[-54.64079,-20.558638],[-54.640809,-20.558638],[-54.640809,-20.558629],[-54.640819,-20.558629],[-54.640819,-20.55862],[-54.640838,-20.55862],[-54.640838,-20.558611],[-54.640857,-20.558611],[-54.640858,-20.558602],[-54.640867,-20.558602],[-54.640867,-20.558593],[-54.640886,-20.558594],[-54.640887,-20.558585],[-54.640906,-20.558585],[-54.640906,-20.558576],[-54.640916,-20.558576],[-54.640916,-20.558567],[-54.641222,-20.558571],[-54.641223,-20.558562],[-54.64197,-20.558572],[-54.642047,-20.558573],[-54.642047,-20.558564],[-54.642057,-20.558564],[-54.642057,-20.558555],[-54.642066,-20.558556],[-54.642067,-20.558547],[-54.642076,-20.558547],[-54.642077,-20.558502],[-54.642086,-20.558502],[-54.642087,-20.558466],[-54.642097,-20.558466],[-54.642097,-20.558421],[-54.642107,-20.558421],[-54.642107,-20.558412],[-54.642117,-20.558412],[-54.642117,-20.558403],[-54.642126,-20.558403],[-54.642126,-20.558394],[-54.642136,-20.558394],[-54.642136,-20.558385],[-54.642146,-20.558385],[-54.642146,-20.558376],[-54.642155,-20.558376],[-54.642156,-20.558367],[-54.642165,-20.558367],[-54.642165,-20.558358],[-54.642175,-20.558358],[-54.642175,-20.558349],[-54.642185,-20.558349],[-54.642185,-20.55834],[-54.642194,-20.558341],[-54.642194,-20.558332],[-54.642204,-20.558332],[-54.642204,-20.558323],[-54.642214,-20.558323],[-54.642214,-20.558314],[-54.642223,-20.558314],[-54.642224,-20.558305],[-54.642233,-20.558305],[-54.642233,-20.558296],[-54.642243,-20.558296],[-54.642243,-20.558287],[-54.642253,-20.558287],[-54.642253,-20.558278],[-54.642262,-20.558278],[-54.642263,-20.558269],[-54.642272,-20.558269],[-54.642272,-20.55826],[-54.642282,-20.55826],[-54.642282,-20.558251],[-54.642292,-20.558252],[-54.642292,-20.558243],[-54.642301,-20.558243],[-54.642301,-20.558234],[-54.642311,-20.558234],[-54.642311,-20.558225],[-54.642321,-20.558225],[-54.642321,-20.558216],[-54.64233,-20.558216],[-54.642331,-20.558207],[-54.64234,-20.558207],[-54.64234,-20.558198],[-54.64235,-20.558198],[-54.64235,-20.558189],[-54.64236,-20.558189],[-54.64236,-20.55818],[-54.642369,-20.55818],[-54.642369,-20.558171],[-54.642379,-20.558172],[-54.642379,-20.558162],[-54.642389,-20.558163],[-54.642389,-20.558154],[-54.642399,-20.558154],[-54.642399,-20.558145],[-54.642408,-20.558145],[-54.642408,-20.558136],[-54.642418,-20.558136],[-54.642418,-20.558127],[-54.642428,-20.558127],[-54.642428,-20.558118],[-54.642437,-20.558118],[-54.642438,-20.558109],[-54.642447,-20.558109],[-54.642447,-20.5581],[-54.642716,-20.558104],[-54.642716,-20.558095],[-54.642725,-20.558095],[-54.642726,-20.558086],[-54.642735,-20.558086],[-54.642735,-20.558077],[-54.642745,-20.558077],[-54.642745,-20.558068],[-54.642755,-20.558068],[-54.642755,-20.558059],[-54.642764,-20.558059],[-54.642764,-20.55805],[-54.642774,-20.55805],[-54.642774,-20.558041],[-54.642784,-20.558042],[-54.642784,-20.558033],[-54.642793,-20.558033],[-54.642794,-20.558024],[-54.642803,-20.558024],[-54.642803,-20.558015],[-54.642813,-20.558015],[-54.642813,-20.558006],[-54.642823,-20.558006],[-54.642823,-20.557997],[-54.642832,-20.557997],[-54.642833,-20.557988],[-54.642842,-20.557988],[-54.642842,-20.557979],[-54.642852,-20.557979],[-54.642852,-20.55797],[-54.642881,-20.557971],[-54.642881,-20.557962],[-54.64289,-20.557962],[-54.642891,-20.557953],[-54.6429,-20.557953],[-54.6429,-20.557944],[-54.642929,-20.557944],[-54.642929,-20.557935],[-54.642958,-20.557936],[-54.642958,-20.557927],[-54.642968,-20.557927],[-54.642968,-20.557918],[-54.642977,-20.557918],[-54.642978,-20.557909],[-54.643006,-20.557909],[-54.643006,-20.5579],[-54.643035,-20.557901],[-54.643035,-20.557891],[-54.643045,-20.557892],[-54.643045,-20.557883],[-54.643055,-20.557883],[-54.643055,-20.557874],[-54.643074,-20.557874],[-54.643074,-20.557865],[-54.643093,-20.557865],[-54.643093,-20.557856],[-54.643103,-20.557856],[-54.643103,-20.557847],[-54.643122,-20.557848],[-54.643122,-20.557838],[-54.643132,-20.557839],[-54.643132,-20.55783],[-54.643142,-20.55783],[-54.643142,-20.557821],[-54.643151,-20.557821],[-54.643152,-20.557812],[-54.643171,-20.557812],[-54.643171,-20.557803],[-54.643181,-20.557803],[-54.643181,-20.557794],[-54.64319,-20.557794],[-54.64319,-20.557785],[-54.6432,-20.557785],[-54.6432,-20.557776],[-54.64321,-20.557776],[-54.64321,-20.557767],[-54.643229,-20.557768],[-54.643229,-20.557759],[-54.643239,-20.557759],[-54.643239,-20.55775],[-54.643248,-20.55775],[-54.643249,-20.557741],[-54.643258,-20.557741],[-54.643258,-20.557732],[-54.643277,-20.557732],[-54.643278,-20.557723],[-54.643287,-20.557723],[-54.643287,-20.557714],[-54.643297,-20.557714],[-54.643297,-20.557705],[-54.643307,-20.557706],[-54.643307,-20.557697],[-54.643316,-20.557697],[-54.643317,-20.557688],[-54.643336,-20.557688],[-54.643336,-20.557679],[-54.643345,-20.557679],[-54.643346,-20.55767],[-54.643355,-20.55767],[-54.643355,-20.557661],[-54.643374,-20.557661],[-54.643375,-20.557652],[-54.643384,-20.557652],[-54.643384,-20.557643],[-54.643394,-20.557644],[-54.643394,-20.557634],[-54.643442,-20.557635],[-54.643442,-20.557626],[-54.643452,-20.557626],[-54.643452,-20.557617],[-54.643461,-20.557617],[-54.643462,-20.557608],[-54.643471,-20.557608],[-54.643471,-20.557599],[-54.643481,-20.5576],[-54.643481,-20.557591],[-54.643491,-20.557591],[-54.643491,-20.557582],[-54.6435,-20.557582],[-54.6435,-20.557573],[-54.64351,-20.557573],[-54.64351,-20.557564],[-54.64352,-20.557564],[-54.64352,-20.557555],[-54.643577,-20.557556],[-54.643577,-20.557565],[-54.643644,-20.557566],[-54.643644,-20.557575],[-54.643721,-20.557576],[-54.643721,-20.557585],[-54.643788,-20.557586],[-54.643788,-20.557595],[-54.643855,-20.557596],[-54.643855,-20.557605],[-54.643922,-20.557606],[-54.643922,-20.557615],[-54.643998,-20.557616],[-54.643998,-20.557625],[-54.644065,-20.557626],[-54.644065,-20.557635],[-54.644132,-20.557636],[-54.644132,-20.557645],[-54.644199,-20.557645],[-54.644199,-20.557654],[-54.644276,-20.557656],[-54.644276,-20.557665],[-54.644343,-20.557665],[-54.644343,-20.557674],[-54.64441,-20.557675],[-54.64441,-20.557684],[-54.644486,-20.557685],[-54.644486,-20.557694],[-54.644553,-20.557695],[-54.644553,-20.557704],[-54.64462,-20.557705],[-54.64462,-20.557714],[-54.644706,-20.557716],[-54.644706,-20.557707],[-54.644735,-20.557707],[-54.644735,-20.557698],[-54.644755,-20.557698],[-54.644755,-20.557689],[-54.644783,-20.55769],[-54.644784,-20.55768],[-54.644803,-20.557681],[-54.644803,-20.557672],[-54.644822,-20.557672],[-54.644822,-20.557663],[-54.645215,-20.557668],[-54.645215,-20.557659],[-54.645235,-20.55766],[-54.645235,-20.55765],[-54.645254,-20.557651],[-54.645254,-20.557642],[-54.645264,-20.557642],[-54.645264,-20.557633],[-54.645273,-20.557633],[-54.645274,-20.557615],[-54.645283,-20.557615],[-54.645283,-20.557597],[-54.645293,-20.557597],[-54.645293,-20.557588],[-54.645303,-20.557588],[-54.645303,-20.55757],[-54.645313,-20.55757],[-54.645313,-20.557552],[-54.645322,-20.557552],[-54.645323,-20.557534],[-54.645332,-20.557534],[-54.645332,-20.557525],[-54.645342,-20.557526],[-54.645342,-20.557517],[-54.645352,-20.557517],[-54.645352,-20.55749],[-54.645362,-20.55749],[-54.645362,-20.557481],[-54.645372,-20.557481],[-54.645372,-20.557472],[-54.645381,-20.557472],[-54.645382,-20.557454],[-54.645391,-20.557454],[-54.645391,-20.557436],[-54.645899,-20.557443],[-54.6459,-20.557434],[-54.645947,-20.557434],[-54.645947,-20.557443],[-54.645957,-20.557444],[-54.645957,-20.557435],[-54.645986,-20.557435],[-54.645986,-20.557426],[-54.646034,-20.557427],[-54.646034,-20.557418],[-54.646082,-20.557418],[-54.646082,-20.557409],[-54.64612,-20.55741],[-54.646121,-20.557401],[-54.646169,-20.557401],[-54.646169,-20.557392],[-54.646207,-20.557393],[-54.646207,-20.557384],[-54.646255,-20.557384],[-54.646255,-20.557375],[-54.646294,-20.557376],[-54.646294,-20.557367],[-54.646342,-20.557368],[-54.646342,-20.557359],[-54.64638,-20.557359],[-54.64638,-20.55735],[-54.64639,-20.55735],[-54.646392,-20.557224],[-54.646401,-20.557224],[-54.646401,-20.557215],[-54.646411,-20.557215],[-54.646411,-20.557206],[-54.646421,-20.557206],[-54.646421,-20.557197],[-54.646431,-20.557197],[-54.646431,-20.557188],[-54.64644,-20.557188],[-54.64644,-20.557179],[-54.64645,-20.557179],[-54.64645,-20.55717],[-54.64646,-20.55717],[-54.64646,-20.557161],[-54.646469,-20.557162],[-54.64647,-20.557153],[-54.646479,-20.557153],[-54.646479,-20.557144],[-54.646489,-20.557144],[-54.646489,-20.557135],[-54.646499,-20.557135],[-54.646499,-20.557126],[-54.646508,-20.557126],[-54.646508,-20.557117],[-54.646518,-20.557117],[-54.646518,-20.557108],[-54.646528,-20.557108],[-54.646528,-20.557099],[-54.646537,-20.557099],[-54.646538,-20.55709],[-54.646547,-20.55709],[-54.646547,-20.557081],[-54.646557,-20.557082],[-54.646557,-20.557072],[-54.646567,-20.557073],[-54.646567,-20.557064],[-54.646576,-20.557064],[-54.646577,-20.557055],[-54.646586,-20.557055],[-54.646586,-20.557046],[-54.646596,-20.557046],[-54.646596,-20.557037],[-54.646606,-20.557037],[-54.646606,-20.557028],[-54.646615,-20.557028],[-54.646615,-20.557019],[-54.646625,-20.557019],[-54.646625,-20.55701],[-54.646635,-20.55701],[-54.646635,-20.557001],[-54.646644,-20.557001],[-54.646645,-20.556992],[-54.646654,-20.556993],[-54.646654,-20.556983],[-54.646664,-20.556984],[-54.646664,-20.556975],[-54.646674,-20.556975],[-54.646674,-20.556966],[-54.646683,-20.556966],[-54.646683,-20.556957],[-54.646693,-20.556957],[-54.646693,-20.556948],[-54.646703,-20.556948],[-54.646703,-20.556939],[-54.646713,-20.556939],[-54.646713,-20.55693],[-54.646722,-20.55693],[-54.646722,-20.556921],[-54.646732,-20.556921],[-54.646732,-20.556912],[-54.646742,-20.556912],[-54.646742,-20.556903],[-54.646751,-20.556904],[-54.646752,-20.556895],[-54.646761,-20.556895],[-54.646761,-20.556886],[-54.646771,-20.556886],[-54.646771,-20.556877],[-54.646781,-20.556877],[-54.646781,-20.556868],[-54.64679,-20.556868],[-54.64679,-20.556859],[-54.6468,-20.556859],[-54.6468,-20.55685],[-54.64681,-20.55685],[-54.64681,-20.556823],[-54.64682,-20.556823],[-54.64682,-20.556778],[-54.64683,-20.556778],[-54.646831,-20.556724],[-54.64684,-20.556724],[-54.646841,-20.55667],[-54.646851,-20.55667],[-54.646852,-20.556616],[-54.646861,-20.556616],[-54.646862,-20.556562],[-54.646872,-20.556562],[-54.646873,-20.556508],[-54.646882,-20.556508],[-54.646883,-20.556454],[-54.646893,-20.556454],[-54.646893,-20.556409],[-54.646903,-20.556409],[-54.646903,-20.556382],[-54.646932,-20.556382],[-54.646932,-20.556391],[-54.64698,-20.556392],[-54.64698,-20.556401],[-54.647037,-20.556402],[-54.647037,-20.556411],[-54.647085,-20.556411],[-54.647085,-20.55642],[-54.647142,-20.556421],[-54.647142,-20.55643],[-54.64719,-20.556431],[-54.64719,-20.55644],[-54.647247,-20.556441],[-54.647247,-20.55645],[-54.647295,-20.55645],[-54.647295,-20.556441],[-54.647305,-20.556441],[-54.647305,-20.556432],[-54.647315,-20.556433],[-54.647315,-20.556424],[-54.647324,-20.556424],[-54.647325,-20.556415],[-54.647334,-20.556415],[-54.647334,-20.556406],[-54.647344,-20.556406],[-54.647344,-20.556397],[-54.647354,-20.556397],[-54.647354,-20.556388],[-54.647363,-20.556388],[-54.647363,-20.556379],[-54.647373,-20.556379],[-54.647373,-20.55637],[-54.647383,-20.55637],[-54.647383,-20.556361],[-54.647393,-20.556361],[-54.647393,-20.556352],[-54.647402,-20.556353],[-54.647402,-20.556343],[-54.647412,-20.556344],[-54.647412,-20.556335],[-54.647422,-20.556335],[-54.647422,-20.556326],[-54.647431,-20.556326],[-54.647432,-20.556317],[-54.647441,-20.556317],[-54.647441,-20.556308],[-54.647451,-20.556308],[-54.647451,-20.556299],[-54.647461,-20.556299],[-54.647461,-20.55629],[-54.64747,-20.55629],[-54.64747,-20.556281],[-54.64748,-20.556281],[-54.64748,-20.556272],[-54.64749,-20.556272],[-54.64749,-20.556263],[-54.647499,-20.556264],[-54.6475,-20.556254],[-54.647509,-20.556255],[-54.647509,-20.556246],[-54.647519,-20.556246],[-54.647519,-20.556237],[-54.647529,-20.556237],[-54.647529,-20.556228],[-54.647538,-20.556228],[-54.647539,-20.556219],[-54.647548,-20.556219],[-54.647548,-20.55621],[-54.647558,-20.55621],[-54.647558,-20.556201],[-54.647568,-20.556201],[-54.647568,-20.556192],[-54.647577,-20.556192],[-54.647577,-20.556183],[-54.647587,-20.556183],[-54.647587,-20.556174],[-54.647606,-20.556175],[-54.647608,-20.556075],[-54.647617,-20.556075],[-54.647625,-20.55557],[-54.647635,-20.55557],[-54.647635,-20.555561],[-54.647644,-20.555561],[-54.647645,-20.555552],[-54.647654,-20.555552],[-54.647654,-20.555543],[-54.647664,-20.555543],[-54.647664,-20.555534],[-54.647674,-20.555534],[-54.647674,-20.555525],[-54.647683,-20.555526],[-54.647683,-20.555517],[-54.647693,-20.555517],[-54.647693,-20.555508],[-54.647703,-20.555508],[-54.647703,-20.555499],[-54.647713,-20.555499],[-54.647713,-20.55549],[-54.647722,-20.55549],[-54.647722,-20.555481],[-54.647732,-20.555481],[-54.647732,-20.555472],[-54.647742,-20.555472],[-54.647742,-20.555463],[-54.647751,-20.555463],[-54.647752,-20.555454],[-54.647761,-20.555454],[-54.647761,-20.555445],[-54.647771,-20.555445],[-54.647771,-20.555436],[-54.647781,-20.555437],[-54.647781,-20.555428],[-54.64779,-20.555428],[-54.64779,-20.555419],[-54.6478,-20.555419],[-54.6478,-20.55541],[-54.64781,-20.55541],[-54.64781,-20.555401],[-54.647819,-20.555401],[-54.64782,-20.555392],[-54.647829,-20.555392],[-54.647829,-20.555383],[-54.647839,-20.555383],[-54.647839,-20.555374],[-54.647849,-20.555374],[-54.647849,-20.555365],[-54.647858,-20.555365],[-54.647859,-20.555356],[-54.647868,-20.555356],[-54.647868,-20.555347],[-54.647878,-20.555348],[-54.647878,-20.555339],[-54.647888,-20.555339],[-54.647888,-20.55533],[-54.647897,-20.55533],[-54.647897,-20.555321],[-54.647907,-20.555321],[-54.647907,-20.555312],[-54.647917,-20.555312],[-54.647917,-20.555303],[-54.647926,-20.555303],[-54.647927,-20.555294],[-54.647936,-20.555294],[-54.647936,-20.555285],[-54.647946,-20.555285],[-54.647946,-20.555276],[-54.647956,-20.555276],[-54.647956,-20.555267],[-54.647965,-20.555267],[-54.647965,-20.555258],[-54.647975,-20.555259],[-54.647975,-20.55525],[-54.647985,-20.55525],[-54.647985,-20.555241],[-54.647995,-20.555241],[-54.647995,-20.555232],[-54.648004,-20.555232],[-54.648004,-20.555223],[-54.648014,-20.555223],[-54.648014,-20.555214],[-54.648024,-20.555214],[-54.648024,-20.555205],[-54.648033,-20.555205],[-54.648034,-20.555196],[-54.648043,-20.555196],[-54.648043,-20.555187],[-54.648053,-20.555187],[-54.648053,-20.555178],[-54.648063,-20.555179],[-54.648063,-20.555169],[-54.648072,-20.55517],[-54.648072,-20.555161],[-54.648082,-20.555161],[-54.648082,-20.555152],[-54.648092,-20.555152],[-54.648092,-20.555143],[-54.648101,-20.555143],[-54.648102,-20.555134],[-54.648111,-20.555134],[-54.648111,-20.555125],[-54.648121,-20.555125],[-54.648121,-20.555116],[-54.648131,-20.555116],[-54.648131,-20.555107],[-54.64814,-20.555107],[-54.648141,-20.555098],[-54.64815,-20.555098],[-54.64815,-20.555089],[-54.64816,-20.55509],[-54.64816,-20.55508],[-54.64817,-20.555081],[-54.64817,-20.555072],[-54.648179,-20.555072],[-54.648179,-20.555063],[-54.648189,-20.555063],[-54.648189,-20.555054],[-54.648199,-20.555054],[-54.648199,-20.555045],[-54.648208,-20.555045],[-54.648213,-20.55472],[-54.648204,-20.55472],[-54.648204,-20.554684],[-54.648195,-20.554684],[-54.648195,-20.554638],[-54.648186,-20.554638],[-54.648186,-20.554602],[-54.648177,-20.554602],[-54.648177,-20.554566],[-54.648168,-20.554566],[-54.648168,-20.554539],[-54.648159,-20.554539],[-54.648159,-20.554503],[-54.648159,-20.554494],[-54.648169,-20.554494],[-54.648169,-20.554485],[-54.648179,-20.554485],[-54.648179,-20.554476],[-54.648188,-20.554476],[-54.648189,-20.554467],[-54.648198,-20.554467],[-54.648198,-20.554458],[-54.648208,-20.554458],[-54.648208,-20.554449],[-54.648218,-20.554449],[-54.648218,-20.55444],[-54.648237,-20.55444],[-54.648237,-20.554431],[-54.648247,-20.554431],[-54.648247,-20.554422],[-54.648256,-20.554423],[-54.648256,-20.554414],[-54.648266,-20.554414],[-54.648266,-20.554405],[-54.648276,-20.554405],[-54.648276,-20.554396],[-54.648285,-20.554396],[-54.648286,-20.554387],[-54.648295,-20.554387],[-54.648295,-20.554378],[-54.648305,-20.554378],[-54.648305,-20.554369],[-54.648315,-20.554369],[-54.648315,-20.55436],[-54.648324,-20.55436],[-54.648325,-20.554351],[-54.648334,-20.554351],[-54.648334,-20.554342],[-54.648344,-20.554343],[-54.648344,-20.554333],[-54.648354,-20.554334],[-54.648354,-20.554325],[-54.648852,-20.554331],[-54.648852,-20.554322],[-54.648862,-20.554322],[-54.648862,-20.554313],[-54.648872,-20.554314],[-54.648872,-20.554305],[-54.648881,-20.554305],[-54.648881,-20.554296],[-54.648891,-20.554296],[-54.648891,-20.554287],[-54.648901,-20.554287],[-54.648901,-20.554278],[-54.648911,-20.554278],[-54.648911,-20.554269],[-54.64892,-20.554269],[-54.64892,-20.55426],[-54.64893,-20.55426],[-54.64893,-20.554251],[-54.64894,-20.554251],[-54.64894,-20.554242],[-54.648949,-20.554242],[-54.64895,-20.554233],[-54.648969,-20.554234],[-54.648969,-20.554225],[-54.648978,-20.554225],[-54.648979,-20.554216],[-54.648998,-20.554216],[-54.648998,-20.554207],[-54.649027,-20.554207],[-54.649027,-20.554198],[-54.649056,-20.554199],[-54.649056,-20.55419],[-54.649075,-20.55419],[-54.649075,-20.554181],[-54.649094,-20.554181],[-54.649094,-20.554172],[-54.649113,-20.554172],[-54.649114,-20.554163],[-54.649123,-20.554163],[-54.649123,-20.554154],[-54.649133,-20.554155],[-54.649133,-20.554146],[-54.649143,-20.554146],[-54.649143,-20.554137],[-54.649152,-20.554137],[-54.649152,-20.554128],[-54.649162,-20.554128],[-54.649162,-20.554119],[-54.649172,-20.554119],[-54.649172,-20.55411],[-54.649182,-20.55411],[-54.649182,-20.554101],[-54.649191,-20.554101],[-54.649191,-20.554092],[-54.649201,-20.554092],[-54.649201,-20.554083],[-54.649211,-20.554083],[-54.649211,-20.554074],[-54.64922,-20.554074],[-54.649221,-20.554065],[-54.64923,-20.554066],[-54.64923,-20.554057],[-54.64924,-20.554057],[-54.64924,-20.554048],[-54.64925,-20.554048],[-54.64925,-20.554039],[-54.649259,-20.554039],[-54.649259,-20.55403],[-54.649269,-20.55403],[-54.649269,-20.554021],[-54.649279,-20.554021],[-54.649279,-20.554012],[-54.649288,-20.554012],[-54.649289,-20.554003],[-54.649298,-20.554003],[-54.649298,-20.553994],[-54.649308,-20.553994],[-54.649308,-20.553985],[-54.649318,-20.553985],[-54.649318,-20.553976],[-54.649327,-20.553977],[-54.649328,-20.553968],[-54.649347,-20.553968],[-54.649347,-20.553959],[-54.649356,-20.553959],[-54.649357,-20.55395],[-54.649366,-20.55395],[-54.649366,-20.553941],[-54.649376,-20.553941],[-54.649376,-20.553932],[-54.649386,-20.553932],[-54.649386,-20.553923],[-54.649395,-20.553923],[-54.649395,-20.553914],[-54.649405,-20.553914],[-54.649405,-20.553905],[-54.649415,-20.553906],[-54.649415,-20.553896],[-54.649424,-20.553897],[-54.649425,-20.553888],[-54.649434,-20.553888],[-54.649434,-20.553879],[-54.649444,-20.553879],[-54.649444,-20.55387],[-54.649454,-20.55387],[-54.649454,-20.553861],[-54.649473,-20.553861],[-54.649473,-20.553852],[-54.649483,-20.553852],[-54.649483,-20.553843],[-54.649492,-20.553843],[-54.649493,-20.553834],[-54.649502,-20.553834],[-54.649502,-20.553825],[-54.649512,-20.553826],[-54.649512,-20.553817],[-54.649522,-20.553817],[-54.649522,-20.553808],[-54.649531,-20.553808],[-54.649531,-20.553799],[-54.649541,-20.553799],[-54.649541,-20.55379],[-54.649551,-20.55379],[-54.649551,-20.553781],[-54.64956,-20.553781],[-54.649561,-20.553718],[-54.649571,-20.553718],[-54.649571,-20.553709],[-54.649581,-20.553709],[-54.649581,-20.5537],[-54.64959,-20.5537],[-54.649591,-20.553664],[-54.649601,-20.553664],[-54.649601,-20.553655],[-54.64961,-20.553655],[-54.649611,-20.553637],[-54.64962,-20.553637],[-54.64962,-20.553628],[-54.64963,-20.553629],[-54.64963,-20.55361],[-54.64964,-20.553611],[-54.64964,-20.553593],[-54.64965,-20.553593],[-54.64965,-20.553584],[-54.649659,-20.553584],[-54.64966,-20.553575],[-54.649669,-20.553575],[-54.649669,-20.553566],[-54.649679,-20.553566],[-54.649679,-20.553557],[-54.649689,-20.553557],[-54.649689,-20.553548],[-54.649698,-20.553548],[-54.649698,-20.553539],[-54.649708,-20.553539],[-54.649708,-20.55353],[-54.649718,-20.55353],[-54.649718,-20.553521],[-54.649727,-20.553521],[-54.649728,-20.553512],[-54.649737,-20.553513],[-54.649737,-20.553504],[-54.649747,-20.553504],[-54.649747,-20.553495],[-54.649757,-20.553495],[-54.649757,-20.553486],[-54.649766,-20.553486],[-54.649766,-20.553477],[-54.649776,-20.553477],[-54.649776,-20.553468],[-54.649786,-20.553468],[-54.649786,-20.553459],[-54.649796,-20.553459],[-54.649796,-20.55345],[-54.649805,-20.55345],[-54.649805,-20.553441],[-54.649815,-20.553441],[-54.649815,-20.553432],[-54.649825,-20.553432],[-54.649825,-20.553423],[-54.649834,-20.553424],[-54.649835,-20.553415],[-54.649844,-20.553415],[-54.649844,-20.553406],[-54.649854,-20.553406],[-54.649854,-20.553397],[-54.649864,-20.553397],[-54.649864,-20.553388],[-54.649873,-20.553388],[-54.649873,-20.553379],[-54.649883,-20.553379],[-54.649883,-20.55337],[-54.649893,-20.55337],[-54.649893,-20.553361],[-54.649902,-20.553361],[-54.649903,-20.553352],[-54.649912,-20.553352],[-54.649912,-20.553343],[-54.649922,-20.553343],[-54.649922,-20.553334],[-54.649932,-20.553335],[-54.649932,-20.553326],[-54.649941,-20.553326],[-54.649941,-20.553317],[-54.649951,-20.553317],[-54.649951,-20.553308],[-54.649961,-20.553308],[-54.649961,-20.55329],[-54.649971,-20.55329],[-54.649971,-20.553272],[-54.649981,-20.553272],[-54.649981,-20.553254],[-54.64999,-20.553254],[-54.649991,-20.553227],[-54.65,-20.553227],[-54.650001,-20.553209],[-54.65001,-20.553209],[-54.650011,-20.553191],[-54.65002,-20.553191],[-54.650021,-20.553164],[-54.65003,-20.553164],[-54.65003,-20.553146],[-54.65004,-20.553146],[-54.65004,-20.553119],[-54.65005,-20.553119],[-54.65005,-20.553101],[-54.65006,-20.553102],[-54.65006,-20.553083],[-54.65007,-20.553084],[-54.65007,-20.553057],[-54.65008,-20.553057],[-54.65008,-20.553039],[-54.65009,-20.553039],[-54.65009,-20.553012],[-54.6501,-20.553012],[-54.6501,-20.552994],[-54.650109,-20.552994],[-54.65011,-20.552976],[-54.650119,-20.552976],[-54.65012,-20.552949],[-54.650129,-20.552949],[-54.650129,-20.55294],[-54.650139,-20.55294],[-54.650139,-20.552931],[-54.650149,-20.552931],[-54.650149,-20.552922],[-54.650158,-20.552922],[-54.650159,-20.552913],[-54.650168,-20.552913],[-54.650168,-20.552904],[-54.650178,-20.552904],[-54.650178,-20.552895],[-54.650188,-20.552896],[-54.650188,-20.552887],[-54.650197,-20.552887],[-54.650197,-20.552878],[-54.650207,-20.552878],[-54.650207,-20.552869],[-54.650217,-20.552869],[-54.650217,-20.55286],[-54.650227,-20.55286],[-54.650227,-20.552842],[-54.650236,-20.552842],[-54.650237,-20.552824],[-54.650246,-20.552824],[-54.650247,-20.552779],[-54.650257,-20.552779],[-54.650257,-20.552734],[-54.650267,-20.552734],[-54.650267,-20.552689],[-54.650277,-20.552689],[-54.650278,-20.552644],[-54.650287,-20.552644],[-54.650288,-20.552599],[-54.650298,-20.552599],[-54.650298,-20.552581],[-54.650307,-20.552581],[-54.650308,-20.552572],[-54.650317,-20.552572],[-54.650317,-20.552563],[-54.650327,-20.552563],[-54.650327,-20.552554],[-54.650337,-20.552554],[-54.650337,-20.552545],[-54.650346,-20.552546],[-54.650347,-20.552537],[-54.650356,-20.552537],[-54.650356,-20.552528],[-54.650366,-20.552528],[-54.650366,-20.552519],[-54.650376,-20.552519],[-54.650376,-20.55251],[-54.650385,-20.55251],[-54.650385,-20.552501],[-54.650395,-20.552501],[-54.650395,-20.552492],[-54.650405,-20.552492],[-54.650405,-20.552483],[-54.650414,-20.552483],[-54.650415,-20.552456],[-54.650424,-20.552456],[-54.650425,-20.552447],[-54.650444,-20.552448],[-54.650444,-20.552439],[-54.650463,-20.552439],[-54.650463,-20.55243],[-54.650473,-20.55243],[-54.650473,-20.552421],[-54.650492,-20.552421],[-54.650492,-20.552412],[-54.650511,-20.552412],[-54.650512,-20.552403],[-54.650531,-20.552404],[-54.650531,-20.552395],[-54.65054,-20.552395],[-54.650541,-20.552386],[-54.65056,-20.552386],[-54.65056,-20.552377],[-54.650579,-20.552377],[-54.650579,-20.552368],[-54.650589,-20.552368],[-54.650589,-20.552359],[-54.650599,-20.552359],[-54.650599,-20.55235],[-54.650608,-20.55235],[-54.650608,-20.552341],[-54.650618,-20.552342],[-54.650618,-20.552333],[-54.650637,-20.552333],[-54.650637,-20.552324],[-54.650647,-20.552324],[-54.650647,-20.552315],[-54.650666,-20.552315],[-54.650666,-20.552306],[-54.650676,-20.552306],[-54.650676,-20.552297],[-54.650695,-20.552297],[-54.650695,-20.552288],[-54.650705,-20.552289],[-54.650705,-20.55228],[-54.650715,-20.55228],[-54.650715,-20.552271],[-54.650734,-20.552271],[-54.650734,-20.552262],[-54.650744,-20.552262],[-54.650744,-20.552253],[-54.650763,-20.552253],[-54.650763,-20.552244],[-54.650773,-20.552244],[-54.650773,-20.552235],[-54.650783,-20.552235],[-54.650783,-20.552226],[-54.650802,-20.552227],[-54.650802,-20.552218],[-54.650812,-20.552218],[-54.650812,-20.552209],[-54.650831,-20.552209],[-54.650831,-20.5522],[-54.650841,-20.5522],[-54.650841,-20.552191],[-54.65085,-20.552191],[-54.65085,-20.552182],[-54.65086,-20.552182],[-54.650861,-20.552146],[-54.65087,-20.552146],[-54.650871,-20.55211],[-54.65088,-20.55211],[-54.65088,-20.552101],[-54.65089,-20.552101],[-54.65089,-20.552092],[-54.6509,-20.552093],[-54.6509,-20.552083],[-54.65091,-20.552084],[-54.65091,-20.552075],[-54.650919,-20.552075],[-54.650919,-20.552066],[-54.650939,-20.552066],[-54.650939,-20.552057],[-54.650948,-20.552057],[-54.650948,-20.552048],[-54.650958,-20.552048],[-54.650959,-20.552012],[-54.650968,-20.552012],[-54.650969,-20.551985],[-54.650978,-20.551985],[-54.650978,-20.551976],[-54.650988,-20.551976],[-54.650988,-20.551967],[-54.650998,-20.551967],[-54.650998,-20.551958],[-54.651007,-20.551959],[-54.651007,-20.551949],[-54.651017,-20.55195],[-54.651017,-20.551941],[-54.651027,-20.551941],[-54.651027,-20.551932],[-54.651036,-20.551932],[-54.651037,-20.551923],[-54.651046,-20.551923],[-54.651046,-20.551914],[-54.651056,-20.551914],[-54.651056,-20.551905],[-54.651066,-20.551905],[-54.651066,-20.551896],[-54.651075,-20.551896],[-54.651076,-20.551887],[-54.651085,-20.551887],[-54.651085,-20.551878],[-54.651095,-20.551878],[-54.651095,-20.551869],[-54.651105,-20.55187],[-54.651105,-20.551861],[-54.651114,-20.551861],[-54.651114,-20.551852],[-54.651124,-20.551852],[-54.651124,-20.551843],[-54.651134,-20.551843],[-54.651134,-20.551834],[-54.651143,-20.551834],[-54.651144,-20.551825],[-54.651163,-20.551825],[-54.651163,-20.551816],[-54.651172,-20.551816],[-54.651173,-20.551807],[-54.651211,-20.551808],[-54.651211,-20.551799],[-54.651221,-20.551799],[-54.651221,-20.55179],[-54.65123,-20.55179],[-54.651231,-20.551781],[-54.65124,-20.551781],[-54.65124,-20.551772],[-54.65125,-20.551772],[-54.65125,-20.551763],[-54.65126,-20.551763],[-54.65126,-20.551754],[-54.651269,-20.551754],[-54.651269,-20.551745],[-54.651279,-20.551745],[-54.651279,-20.551736],[-54.651289,-20.551737],[-54.651289,-20.551728],[-54.651298,-20.551728],[-54.651299,-20.551719],[-54.651308,-20.551719],[-54.651308,-20.55171],[-54.651318,-20.55171],[-54.651318,-20.551701],[-54.651328,-20.551701],[-54.651328,-20.551692],[-54.651337,-20.551692],[-54.651337,-20.551683],[-54.651347,-20.551683],[-54.651347,-20.551674],[-54.651357,-20.551674],[-54.651357,-20.551665],[-54.651367,-20.551665],[-54.651367,-20.551656],[-54.651376,-20.551656],[-54.651376,-20.551647],[-54.651386,-20.551648],[-54.651386,-20.551639],[-54.651396,-20.551639],[-54.651396,-20.55163],[-54.651405,-20.55163],[-54.651406,-20.551621],[-54.651415,-20.551621],[-54.651415,-20.551612],[-54.651425,-20.551612],[-54.651425,-20.551603],[-54.651435,-20.551603],[-54.651435,-20.551594],[-54.651444,-20.551594],[-54.651444,-20.551585],[-54.651454,-20.551585],[-54.651454,-20.551576],[-54.651483,-20.551577],[-54.651483,-20.551568],[-54.651493,-20.551568],[-54.651493,-20.551559],[-54.651502,-20.551559],[-54.651503,-20.55155],[-54.651522,-20.55155],[-54.651522,-20.551541],[-54.651541,-20.551541],[-54.651541,-20.551532],[-54.651551,-20.551532],[-54.651551,-20.551523],[-54.65156,-20.551524],[-54.651561,-20.551515],[-54.65158,-20.551515],[-54.65158,-20.551506],[-54.651589,-20.551506],[-54.65159,-20.551497],[-54.651609,-20.551497],[-54.651609,-20.551488],[-54.651619,-20.551488],[-54.651619,-20.551479],[-54.651628,-20.551479],[-54.651628,-20.55147],[-54.651648,-20.551471],[-54.651648,-20.551461],[-54.651657,-20.551462],[-54.651657,-20.551453],[-54.651677,-20.551453],[-54.651677,-20.551444],[-54.651686,-20.551444],[-54.651686,-20.551435],[-54.651706,-20.551435],[-54.651706,-20.551426],[-54.651715,-20.551426],[-54.651715,-20.551417],[-54.651735,-20.551418],[-54.651735,-20.551408],[-54.651744,-20.551409],[-54.651745,-20.5514],[-54.651754,-20.5514],[-54.651755,-20.551328],[-54.651765,-20.551328],[-54.651765,-20.551319],[-54.651775,-20.551319],[-54.651775,-20.55131],[-54.651784,-20.55131],[-54.651784,-20.551301],[-54.651794,-20.551301],[-54.651794,-20.551292],[-54.651804,-20.551292],[-54.651804,-20.551283],[-54.651813,-20.551283],[-54.651814,-20.551274],[-54.651823,-20.551274],[-54.651823,-20.551265],[-54.651833,-20.551265],[-54.651833,-20.551256],[-54.651843,-20.551256],[-54.651843,-20.551247],[-54.651852,-20.551248],[-54.651852,-20.551239],[-54.651862,-20.551239],[-54.651862,-20.55123],[-54.651872,-20.55123],[-54.651872,-20.551221],[-54.651881,-20.551221],[-54.651882,-20.551212],[-54.651891,-20.551212],[-54.651891,-20.551203],[-54.651901,-20.551203],[-54.651901,-20.551194],[-54.651911,-20.551194],[-54.651911,-20.551185],[-54.65192,-20.551185],[-54.65192,-20.551176],[-54.652093,-20.551179],[-54.652093,-20.55117],[-54.652103,-20.55117],[-54.652103,-20.551161],[-54.652112,-20.551161],[-54.652113,-20.551152],[-54.652132,-20.551152],[-54.652132,-20.551143],[-54.652142,-20.551143],[-54.652142,-20.551134],[-54.652161,-20.551134],[-54.652161,-20.551125],[-54.652171,-20.551125],[-54.652171,-20.551116],[-54.65218,-20.551117],[-54.65218,-20.551108],[-54.6522,-20.551108],[-54.6522,-20.551099],[-54.652209,-20.551099],[-54.652209,-20.55109],[-54.652229,-20.55109],[-54.652229,-20.551081],[-54.652238,-20.551081],[-54.652238,-20.551072],[-54.652258,-20.551072],[-54.652258,-20.551063],[-54.652267,-20.551064],[-54.652268,-20.551055],[-54.652277,-20.551055],[-54.652277,-20.551046],[-54.652325,-20.551046],[-54.652325,-20.551037],[-54.652335,-20.551037],[-54.652335,-20.551028],[-54.652345,-20.551028],[-54.652345,-20.551019],[-54.652354,-20.55102],[-54.652354,-20.551011],[-54.652364,-20.551011],[-54.652364,-20.551002],[-54.652374,-20.551002],[-54.652374,-20.550993],[-54.652383,-20.550993],[-54.652384,-20.550984],[-54.652393,-20.550984],[-54.652393,-20.550975],[-54.652403,-20.550975],[-54.652403,-20.550948],[-54.652413,-20.550948],[-54.652413,-20.550939],[-54.652423,-20.550939],[-54.652423,-20.550921],[-54.652433,-20.550921],[-54.652433,-20.550912],[-54.652442,-20.550912],[-54.652442,-20.550903],[-54.652452,-20.550903],[-54.652452,-20.550894],[-54.652462,-20.550895],[-54.652462,-20.550886],[-54.652471,-20.550886],[-54.652472,-20.550877],[-54.652481,-20.550877],[-54.652481,-20.550859],[-54.652491,-20.550859],[-54.652491,-20.55085],[-54.652501,-20.55085],[-54.652501,-20.550841],[-54.65251,-20.550841],[-54.652513,-20.550679],[-54.652523,-20.550679],[-54.652523,-20.550661],[-54.652532,-20.550661],[-54.652533,-20.550652],[-54.652542,-20.550652],[-54.652542,-20.550643],[-54.652552,-20.550643],[-54.652552,-20.550634],[-54.652562,-20.550634],[-54.652562,-20.550625],[-54.652571,-20.550625],[-54.652571,-20.550616],[-54.652581,-20.550616],[-54.652581,-20.550607],[-54.652591,-20.550607],[-54.652591,-20.550598],[-54.6526,-20.550598],[-54.652601,-20.550589],[-54.65261,-20.55059],[-54.65261,-20.550581],[-54.65262,-20.550581],[-54.65262,-20.550572],[-54.65263,-20.550572],[-54.65263,-20.550563],[-54.652639,-20.550563],[-54.652639,-20.550554],[-54.652649,-20.550554],[-54.652649,-20.550545],[-54.652659,-20.550545],[-54.652659,-20.550536],[-54.652669,-20.550536],[-54.652669,-20.550527],[-54.652678,-20.550527],[-54.652678,-20.550518],[-54.652688,-20.550518],[-54.652688,-20.550509],[-54.652698,-20.550509],[-54.652698,-20.5505],[-54.652707,-20.550501],[-54.652708,-20.550492],[-54.652717,-20.550492],[-54.652717,-20.550483],[-54.652727,-20.550483],[-54.652727,-20.550474],[-54.652737,-20.550474],[-54.652737,-20.550465],[-54.652746,-20.550465],[-54.652746,-20.550456],[-54.652756,-20.550456],[-54.652756,-20.550447],[-54.652766,-20.550447],[-54.652766,-20.550438],[-54.652775,-20.550438],[-54.652776,-20.550429],[-54.652814,-20.55043],[-54.652814,-20.550421],[-54.652833,-20.550421],[-54.652833,-20.550412],[-54.652862,-20.550412],[-54.652862,-20.550403],[-54.652872,-20.550403],[-54.652872,-20.550394],[-54.652882,-20.550395],[-54.652882,-20.550386],[-54.652891,-20.550386],[-54.652891,-20.550377],[-54.652901,-20.550377],[-54.652901,-20.550368],[-54.652911,-20.550368],[-54.652911,-20.550359],[-54.65292,-20.550359],[-54.652921,-20.55035],[-54.65293,-20.55035],[-54.65293,-20.550341],[-54.65294,-20.550341],[-54.65294,-20.550332],[-54.65295,-20.550332],[-54.65295,-20.550323],[-54.652959,-20.550323],[-54.65296,-20.550314],[-54.652969,-20.550314],[-54.652969,-20.550305],[-54.652979,-20.550306],[-54.652979,-20.550297],[-54.652989,-20.550297],[-54.652989,-20.550288],[-54.652998,-20.550288],[-54.652998,-20.550279],[-54.653008,-20.550279],[-54.653008,-20.55027],[-54.653018,-20.55027],[-54.653018,-20.550261],[-54.653027,-20.550261],[-54.653028,-20.550252],[-54.653037,-20.550252],[-54.653037,-20.550243],[-54.653047,-20.550243],[-54.653047,-20.550234],[-54.653057,-20.550234],[-54.653057,-20.550189],[-54.653067,-20.550189],[-54.653067,-20.55018],[-54.653077,-20.55018],[-54.653077,-20.550162],[-54.653086,-20.550163],[-54.653087,-20.550145],[-54.653096,-20.550145],[-54.653097,-20.550127],[-54.653106,-20.550127],[-54.653106,-20.550109],[-54.653116,-20.550109],[-54.653116,-20.5501],[-54.653126,-20.5501],[-54.653126,-20.550082],[-54.653136,-20.550082],[-54.653136,-20.550073],[-54.653145,-20.550073],[-54.653146,-20.550064],[-54.653155,-20.550064],[-54.653155,-20.550055],[-54.653165,-20.550055],[-54.653165,-20.550046],[-54.653175,-20.550046],[-54.653175,-20.550037],[-54.653184,-20.550037],[-54.653185,-20.55001],[-54.653194,-20.550011],[-54.653195,-20.549983],[-54.653204,-20.549984],[-54.653205,-20.549956],[-54.653214,-20.549957],[-54.653214,-20.549948],[-54.653224,-20.549948],[-54.653224,-20.549939],[-54.653234,-20.549939],[-54.653234,-20.54993],[-54.653243,-20.54993],[-54.653244,-20.549921],[-54.653253,-20.549921],[-54.653253,-20.549912],[-54.653263,-20.549912],[-54.653263,-20.549903],[-54.653273,-20.549903],[-54.653273,-20.549894],[-54.653282,-20.549894],[-54.653282,-20.549885],[-54.653292,-20.549885],[-54.653292,-20.549876],[-54.653302,-20.549877],[-54.653302,-20.549867],[-54.653311,-20.549868],[-54.653312,-20.549859],[-54.653321,-20.549859],[-54.653321,-20.54985],[-54.653331,-20.54985],[-54.653331,-20.549832],[-54.653341,-20.549832],[-54.653341,-20.549823],[-54.653351,-20.549823],[-54.653351,-20.549814],[-54.65336,-20.549814],[-54.65336,-20.549805],[-54.65337,-20.549805],[-54.65337,-20.549796],[-54.65338,-20.549796],[-54.65338,-20.549787],[-54.653389,-20.549787],[-54.65339,-20.549778],[-54.653399,-20.549778],[-54.653399,-20.549769],[-54.653409,-20.54977],[-54.653409,-20.549761],[-54.653419,-20.549761],[-54.653419,-20.549752],[-54.653428,-20.549752],[-54.653428,-20.549743],[-54.653438,-20.549743],[-54.653438,-20.549734],[-54.653448,-20.549734],[-54.653448,-20.549725],[-54.653457,-20.549725],[-54.653458,-20.549716],[-54.653467,-20.549716],[-54.653467,-20.549707],[-54.653477,-20.549707],[-54.653477,-20.549698],[-54.653487,-20.549698],[-54.653487,-20.549689],[-54.653496,-20.54969],[-54.653497,-20.54968],[-54.653506,-20.549681],[-54.653506,-20.549672],[-54.653516,-20.549672],[-54.653516,-20.549663],[-54.653526,-20.549663],[-54.653526,-20.549654],[-54.653535,-20.549654],[-54.653535,-20.549645],[-54.653545,-20.549645],[-54.653545,-20.549636],[-54.653555,-20.549636],[-54.653555,-20.549627],[-54.653564,-20.549627],[-54.653565,-20.549618],[-54.653574,-20.549618],[-54.653574,-20.549609],[-54.653584,-20.549609],[-54.653584,-20.5496],[-54.653594,-20.549601],[-54.653594,-20.549591],[-54.653603,-20.549592],[-54.653603,-20.549583],[-54.653613,-20.549583],[-54.653613,-20.549574],[-54.653623,-20.549574],[-54.653623,-20.549565],[-54.653632,-20.549565],[-54.653633,-20.549556],[-54.653642,-20.549556],[-54.653642,-20.549547],[-54.653652,-20.549547],[-54.653652,-20.549538],[-54.653662,-20.549538],[-54.653662,-20.549529],[-54.653671,-20.549529],[-54.653672,-20.54952],[-54.653681,-20.54952],[-54.653681,-20.549511],[-54.653691,-20.549512],[-54.653691,-20.549503],[-54.653701,-20.549503],[-54.653701,-20.549494],[-54.65371,-20.549494],[-54.65371,-20.549485],[-54.65372,-20.549485],[-54.65372,-20.549476],[-54.65373,-20.549476],[-54.65373,-20.549467],[-54.653749,-20.549467],[-54.653749,-20.549458],[-54.653759,-20.549458],[-54.653759,-20.549449],[-54.653768,-20.549449],[-54.653769,-20.54944],[-54.653778,-20.54944],[-54.653778,-20.549431],[-54.653798,-20.549432],[-54.653798,-20.549423],[-54.653807,-20.549423],[-54.653807,-20.549414],[-54.653817,-20.549414],[-54.653817,-20.549405],[-54.653827,-20.549405],[-54.653827,-20.549396],[-54.653836,-20.549396],[-54.653837,-20.549387],[-54.653846,-20.549387],[-54.653846,-20.549378],[-54.653856,-20.549378],[-54.653856,-20.549369],[-54.653866,-20.549369],[-54.653866,-20.54936],[-54.653875,-20.549361],[-54.653875,-20.549351],[-54.653885,-20.549352],[-54.653885,-20.549343],[-54.653895,-20.549343],[-54.653895,-20.549334],[-54.653904,-20.549334],[-54.653905,-20.549325],[-54.653914,-20.549325],[-54.653914,-20.549316],[-54.653924,-20.549316],[-54.653924,-20.549307],[-54.653934,-20.549307],[-54.653934,-20.549298],[-54.653943,-20.549298],[-54.653944,-20.549289],[-54.653953,-20.549289],[-54.653953,-20.54928],[-54.653963,-20.54928],[-54.653963,-20.549271],[-54.653973,-20.549272],[-54.653973,-20.549244],[-54.653983,-20.549245],[-54.653983,-20.549236],[-54.653992,-20.549236],[-54.653992,-20.549227],[-54.654002,-20.549227],[-54.654002,-20.549218],[-54.654012,-20.549218],[-54.654012,-20.549209],[-54.654021,-20.549209],[-54.654022,-20.5492],[-54.654031,-20.5492],[-54.654031,-20.549191],[-54.654041,-20.549191],[-54.654041,-20.549182],[-54.654051,-20.549182],[-54.654051,-20.549173],[-54.65406,-20.549173],[-54.65406,-20.549164],[-54.65407,-20.549164],[-54.65407,-20.549155],[-54.65408,-20.549156],[-54.65408,-20.549147],[-54.654089,-20.549147],[-54.654091,-20.549029],[-54.654101,-20.549029],[-54.654101,-20.54902],[-54.65412,-20.549021],[-54.65412,-20.549012],[-54.65413,-20.549012],[-54.65413,-20.549003],[-54.65414,-20.549003],[-54.65414,-20.548994],[-54.654149,-20.548994],[-54.654149,-20.548985],[-54.654159,-20.548985],[-54.654159,-20.548976],[-54.654169,-20.548976],[-54.654169,-20.548967],[-54.654179,-20.548967],[-54.654179,-20.548958],[-54.654188,-20.548958],[-54.654188,-20.548949],[-54.654198,-20.548949],[-54.654198,-20.54894],[-54.654208,-20.548941],[-54.654208,-20.548932],[-54.654217,-20.548932],[-54.654218,-20.548923],[-54.654227,-20.548923],[-54.654227,-20.548914],[-54.654237,-20.548914],[-54.654237,-20.548905],[-54.654247,-20.548905],[-54.654247,-20.548896],[-54.654256,-20.548896],[-54.654256,-20.548887],[-54.654266,-20.548887],[-54.654266,-20.548878],[-54.654276,-20.548878],[-54.654276,-20.548869],[-54.654285,-20.548869],[-54.654286,-20.54886],[-54.654295,-20.548861],[-54.654295,-20.548851],[-54.654305,-20.548852],[-54.654305,-20.548843],[-54.654315,-20.548843],[-54.654315,-20.548834],[-54.654324,-20.548834],[-54.654324,-20.548825],[-54.654334,-20.548825],[-54.654334,-20.548816],[-54.654344,-20.548816],[-54.654344,-20.548807],[-54.654354,-20.548807],[-54.654354,-20.548798],[-54.654363,-20.548798],[-54.654363,-20.548789],[-54.654373,-20.548789],[-54.654373,-20.54878],[-54.654383,-20.54878],[-54.654383,-20.548771],[-54.654392,-20.548772],[-54.654393,-20.548762],[-54.654402,-20.548763],[-54.654402,-20.548754],[-54.654412,-20.548754],[-54.654412,-20.548745],[-54.654422,-20.548745],[-54.654422,-20.548736],[-54.654431,-20.548736],[-54.654431,-20.548727],[-54.654441,-20.548727],[-54.654441,-20.548718],[-54.654451,-20.548718],[-54.654451,-20.548709],[-54.65446,-20.548709],[-54.654461,-20.5487],[-54.65447,-20.5487],[-54.65447,-20.548691],[-54.65448,-20.548691],[-54.65448,-20.548682],[-54.65449,-20.548683],[-54.65449,-20.548674],[-54.654499,-20.548674],[-54.6545,-20.548665],[-54.654509,-20.548665],[-54.654509,-20.548656],[-54.654519,-20.548656],[-54.654519,-20.548647],[-54.654529,-20.548647],[-54.654529,-20.548638],[-54.654538,-20.548638],[-54.654538,-20.548629],[-54.654548,-20.548629],[-54.654548,-20.54862],[-54.654558,-20.54862],[-54.654558,-20.548611],[-54.654567,-20.548611],[-54.654568,-20.548602],[-54.654577,-20.548602],[-54.654577,-20.548593],[-54.654587,-20.548594],[-54.654587,-20.548585],[-54.654597,-20.548585],[-54.654597,-20.548576],[-54.654606,-20.548576],[-54.654606,-20.548567],[-54.654616,-20.548567],[-54.654616,-20.548558],[-54.654626,-20.548558],[-54.654626,-20.548549],[-54.654636,-20.548549],[-54.654636,-20.54854],[-54.654645,-20.54854],[-54.654645,-20.548531],[-54.654655,-20.548531],[-54.654655,-20.548522],[-54.654665,-20.548522],[-54.654665,-20.548513],[-54.654674,-20.548513],[-54.654675,-20.548504],[-54.654684,-20.548505],[-54.654684,-20.548496],[-54.654694,-20.548496],[-54.654694,-20.548487],[-54.654704,-20.548487],[-54.654704,-20.548478],[-54.654713,-20.548478],[-54.654713,-20.548469],[-54.654723,-20.548469],[-54.654723,-20.54846],[-54.654733,-20.54846],[-54.654733,-20.548451],[-54.654742,-20.548451],[-54.654743,-20.548442],[-54.654752,-20.548442],[-54.654752,-20.548433],[-54.654762,-20.548433],[-54.654762,-20.548424],[-54.654772,-20.548424],[-54.654772,-20.548415],[-54.654781,-20.548416],[-54.654781,-20.548407],[-54.654791,-20.548407],[-54.654791,-20.548398],[-54.654801,-20.548398],[-54.654801,-20.548389],[-54.654811,-20.548389],[-54.654811,-20.54838],[-54.65482,-20.54838],[-54.65482,-20.548371],[-54.65483,-20.548371],[-54.65483,-20.548362],[-54.65484,-20.548362],[-54.65484,-20.548353],[-54.654849,-20.548353],[-54.65485,-20.548344],[-54.654859,-20.548344],[-54.654859,-20.548335],[-54.654869,-20.548335],[-54.654869,-20.548326],[-54.654879,-20.548327],[-54.654879,-20.548318],[-54.654888,-20.548318],[-54.654888,-20.548309],[-54.654898,-20.548309],[-54.654898,-20.5483],[-54.654908,-20.5483],[-54.654908,-20.548291],[-54.654917,-20.548291],[-54.654918,-20.548282],[-54.654927,-20.548282],[-54.654927,-20.548273],[-54.654937,-20.548273],[-54.654937,-20.548264],[-54.654947,-20.548264],[-54.654947,-20.548255],[-54.654956,-20.548255],[-54.654957,-20.548246],[-54.654966,-20.548246],[-54.654966,-20.548237],[-54.654976,-20.548238],[-54.654976,-20.548229],[-54.654986,-20.548229],[-54.654986,-20.54822],[-54.654995,-20.54822],[-54.654995,-20.548211],[-54.655005,-20.548211],[-54.655005,-20.548202],[-54.655024,-20.548202],[-54.655024,-20.548193],[-54.655034,-20.548193],[-54.655034,-20.548184],[-54.655044,-20.548184],[-54.655044,-20.548175],[-54.655053,-20.548175],[-54.655054,-20.548166],[-54.655063,-20.548167],[-54.655063,-20.548158],[-54.655073,-20.548158],[-54.655073,-20.548149],[-54.655083,-20.548149],[-54.655083,-20.54814],[-54.655092,-20.54814],[-54.655092,-20.548131],[-54.655102,-20.548131],[-54.655102,-20.548122],[-54.655112,-20.548122],[-54.655112,-20.548113],[-54.655122,-20.548113],[-54.655122,-20.548104],[-54.655131,-20.548104],[-54.655131,-20.548095],[-54.655141,-20.548095],[-54.655141,-20.548086],[-54.655151,-20.548086],[-54.655151,-20.548077],[-54.65516,-20.548078],[-54.655161,-20.548069],[-54.65517,-20.548069],[-54.65517,-20.54806],[-54.65518,-20.54806],[-54.65518,-20.548051],[-54.65519,-20.548051],[-54.65519,-20.548042],[-54.655199,-20.548042],[-54.655199,-20.548033],[-54.655209,-20.548033],[-54.655209,-20.548024],[-54.655219,-20.548024],[-54.655219,-20.548015],[-54.655228,-20.548015],[-54.655229,-20.548006],[-54.655238,-20.548006],[-54.655238,-20.547997],[-54.655248,-20.547997],[-54.655248,-20.547988],[-54.655258,-20.547989],[-54.655258,-20.54798],[-54.655267,-20.54798],[-54.655268,-20.547971],[-54.655277,-20.547971],[-54.655277,-20.547962],[-54.655287,-20.547962],[-54.655287,-20.547953],[-54.655297,-20.547953],[-54.655297,-20.547944],[-54.655306,-20.547944],[-54.655306,-20.547935],[-54.655316,-20.547935],[-54.655316,-20.547926],[-54.655326,-20.547926],[-54.655326,-20.547917],[-54.655335,-20.547917],[-54.655336,-20.547908],[-54.655345,-20.547908],[-54.655345,-20.547899],[-54.655355,-20.5479],[-54.655355,-20.547891],[-54.655365,-20.547891],[-54.655365,-20.547882],[-54.655374,-20.547882],[-54.655374,-20.547873],[-54.655384,-20.547873],[-54.655384,-20.547864],[-54.655394,-20.547864],[-54.655394,-20.547855],[-54.655403,-20.547855],[-54.655404,-20.547846],[-54.655413,-20.547846],[-54.655413,-20.547837],[-54.655423,-20.547837],[-54.655423,-20.547828],[-54.655433,-20.547828],[-54.655433,-20.547819],[-54.655442,-20.547819],[-54.655443,-20.54781],[-54.655452,-20.547811],[-54.655452,-20.547802],[-54.655462,-20.547802],[-54.655462,-20.547793],[-54.655472,-20.547793],[-54.655472,-20.547784],[-54.655481,-20.547784],[-54.655481,-20.547775],[-54.655491,-20.547775],[-54.655491,-20.547766],[-54.655501,-20.547766],[-54.655501,-20.547757],[-54.65551,-20.547757],[-54.655511,-20.547739],[-54.65552,-20.547739],[-54.65552,-20.54773],[-54.65553,-20.54773],[-54.65553,-20.547721],[-54.65554,-20.547721],[-54.65554,-20.547712],[-54.655549,-20.547713],[-54.65555,-20.547704],[-54.655559,-20.547704],[-54.655559,-20.547686],[-54.655569,-20.547686],[-54.655569,-20.547677],[-54.656001,-20.547683],[-54.656001,-20.547674],[-54.65602,-20.547674],[-54.65602,-20.547665],[-54.656049,-20.547665],[-54.656049,-20.547656],[-54.656068,-20.547656],[-54.656068,-20.547647],[-54.656087,-20.547648],[-54.656087,-20.547639],[-54.656107,-20.547639],[-54.656107,-20.54763],[-54.656126,-20.54763],[-54.656126,-20.547621],[-54.656145,-20.547621],[-54.656145,-20.547612],[-54.656203,-20.547613],[-54.656203,-20.547604],[-54.656443,-20.547607],[-54.656443,-20.547616],[-54.656452,-20.547616],[-54.656452,-20.547625],[-54.656462,-20.547626],[-54.656461,-20.547635],[-54.656471,-20.547635],[-54.656471,-20.547644],[-54.65648,-20.547644],[-54.65648,-20.547653],[-54.65649,-20.547653],[-54.65649,-20.547671],[-54.656518,-20.547672],[-54.656518,-20.547681],[-54.656624,-20.547682],[-54.656624,-20.547691],[-54.656729,-20.547692],[-54.656729,-20.547701],[-54.656834,-20.547703],[-54.656834,-20.547712],[-54.65694,-20.547713],[-54.656939,-20.547722],[-54.656939,-20.547731],[-54.656949,-20.547732],[-54.656948,-20.547768],[-54.656958,-20.547768],[-54.656958,-20.547795],[-54.656967,-20.547795],[-54.656967,-20.547831],[-54.656976,-20.547831],[-54.656976,-20.547867],[-54.656985,-20.547867],[-54.656985,-20.547895],[-54.656994,-20.547895],[-54.656994,-20.547922],[-54.657004,-20.547922],[-54.657003,-20.547931],[-54.657013,-20.547931],[-54.657013,-20.54794],[-54.657022,-20.54794],[-54.657022,-20.547949],[-54.657032,-20.547949],[-54.657032,-20.547958],[-54.657041,-20.547959],[-54.657041,-20.547968],[-54.657051,-20.547968],[-54.657051,-20.547977],[-54.65706,-20.547977],[-54.65706,-20.547986],[-54.65707,-20.547986],[-54.65707,-20.547995],[-54.657079,-20.547995],[-54.657079,-20.548004],[-54.657089,-20.548004],[-54.657088,-20.548013],[-54.657098,-20.548013],[-54.657097,-20.54805],[-54.657107,-20.54805],[-54.657107,-20.548059],[-54.657117,-20.548059],[-54.657114,-20.54823],[-54.657123,-20.548231],[-54.657123,-20.54824],[-54.657133,-20.54824],[-54.657133,-20.548249],[-54.657142,-20.548249],[-54.657142,-20.548258],[-54.657152,-20.548258],[-54.657152,-20.548267],[-54.657171,-20.548267],[-54.657171,-20.548276],[-54.65718,-20.548276],[-54.65718,-20.548285],[-54.657199,-20.548286],[-54.657199,-20.548295],[-54.657209,-20.548295],[-54.657209,-20.548304],[-54.657218,-20.548304],[-54.657218,-20.548313],[-54.657237,-20.548313],[-54.657237,-20.548322],[-54.657247,-20.548323],[-54.657247,-20.548332],[-54.657266,-20.548332],[-54.657266,-20.548341],[-54.657275,-20.548341],[-54.657275,-20.54835],[-54.657294,-20.54835],[-54.657294,-20.548359],[-54.657304,-20.548359],[-54.657304,-20.548368],[-54.657323,-20.548369],[-54.657323,-20.548378],[-54.657332,-20.548378],[-54.657332,-20.548387],[-54.65737,-20.548387],[-54.65737,-20.548396],[-54.658645,-20.548414],[-54.658645,-20.548405],[-54.658827,-20.548407],[-54.658835,-20.547929],[-54.658844,-20.547929],[-54.658865,-20.546538],[-54.658875,-20.546538],[-54.658875,-20.546529],[-54.658885,-20.54653],[-54.658885,-20.546521],[-54.658894,-20.546521],[-54.658895,-20.546512],[-54.658904,-20.546512],[-54.658905,-20.546449],[-54.658896,-20.546448],[-54.658896,-20.546439],[-54.658886,-20.546439],[-54.658887,-20.546403],[-54.658877,-20.546403],[-54.658877,-20.546394],[-54.658868,-20.546394],[-54.658868,-20.546385],[-54.658858,-20.546385],[-54.658858,-20.546376],[-54.658849,-20.546376],[-54.658849,-20.546367],[-54.658839,-20.546366],[-54.658839,-20.546357],[-54.65883,-20.546357],[-54.65883,-20.546348],[-54.65882,-20.546348],[-54.65882,-20.546339],[-54.658801,-20.546339],[-54.658801,-20.54633],[-54.658792,-20.54633],[-54.658792,-20.546321],[-54.658782,-20.54632],[-54.658783,-20.546311],[-54.658773,-20.546311],[-54.658773,-20.546302],[-54.658764,-20.546302],[-54.658764,-20.546293],[-54.658754,-20.546293],[-54.658754,-20.546284],[-54.658745,-20.546284],[-54.658745,-20.546275],[-54.658735,-20.546275],[-54.658735,-20.546266],[-54.658726,-20.546266],[-54.658726,-20.546256],[-54.658716,-20.546256],[-54.658716,-20.546247],[-54.658707,-20.546247],[-54.658707,-20.546238],[-54.658697,-20.546238],[-54.658698,-20.546229],[-54.658688,-20.546229],[-54.658688,-20.54622],[-54.658678,-20.54622],[-54.658679,-20.546211],[-54.658669,-20.546211],[-54.65867,-20.546147],[-54.65866,-20.546147],[-54.658661,-20.546102],[-54.658652,-20.546102],[-54.658653,-20.54603],[-54.658662,-20.54603],[-54.658665,-20.545858],[-54.658674,-20.545858],[-54.658675,-20.545849],[-54.658684,-20.54585],[-54.658684,-20.545831],[-54.658694,-20.545832],[-54.658694,-20.545823],[-54.658695,-20.545796],[-54.658704,-20.545796],[-54.658705,-20.54576],[-54.658714,-20.54576],[-54.658715,-20.545724],[-54.658724,-20.545724],[-54.658725,-20.545688],[-54.658735,-20.545688],[-54.658735,-20.54567],[-54.658744,-20.54567],[-54.658745,-20.545661],[-54.658754,-20.545661],[-54.658754,-20.545652],[-54.658764,-20.545652],[-54.658764,-20.545643],[-54.658774,-20.545643],[-54.658774,-20.545634],[-54.658783,-20.545634],[-54.658783,-20.545625],[-54.658793,-20.545625],[-54.658793,-20.545616],[-54.658803,-20.545616],[-54.658803,-20.545607],[-54.658812,-20.545607],[-54.658813,-20.545598],[-54.658822,-20.545599],[-54.658822,-20.54559],[-54.658832,-20.54559],[-54.658832,-20.545581],[-54.658842,-20.545581],[-54.658842,-20.545572],[-54.658851,-20.545572],[-54.658851,-20.545563],[-54.658861,-20.545563],[-54.658861,-20.545554],[-54.658871,-20.545554],[-54.658871,-20.545545],[-54.658881,-20.545545],[-54.658881,-20.545536],[-54.65889,-20.545536],[-54.65889,-20.545527],[-54.6589,-20.545527],[-54.6589,-20.545518],[-54.65891,-20.545518],[-54.65891,-20.545509],[-54.658919,-20.54551],[-54.65892,-20.545501],[-54.658929,-20.545501],[-54.658929,-20.545492],[-54.658939,-20.545492],[-54.658939,-20.545483],[-54.658949,-20.545483],[-54.658949,-20.545474],[-54.658958,-20.545474],[-54.658958,-20.545465],[-54.658968,-20.545465],[-54.658968,-20.545456],[-54.658978,-20.545456],[-54.658978,-20.545447],[-54.658987,-20.545447],[-54.658988,-20.545438],[-54.658997,-20.545438],[-54.658997,-20.545429],[-54.659007,-20.545429],[-54.659007,-20.54542],[-54.659017,-20.545421],[-54.659017,-20.545412],[-54.659026,-20.545412],[-54.659026,-20.545403],[-54.659036,-20.545403],[-54.659036,-20.545394],[-54.659046,-20.545394],[-54.659046,-20.545385],[-54.659056,-20.545385],[-54.659056,-20.545376],[-54.659065,-20.545376],[-54.659065,-20.545367],[-54.659075,-20.545367],[-54.659075,-20.545358],[-54.659085,-20.545358],[-54.659085,-20.545349],[-54.659094,-20.545349],[-54.659095,-20.54534],[-54.659104,-20.54534],[-54.659104,-20.545331],[-54.659114,-20.545332],[-54.659114,-20.545323],[-54.659124,-20.545323],[-54.659124,-20.545314],[-54.659133,-20.545314],[-54.659133,-20.545305],[-54.659143,-20.545305],[-54.659143,-20.545296],[-54.659153,-20.545296],[-54.659153,-20.545287],[-54.659162,-20.545287],[-54.659163,-20.545278],[-54.659172,-20.545278],[-54.659172,-20.545269],[-54.659182,-20.545269],[-54.659182,-20.54526],[-54.659192,-20.54526],[-54.659192,-20.545251],[-54.659201,-20.545252],[-54.659202,-20.545242],[-54.659211,-20.545243],[-54.659211,-20.545234],[-54.659221,-20.545234],[-54.659221,-20.545225],[-54.659231,-20.545225],[-54.659231,-20.545216],[-54.65924,-20.545216],[-54.65924,-20.545207],[-54.65925,-20.545207],[-54.65925,-20.545198],[-54.65926,-20.545198],[-54.65926,-20.545189],[-54.659269,-20.545189],[-54.65927,-20.54518],[-54.659279,-20.54518],[-54.659279,-20.545171],[-54.659289,-20.545171],[-54.659289,-20.545162],[-54.659299,-20.545163],[-54.659299,-20.545153],[-54.659308,-20.545154],[-54.659308,-20.545145],[-54.659318,-20.545145],[-54.659318,-20.545136],[-54.659328,-20.545136],[-54.659328,-20.545127],[-54.659337,-20.545127],[-54.659338,-20.545118],[-54.659347,-20.545118],[-54.659347,-20.545109],[-54.659357,-20.545109],[-54.659357,-20.5451],[-54.659367,-20.5451],[-54.659367,-20.545091],[-54.659376,-20.545091],[-54.659377,-20.545082],[-54.659386,-20.545082],[-54.659386,-20.545073],[-54.659396,-20.545074],[-54.659396,-20.545065],[-54.659406,-20.545065],[-54.659406,-20.545056],[-54.659415,-20.545056],[-54.659415,-20.545047],[-54.659425,-20.545047],[-54.659425,-20.545038],[-54.659435,-20.545038],[-54.659435,-20.545029],[-54.659444,-20.545029],[-54.659445,-20.54502],[-54.659454,-20.54502],[-54.659454,-20.545011],[-54.659464,-20.545011],[-54.659464,-20.545002],[-54.659474,-20.545002],[-54.659474,-20.544993],[-54.659483,-20.544993],[-54.659483,-20.544984],[-54.659493,-20.544985],[-54.659493,-20.544976],[-54.659503,-20.544976],[-54.659503,-20.544967],[-54.659512,-20.544967],[-54.659513,-20.544958],[-54.659522,-20.544958],[-54.659522,-20.544949],[-54.659532,-20.544949],[-54.659532,-20.54494],[-54.659542,-20.54494],[-54.659542,-20.544931],[-54.659551,-20.544931],[-54.659552,-20.544922],[-54.659561,-20.544922],[-54.659561,-20.544913],[-54.659571,-20.544913],[-54.659571,-20.544904],[-54.65959,-20.544905],[-54.65959,-20.544896],[-54.659629,-20.544896],[-54.659629,-20.544887],[-54.659658,-20.544887],[-54.659658,-20.544878],[-54.659686,-20.544879],[-54.659687,-20.54487],[-54.662188,-20.544904],[-54.662188,-20.544895],[-54.662198,-20.544895],[-54.662198,-20.544886],[-54.662227,-20.544886],[-54.662227,-20.544877],[-54.662256,-20.544877],[-54.662256,-20.544868],[-54.662285,-20.544869],[-54.662285,-20.54486],[-54.662314,-20.54486],[-54.662314,-20.544851],[-54.662333,-20.544851],[-54.662333,-20.544842],[-54.662688,-20.544847],[-54.662688,-20.544838],[-54.662707,-20.544838],[-54.662707,-20.544829],[-54.662726,-20.54483],[-54.662726,-20.54482],[-54.662746,-20.544821],[-54.662746,-20.544812],[-54.662755,-20.544812],[-54.662755,-20.544803],[-54.662765,-20.544803],[-54.662765,-20.544794],[-54.662775,-20.544794],[-54.662775,-20.544785],[-54.662784,-20.544785],[-54.662785,-20.544776],[-54.662794,-20.544776],[-54.662794,-20.544767],[-54.662813,-20.544767],[-54.662814,-20.544758],[-54.662842,-20.544759],[-54.662843,-20.54475],[-54.662871,-20.54475],[-54.662871,-20.544741],[-54.6629,-20.544742],[-54.6629,-20.544733],[-54.662958,-20.544733],[-54.662958,-20.544724],[-54.663811,-20.544736],[-54.663811,-20.544727],[-54.663869,-20.544728],[-54.663869,-20.544719],[-54.663917,-20.544719],[-54.663917,-20.54471],[-54.663974,-20.544711],[-54.663975,-20.544702],[-54.664032,-20.544703],[-54.664032,-20.544694],[-54.66409,-20.544694],[-54.66409,-20.544685],[-54.664521,-20.544691],[-54.664521,-20.544682],[-54.66456,-20.544683],[-54.66456,-20.544674],[-54.664589,-20.544674],[-54.664589,-20.544665],[-54.664608,-20.544665],[-54.664608,-20.544656],[-54.664627,-20.544656],[-54.664627,-20.544647],[-54.664656,-20.544648],[-54.664656,-20.544639],[-54.664685,-20.544639],[-54.664685,-20.54463],[-54.665126,-20.544636],[-54.665126,-20.544627],[-54.665164,-20.544628],[-54.665165,-20.544619],[-54.665586,-20.544624],[-54.665586,-20.544615],[-54.665644,-20.544616],[-54.665644,-20.544607],[-54.665654,-20.544607],[-54.665654,-20.54458],[-54.665769,-20.544582],[-54.665769,-20.544591],[-54.665884,-20.544592],[-54.665884,-20.544601],[-54.666095,-20.544604],[-54.666095,-20.544613],[-54.666325,-20.544616],[-54.666325,-20.544607],[-54.666344,-20.544607],[-54.666344,-20.544598],[-54.666363,-20.544599],[-54.666363,-20.54459],[-54.666383,-20.54459],[-54.666383,-20.544581],[-54.666402,-20.544581],[-54.666402,-20.544572],[-54.666412,-20.544572],[-54.666412,-20.544563],[-54.666421,-20.544563],[-54.666421,-20.544554],[-54.666431,-20.544554],[-54.666431,-20.544545],[-54.666441,-20.544545],[-54.666441,-20.544536],[-54.666451,-20.544537],[-54.666451,-20.544528],[-54.66646,-20.544528],[-54.66646,-20.544519],[-54.66647,-20.544519],[-54.66647,-20.54451],[-54.66648,-20.54451],[-54.66648,-20.544501],[-54.666499,-20.544501],[-54.666499,-20.544492],[-54.666557,-20.544493],[-54.666557,-20.544484],[-54.666605,-20.544484],[-54.666605,-20.544475],[-54.666672,-20.544476],[-54.666672,-20.544467],[-54.66672,-20.544468],[-54.66672,-20.544459],[-54.666758,-20.544459],[-54.666759,-20.54445],[-54.666787,-20.544451],[-54.666788,-20.544442],[-54.666816,-20.544442],[-54.666816,-20.544433],[-54.666855,-20.544434],[-54.666855,-20.544425],[-54.666884,-20.544425],[-54.666884,-20.544416],[-54.666913,-20.544416],[-54.666913,-20.544407],[-54.666951,-20.544408],[-54.666951,-20.544399],[-54.66698,-20.544399],[-54.66698,-20.54439],[-54.667018,-20.544391],[-54.667019,-20.544382],[-54.667047,-20.544382],[-54.667047,-20.544373],[-54.667076,-20.544373],[-54.667076,-20.544364],[-54.667115,-20.544365],[-54.667115,-20.544356],[-54.667144,-20.544356],[-54.667144,-20.544347],[-54.667172,-20.544348],[-54.667173,-20.544339],[-54.667211,-20.544339],[-54.667211,-20.54433],[-54.66724,-20.54433],[-54.66724,-20.544321],[-54.667269,-20.544322],[-54.667269,-20.544313],[-54.667298,-20.544313],[-54.667298,-20.544304],[-54.667307,-20.544304],[-54.667307,-20.544295],[-54.667355,-20.544296],[-54.667356,-20.544287],[-54.667365,-20.544287],[-54.667365,-20.544278],[-54.667375,-20.544278],[-54.667375,-20.544269],[-54.667385,-20.544269],[-54.667385,-20.54426],[-54.667442,-20.544261],[-54.667442,-20.544252],[-54.667471,-20.544252],[-54.667471,-20.544243],[-54.667481,-20.544243],[-54.667481,-20.544234],[-54.667491,-20.544235],[-54.667491,-20.544225],[-54.66751,-20.544226],[-54.66751,-20.544208],[-54.66752,-20.544208],[-54.66752,-20.544199],[-54.667529,-20.544199],[-54.66753,-20.544181],[-54.667539,-20.544181],[-54.667539,-20.544172],[-54.667549,-20.544172],[-54.667549,-20.544163],[-54.667559,-20.544163],[-54.667559,-20.544154],[-54.667568,-20.544154],[-54.667569,-20.544145],[-54.667578,-20.544145],[-54.667578,-20.544136],[-54.667588,-20.544136],[-54.667588,-20.544127],[-54.667598,-20.544128],[-54.667598,-20.544119],[-54.667607,-20.544119],[-54.667607,-20.54411],[-54.667617,-20.54411],[-54.667617,-20.544101],[-54.667627,-20.544101],[-54.667627,-20.544092],[-54.667646,-20.544092],[-54.667646,-20.544083],[-54.667675,-20.544083],[-54.667675,-20.544074],[-54.667694,-20.544075],[-54.667694,-20.544066],[-54.667714,-20.544066],[-54.667714,-20.544057],[-54.667733,-20.544057],[-54.667733,-20.544048],[-54.667752,-20.544048],[-54.667752,-20.544039],[-54.667772,-20.54404],[-54.667772,-20.544031],[-54.667791,-20.544031],[-54.667791,-20.544022],[-54.66781,-20.544022],[-54.66781,-20.544013],[-54.667829,-20.544013],[-54.66783,-20.544004],[-54.667849,-20.544005],[-54.667849,-20.543996],[-54.667868,-20.543996],[-54.667868,-20.543987],[-54.667887,-20.543987],[-54.667887,-20.543996],[-54.667973,-20.543997],[-54.667973,-20.544006],[-54.667983,-20.544006],[-54.667983,-20.544015],[-54.667992,-20.544016],[-54.667992,-20.544025],[-54.668002,-20.544025],[-54.668002,-20.544034],[-54.668011,-20.544034],[-54.668011,-20.544043],[-54.668021,-20.544043],[-54.668021,-20.544052],[-54.66803,-20.544052],[-54.66803,-20.544061],[-54.66804,-20.544061],[-54.668039,-20.54407],[-54.668049,-20.54407],[-54.668049,-20.544079],[-54.668059,-20.54408],[-54.668059,-20.544062],[-54.668049,-20.544061],[-54.66805,-20.544034],[-54.66804,-20.544034],[-54.66804,-20.544007],[-54.668031,-20.544007],[-54.668031,-20.54398],[-54.668022,-20.54398],[-54.668022,-20.543962],[-54.668012,-20.543962],[-54.668013,-20.543944],[-54.668022,-20.543944],[-54.668022,-20.543935],[-54.668032,-20.543935],[-54.668032,-20.543926],[-54.668042,-20.543926],[-54.668042,-20.543899],[-54.668052,-20.543899],[-54.668052,-20.54389],[-54.668061,-20.54389],[-54.668062,-20.543881],[-54.668071,-20.543881],[-54.668071,-20.543872],[-54.668081,-20.543872],[-54.668081,-20.543863],[-54.668091,-20.543863],[-54.668091,-20.543854],[-54.6681,-20.543854],[-54.6681,-20.543845],[-54.66811,-20.543846],[-54.66811,-20.543836],[-54.66812,-20.543837],[-54.66812,-20.543828],[-54.668129,-20.543828],[-54.66813,-20.543819],[-54.668149,-20.543819],[-54.668149,-20.54381],[-54.668178,-20.54381],[-54.668178,-20.543801],[-54.668197,-20.543802],[-54.668197,-20.543793],[-54.668216,-20.543793],[-54.668216,-20.543784],[-54.668236,-20.543784],[-54.668236,-20.543775],[-54.668264,-20.543775],[-54.668265,-20.543766],[-54.668284,-20.543767],[-54.668284,-20.543758],[-54.668293,-20.543758],[-54.668294,-20.543749],[-54.668303,-20.543749],[-54.668303,-20.54374],[-54.668313,-20.54374],[-54.668313,-20.543731],[-54.668323,-20.543731],[-54.668323,-20.543722],[-54.668332,-20.543722],[-54.668333,-20.543713],[-54.668342,-20.543713],[-54.668343,-20.543659],[-54.668353,-20.543659],[-54.668353,-20.543596],[-54.668363,-20.543596],[-54.668364,-20.543542],[-54.668373,-20.543542],[-54.668374,-20.543479],[-54.668384,-20.543479],[-54.668385,-20.543416],[-54.668395,-20.543416],[-54.668395,-20.543353],[-54.668405,-20.543353],[-54.668406,-20.543299],[-54.668415,-20.543299],[-54.668417,-20.543227],[-54.668426,-20.543227],[-54.668427,-20.543172],[-54.668437,-20.543173],[-54.668438,-20.543109],[-54.668447,-20.54311],[-54.668447,-20.543101],[-54.668457,-20.543101],[-54.668457,-20.543074],[-54.668467,-20.543074],[-54.668467,-20.543065],[-54.668496,-20.543065],[-54.668496,-20.543056],[-54.668515,-20.543056],[-54.668515,-20.543047],[-54.668544,-20.543048],[-54.668544,-20.543039],[-54.668573,-20.543039],[-54.668573,-20.54303],[-54.668592,-20.54303],[-54.668592,-20.543021],[-54.668621,-20.543022],[-54.668621,-20.543013],[-54.66864,-20.543013],[-54.66864,-20.543004],[-54.668669,-20.543004],[-54.668669,-20.542995],[-54.668698,-20.542996],[-54.668698,-20.542987],[-54.668717,-20.542987],[-54.668718,-20.542978],[-54.668746,-20.542978],[-54.668746,-20.542969],[-54.668766,-20.542969],[-54.668766,-20.54296],[-54.668795,-20.542961],[-54.668795,-20.542952],[-54.668823,-20.542952],[-54.668824,-20.542943],[-54.668843,-20.542943],[-54.668843,-20.542934],[-54.668872,-20.542935],[-54.668872,-20.542926],[-54.668891,-20.542926],[-54.668891,-20.542917],[-54.66892,-20.542917],[-54.66892,-20.542908],[-54.668949,-20.542909],[-54.668949,-20.5429],[-54.668968,-20.5429],[-54.668968,-20.542891],[-54.668997,-20.542891],[-54.668997,-20.542882],[-54.669016,-20.542882],[-54.669016,-20.542873],[-54.669045,-20.542874],[-54.669045,-20.542865],[-54.669074,-20.542865],[-54.669074,-20.542856],[-54.669093,-20.542856],[-54.669093,-20.542847],[-54.669122,-20.542848],[-54.669122,-20.542839],[-54.669151,-20.542839],[-54.669151,-20.54283],[-54.66917,-20.54283],[-54.669171,-20.542821],[-54.669199,-20.542822],[-54.669199,-20.542813],[-54.669219,-20.542813],[-54.669219,-20.542804],[-54.669247,-20.542804],[-54.669248,-20.542795],[-54.669276,-20.542796],[-54.669277,-20.542787],[-54.669296,-20.542787],[-54.669296,-20.542778],[-54.669325,-20.542778],[-54.669325,-20.542769],[-54.669344,-20.542769],[-54.669344,-20.54276],[-54.669373,-20.542761],[-54.669373,-20.542752],[-54.669402,-20.542752],[-54.669402,-20.542743],[-54.669421,-20.542743],[-54.669421,-20.542734],[-54.66945,-20.542735],[-54.66945,-20.542726],[-54.669469,-20.542726],[-54.669469,-20.542717],[-54.669498,-20.542717],[-54.669498,-20.542708],[-54.669527,-20.542709],[-54.669527,-20.542691]],[[-54.644185,-20.572929],[-54.644185,-20.572961],[-54.644191,-20.572961],[-54.644185,-20.572929]],[[-54.644194,-20.572976],[-54.644194,-20.572997],[-54.644198,-20.572997],[-54.644194,-20.572976]],[[-54.64151,-20.573538],[-54.641501,-20.573538],[-54.64151,-20.57355],[-54.64151,-20.573538]],[[-54.64152,-20.573556],[-54.641516,-20.573556],[-54.641519,-20.573561],[-54.64152,-20.573556]],[[-54.641545,-20.573792],[-54.641535,-20.573791],[-54.64162,-20.573901],[-54.64162,-20.573865],[-54.641611,-20.573865],[-54.641611,-20.573856],[-54.641601,-20.573856],[-54.641601,-20.573847],[-54.641592,-20.573846],[-54.641592,-20.573837],[-54.641582,-20.573837],[-54.641582,-20.573828],[-54.641573,-20.573828],[-54.641573,-20.573819],[-54.641563,-20.573819],[-54.641564,-20.57381],[-54.641554,-20.57381],[-54.641554,-20.573801],[-54.641545,-20.573801],[-54.641545,-20.573792]]]]},"properties":{"Nome":"MB ANHA1","Bacia":"ANHANDUI","Area":"9.31 km²","Perimetro":"26.30 km"}}]}