{"type":"FeatureCollection","features":[{"type":"Feature","geometry":{"type":"MultiPolygon","coordinates":[[[[-54.635288,-20.452384],[-54.635317,-20.452384],[-54.635317,-20.452393],[-54.635327,-20.452393],[-54.635327,-20.452403],[-54.635336,-20.452403],[-54.635336,-20.452412],[-54.635346,-20.452412],[-54.635345,-20.452421],[-54.635355,-20.452421],[-54.635355,-20.45243],[-54.635364,-20.45243],[-54.635364,-20.452439],[-54.635374,-20.452439],[-54.635374,-20.452448],[-54.635383,-20.452448],[-54.635383,-20.452457],[-54.635393,-20.452458],[-54.635392,-20.452512],[-54.635411,-20.452512],[-54.635411,-20.452521],[-54.635421,-20.452521],[-54.63542,-20.45253],[-54.63543,-20.45253],[-54.63543,-20.452539],[-54.635439,-20.452539],[-54.635439,-20.452549],[-54.635449,-20.452549],[-54.635449,-20.452558],[-54.635458,-20.452558],[-54.635458,-20.452567],[-54.635468,-20.452567],[-54.635468,-20.452576],[-54.635477,-20.452576],[-54.635477,-20.452585],[-54.635487,-20.452585],[-54.635486,-20.452594],[-54.635496,-20.452594],[-54.635496,-20.452603],[-54.635506,-20.452604],[-54.635505,-20.452613],[-54.635515,-20.452613],[-54.635515,-20.452622],[-54.635524,-20.452622],[-54.635524,-20.452631],[-54.635534,-20.452631],[-54.635534,-20.45264],[-54.635543,-20.45264],[-54.635543,-20.452649],[-54.635553,-20.452649],[-54.635553,-20.452658],[-54.635562,-20.452659],[-54.635562,-20.452668],[-54.635572,-20.452668],[-54.635571,-20.452677],[-54.635581,-20.452677],[-54.635581,-20.452686],[-54.63559,-20.452686],[-54.63559,-20.452695],[-54.6356,-20.452695],[-54.6356,-20.452704],[-54.635609,-20.452704],[-54.635609,-20.452713],[-54.635619,-20.452714],[-54.635619,-20.452723],[-54.635628,-20.452723],[-54.635619,-20.45331],[-54.63561,-20.453309],[-54.635605,-20.453598],[-54.635615,-20.453598],[-54.635615,-20.453607],[-54.635624,-20.453608],[-54.635624,-20.453617],[-54.635634,-20.453617],[-54.635634,-20.453626],[-54.635643,-20.453626],[-54.635643,-20.453635],[-54.635662,-20.453635],[-54.635662,-20.453644],[-54.635672,-20.453644],[-54.635671,-20.453653],[-54.635681,-20.453654],[-54.635681,-20.453663],[-54.63569,-20.453663],[-54.63569,-20.453672],[-54.6357,-20.453672],[-54.6357,-20.453681],[-54.635719,-20.453681],[-54.635719,-20.45369],[-54.635728,-20.45369],[-54.635728,-20.453699],[-54.635738,-20.453699],[-54.635738,-20.453708],[-54.635747,-20.453709],[-54.635747,-20.453718],[-54.635757,-20.453718],[-54.635757,-20.453727],[-54.635747,-20.453727],[-54.635747,-20.453736],[-54.635718,-20.453735],[-54.635718,-20.453744],[-54.635708,-20.453744],[-54.635708,-20.453753],[-54.635699,-20.453753],[-54.635699,-20.453762],[-54.635689,-20.453762],[-54.635665,-20.455351],[-54.635674,-20.455351],[-54.635663,-20.45611],[-54.635672,-20.45611],[-54.635672,-20.456119],[-54.635682,-20.456119],[-54.635682,-20.456128],[-54.635691,-20.456128],[-54.635691,-20.456137],[-54.635701,-20.456137],[-54.6357,-20.456146],[-54.63571,-20.456146],[-54.63571,-20.456155],[-54.635719,-20.456155],[-54.635719,-20.456164],[-54.635729,-20.456165],[-54.635719,-20.456806],[-54.635709,-20.456805],[-54.635709,-20.456815],[-54.6357,-20.456814],[-54.635691,-20.457392],[-54.635681,-20.457392],[-54.635681,-20.45741],[-54.635691,-20.45741],[-54.63569,-20.457428],[-54.6357,-20.457428],[-54.6357,-20.457447],[-54.635709,-20.457447],[-54.635709,-20.457465],[-54.635719,-20.457465],[-54.635718,-20.457483],[-54.635728,-20.457483],[-54.635728,-20.457501],[-54.635737,-20.457501],[-54.635737,-20.457519],[-54.635746,-20.457519],[-54.635746,-20.457537],[-54.635756,-20.457538],[-54.635755,-20.457556],[-54.635765,-20.457556],[-54.635765,-20.457574],[-54.635774,-20.457574],[-54.635774,-20.457592],[-54.635784,-20.457592],[-54.635783,-20.45761],[-54.635793,-20.45761],[-54.635793,-20.457628],[-54.635802,-20.457629],[-54.635802,-20.457647],[-54.635812,-20.457647],[-54.635811,-20.457674],[-54.635821,-20.457674],[-54.635821,-20.457683],[-54.63584,-20.457683],[-54.63584,-20.457692],[-54.635849,-20.457692],[-54.635849,-20.457701],[-54.635868,-20.457702],[-54.635868,-20.457711],[-54.635878,-20.457711],[-54.635878,-20.45772],[-54.635887,-20.45772],[-54.635887,-20.457729],[-54.635906,-20.457729],[-54.635906,-20.457738],[-54.635916,-20.457738],[-54.635915,-20.457747],[-54.635935,-20.457748],[-54.635934,-20.457757],[-54.635944,-20.457757],[-54.635944,-20.457766],[-54.635953,-20.457766],[-54.635953,-20.457775],[-54.635972,-20.457775],[-54.635972,-20.457784],[-54.635982,-20.457784],[-54.635982,-20.457794],[-54.636001,-20.457794],[-54.636001,-20.457803],[-54.63601,-20.457803],[-54.63601,-20.457812],[-54.636029,-20.457812],[-54.636029,-20.457821],[-54.636039,-20.457821],[-54.636039,-20.45783],[-54.636048,-20.457831],[-54.636048,-20.45784],[-54.636067,-20.45784],[-54.636061,-20.458246],[-54.636071,-20.458246],[-54.63607,-20.458273],[-54.63608,-20.458273],[-54.636079,-20.458301],[-54.636089,-20.458301],[-54.636089,-20.458328],[-54.636098,-20.458328],[-54.636098,-20.458355],[-54.636107,-20.458355],[-54.636107,-20.458364],[-54.636117,-20.458364],[-54.636117,-20.458373],[-54.636126,-20.458373],[-54.636126,-20.458382],[-54.636136,-20.458383],[-54.636136,-20.458392],[-54.636145,-20.458392],[-54.636145,-20.458401],[-54.636155,-20.458401],[-54.636154,-20.45841],[-54.636164,-20.45841],[-54.636164,-20.458419],[-54.636173,-20.458419],[-54.636173,-20.458428],[-54.636183,-20.458428],[-54.636183,-20.458437],[-54.636192,-20.458438],[-54.636192,-20.458456],[-54.636202,-20.458456],[-54.636201,-20.458465],[-54.636211,-20.458465],[-54.636211,-20.458474],[-54.63622,-20.458474],[-54.63622,-20.458483],[-54.63623,-20.458483],[-54.63623,-20.458492],[-54.636239,-20.458492],[-54.636239,-20.458501],[-54.636249,-20.458502],[-54.636249,-20.458511],[-54.636258,-20.458511],[-54.636258,-20.45852],[-54.636268,-20.45852],[-54.636268,-20.458529],[-54.636277,-20.458529],[-54.636277,-20.458538],[-54.636287,-20.458538],[-54.636286,-20.458556],[-54.636296,-20.458556],[-54.636296,-20.458574],[-54.636305,-20.458575],[-54.636305,-20.458593],[-54.636314,-20.458593],[-54.636314,-20.458611],[-54.636324,-20.458611],[-54.636324,-20.45862],[-54.636333,-20.45862],[-54.636333,-20.458629],[-54.636343,-20.458629],[-54.636343,-20.458638],[-54.636352,-20.458638],[-54.636352,-20.458647],[-54.636362,-20.458648],[-54.636361,-20.458657],[-54.636371,-20.458657],[-54.636371,-20.458666],[-54.63638,-20.458666],[-54.63638,-20.458675],[-54.63639,-20.458675],[-54.63639,-20.458684],[-54.636399,-20.458684],[-54.636399,-20.458693],[-54.636409,-20.458693],[-54.636401,-20.459172],[-54.636392,-20.459172],[-54.636388,-20.459434],[-54.636397,-20.459434],[-54.636397,-20.459488],[-54.636406,-20.459488],[-54.636405,-20.459551],[-54.636396,-20.459551],[-54.636395,-20.459569],[-54.636386,-20.459569],[-54.636385,-20.459587],[-54.636376,-20.459587],[-54.636375,-20.459614],[-54.636366,-20.459614],[-54.636366,-20.459632],[-54.636356,-20.459632],[-54.636356,-20.459659],[-54.636346,-20.459659],[-54.636346,-20.459677],[-54.636336,-20.459677],[-54.636336,-20.459704],[-54.636326,-20.459704],[-54.636326,-20.459731],[-54.636316,-20.459731],[-54.636316,-20.459758],[-54.636306,-20.459758],[-54.636306,-20.459785],[-54.636296,-20.459784],[-54.636296,-20.459803],[-54.636286,-20.459802],[-54.636286,-20.459829],[-54.636276,-20.459829],[-54.636276,-20.459856],[-54.636266,-20.459856],[-54.636262,-20.460118],[-54.636272,-20.460118],[-54.636271,-20.460172],[-54.636281,-20.460173],[-54.63628,-20.460227],[-54.636289,-20.460227],[-54.636289,-20.460263],[-54.636298,-20.460263],[-54.636298,-20.460272],[-54.636308,-20.460272],[-54.636308,-20.460281],[-54.636317,-20.460281],[-54.636317,-20.46029],[-54.636327,-20.460291],[-54.636327,-20.4603],[-54.636336,-20.4603],[-54.636336,-20.460309],[-54.636346,-20.460309],[-54.636346,-20.460318],[-54.636355,-20.460318],[-54.636355,-20.460327],[-54.636365,-20.460327],[-54.636364,-20.460336],[-54.636374,-20.460336],[-54.636374,-20.460345],[-54.636383,-20.460346],[-54.636383,-20.460355],[-54.636393,-20.460355],[-54.636391,-20.460463],[-54.636401,-20.460463],[-54.636395,-20.460851],[-54.636404,-20.460852],[-54.6364,-20.46114],[-54.63639,-20.46114],[-54.63639,-20.461158],[-54.636381,-20.461158],[-54.63638,-20.461167],[-54.636371,-20.461167],[-54.636371,-20.461176],[-54.636361,-20.461176],[-54.636361,-20.461185],[-54.636351,-20.461185],[-54.636351,-20.461194],[-54.636342,-20.461194],[-54.636342,-20.461203],[-54.636332,-20.461203],[-54.636331,-20.461248],[-54.636322,-20.461248],[-54.636321,-20.461266],[-54.636312,-20.461266],[-54.636312,-20.461284],[-54.636302,-20.461284],[-54.636302,-20.461302],[-54.636292,-20.461302],[-54.636292,-20.46132],[-54.636282,-20.461319],[-54.636282,-20.461347],[-54.636272,-20.461346],[-54.636272,-20.461364],[-54.636262,-20.461364],[-54.636262,-20.461373],[-54.636253,-20.461373],[-54.636253,-20.461382],[-54.636243,-20.461382],[-54.636243,-20.461391],[-54.636233,-20.461391],[-54.636233,-20.461409],[-54.636223,-20.461409],[-54.636223,-20.461427],[-54.636214,-20.461427],[-54.636213,-20.461454],[-54.636204,-20.461454],[-54.636203,-20.461463],[-54.636194,-20.461463],[-54.636193,-20.461508],[-54.636184,-20.461508],[-54.636183,-20.461544],[-54.636173,-20.461544],[-54.636173,-20.461571],[-54.636163,-20.461571],[-54.636163,-20.461607],[-54.636153,-20.461607],[-54.636153,-20.461634],[-54.636143,-20.461634],[-54.636143,-20.461661],[-54.636133,-20.461661],[-54.636133,-20.461697],[-54.636123,-20.461697],[-54.636123,-20.461724],[-54.636113,-20.461724],[-54.636113,-20.461742],[-54.636103,-20.461741],[-54.636103,-20.46175],[-54.636094,-20.46175],[-54.636094,-20.461759],[-54.636084,-20.461759],[-54.636084,-20.461768],[-54.636074,-20.461768],[-54.636074,-20.461777],[-54.636065,-20.461777],[-54.636064,-20.461786],[-54.636055,-20.461786],[-54.636055,-20.461795],[-54.636045,-20.461795],[-54.636045,-20.461804],[-54.636035,-20.461804],[-54.636035,-20.461813],[-54.636026,-20.461813],[-54.636025,-20.461849],[-54.636015,-20.461849],[-54.636015,-20.461885],[-54.636005,-20.461885],[-54.636005,-20.461912],[-54.635995,-20.461912],[-54.635995,-20.461948],[-54.635985,-20.461948],[-54.635985,-20.461984],[-54.635975,-20.461984],[-54.635975,-20.462011],[-54.635965,-20.46201],[-54.635963,-20.462119],[-54.635973,-20.462119],[-54.635972,-20.462164],[-54.635982,-20.462164],[-54.635975,-20.462634],[-54.635965,-20.462634],[-54.635965,-20.462652],[-54.635955,-20.462651],[-54.635955,-20.462679],[-54.635945,-20.462678],[-54.635945,-20.462706],[-54.635935,-20.462705],[-54.635935,-20.462732],[-54.635925,-20.462732],[-54.635925,-20.462759],[-54.635915,-20.462759],[-54.635915,-20.462777],[-54.635905,-20.462777],[-54.635905,-20.462786],[-54.635905,-20.462804],[-54.635895,-20.462804],[-54.635895,-20.462822],[-54.635886,-20.462822],[-54.635885,-20.462831],[-54.635876,-20.462831],[-54.635876,-20.46284],[-54.635866,-20.46284],[-54.635866,-20.462849],[-54.635856,-20.462849],[-54.635856,-20.462858],[-54.635847,-20.462858],[-54.635847,-20.462867],[-54.635837,-20.462867],[-54.635837,-20.462876],[-54.635827,-20.462876],[-54.635827,-20.462885],[-54.635818,-20.462884],[-54.635817,-20.462893],[-54.635808,-20.462893],[-54.635808,-20.462902],[-54.635798,-20.462902],[-54.635798,-20.462911],[-54.635788,-20.462911],[-54.635788,-20.46292],[-54.635779,-20.46292],[-54.635779,-20.462929],[-54.635769,-20.462929],[-54.635769,-20.462938],[-54.635759,-20.462938],[-54.635759,-20.462947],[-54.63575,-20.462947],[-54.635749,-20.462956],[-54.63574,-20.462956],[-54.63574,-20.462965],[-54.63573,-20.462964],[-54.63573,-20.463001],[-54.63572,-20.463],[-54.63572,-20.463019],[-54.63571,-20.463018],[-54.63571,-20.463027],[-54.6357,-20.463027],[-54.6357,-20.463036],[-54.635691,-20.463036],[-54.635691,-20.463045],[-54.635681,-20.463045],[-54.635681,-20.463054],[-54.635671,-20.463054],[-54.635671,-20.463063],[-54.635662,-20.463063],[-54.635661,-20.463072],[-54.635652,-20.463072],[-54.635652,-20.463081],[-54.635642,-20.463081],[-54.635642,-20.46309],[-54.635632,-20.46309],[-54.635632,-20.463099],[-54.635623,-20.463098],[-54.635623,-20.463108],[-54.635613,-20.463107],[-54.635613,-20.463116],[-54.635603,-20.463116],[-54.635603,-20.463125],[-54.635594,-20.463125],[-54.635593,-20.463134],[-54.635584,-20.463134],[-54.635584,-20.463143],[-54.635574,-20.463143],[-54.635574,-20.463152],[-54.635564,-20.463152],[-54.635564,-20.463161],[-54.635555,-20.463161],[-54.635554,-20.46317],[-54.635545,-20.46317],[-54.635545,-20.463179],[-54.635535,-20.463179],[-54.635535,-20.463188],[-54.635525,-20.463187],[-54.635525,-20.463196],[-54.635516,-20.463196],[-54.635512,-20.463431],[-54.635503,-20.463431],[-54.635502,-20.46344],[-54.635493,-20.46344],[-54.635493,-20.463449],[-54.635483,-20.463449],[-54.635483,-20.463458],[-54.635473,-20.463458],[-54.635473,-20.463467],[-54.635464,-20.463467],[-54.635464,-20.463476],[-54.635454,-20.463475],[-54.635454,-20.463484],[-54.635444,-20.463484],[-54.635444,-20.463493],[-54.635415,-20.463493],[-54.635415,-20.463502],[-54.635406,-20.463502],[-54.635406,-20.463511],[-54.635396,-20.463511],[-54.635396,-20.46352],[-54.635386,-20.46352],[-54.635386,-20.463529],[-54.635377,-20.463529],[-54.635376,-20.463538],[-54.635348,-20.463537],[-54.635347,-20.463555],[-54.635338,-20.463555],[-54.635338,-20.463564],[-54.635328,-20.463564],[-54.635328,-20.463573],[-54.635318,-20.463573],[-54.635318,-20.463582],[-54.635309,-20.463582],[-54.635309,-20.463591],[-54.635299,-20.463591],[-54.635299,-20.4636],[-54.635289,-20.4636],[-54.635289,-20.463609],[-54.635279,-20.463609],[-54.635279,-20.463618],[-54.63527,-20.463617],[-54.63527,-20.463626],[-54.63526,-20.463626],[-54.63526,-20.463635],[-54.63525,-20.463635],[-54.63525,-20.463644],[-54.635241,-20.463644],[-54.63524,-20.463653],[-54.635231,-20.463653],[-54.635231,-20.463662],[-54.635221,-20.463662],[-54.635221,-20.463671],[-54.635211,-20.463671],[-54.635211,-20.46368],[-54.635202,-20.46368],[-54.635202,-20.463689],[-54.635192,-20.463689],[-54.635192,-20.463698],[-54.635182,-20.463698],[-54.635182,-20.463707],[-54.635173,-20.463706],[-54.635172,-20.463715],[-54.635163,-20.463715],[-54.635163,-20.463724],[-54.635153,-20.463724],[-54.635153,-20.463733],[-54.635143,-20.463733],[-54.635143,-20.463742],[-54.635134,-20.463742],[-54.635134,-20.463751],[-54.635124,-20.463751],[-54.635124,-20.46376],[-54.635114,-20.46376],[-54.635114,-20.463769],[-54.635105,-20.463769],[-54.635104,-20.463778],[-54.635095,-20.463778],[-54.635095,-20.463787],[-54.635085,-20.463787],[-54.635085,-20.463796],[-54.635075,-20.463795],[-54.635075,-20.463804],[-54.635066,-20.463804],[-54.635066,-20.463813],[-54.635056,-20.463813],[-54.635056,-20.463822],[-54.635046,-20.463822],[-54.635046,-20.463831],[-54.635037,-20.463831],[-54.635036,-20.46384],[-54.635027,-20.46384],[-54.635027,-20.463849],[-54.635017,-20.463849],[-54.635017,-20.463858],[-54.635007,-20.463858],[-54.635007,-20.463867],[-54.634998,-20.463867],[-54.634998,-20.463876],[-54.634988,-20.463875],[-54.634988,-20.463885],[-54.634978,-20.463884],[-54.634978,-20.463893],[-54.634969,-20.463893],[-54.634968,-20.463911],[-54.634959,-20.463911],[-54.634958,-20.463938],[-54.634949,-20.463938],[-54.634948,-20.463956],[-54.634939,-20.463956],[-54.634938,-20.463983],[-54.634929,-20.463983],[-54.634929,-20.464001],[-54.634919,-20.464001],[-54.634919,-20.464028],[-54.634909,-20.464028],[-54.634909,-20.464046],[-54.634899,-20.464046],[-54.634899,-20.464073],[-54.634889,-20.464073],[-54.634889,-20.464091],[-54.634879,-20.464091],[-54.634879,-20.4641],[-54.63487,-20.4641],[-54.634869,-20.464109],[-54.63486,-20.464109],[-54.63486,-20.464118],[-54.63485,-20.464117],[-54.63485,-20.464126],[-54.63484,-20.464126],[-54.63484,-20.464135],[-54.634831,-20.464135],[-54.634831,-20.464144],[-54.634821,-20.464144],[-54.634821,-20.464153],[-54.634811,-20.464153],[-54.634811,-20.464162],[-54.634801,-20.464162],[-54.634801,-20.464171],[-54.634792,-20.464171],[-54.634792,-20.46418],[-54.634782,-20.46418],[-54.634776,-20.464595],[-54.634766,-20.464595],[-54.634765,-20.464658],[-54.634756,-20.464658],[-54.634755,-20.464667],[-54.634746,-20.464667],[-54.634746,-20.464676],[-54.634736,-20.464676],[-54.634736,-20.464685],[-54.634726,-20.464685],[-54.634726,-20.464694],[-54.634717,-20.464694],[-54.634717,-20.464703],[-54.634707,-20.464702],[-54.634707,-20.464711],[-54.634697,-20.464711],[-54.634697,-20.464729],[-54.634687,-20.464729],[-54.634687,-20.464738],[-54.634678,-20.464738],[-54.634678,-20.464747],[-54.634668,-20.464747],[-54.634668,-20.464756],[-54.634658,-20.464756],[-54.634658,-20.464765],[-54.634649,-20.464765],[-54.634648,-20.464774],[-54.634639,-20.464774],[-54.634639,-20.464783],[-54.634629,-20.464783],[-54.634629,-20.464792],[-54.634619,-20.464792],[-54.634619,-20.464801],[-54.63461,-20.4648],[-54.63461,-20.464809],[-54.6346,-20.464809],[-54.6346,-20.464818],[-54.63459,-20.464818],[-54.63459,-20.464827],[-54.63458,-20.464827],[-54.63458,-20.464836],[-54.634571,-20.464836],[-54.634571,-20.464845],[-54.634561,-20.464845],[-54.634561,-20.464854],[-54.634551,-20.464854],[-54.634551,-20.464863],[-54.634542,-20.464863],[-54.634541,-20.464872],[-54.634532,-20.464872],[-54.634532,-20.464881],[-54.634522,-20.464881],[-54.634522,-20.46489],[-54.634512,-20.464889],[-54.634512,-20.464898],[-54.634503,-20.464898],[-54.634503,-20.464907],[-54.634493,-20.464907],[-54.634493,-20.464916],[-54.634483,-20.464916],[-54.634483,-20.464925],[-54.634474,-20.464925],[-54.634473,-20.464934],[-54.634464,-20.464934],[-54.634464,-20.464943],[-54.634454,-20.464943],[-54.634454,-20.464952],[-54.634444,-20.464952],[-54.634444,-20.464961],[-54.634435,-20.464961],[-54.634435,-20.46497],[-54.634425,-20.46497],[-54.634425,-20.464979],[-54.634415,-20.464978],[-54.634415,-20.464987],[-54.634406,-20.464987],[-54.634405,-20.464996],[-54.634396,-20.464996],[-54.634396,-20.465005],[-54.634386,-20.465005],[-54.634386,-20.465014],[-54.634376,-20.465014],[-54.634376,-20.465023],[-54.634367,-20.465023],[-54.634367,-20.465032],[-54.634357,-20.465032],[-54.634357,-20.465041],[-54.634347,-20.465041],[-54.634347,-20.46505],[-54.634338,-20.46505],[-54.634337,-20.465059],[-54.634299,-20.465058],[-54.634299,-20.465067],[-54.634289,-20.465067],[-54.634289,-20.465076],[-54.63428,-20.465076],[-54.63428,-20.465085],[-54.63427,-20.465085],[-54.63427,-20.465094],[-54.63426,-20.465094],[-54.63426,-20.465103],[-54.63425,-20.465103],[-54.63425,-20.465112],[-54.634241,-20.465112],[-54.634241,-20.465121],[-54.634231,-20.46512],[-54.634231,-20.465129],[-54.634221,-20.465129],[-54.634221,-20.465138],[-54.634212,-20.465138],[-54.634211,-20.465147],[-54.634202,-20.465147],[-54.634202,-20.465156],[-54.634192,-20.465156],[-54.634192,-20.465165],[-54.634182,-20.465165],[-54.634182,-20.465174],[-54.634173,-20.465174],[-54.634173,-20.465183],[-54.634163,-20.465183],[-54.634163,-20.465192],[-54.634153,-20.465192],[-54.634153,-20.465201],[-54.634144,-20.4652],[-54.634143,-20.465219],[-54.634134,-20.465218],[-54.634134,-20.465227],[-54.634124,-20.465227],[-54.634124,-20.465236],[-54.634114,-20.465236],[-54.634114,-20.465245],[-54.634105,-20.465245],[-54.634104,-20.465254],[-54.634095,-20.465254],[-54.634095,-20.465263],[-54.634085,-20.465263],[-54.634085,-20.465272],[-54.634075,-20.465272],[-54.634075,-20.465281],[-54.634066,-20.465281],[-54.634066,-20.46529],[-54.634056,-20.46529],[-54.634056,-20.465299],[-54.634046,-20.465298],[-54.634046,-20.465308],[-54.634037,-20.465307],[-54.634036,-20.465316],[-54.634027,-20.465316],[-54.634027,-20.465325],[-54.634017,-20.465325],[-54.634017,-20.465334],[-54.634007,-20.465334],[-54.634007,-20.465343],[-54.633998,-20.465343],[-54.633998,-20.465352],[-54.633988,-20.465352],[-54.633988,-20.465361],[-54.633978,-20.465361],[-54.633978,-20.46537],[-54.633969,-20.46537],[-54.633968,-20.465379],[-54.633959,-20.465379],[-54.633959,-20.465388],[-54.633949,-20.465387],[-54.633949,-20.465397],[-54.633939,-20.465396],[-54.633939,-20.465405],[-54.63393,-20.465405],[-54.633929,-20.465414],[-54.63392,-20.465414],[-54.63392,-20.465423],[-54.63391,-20.465423],[-54.63391,-20.465432],[-54.6339,-20.465432],[-54.6339,-20.465441],[-54.633891,-20.465441],[-54.633891,-20.46545],[-54.633881,-20.46545],[-54.633881,-20.465459],[-54.633871,-20.465459],[-54.633871,-20.465468],[-54.633862,-20.465468],[-54.633861,-20.465477],[-54.633852,-20.465476],[-54.633852,-20.465485],[-54.633842,-20.465485],[-54.633842,-20.465494],[-54.633832,-20.465494],[-54.633832,-20.465503],[-54.633823,-20.465503],[-54.633823,-20.465512],[-54.633813,-20.465512],[-54.633813,-20.465521],[-54.633803,-20.465521],[-54.633803,-20.46553],[-54.633794,-20.46553],[-54.633793,-20.465539],[-54.633784,-20.465539],[-54.633784,-20.465548],[-54.633774,-20.465548],[-54.633774,-20.465557],[-54.633764,-20.465557],[-54.633764,-20.465566],[-54.633755,-20.465565],[-54.633755,-20.465574],[-54.633745,-20.465574],[-54.633745,-20.465583],[-54.633678,-20.465582],[-54.633678,-20.465591],[-54.63363,-20.465591],[-54.63363,-20.4656],[-54.633563,-20.465599],[-54.633562,-20.465608],[-54.633543,-20.465608],[-54.633543,-20.465617],[-54.633534,-20.465617],[-54.633533,-20.465626],[-54.633524,-20.465626],[-54.633524,-20.465635],[-54.633514,-20.465634],[-54.633514,-20.465643],[-54.633504,-20.465643],[-54.633504,-20.465652],[-54.633495,-20.465652],[-54.633495,-20.465661],[-54.633485,-20.465661],[-54.633485,-20.46567],[-54.633475,-20.46567],[-54.633475,-20.465679],[-54.633466,-20.465679],[-54.633465,-20.465688],[-54.633456,-20.465688],[-54.633456,-20.465697],[-54.633446,-20.465697],[-54.633446,-20.465706],[-54.633436,-20.465706],[-54.633436,-20.465715],[-54.633427,-20.465714],[-54.633426,-20.465724],[-54.633417,-20.465723],[-54.633417,-20.465732],[-54.633407,-20.465732],[-54.633407,-20.465741],[-54.633397,-20.465741],[-54.633397,-20.46575],[-54.633388,-20.46575],[-54.633388,-20.465759],[-54.633378,-20.465759],[-54.633378,-20.465768],[-54.633368,-20.465768],[-54.633368,-20.465777],[-54.633359,-20.465777],[-54.633358,-20.465786],[-54.633349,-20.465786],[-54.633349,-20.465795],[-54.63333,-20.465794],[-54.633329,-20.465803],[-54.63331,-20.465803],[-54.63331,-20.465812],[-54.633291,-20.465812],[-54.633291,-20.465821],[-54.633272,-20.465821],[-54.633272,-20.46583],[-54.633252,-20.46583],[-54.633252,-20.465839],[-54.633233,-20.465838],[-54.633233,-20.465847],[-54.633214,-20.465847],[-54.633214,-20.465856],[-54.633194,-20.465856],[-54.633194,-20.465865],[-54.633175,-20.465865],[-54.633175,-20.465874],[-54.633156,-20.465873],[-54.633156,-20.465882],[-54.633137,-20.465882],[-54.633136,-20.465891],[-54.633117,-20.465891],[-54.633117,-20.4659],[-54.633098,-20.4659],[-54.633098,-20.465909],[-54.633079,-20.465908],[-54.633079,-20.465917],[-54.633059,-20.465917],[-54.633059,-20.465926],[-54.63304,-20.465926],[-54.63304,-20.465935],[-54.633021,-20.465935],[-54.633021,-20.465944],[-54.633011,-20.465944],[-54.633011,-20.465953],[-54.632982,-20.465952],[-54.632982,-20.465961],[-54.632963,-20.465961],[-54.632963,-20.46597],[-54.632944,-20.46597],[-54.632943,-20.465979],[-54.632915,-20.465978],[-54.632915,-20.465987],[-54.632895,-20.465987],[-54.632895,-20.465996],[-54.632876,-20.465996],[-54.632876,-20.466005],[-54.632857,-20.466005],[-54.632857,-20.466014],[-54.632828,-20.466013],[-54.632828,-20.466022],[-54.632809,-20.466022],[-54.632809,-20.466031],[-54.632789,-20.466031],[-54.632789,-20.46604],[-54.63277,-20.46604],[-54.63277,-20.466049],[-54.63276,-20.466049],[-54.63276,-20.466058],[-54.632751,-20.466057],[-54.63275,-20.466066],[-54.632741,-20.466066],[-54.632741,-20.466075],[-54.632731,-20.466075],[-54.632731,-20.466084],[-54.632721,-20.466084],[-54.632721,-20.466093],[-54.632712,-20.466093],[-54.632712,-20.466102],[-54.632702,-20.466102],[-54.632702,-20.466111],[-54.632692,-20.466111],[-54.632692,-20.46612],[-54.632683,-20.46612],[-54.632682,-20.466129],[-54.632673,-20.466129],[-54.632673,-20.466138],[-54.632663,-20.466138],[-54.632663,-20.466147],[-54.632653,-20.466146],[-54.632653,-20.466155],[-54.632634,-20.466155],[-54.632634,-20.466164],[-54.632615,-20.466164],[-54.632615,-20.466173],[-54.632596,-20.466173],[-54.632595,-20.466182],[-54.632586,-20.466182],[-54.632586,-20.466191],[-54.632576,-20.466191],[-54.632576,-20.4662],[-54.632566,-20.466199],[-54.632566,-20.466208],[-54.632557,-20.466208],[-54.632557,-20.466217],[-54.632547,-20.466217],[-54.632547,-20.466226],[-54.632537,-20.466226],[-54.632537,-20.466235],[-54.632528,-20.466235],[-54.632527,-20.466244],[-54.632518,-20.466244],[-54.632518,-20.466253],[-54.632508,-20.466253],[-54.632508,-20.466262],[-54.632498,-20.466262],[-54.632498,-20.466271],[-54.632489,-20.466271],[-54.632489,-20.46628],[-54.632479,-20.46628],[-54.632479,-20.466289],[-54.632469,-20.466288],[-54.632469,-20.466306],[-54.632459,-20.466306],[-54.632459,-20.466315],[-54.63245,-20.466315],[-54.632449,-20.466324],[-54.63244,-20.466324],[-54.63244,-20.466333],[-54.63243,-20.466333],[-54.63243,-20.466342],[-54.63242,-20.466342],[-54.63242,-20.466351],[-54.632411,-20.466351],[-54.632411,-20.46636],[-54.632401,-20.46636],[-54.632401,-20.466369],[-54.632391,-20.466369],[-54.632391,-20.466378],[-54.632382,-20.466378],[-54.632381,-20.466387],[-54.632372,-20.466386],[-54.632372,-20.466395],[-54.632362,-20.466395],[-54.632362,-20.466404],[-54.632352,-20.466404],[-54.632352,-20.466413],[-54.632343,-20.466413],[-54.632343,-20.466422],[-54.632333,-20.466422],[-54.632333,-20.466431],[-54.632323,-20.466431],[-54.632323,-20.46644],[-54.632314,-20.46644],[-54.632313,-20.466449],[-54.632304,-20.466449],[-54.632304,-20.466458],[-54.632294,-20.466458],[-54.632294,-20.466467],[-54.632284,-20.466467],[-54.632284,-20.466476],[-54.632275,-20.466475],[-54.632275,-20.466484],[-54.632265,-20.466484],[-54.632265,-20.466493],[-54.632255,-20.466493],[-54.632255,-20.466502],[-54.632246,-20.466502],[-54.632245,-20.466511],[-54.632236,-20.466511],[-54.632236,-20.46652],[-54.632226,-20.46652],[-54.632226,-20.466529],[-54.632216,-20.466529],[-54.632216,-20.466538],[-54.632207,-20.466538],[-54.632206,-20.466556],[-54.632197,-20.466556],[-54.632197,-20.466565],[-54.632187,-20.466565],[-54.632187,-20.466574],[-54.632177,-20.466573],[-54.632177,-20.466582],[-54.632168,-20.466582],[-54.632168,-20.466591],[-54.632158,-20.466591],[-54.632158,-20.4666],[-54.632148,-20.4666],[-54.632148,-20.466609],[-54.632138,-20.466609],[-54.632138,-20.466618],[-54.632129,-20.466618],[-54.632129,-20.466627],[-54.632119,-20.466627],[-54.632119,-20.466636],[-54.632109,-20.466636],[-54.632109,-20.466645],[-54.6321,-20.466645],[-54.632099,-20.466654],[-54.63209,-20.466653],[-54.63209,-20.466663],[-54.63208,-20.466662],[-54.63208,-20.466671],[-54.63207,-20.466671],[-54.63207,-20.46668],[-54.632061,-20.46668],[-54.632061,-20.466689],[-54.632051,-20.466689],[-54.632051,-20.466698],[-54.632041,-20.466698],[-54.632041,-20.466707],[-54.632032,-20.466707],[-54.632031,-20.466716],[-54.632022,-20.466716],[-54.632022,-20.466725],[-54.632012,-20.466725],[-54.632012,-20.466734],[-54.632002,-20.466734],[-54.632002,-20.466743],[-54.631993,-20.466742],[-54.631993,-20.466751],[-54.631983,-20.466751],[-54.631983,-20.46676],[-54.631964,-20.46676],[-54.631964,-20.466769],[-54.631954,-20.466769],[-54.631954,-20.466778],[-54.631944,-20.466778],[-54.631944,-20.466796],[-54.631934,-20.466796],[-54.631934,-20.466814],[-54.631925,-20.466814],[-54.631924,-20.466832],[-54.631915,-20.466832],[-54.631914,-20.46685],[-54.631905,-20.46685],[-54.631904,-20.466877],[-54.631895,-20.466877],[-54.631895,-20.466895],[-54.631885,-20.466895],[-54.631885,-20.466913],[-54.631875,-20.466912],[-54.631875,-20.466931],[-54.631865,-20.46693],[-54.631865,-20.466948],[-54.631855,-20.466948],[-54.631855,-20.466966],[-54.631846,-20.466966],[-54.631845,-20.466993],[-54.631836,-20.466993],[-54.631835,-20.467011],[-54.631826,-20.467011],[-54.631826,-20.46702],[-54.631816,-20.46702],[-54.631816,-20.467029],[-54.631806,-20.467029],[-54.631804,-20.467146],[-54.631795,-20.467146],[-54.631794,-20.467191],[-54.631785,-20.467191],[-54.631784,-20.467209],[-54.631775,-20.467209],[-54.631775,-20.467218],[-54.631765,-20.467218],[-54.631765,-20.467227],[-54.631755,-20.467227],[-54.631755,-20.467236],[-54.631746,-20.467236],[-54.631745,-20.467245],[-54.631736,-20.467245],[-54.631736,-20.467254],[-54.631726,-20.467254],[-54.631726,-20.467263],[-54.631716,-20.467262],[-54.631716,-20.467271],[-54.631707,-20.467271],[-54.631707,-20.46728],[-54.631697,-20.46728],[-54.631697,-20.467289],[-54.631687,-20.467289],[-54.631687,-20.467298],[-54.631678,-20.467298],[-54.631677,-20.467307],[-54.631668,-20.467307],[-54.631668,-20.467316],[-54.631658,-20.467316],[-54.631658,-20.467325],[-54.631648,-20.467325],[-54.631648,-20.467334],[-54.631639,-20.467334],[-54.631639,-20.467343],[-54.631629,-20.467343],[-54.631629,-20.467352],[-54.631619,-20.467351],[-54.631619,-20.46736],[-54.63161,-20.46736],[-54.631609,-20.467369],[-54.63159,-20.467369],[-54.63159,-20.467378],[-54.631581,-20.467378],[-54.63158,-20.467387],[-54.631571,-20.467387],[-54.631571,-20.467396],[-54.631561,-20.467396],[-54.631561,-20.467405],[-54.631551,-20.467405],[-54.631551,-20.467414],[-54.631542,-20.467414],[-54.631542,-20.467423],[-54.631532,-20.467422],[-54.631532,-20.467432],[-54.631513,-20.467431],[-54.631512,-20.46744],[-54.631503,-20.46744],[-54.631503,-20.467449],[-54.631493,-20.467449],[-54.631493,-20.467458],[-54.631483,-20.467458],[-54.631311,-20.467456],[-54.631311,-20.467465],[-54.631225,-20.467463],[-54.631225,-20.467454],[-54.631167,-20.467454],[-54.631167,-20.467445],[-54.630947,-20.467442],[-54.630947,-20.467451],[-54.630937,-20.467451],[-54.630937,-20.46746],[-54.630928,-20.467459],[-54.630928,-20.467468],[-54.630918,-20.467468],[-54.630918,-20.467477],[-54.630908,-20.467477],[-54.630908,-20.467486],[-54.630889,-20.467486],[-54.630889,-20.467495],[-54.63086,-20.467495],[-54.63086,-20.467504],[-54.630841,-20.467503],[-54.630841,-20.467512],[-54.630821,-20.467512],[-54.630821,-20.467521],[-54.630802,-20.467521],[-54.630802,-20.46753],[-54.630773,-20.46753],[-54.630773,-20.467539],[-54.630754,-20.467538],[-54.630754,-20.467547],[-54.630735,-20.467547],[-54.630735,-20.467556],[-54.630715,-20.467556],[-54.630715,-20.467565],[-54.630687,-20.467564],[-54.630686,-20.467574],[-54.630667,-20.467573],[-54.630667,-20.467582],[-54.630648,-20.467582],[-54.630648,-20.467591],[-54.630629,-20.467591],[-54.630628,-20.4676],[-54.630609,-20.4676],[-54.630609,-20.467609],[-54.6306,-20.467608],[-54.630599,-20.467617],[-54.63058,-20.467617],[-54.63058,-20.467626],[-54.630571,-20.467626],[-54.63057,-20.467635],[-54.630551,-20.467635],[-54.630551,-20.467644],[-54.630542,-20.467644],[-54.630541,-20.467653],[-54.630417,-20.467651],[-54.630417,-20.46766],[-54.630407,-20.46766],[-54.630407,-20.467669],[-54.630397,-20.467669],[-54.630397,-20.467687],[-54.630388,-20.467687],[-54.630387,-20.467696],[-54.630378,-20.467696],[-54.630378,-20.467705],[-54.630368,-20.467705],[-54.630368,-20.467714],[-54.630358,-20.467714],[-54.630358,-20.467723],[-54.630349,-20.467722],[-54.630349,-20.467731],[-54.630339,-20.467731],[-54.630339,-20.46774],[-54.630329,-20.46774],[-54.630329,-20.467749],[-54.63032,-20.467749],[-54.630319,-20.467758],[-54.63031,-20.467758],[-54.63031,-20.467767],[-54.6303,-20.467767],[-54.6303,-20.467776],[-54.63029,-20.467776],[-54.63029,-20.467785],[-54.630281,-20.467785],[-54.630281,-20.467794],[-54.630271,-20.467794],[-54.630271,-20.467803],[-54.630261,-20.467803],[-54.630261,-20.467812],[-54.630252,-20.467811],[-54.630251,-20.46782],[-54.630242,-20.46782],[-54.630242,-20.467829],[-54.630232,-20.467829],[-54.630232,-20.467838],[-54.630222,-20.467838],[-54.630222,-20.467847],[-54.630213,-20.467847],[-54.630213,-20.467856],[-54.630193,-20.467856],[-54.630193,-20.467865],[-54.630184,-20.467865],[-54.630183,-20.467874],[-54.630174,-20.467874],[-54.630174,-20.467892],[-54.630164,-20.467891],[-54.630164,-20.467901],[-54.630154,-20.4679],[-54.630154,-20.467909],[-54.630145,-20.467909],[-54.630144,-20.467918],[-54.630135,-20.467918],[-54.630135,-20.467927],[-54.630125,-20.467927],[-54.630125,-20.467936],[-54.630115,-20.467936],[-54.630115,-20.467945],[-54.630106,-20.467945],[-54.630106,-20.467954],[-54.630096,-20.467954],[-54.630096,-20.467963],[-54.630086,-20.467963],[-54.630086,-20.467972],[-54.630077,-20.467972],[-54.630076,-20.467981],[-54.630067,-20.46798],[-54.630067,-20.467989],[-54.630057,-20.467989],[-54.630057,-20.467998],[-54.630047,-20.467998],[-54.630047,-20.468007],[-54.630038,-20.468007],[-54.630038,-20.468016],[-54.630028,-20.468016],[-54.630028,-20.468025],[-54.630018,-20.468025],[-54.630018,-20.468034],[-54.630009,-20.468034],[-54.630008,-20.468043],[-54.629999,-20.468043],[-54.629999,-20.468052],[-54.629989,-20.468052],[-54.629989,-20.468061],[-54.62997,-20.46806],[-54.62997,-20.468069],[-54.62996,-20.468069],[-54.62996,-20.468078],[-54.629941,-20.468078],[-54.629941,-20.468087],[-54.629922,-20.468087],[-54.629921,-20.468096],[-54.629902,-20.468096],[-54.629902,-20.468105],[-54.629873,-20.468104],[-54.629873,-20.468113],[-54.629854,-20.468113],[-54.629854,-20.468122],[-54.629337,-20.468115],[-54.629336,-20.468124],[-54.629317,-20.468124],[-54.629317,-20.468133],[-54.629308,-20.468133],[-54.629307,-20.468142],[-54.629288,-20.468141],[-54.629288,-20.46815],[-54.629279,-20.46815],[-54.629278,-20.468159],[-54.629259,-20.468159],[-54.629259,-20.468168],[-54.62925,-20.468168],[-54.629249,-20.468177],[-54.62923,-20.468177],[-54.62923,-20.468186],[-54.62922,-20.468186],[-54.62922,-20.468195],[-54.629201,-20.468194],[-54.629201,-20.468203],[-54.629191,-20.468203],[-54.629191,-20.468212],[-54.629172,-20.468212],[-54.629172,-20.468221],[-54.629162,-20.468221],[-54.629162,-20.46823],[-54.629143,-20.46823],[-54.629143,-20.468239],[-54.629133,-20.468239],[-54.629133,-20.468248],[-54.629124,-20.468248],[-54.629124,-20.468257],[-54.629104,-20.468256],[-54.629104,-20.468265],[-54.629095,-20.468265],[-54.629095,-20.468274],[-54.629075,-20.468274],[-54.629075,-20.468283],[-54.629066,-20.468283],[-54.629066,-20.468292],[-54.629056,-20.468292],[-54.629056,-20.468301],[-54.628749,-20.468297],[-54.628749,-20.468288],[-54.628692,-20.468287],[-54.628692,-20.468278],[-54.628663,-20.468277],[-54.628663,-20.468286],[-54.628654,-20.468286],[-54.628653,-20.468295],[-54.628644,-20.468295],[-54.628644,-20.468304],[-54.62849,-20.468302],[-54.628491,-20.468293],[-54.628471,-20.468293],[-54.628472,-20.468284],[-54.628452,-20.468284],[-54.628453,-20.468274],[-54.628433,-20.468274],[-54.628434,-20.468265],[-54.628424,-20.468265],[-54.628424,-20.468256],[-54.628405,-20.468256],[-54.628405,-20.468247],[-54.628204,-20.468244],[-54.628204,-20.468253],[-54.628175,-20.468253],[-54.628175,-20.468262],[-54.628156,-20.468261],[-54.628156,-20.46827],[-54.628127,-20.46827],[-54.628127,-20.468279],[-54.628108,-20.468279],[-54.628107,-20.468288],[-54.628079,-20.468287],[-54.628079,-20.468296],[-54.628059,-20.468296],[-54.628059,-20.468305],[-54.62805,-20.468305],[-54.628049,-20.468314],[-54.62804,-20.468314],[-54.62804,-20.468323],[-54.62803,-20.468323],[-54.62803,-20.468332],[-54.62802,-20.468332],[-54.62802,-20.468341],[-54.628011,-20.468341],[-54.628011,-20.46835],[-54.628001,-20.46835],[-54.628001,-20.468359],[-54.627991,-20.468359],[-54.627991,-20.468368],[-54.627982,-20.468367],[-54.627981,-20.468376],[-54.627972,-20.468376],[-54.627972,-20.468385],[-54.627962,-20.468385],[-54.627962,-20.468394],[-54.627952,-20.468394],[-54.627952,-20.468403],[-54.627943,-20.468403],[-54.627943,-20.468412],[-54.627933,-20.468412],[-54.627933,-20.468421],[-54.627923,-20.468421],[-54.627923,-20.46843],[-54.627914,-20.46843],[-54.627913,-20.468439],[-54.627904,-20.468439],[-54.627904,-20.468448],[-54.627894,-20.468447],[-54.627894,-20.468457],[-54.627875,-20.468456],[-54.627875,-20.468465],[-54.627865,-20.468465],[-54.627865,-20.468474],[-54.627846,-20.468474],[-54.627846,-20.468483],[-54.627827,-20.468483],[-54.627826,-20.468492],[-54.627807,-20.468491],[-54.627807,-20.4685],[-54.627788,-20.4685],[-54.627788,-20.468509],[-54.627769,-20.468509],[-54.627768,-20.468518],[-54.627749,-20.468518],[-54.627749,-20.468527],[-54.627634,-20.468525],[-54.627634,-20.468534],[-54.627586,-20.468534],[-54.627586,-20.468543],[-54.627529,-20.468542],[-54.627528,-20.468551],[-54.62749,-20.46855],[-54.62749,-20.468559],[-54.627471,-20.468559],[-54.627471,-20.468568],[-54.627461,-20.468568],[-54.627461,-20.468577],[-54.627451,-20.468577],[-54.627451,-20.468586],[-54.627442,-20.468586],[-54.627441,-20.468595],[-54.627432,-20.468595],[-54.627432,-20.468604],[-54.627422,-20.468604],[-54.627422,-20.468613],[-54.627412,-20.468612],[-54.627412,-20.468622],[-54.627403,-20.468621],[-54.627403,-20.46863],[-54.627393,-20.46863],[-54.627393,-20.468639],[-54.627383,-20.468639],[-54.627383,-20.468648],[-54.627374,-20.468648],[-54.627373,-20.468657],[-54.627364,-20.468657],[-54.627364,-20.468666],[-54.627354,-20.468666],[-54.627354,-20.468675],[-54.627344,-20.468675],[-54.627344,-20.468684],[-54.627325,-20.468684],[-54.627325,-20.468693],[-54.627306,-20.468692],[-54.627306,-20.468701],[-54.627287,-20.468701],[-54.627286,-20.46871],[-54.627267,-20.46871],[-54.627267,-20.468719],[-54.627248,-20.468719],[-54.627248,-20.468728],[-54.627152,-20.468726],[-54.627152,-20.468735],[-54.626979,-20.468733],[-54.626979,-20.468742],[-54.62697,-20.468742],[-54.62697,-20.468751],[-54.626567,-20.468745],[-54.626567,-20.468754],[-54.6265,-20.468754],[-54.6265,-20.468763],[-54.626433,-20.468762],[-54.626433,-20.468771],[-54.626385,-20.46877],[-54.626385,-20.468779],[-54.626356,-20.468779],[-54.626356,-20.468788],[-54.626346,-20.468788],[-54.626346,-20.468797],[-54.626336,-20.468796],[-54.626336,-20.468805],[-54.626327,-20.468805],[-54.626327,-20.468814],[-54.626317,-20.468814],[-54.626317,-20.468823],[-54.626307,-20.468823],[-54.626307,-20.468832],[-54.626298,-20.468832],[-54.626297,-20.468841],[-54.626288,-20.468841],[-54.626288,-20.46885],[-54.626278,-20.46885],[-54.626278,-20.468859],[-54.626268,-20.468859],[-54.626268,-20.468868],[-54.626259,-20.468868],[-54.626259,-20.468877],[-54.626249,-20.468877],[-54.626249,-20.468886],[-54.626239,-20.468885],[-54.626239,-20.468913],[-54.626229,-20.468912],[-54.626229,-20.468921],[-54.62622,-20.468921],[-54.626219,-20.468939],[-54.62621,-20.468939],[-54.62621,-20.468948],[-54.6262,-20.468948],[-54.6262,-20.468957],[-54.62619,-20.468957],[-54.62619,-20.468966],[-54.626181,-20.468966],[-54.62618,-20.468975],[-54.626171,-20.468975],[-54.626171,-20.468984],[-54.626161,-20.468984],[-54.626161,-20.468993],[-54.626151,-20.468993],[-54.626151,-20.469002],[-54.626142,-20.469001],[-54.626142,-20.469011],[-54.626132,-20.46901],[-54.626132,-20.469019],[-54.626122,-20.469019],[-54.626122,-20.469028],[-54.626112,-20.469028],[-54.626112,-20.469037],[-54.626103,-20.469037],[-54.626103,-20.469046],[-54.626093,-20.469046],[-54.626093,-20.469055],[-54.626083,-20.469055],[-54.626083,-20.469064],[-54.626074,-20.469064],[-54.626073,-20.469073],[-54.626064,-20.469073],[-54.626064,-20.469082],[-54.626054,-20.469082],[-54.626054,-20.469091],[-54.626044,-20.46909],[-54.626044,-20.469099],[-54.626035,-20.469099],[-54.626035,-20.469108],[-54.626025,-20.469108],[-54.626025,-20.469117],[-54.626015,-20.469117],[-54.626015,-20.469126],[-54.626006,-20.469126],[-54.626005,-20.469135],[-54.625996,-20.469135],[-54.625996,-20.469144],[-54.625977,-20.469144],[-54.625976,-20.469153],[-54.625967,-20.469153],[-54.625967,-20.469162],[-54.625957,-20.469162],[-54.625957,-20.469171],[-54.625938,-20.46917],[-54.625938,-20.469179],[-54.625928,-20.469179],[-54.625928,-20.469188],[-54.625909,-20.469188],[-54.625909,-20.469197],[-54.625899,-20.469197],[-54.625899,-20.469206],[-54.62588,-20.469206],[-54.62588,-20.469215],[-54.62587,-20.469215],[-54.62587,-20.469224],[-54.625851,-20.469223],[-54.625851,-20.469232],[-54.625841,-20.469232],[-54.625841,-20.469241],[-54.625822,-20.469241],[-54.625822,-20.46925],[-54.625745,-20.469249],[-54.625745,-20.469258],[-54.625707,-20.469257],[-54.625706,-20.469266],[-54.625697,-20.469266],[-54.625697,-20.469275],[-54.625687,-20.469275],[-54.625687,-20.469284],[-54.625668,-20.469284],[-54.625668,-20.469293],[-54.625648,-20.469293],[-54.625648,-20.469302],[-54.625639,-20.469302],[-54.625639,-20.469311],[-54.625629,-20.469311],[-54.625629,-20.46932],[-54.625619,-20.469319],[-54.625619,-20.469328],[-54.62561,-20.469328],[-54.625609,-20.469337],[-54.6256,-20.469337],[-54.6256,-20.469346],[-54.62559,-20.469346],[-54.62559,-20.469355],[-54.62558,-20.469355],[-54.62558,-20.469364],[-54.625561,-20.469364],[-54.625561,-20.469373],[-54.625551,-20.469373],[-54.625551,-20.469382],[-54.625532,-20.469381],[-54.625532,-20.46939],[-54.625513,-20.46939],[-54.625513,-20.469399],[-54.625503,-20.469399],[-54.625503,-20.469408],[-54.625484,-20.469408],[-54.625484,-20.469417],[-54.625474,-20.469417],[-54.625474,-20.469426],[-54.625464,-20.469426],[-54.625464,-20.469435],[-54.625455,-20.469435],[-54.625455,-20.469444],[-54.625445,-20.469443],[-54.625445,-20.469453],[-54.625435,-20.469452],[-54.625435,-20.469461],[-54.625425,-20.469461],[-54.625425,-20.46947],[-54.625416,-20.46947],[-54.625416,-20.469479],[-54.625406,-20.469479],[-54.625406,-20.469488],[-54.625396,-20.469488],[-54.625396,-20.469497],[-54.625387,-20.469497],[-54.625386,-20.469506],[-54.625377,-20.469506],[-54.625377,-20.469515],[-54.625367,-20.469515],[-54.625367,-20.469524],[-54.625357,-20.469524],[-54.625357,-20.469533],[-54.625348,-20.469532],[-54.625348,-20.469541],[-54.625338,-20.469541],[-54.625338,-20.46955],[-54.625328,-20.46955],[-54.625328,-20.469559],[-54.625319,-20.469559],[-54.625318,-20.469568],[-54.625309,-20.469568],[-54.625309,-20.469577],[-54.625299,-20.469577],[-54.625299,-20.469586],[-54.625289,-20.469586],[-54.625289,-20.469595],[-54.62528,-20.469595],[-54.62528,-20.469604],[-54.62527,-20.469604],[-54.62527,-20.469613],[-54.62526,-20.469613],[-54.62526,-20.469622],[-54.625251,-20.469621],[-54.62525,-20.46963],[-54.625241,-20.46963],[-54.625241,-20.469639],[-54.625231,-20.469639],[-54.625231,-20.469648],[-54.625221,-20.469648],[-54.625221,-20.469657],[-54.625212,-20.469657],[-54.625212,-20.469666],[-54.625202,-20.469666],[-54.625202,-20.469675],[-54.625192,-20.469675],[-54.625192,-20.469684],[-54.625183,-20.469684],[-54.625182,-20.469693],[-54.625173,-20.469693],[-54.625173,-20.469702],[-54.625163,-20.469702],[-54.625163,-20.469711],[-54.625153,-20.46971],[-54.625153,-20.469719],[-54.625144,-20.469719],[-54.625143,-20.469728],[-54.625134,-20.469728],[-54.625134,-20.469737],[-54.625124,-20.469737],[-54.625124,-20.469746],[-54.625114,-20.469746],[-54.625114,-20.469755],[-54.625105,-20.469755],[-54.625105,-20.469764],[-54.625095,-20.469764],[-54.625095,-20.469773],[-54.625085,-20.469773],[-54.625085,-20.469782],[-54.625076,-20.469782],[-54.625075,-20.469791],[-54.625066,-20.46979],[-54.625066,-20.4698],[-54.625056,-20.469799],[-54.625056,-20.469808],[-54.625046,-20.469808],[-54.625046,-20.469817],[-54.625037,-20.469817],[-54.625037,-20.469826],[-54.625027,-20.469826],[-54.625027,-20.469835],[-54.625017,-20.469835],[-54.625017,-20.469844],[-54.625008,-20.469844],[-54.625007,-20.469853],[-54.624998,-20.469853],[-54.624998,-20.469862],[-54.624988,-20.469862],[-54.624988,-20.469871],[-54.624978,-20.469871],[-54.624978,-20.46988],[-54.624969,-20.469879],[-54.624969,-20.469888],[-54.624959,-20.469888],[-54.624959,-20.469897],[-54.624949,-20.469897],[-54.624949,-20.469906],[-54.62494,-20.469906],[-54.624939,-20.469915],[-54.62493,-20.469915],[-54.62493,-20.469924],[-54.624911,-20.469924],[-54.62491,-20.469933],[-54.624527,-20.469928],[-54.624527,-20.469919],[-54.624202,-20.469914],[-54.624201,-20.469923],[-54.624192,-20.469923],[-54.624192,-20.469932],[-54.624182,-20.469932],[-54.624182,-20.469941],[-54.624172,-20.469941],[-54.624172,-20.46995],[-54.624163,-20.46995],[-54.624162,-20.469977],[-54.624153,-20.469977],[-54.624152,-20.470013],[-54.624143,-20.470013],[-54.624142,-20.47004],[-54.624133,-20.47004],[-54.624132,-20.470076],[-54.624122,-20.470076],[-54.624122,-20.470103],[-54.624112,-20.470103],[-54.624112,-20.470112],[-54.624122,-20.470112],[-54.624121,-20.470139],[-54.624112,-20.470139],[-54.624112,-20.470148],[-54.624102,-20.470148],[-54.624102,-20.470157],[-54.624092,-20.470156],[-54.624092,-20.470165],[-54.624083,-20.470165],[-54.624083,-20.470174],[-54.624073,-20.470174],[-54.624073,-20.470183],[-54.624063,-20.470183],[-54.624063,-20.470192],[-54.624054,-20.470192],[-54.624053,-20.470201],[-54.624044,-20.470201],[-54.624044,-20.47021],[-54.624034,-20.47021],[-54.624034,-20.470219],[-54.624024,-20.470219],[-54.624024,-20.470228],[-54.624015,-20.470228],[-54.624015,-20.470237],[-54.624005,-20.470237],[-54.624005,-20.470246],[-54.623995,-20.470245],[-54.623995,-20.470254],[-54.623986,-20.470254],[-54.623985,-20.470263],[-54.623976,-20.470263],[-54.623976,-20.470272],[-54.623966,-20.470272],[-54.623966,-20.470281],[-54.623956,-20.470281],[-54.623956,-20.47029],[-54.623947,-20.47029],[-54.623947,-20.470299],[-54.623937,-20.470299],[-54.623937,-20.470308],[-54.623927,-20.470308],[-54.623927,-20.470317],[-54.623917,-20.470317],[-54.623917,-20.470326],[-54.623908,-20.470325],[-54.623908,-20.470335],[-54.623898,-20.470334],[-54.623898,-20.470343],[-54.623888,-20.470343],[-54.623888,-20.470352],[-54.623879,-20.470352],[-54.623878,-20.470361],[-54.623869,-20.470361],[-54.623869,-20.47037],[-54.623859,-20.47037],[-54.623859,-20.470379],[-54.623849,-20.470379],[-54.623849,-20.470388],[-54.62384,-20.470388],[-54.62384,-20.470397],[-54.62383,-20.470397],[-54.62383,-20.470406],[-54.62382,-20.470406],[-54.62382,-20.470415],[-54.623811,-20.470414],[-54.62381,-20.470424],[-54.623801,-20.470423],[-54.623801,-20.470432],[-54.623791,-20.470432],[-54.623791,-20.470441],[-54.623781,-20.470441],[-54.623781,-20.47045],[-54.623772,-20.47045],[-54.623772,-20.470459],[-54.623762,-20.470459],[-54.623762,-20.470468],[-54.623752,-20.470468],[-54.623752,-20.470477],[-54.623743,-20.470477],[-54.623742,-20.470486],[-54.623733,-20.470486],[-54.623733,-20.470495],[-54.623723,-20.470495],[-54.623723,-20.470504],[-54.623713,-20.470503],[-54.623713,-20.47054],[-54.623703,-20.470539],[-54.623703,-20.470567],[-54.623693,-20.470566],[-54.623693,-20.470593],[-54.623683,-20.470593],[-54.623683,-20.47062],[-54.623673,-20.47062],[-54.623673,-20.470656],[-54.623663,-20.470656],[-54.623663,-20.470683],[-54.623653,-20.470683],[-54.623653,-20.47071],[-54.623643,-20.47071],[-54.623643,-20.470746],[-54.623633,-20.470746],[-54.623633,-20.470773],[-54.623623,-20.470773],[-54.623623,-20.4708],[-54.623613,-20.4708],[-54.623613,-20.470827],[-54.623603,-20.470827],[-54.623602,-20.470863],[-54.623593,-20.470863],[-54.623593,-20.470872],[-54.623583,-20.470872],[-54.623582,-20.470917],[-54.623573,-20.470917],[-54.623573,-20.470926],[-54.623563,-20.470926],[-54.623563,-20.470935],[-54.623553,-20.470935],[-54.623553,-20.470944],[-54.623544,-20.470944],[-54.623544,-20.470953],[-54.623534,-20.470953],[-54.623534,-20.470962],[-54.623524,-20.470961],[-54.623524,-20.47097],[-54.623515,-20.47097],[-54.623514,-20.470979],[-54.623505,-20.470979],[-54.623505,-20.470988],[-54.623495,-20.470988],[-54.623495,-20.470997],[-54.623485,-20.470997],[-54.623485,-20.471006],[-54.623476,-20.471006],[-54.623475,-20.471024],[-54.623466,-20.471024],[-54.623466,-20.471033],[-54.623456,-20.471033],[-54.623456,-20.471042],[-54.623446,-20.471042],[-54.623446,-20.471051],[-54.623437,-20.471051],[-54.623436,-20.471087],[-54.623427,-20.471086],[-54.623426,-20.471096],[-54.623417,-20.471095],[-54.623417,-20.471104],[-54.623407,-20.471104],[-54.623407,-20.471122],[-54.623397,-20.471122],[-54.623397,-20.471131],[-54.623387,-20.471131],[-54.623387,-20.47114],[-54.623378,-20.47114],[-54.623378,-20.471149],[-54.623368,-20.471149],[-54.623368,-20.471158],[-54.623358,-20.471158],[-54.623358,-20.471167],[-54.623349,-20.471167],[-54.623348,-20.471176],[-54.623339,-20.471176],[-54.623339,-20.471185],[-54.623329,-20.471184],[-54.623329,-20.471194],[-54.623319,-20.471193],[-54.623319,-20.471211],[-54.62331,-20.471211],[-54.623309,-20.47122],[-54.6233,-20.47122],[-54.6233,-20.471229],[-54.623214,-20.471228],[-54.623213,-20.471237],[-54.623204,-20.471237],[-54.623204,-20.471246],[-54.623194,-20.471246],[-54.623194,-20.471255],[-54.623184,-20.471255],[-54.623184,-20.471264],[-54.623175,-20.471264],[-54.623175,-20.471273],[-54.623165,-20.471273],[-54.623165,-20.471282],[-54.623155,-20.471281],[-54.623155,-20.47129],[-54.623145,-20.47129],[-54.623145,-20.471299],[-54.623136,-20.471299],[-54.623136,-20.471308],[-54.623126,-20.471308],[-54.623126,-20.471317],[-54.623116,-20.471317],[-54.623116,-20.471326],[-54.623107,-20.471326],[-54.623106,-20.471335],[-54.623097,-20.471335],[-54.623094,-20.471524],[-54.623084,-20.471524],[-54.623084,-20.471542],[-54.623075,-20.471542],[-54.623074,-20.471587],[-54.623064,-20.471587],[-54.623064,-20.471614],[-54.623054,-20.471614],[-54.623054,-20.471641],[-54.623044,-20.471641],[-54.623044,-20.47165],[-54.623035,-20.47165],[-54.623034,-20.471659],[-54.623015,-20.471659],[-54.623015,-20.471668],[-54.623006,-20.471668],[-54.623005,-20.471677],[-54.622996,-20.471677],[-54.622996,-20.471686],[-54.622986,-20.471685],[-54.622986,-20.471695],[-54.622976,-20.471694],[-54.622976,-20.471703],[-54.622967,-20.471703],[-54.622967,-20.471712],[-54.622957,-20.471712],[-54.622957,-20.471721],[-54.622947,-20.471721],[-54.622947,-20.47173],[-54.622937,-20.47173],[-54.622937,-20.471739],[-54.622928,-20.471739],[-54.622928,-20.471748],[-54.622918,-20.471748],[-54.622918,-20.471757],[-54.622908,-20.471757],[-54.622908,-20.471766],[-54.622899,-20.471766],[-54.622898,-20.471775],[-54.622889,-20.471774],[-54.622889,-20.471783],[-54.622879,-20.471783],[-54.622879,-20.471792],[-54.622869,-20.471792],[-54.622869,-20.471801],[-54.62286,-20.471801],[-54.62286,-20.47181],[-54.62285,-20.47181],[-54.62285,-20.471819],[-54.62284,-20.471819],[-54.62284,-20.471828],[-54.622831,-20.471828],[-54.62283,-20.471837],[-54.622821,-20.471837],[-54.622821,-20.471846],[-54.622811,-20.471846],[-54.622811,-20.471855],[-54.622801,-20.471855],[-54.622801,-20.471864],[-54.622792,-20.471863],[-54.622792,-20.471872],[-54.622782,-20.471872],[-54.622782,-20.471881],[-54.622772,-20.471881],[-54.622772,-20.47189],[-54.622763,-20.47189],[-54.622762,-20.471899],[-54.622753,-20.471899],[-54.622753,-20.471908],[-54.622743,-20.471908],[-54.622743,-20.471917],[-54.622733,-20.471917],[-54.622733,-20.471926],[-54.622724,-20.471926],[-54.622724,-20.471935],[-54.622714,-20.471935],[-54.622714,-20.471944],[-54.622704,-20.471944],[-54.622704,-20.471953],[-54.622694,-20.471952],[-54.622694,-20.471961],[-54.622685,-20.471961],[-54.622685,-20.47197],[-54.622675,-20.47197],[-54.622675,-20.471979],[-54.622665,-20.471979],[-54.622665,-20.471988],[-54.622656,-20.471988],[-54.622655,-20.471997],[-54.622646,-20.471997],[-54.622646,-20.472006],[-54.622636,-20.472006],[-54.622636,-20.472015],[-54.622626,-20.472015],[-54.622626,-20.472024],[-54.622617,-20.472024],[-54.622617,-20.472033],[-54.622607,-20.472032],[-54.622607,-20.472042],[-54.622597,-20.472041],[-54.622597,-20.47205],[-54.622588,-20.47205],[-54.622587,-20.472059],[-54.622578,-20.472059],[-54.622578,-20.472068],[-54.622568,-20.472068],[-54.622568,-20.472077],[-54.622558,-20.472077],[-54.622558,-20.472086],[-54.622549,-20.472086],[-54.622549,-20.472095],[-54.622539,-20.472095],[-54.622539,-20.472104],[-54.622529,-20.472104],[-54.622529,-20.472113],[-54.62252,-20.472113],[-54.622519,-20.472122],[-54.62251,-20.472121],[-54.62251,-20.47213],[-54.6225,-20.47213],[-54.6225,-20.472139],[-54.62249,-20.472139],[-54.62249,-20.472148],[-54.622481,-20.472148],[-54.622481,-20.472157],[-54.622471,-20.472157],[-54.622471,-20.472166],[-54.622461,-20.472166],[-54.622461,-20.472175],[-54.622452,-20.472175],[-54.622451,-20.472184],[-54.622442,-20.472184],[-54.622442,-20.472193],[-54.622432,-20.472193],[-54.622432,-20.472202],[-54.622422,-20.472202],[-54.622422,-20.472211],[-54.621991,-20.472205],[-54.621991,-20.472214],[-54.621981,-20.472214],[-54.621981,-20.472223],[-54.621972,-20.472222],[-54.621972,-20.472231],[-54.621962,-20.472231],[-54.621962,-20.47224],[-54.621943,-20.47224],[-54.621942,-20.472249],[-54.621933,-20.472249],[-54.621933,-20.472258],[-54.621923,-20.472258],[-54.621923,-20.472267],[-54.621913,-20.472267],[-54.621913,-20.472276],[-54.621731,-20.472273],[-54.621731,-20.472282],[-54.621712,-20.472282],[-54.621712,-20.472309],[-54.621702,-20.472309],[-54.621701,-20.472354],[-54.621692,-20.472354],[-54.621691,-20.47239],[-54.621682,-20.47239],[-54.621681,-20.472435],[-54.621671,-20.472435],[-54.621671,-20.472462],[-54.621661,-20.472462],[-54.621661,-20.472471],[-54.621652,-20.472471],[-54.621651,-20.47248],[-54.621642,-20.47248],[-54.621642,-20.472498],[-54.621632,-20.472498],[-54.621632,-20.472507],[-54.621622,-20.472507],[-54.621622,-20.472516],[-54.621613,-20.472516],[-54.621612,-20.472525],[-54.621603,-20.472524],[-54.621603,-20.472542],[-54.621593,-20.472542],[-54.621593,-20.472551],[-54.621583,-20.472551],[-54.621574,-20.472551],[-54.621574,-20.47256],[-54.621564,-20.47256],[-54.621564,-20.472578],[-54.621554,-20.472578],[-54.621554,-20.472587],[-54.621544,-20.472587],[-54.621544,-20.472605],[-54.621535,-20.472605],[-54.621534,-20.472623],[-54.621525,-20.472623],[-54.621525,-20.472632],[-54.621515,-20.472632],[-54.621515,-20.47265],[-54.621505,-20.47265],[-54.621505,-20.472659],[-54.621495,-20.472658],[-54.621495,-20.472676],[-54.621486,-20.472676],[-54.621485,-20.472694],[-54.621476,-20.472694],[-54.621476,-20.472703],[-54.621466,-20.472703],[-54.621466,-20.472721],[-54.621456,-20.472721],[-54.621456,-20.472739],[-54.621446,-20.472739],[-54.621446,-20.472748],[-54.621437,-20.472748],[-54.621436,-20.472766],[-54.621427,-20.472766],[-54.621427,-20.472775],[-54.621417,-20.472775],[-54.621417,-20.472793],[-54.621407,-20.472793],[-54.621407,-20.472829],[-54.621416,-20.472829],[-54.621416,-20.472838],[-54.621435,-20.472838],[-54.621435,-20.472847],[-54.621445,-20.472847],[-54.621444,-20.472856],[-54.621464,-20.472857],[-54.621463,-20.472866],[-54.621483,-20.472866],[-54.621482,-20.472875],[-54.621492,-20.472875],[-54.621492,-20.472884],[-54.621511,-20.472884],[-54.621511,-20.472893],[-54.62153,-20.472894],[-54.62153,-20.472903],[-54.62154,-20.472903],[-54.621539,-20.472912],[-54.621559,-20.472912],[-54.621558,-20.472921],[-54.621578,-20.472921],[-54.621577,-20.47293],[-54.621597,-20.472931],[-54.621596,-20.47294],[-54.621606,-20.47294],[-54.621606,-20.472949],[-54.621615,-20.472949],[-54.621615,-20.472985],[-54.621625,-20.472985],[-54.621623,-20.473067],[-54.621633,-20.473067],[-54.621632,-20.473148],[-54.621641,-20.473148],[-54.62164,-20.473229],[-54.621649,-20.473229],[-54.621649,-20.473293],[-54.621639,-20.473293],[-54.621639,-20.47332],[-54.621629,-20.473319],[-54.621629,-20.473347],[-54.621619,-20.473346],[-54.621619,-20.473374],[-54.621609,-20.473373],[-54.621609,-20.4734],[-54.621599,-20.4734],[-54.621599,-20.473427],[-54.621589,-20.473427],[-54.621589,-20.473454],[-54.621579,-20.473454],[-54.621579,-20.473481],[-54.621569,-20.473481],[-54.621568,-20.473517],[-54.621559,-20.473517],[-54.621558,-20.473544],[-54.621549,-20.473544],[-54.621548,-20.473571],[-54.621539,-20.473571],[-54.621538,-20.473598],[-54.621529,-20.473598],[-54.621528,-20.473625],[-54.621519,-20.473625],[-54.621519,-20.473643],[-54.621509,-20.473643],[-54.621509,-20.473652],[-54.621499,-20.473652],[-54.621499,-20.473661],[-54.62149,-20.473661],[-54.621489,-20.47367],[-54.62148,-20.47367],[-54.62148,-20.473679],[-54.62147,-20.473679],[-54.62147,-20.473688],[-54.62146,-20.473687],[-54.62146,-20.473696],[-54.621451,-20.473696],[-54.621451,-20.473705],[-54.621441,-20.473705],[-54.621441,-20.473714],[-54.621431,-20.473714],[-54.621431,-20.473723],[-54.621421,-20.473723],[-54.621421,-20.473732],[-54.621412,-20.473732],[-54.621412,-20.473741],[-54.621402,-20.473741],[-54.621402,-20.47375],[-54.621392,-20.47375],[-54.621392,-20.473759],[-54.621383,-20.473759],[-54.621382,-20.473768],[-54.621373,-20.473767],[-54.621373,-20.473777],[-54.621363,-20.473776],[-54.621363,-20.473785],[-54.621353,-20.473785],[-54.621353,-20.473794],[-54.621344,-20.473794],[-54.621344,-20.473803],[-54.621334,-20.473803],[-54.621334,-20.473812],[-54.621324,-20.473812],[-54.621324,-20.473821],[-54.621315,-20.473821],[-54.621314,-20.47383],[-54.621305,-20.47383],[-54.621305,-20.473839],[-54.621295,-20.473839],[-54.621295,-20.473848],[-54.621285,-20.473848],[-54.621285,-20.473857],[-54.621276,-20.473856],[-54.621276,-20.473865],[-54.621266,-20.473865],[-54.621266,-20.473874],[-54.621256,-20.473874],[-54.621256,-20.473883],[-54.621247,-20.473883],[-54.621246,-20.473892],[-54.621237,-20.473892],[-54.621237,-20.473901],[-54.621227,-20.473901],[-54.621227,-20.47391],[-54.621217,-20.47391],[-54.621217,-20.473919],[-54.621208,-20.473919],[-54.621208,-20.473928],[-54.621198,-20.473928],[-54.621198,-20.473937],[-54.621179,-20.473936],[-54.621178,-20.473945],[-54.621169,-20.473945],[-54.621169,-20.473954],[-54.621159,-20.473954],[-54.621159,-20.473963],[-54.621149,-20.473963],[-54.621149,-20.473972],[-54.62114,-20.473972],[-54.62114,-20.473981],[-54.62113,-20.473981],[-54.62113,-20.47399],[-54.62112,-20.47399],[-54.62112,-20.473999],[-54.621111,-20.473999],[-54.62111,-20.474008],[-54.621101,-20.474008],[-54.621101,-20.474017],[-54.621091,-20.474016],[-54.621091,-20.474025],[-54.621081,-20.474025],[-54.621081,-20.474034],[-54.621072,-20.474034],[-54.621072,-20.474043],[-54.621062,-20.474043],[-54.621062,-20.474052],[-54.621052,-20.474052],[-54.621052,-20.474061],[-54.621043,-20.474061],[-54.621042,-20.474079],[-54.621033,-20.474079],[-54.621033,-20.474088],[-54.621023,-20.474088],[-54.621023,-20.474097],[-54.621013,-20.474097],[-54.621013,-20.474106],[-54.621004,-20.474106],[-54.621003,-20.474115],[-54.620994,-20.474114],[-54.620994,-20.474123],[-54.620984,-20.474123],[-54.620984,-20.474132],[-54.620974,-20.474132],[-54.620974,-20.474141],[-54.620965,-20.474141],[-54.620965,-20.47415],[-54.620955,-20.47415],[-54.620955,-20.474159],[-54.620945,-20.474159],[-54.620945,-20.474168],[-54.620936,-20.474168],[-54.620935,-20.474177],[-54.620926,-20.474177],[-54.620926,-20.474186],[-54.620916,-20.474186],[-54.620916,-20.474195],[-54.620906,-20.474195],[-54.620906,-20.474204],[-54.620897,-20.474203],[-54.620896,-20.474212],[-54.620887,-20.474212],[-54.620887,-20.474221],[-54.620877,-20.474221],[-54.620877,-20.47423],[-54.620867,-20.47423],[-54.620867,-20.474239],[-54.620858,-20.474239],[-54.620856,-20.474365],[-54.620846,-20.474365],[-54.620846,-20.474374],[-54.620836,-20.474374],[-54.620836,-20.474383],[-54.620827,-20.474383],[-54.620827,-20.474392],[-54.620817,-20.474392],[-54.620817,-20.474401],[-54.620807,-20.474401],[-54.620807,-20.47441],[-54.620798,-20.47441],[-54.620797,-20.474419],[-54.620788,-20.474419],[-54.620788,-20.474428],[-54.620778,-20.474428],[-54.620778,-20.474437],[-54.620768,-20.474436],[-54.620768,-20.474445],[-54.620759,-20.474445],[-54.620759,-20.474454],[-54.620749,-20.474454],[-54.620749,-20.474463],[-54.620739,-20.474463],[-54.620739,-20.474472],[-54.62073,-20.474472],[-54.620729,-20.474481],[-54.62072,-20.474481],[-54.62072,-20.47449],[-54.62071,-20.47449],[-54.62071,-20.474499],[-54.6207,-20.474499],[-54.6207,-20.474508],[-54.620691,-20.474508],[-54.620691,-20.474517],[-54.620681,-20.474517],[-54.620681,-20.474526],[-54.620671,-20.474525],[-54.620671,-20.474534],[-54.620662,-20.474534],[-54.620661,-20.474543],[-54.620652,-20.474543],[-54.620652,-20.474552],[-54.620642,-20.474552],[-54.620642,-20.474561],[-54.620632,-20.474561],[-54.620632,-20.47457],[-54.620623,-20.47457],[-54.620623,-20.474579],[-54.620613,-20.474579],[-54.620613,-20.474588],[-54.620603,-20.474588],[-54.620603,-20.474597],[-54.620594,-20.474597],[-54.620593,-20.474606],[-54.620584,-20.474606],[-54.620584,-20.474615],[-54.620574,-20.474614],[-54.620574,-20.474623],[-54.620564,-20.474623],[-54.620564,-20.474632],[-54.620555,-20.474632],[-54.620554,-20.474641],[-54.620545,-20.474641],[-54.620545,-20.47465],[-54.620535,-20.47465],[-54.620535,-20.474659],[-54.620525,-20.474659],[-54.620525,-20.474668],[-54.620516,-20.474668],[-54.620516,-20.474677],[-54.620496,-20.474677],[-54.620496,-20.474704],[-54.620486,-20.474704],[-54.620486,-20.474713],[-54.620477,-20.474712],[-54.620477,-20.474721],[-54.620467,-20.474721],[-54.620467,-20.47473],[-54.620457,-20.47473],[-54.620457,-20.474739],[-54.620448,-20.474739],[-54.620447,-20.474748],[-54.620438,-20.474748],[-54.620438,-20.474757],[-54.620428,-20.474757],[-54.620428,-20.474766],[-54.620418,-20.474766],[-54.620418,-20.474775],[-54.620409,-20.474775],[-54.620409,-20.474784],[-54.620399,-20.474784],[-54.620399,-20.474793],[-54.620389,-20.474792],[-54.620389,-20.474802],[-54.62038,-20.474801],[-54.620379,-20.47481],[-54.62037,-20.47481],[-54.62037,-20.474819],[-54.62036,-20.474819],[-54.62036,-20.474828],[-54.62035,-20.474828],[-54.62035,-20.474837],[-54.620341,-20.474837],[-54.620341,-20.474846],[-54.620331,-20.474846],[-54.620331,-20.474855],[-54.620321,-20.474855],[-54.620321,-20.474864],[-54.620311,-20.474864],[-54.620311,-20.474873],[-54.620302,-20.474873],[-54.620302,-20.474882],[-54.620292,-20.474881],[-54.620292,-20.4749],[-54.620282,-20.474899],[-54.620282,-20.474908],[-54.620272,-20.474908],[-54.620272,-20.474926],[-54.620263,-20.474926],[-54.620262,-20.474944],[-54.620253,-20.474944],[-54.620253,-20.474953],[-54.620243,-20.474953],[-54.620242,-20.474989],[-54.620233,-20.474989],[-54.620232,-20.475025],[-54.620223,-20.475025],[-54.620222,-20.47507],[-54.620212,-20.47507],[-54.620212,-20.475115],[-54.620202,-20.475115],[-54.620202,-20.475151],[-54.620192,-20.475151],[-54.620182,-20.475774],[-54.620173,-20.475774],[-54.620173,-20.475792],[-54.620163,-20.475792],[-54.620163,-20.475801],[-54.620153,-20.475801],[-54.620153,-20.475837],[-54.620143,-20.475837],[-54.620143,-20.475846],[-54.620133,-20.475846],[-54.620133,-20.475873],[-54.620123,-20.475872],[-54.62012,-20.476071],[-54.62013,-20.476071],[-54.62013,-20.476098],[-54.620139,-20.476098],[-54.620138,-20.476162],[-54.620129,-20.476162],[-54.620128,-20.476171],[-54.620119,-20.47617],[-54.620119,-20.476179],[-54.620109,-20.476179],[-54.620109,-20.476188],[-54.620099,-20.476188],[-54.620099,-20.476197],[-54.62008,-20.476197],[-54.62008,-20.476206],[-54.62007,-20.476206],[-54.62007,-20.476215],[-54.620061,-20.476215],[-54.620061,-20.476224],[-54.620051,-20.476224],[-54.620051,-20.476233],[-54.620041,-20.476233],[-54.62004,-20.476287],[-54.620031,-20.476287],[-54.62003,-20.476314],[-54.620021,-20.476314],[-54.620021,-20.476323],[-54.620011,-20.476322],[-54.620011,-20.476331],[-54.620001,-20.476331],[-54.620001,-20.47634],[-54.619992,-20.47634],[-54.619992,-20.476349],[-54.619982,-20.476349],[-54.619982,-20.476358],[-54.619972,-20.476358],[-54.619972,-20.476367],[-54.619962,-20.476367],[-54.619962,-20.476376],[-54.619953,-20.476376],[-54.619953,-20.476385],[-54.619943,-20.476385],[-54.619943,-20.476394],[-54.619933,-20.476394],[-54.619933,-20.476403],[-54.619924,-20.476403],[-54.619923,-20.476412],[-54.619914,-20.476411],[-54.619914,-20.47642],[-54.619904,-20.47642],[-54.619904,-20.476429],[-54.619894,-20.476429],[-54.619894,-20.476438],[-54.619885,-20.476438],[-54.619885,-20.476447],[-54.619875,-20.476447],[-54.619875,-20.476456],[-54.619865,-20.476456],[-54.619865,-20.476465],[-54.619856,-20.476465],[-54.619855,-20.476474],[-54.619846,-20.476474],[-54.619846,-20.476483],[-54.619836,-20.476483],[-54.619836,-20.476492],[-54.619826,-20.476491],[-54.619826,-20.476501],[-54.619817,-20.4765],[-54.619817,-20.476509],[-54.619807,-20.476509],[-54.619807,-20.476518],[-54.619797,-20.476518],[-54.619797,-20.476527],[-54.619788,-20.476527],[-54.619787,-20.476536],[-54.619778,-20.476536],[-54.619778,-20.476545],[-54.619768,-20.476545],[-54.619768,-20.476554],[-54.619758,-20.476554],[-54.619758,-20.476563],[-54.619749,-20.476563],[-54.619749,-20.476572],[-54.619739,-20.476572],[-54.619739,-20.476581],[-54.619729,-20.47658],[-54.619729,-20.476589],[-54.619719,-20.476589],[-54.619719,-20.476598],[-54.61971,-20.476598],[-54.61971,-20.476607],[-54.6197,-20.476607],[-54.6197,-20.476616],[-54.61969,-20.476616],[-54.61969,-20.476625],[-54.619681,-20.476625],[-54.61968,-20.476634],[-54.619671,-20.476634],[-54.619671,-20.476643],[-54.619661,-20.476643],[-54.619661,-20.476652],[-54.619651,-20.476652],[-54.619651,-20.476661],[-54.619642,-20.476661],[-54.619642,-20.47667],[-54.619632,-20.476669],[-54.619632,-20.476678],[-54.619622,-20.476678],[-54.619622,-20.476687],[-54.619613,-20.476687],[-54.619612,-20.476696],[-54.619603,-20.476696],[-54.619603,-20.476705],[-54.619593,-20.476705],[-54.619593,-20.476714],[-54.619583,-20.476714],[-54.619583,-20.476723],[-54.619574,-20.476723],[-54.619574,-20.476732],[-54.619564,-20.476732],[-54.619564,-20.476741],[-54.619506,-20.47674],[-54.619504,-20.476866],[-54.619495,-20.476866],[-54.619495,-20.476875],[-54.619485,-20.476875],[-54.619485,-20.476884],[-54.619475,-20.476884],[-54.619475,-20.476893],[-54.619466,-20.476893],[-54.619466,-20.476902],[-54.619456,-20.476902],[-54.619456,-20.476911],[-54.619446,-20.476911],[-54.619446,-20.47692],[-54.619437,-20.47692],[-54.619436,-20.476929],[-54.619427,-20.476929],[-54.619427,-20.476938],[-54.619417,-20.476937],[-54.619417,-20.476946],[-54.619407,-20.476946],[-54.619407,-20.476955],[-54.619398,-20.476955],[-54.619397,-20.476964],[-54.619388,-20.476964],[-54.619388,-20.476973],[-54.619378,-20.476973],[-54.619378,-20.476982],[-54.619368,-20.476982],[-54.619368,-20.476991],[-54.619359,-20.476991],[-54.619359,-20.477],[-54.619349,-20.477],[-54.619349,-20.477009],[-54.619339,-20.477009],[-54.619339,-20.477018],[-54.61933,-20.477017],[-54.619329,-20.477026],[-54.61932,-20.477026],[-54.61932,-20.477035],[-54.61931,-20.477035],[-54.61931,-20.477044],[-54.619262,-20.477044],[-54.619262,-20.477053],[-54.619252,-20.477053],[-54.619252,-20.477062],[-54.619243,-20.477061],[-54.619243,-20.47707],[-54.619233,-20.47707],[-54.619233,-20.477079],[-54.619223,-20.477079],[-54.619223,-20.477088],[-54.619204,-20.477088],[-54.619204,-20.477097],[-54.619194,-20.477097],[-54.619194,-20.477106],[-54.619184,-20.477106],[-54.619184,-20.477115],[-54.619175,-20.477115],[-54.619175,-20.477124],[-54.619165,-20.477124],[-54.619165,-20.477133],[-54.619155,-20.477132],[-54.619155,-20.477142],[-54.619146,-20.477141],[-54.619145,-20.47715],[-54.619136,-20.47715],[-54.619136,-20.477159],[-54.619126,-20.477159],[-54.619126,-20.477168],[-54.619116,-20.477168],[-54.619116,-20.477177],[-54.619107,-20.477177],[-54.619107,-20.477186],[-54.619097,-20.477186],[-54.619097,-20.477195],[-54.619087,-20.477195],[-54.619087,-20.477204],[-54.619078,-20.477204],[-54.619077,-20.477213],[-54.619068,-20.477213],[-54.619068,-20.477222],[-54.619058,-20.477221],[-54.619058,-20.47723],[-54.619048,-20.47723],[-54.619048,-20.477239],[-54.619039,-20.477239],[-54.619039,-20.477248],[-54.619029,-20.477248],[-54.619029,-20.477257],[-54.619019,-20.477257],[-54.619019,-20.477266],[-54.61901,-20.477266],[-54.619009,-20.477275],[-54.619,-20.477275],[-54.619,-20.477284],[-54.61899,-20.477284],[-54.61899,-20.477293],[-54.618971,-20.477292],[-54.618971,-20.477302],[-54.618961,-20.477301],[-54.618961,-20.47731],[-54.618951,-20.47731],[-54.618951,-20.477319],[-54.618942,-20.477319],[-54.618941,-20.477328],[-54.618932,-20.477328],[-54.618932,-20.477337],[-54.618922,-20.477337],[-54.618922,-20.477346],[-54.618912,-20.477346],[-54.618912,-20.477355],[-54.618903,-20.477355],[-54.618903,-20.477364],[-54.618883,-20.477364],[-54.618883,-20.477373],[-54.618845,-20.477372],[-54.618845,-20.477381],[-54.618816,-20.477381],[-54.618816,-20.47739],[-54.618778,-20.477389],[-54.618777,-20.477398],[-54.618749,-20.477398],[-54.618749,-20.477407],[-54.61872,-20.477406],[-54.61872,-20.477415],[-54.618681,-20.477415],[-54.618681,-20.477424],[-54.618653,-20.477424],[-54.618652,-20.477433],[-54.618614,-20.477432],[-54.618614,-20.477441],[-54.618604,-20.477441],[-54.618604,-20.47745],[-54.617828,-20.477439],[-54.617828,-20.47743],[-54.617675,-20.477428],[-54.617675,-20.477437],[-54.617656,-20.477437],[-54.617656,-20.477446],[-54.617646,-20.477446],[-54.617646,-20.477455],[-54.617636,-20.477455],[-54.617636,-20.477464],[-54.617617,-20.477464],[-54.617617,-20.477473],[-54.617607,-20.477472],[-54.617607,-20.477481],[-54.617598,-20.477481],[-54.617597,-20.47749],[-54.617578,-20.47749],[-54.617578,-20.477499],[-54.617569,-20.477499],[-54.617568,-20.477508],[-54.617559,-20.477508],[-54.617559,-20.477517],[-54.617539,-20.477517],[-54.617539,-20.477526],[-54.61753,-20.477526],[-54.61753,-20.477535],[-54.61752,-20.477534],[-54.61752,-20.477544],[-54.617501,-20.477543],[-54.617501,-20.477552],[-54.617491,-20.477552],[-54.617491,-20.477561],[-54.617481,-20.477561],[-54.617481,-20.47757],[-54.617462,-20.47757],[-54.617462,-20.477579],[-54.617452,-20.477579],[-54.617452,-20.477588],[-54.617443,-20.477588],[-54.617442,-20.477597],[-54.617404,-20.477596],[-54.617404,-20.477605],[-54.617394,-20.477605],[-54.617394,-20.477614],[-54.617385,-20.477614],[-54.617385,-20.477623],[-54.617375,-20.477623],[-54.617375,-20.477632],[-54.617365,-20.477632],[-54.617365,-20.477668],[-54.617355,-20.477668],[-54.617353,-20.477776],[-54.617325,-20.477776],[-54.617325,-20.477785],[-54.617305,-20.477784],[-54.617305,-20.477793],[-54.617286,-20.477793],[-54.617286,-20.477802],[-54.617267,-20.477802],[-54.617267,-20.477811],[-54.617247,-20.477811],[-54.617247,-20.47782],[-54.617219,-20.477819],[-54.617218,-20.477828],[-54.617209,-20.477828],[-54.617209,-20.477819],[-54.617161,-20.477819],[-54.617161,-20.477828],[-54.617151,-20.477827],[-54.617151,-20.477836],[-54.617142,-20.477836],[-54.617142,-20.477845],[-54.617132,-20.477845],[-54.617132,-20.477854],[-54.617122,-20.477854],[-54.617122,-20.477863],[-54.617113,-20.477863],[-54.617112,-20.477872],[-54.616748,-20.477867],[-54.616748,-20.477876],[-54.616739,-20.477876],[-54.616738,-20.477885],[-54.616729,-20.477885],[-54.616729,-20.477894],[-54.616719,-20.477894],[-54.616719,-20.477903],[-54.616709,-20.477903],[-54.616709,-20.477912],[-54.6167,-20.477912],[-54.6167,-20.477921],[-54.61669,-20.47792],[-54.61669,-20.477929],[-54.61668,-20.477929],[-54.61668,-20.477938],[-54.616671,-20.477938],[-54.61667,-20.477947],[-54.616661,-20.477947],[-54.616661,-20.477956],[-54.616651,-20.477956],[-54.616651,-20.477965],[-54.616641,-20.477965],[-54.616641,-20.477974],[-54.616632,-20.477974],[-54.616632,-20.477983],[-54.616622,-20.477983],[-54.616622,-20.477992],[-54.616612,-20.477992],[-54.616612,-20.478001],[-54.616602,-20.478],[-54.616602,-20.47801],[-54.616593,-20.478009],[-54.616593,-20.478018],[-54.616583,-20.478018],[-54.616583,-20.478027],[-54.616573,-20.478027],[-54.616573,-20.478036],[-54.616564,-20.478036],[-54.616563,-20.478045],[-54.616554,-20.478045],[-54.616554,-20.478054],[-54.616544,-20.478054],[-54.616544,-20.478063],[-54.616534,-20.478063],[-54.616534,-20.478072],[-54.616525,-20.478072],[-54.616525,-20.478081],[-54.616515,-20.478081],[-54.616515,-20.47809],[-54.616505,-20.478089],[-54.616505,-20.478098],[-54.616496,-20.478098],[-54.616495,-20.478107],[-54.616486,-20.478107],[-54.616486,-20.478116],[-54.616467,-20.478116],[-54.616466,-20.478125],[-54.616457,-20.478125],[-54.616457,-20.478134],[-54.616447,-20.478134],[-54.616447,-20.478143],[-54.616437,-20.478143],[-54.616437,-20.478152],[-54.616428,-20.478152],[-54.616428,-20.478161],[-54.616418,-20.478161],[-54.616418,-20.47817],[-54.616408,-20.478169],[-54.616408,-20.478178],[-54.616399,-20.478178],[-54.616398,-20.478187],[-54.616389,-20.478187],[-54.616389,-20.478196],[-54.616379,-20.478196],[-54.616379,-20.478205],[-54.616369,-20.478205],[-54.616369,-20.478214],[-54.61636,-20.478214],[-54.616359,-20.478223],[-54.61635,-20.478223],[-54.616347,-20.478421],[-54.616337,-20.478421],[-54.616337,-20.47843],[-54.616328,-20.47843],[-54.616327,-20.478439],[-54.616318,-20.478439],[-54.616318,-20.478448],[-54.616308,-20.478448],[-54.616308,-20.478457],[-54.616298,-20.478457],[-54.616298,-20.478466],[-54.616289,-20.478466],[-54.616289,-20.478475],[-54.616269,-20.478475],[-54.616269,-20.478484],[-54.61626,-20.478483],[-54.616259,-20.478492],[-54.61625,-20.478492],[-54.61625,-20.478501],[-54.616231,-20.478501],[-54.61623,-20.47851],[-54.616221,-20.47851],[-54.616221,-20.478519],[-54.616211,-20.478519],[-54.616211,-20.478528],[-54.616192,-20.478528],[-54.616192,-20.478537],[-54.616182,-20.478537],[-54.616182,-20.478546],[-54.616172,-20.478545],[-54.616172,-20.478554],[-54.616163,-20.478554],[-54.616163,-20.478563],[-54.616153,-20.478563],[-54.616153,-20.478572],[-54.616143,-20.478572],[-54.616143,-20.478581],[-54.616134,-20.478581],[-54.616133,-20.47859],[-54.616076,-20.478589],[-54.616076,-20.478598],[-54.616066,-20.478598],[-54.616066,-20.478607],[-54.616056,-20.478607],[-54.616056,-20.478616],[-54.616047,-20.478616],[-54.616047,-20.478625],[-54.616037,-20.478625],[-54.616037,-20.478634],[-54.616027,-20.478634],[-54.616027,-20.478643],[-54.615989,-20.478642],[-54.615989,-20.478651],[-54.615979,-20.478651],[-54.615979,-20.47866],[-54.615969,-20.47866],[-54.615969,-20.478669],[-54.615941,-20.478669],[-54.61594,-20.478678],[-54.615931,-20.478678],[-54.615931,-20.478687],[-54.615921,-20.478686],[-54.615921,-20.478695],[-54.615911,-20.478695],[-54.615911,-20.478704],[-54.615902,-20.478704],[-54.615901,-20.478722],[-54.615892,-20.478722],[-54.615892,-20.478731],[-54.615882,-20.478731],[-54.615882,-20.47874],[-54.615872,-20.47874],[-54.615871,-20.478803],[-54.615862,-20.478803],[-54.615862,-20.478821],[-54.615842,-20.478821],[-54.615842,-20.47883],[-54.615823,-20.47883],[-54.615823,-20.478839],[-54.615171,-20.47883],[-54.615172,-20.478821],[-54.615152,-20.47882],[-54.615153,-20.478811],[-54.615133,-20.478811],[-54.615134,-20.478802],[-54.615124,-20.478802],[-54.615114,-20.478802],[-54.615115,-20.478793],[-54.615095,-20.478793],[-54.615095,-20.478783],[-54.615076,-20.478783],[-54.615076,-20.478774],[-54.615057,-20.478774],[-54.615057,-20.478765],[-54.615048,-20.478765],[-54.615048,-20.478756],[-54.614923,-20.478754],[-54.614923,-20.478763],[-54.614914,-20.478763],[-54.614914,-20.478772],[-54.614904,-20.478772],[-54.614904,-20.478781],[-54.614894,-20.478781],[-54.614894,-20.47879],[-54.614885,-20.47879],[-54.614884,-20.478799],[-54.614875,-20.478799],[-54.614875,-20.478808],[-54.614856,-20.478807],[-54.614855,-20.478825],[-54.614846,-20.478825],[-54.614846,-20.478834],[-54.614836,-20.478834],[-54.614836,-20.478843],[-54.614817,-20.478843],[-54.614816,-20.478861],[-54.614797,-20.478861],[-54.614797,-20.47887],[-54.614788,-20.47887],[-54.614787,-20.478879],[-54.614778,-20.478878],[-54.614778,-20.478897],[-54.614758,-20.478896],[-54.614758,-20.478905],[-54.614749,-20.478905],[-54.614748,-20.478914],[-54.614739,-20.478914],[-54.614739,-20.478932],[-54.614604,-20.47893],[-54.614604,-20.478939],[-54.614595,-20.478939],[-54.614595,-20.478948],[-54.614585,-20.478948],[-54.614585,-20.478966],[-54.614575,-20.478966],[-54.614575,-20.478975],[-54.614565,-20.478975],[-54.614565,-20.478993],[-54.614556,-20.478993],[-54.614555,-20.479011],[-54.614546,-20.479011],[-54.614545,-20.479029],[-54.614536,-20.479029],[-54.614536,-20.479038],[-54.614526,-20.479038],[-54.614526,-20.479056],[-54.614516,-20.479055],[-54.614516,-20.479074],[-54.614506,-20.479073],[-54.614506,-20.479091],[-54.614497,-20.479091],[-54.614496,-20.4791],[-54.614487,-20.4791],[-54.614487,-20.479109],[-54.614477,-20.479109],[-54.614477,-20.479118],[-54.614467,-20.479118],[-54.614466,-20.479208],[-54.614447,-20.479208],[-54.614447,-20.479217],[-54.614418,-20.479217],[-54.614418,-20.479226],[-54.614389,-20.479225],[-54.614389,-20.479234],[-54.61436,-20.479234],[-54.61436,-20.479243],[-54.614341,-20.479243],[-54.614341,-20.479252],[-54.614312,-20.479251],[-54.614312,-20.47926],[-54.614283,-20.47926],[-54.614283,-20.479269],[-54.614254,-20.479269],[-54.614254,-20.479278],[-54.614235,-20.479277],[-54.614235,-20.479286],[-54.614206,-20.479286],[-54.614206,-20.479295],[-54.614177,-20.479295],[-54.614177,-20.479304],[-54.614148,-20.479303],[-54.614148,-20.479312],[-54.613755,-20.479307],[-54.613755,-20.479316],[-54.613746,-20.479316],[-54.613746,-20.479325],[-54.613726,-20.479325],[-54.613726,-20.479334],[-54.613717,-20.479333],[-54.613717,-20.479342],[-54.613707,-20.479342],[-54.613707,-20.479351],[-54.613697,-20.479351],[-54.613697,-20.47936],[-54.613687,-20.47936],[-54.613687,-20.479369],[-54.613678,-20.479369],[-54.613678,-20.479378],[-54.613668,-20.479378],[-54.613668,-20.479387],[-54.613639,-20.479387],[-54.613639,-20.479396],[-54.613514,-20.479394],[-54.613514,-20.479403],[-54.613495,-20.479403],[-54.613495,-20.479412],[-54.613485,-20.479412],[-54.613485,-20.479421],[-54.613466,-20.47942],[-54.613466,-20.479429],[-54.613456,-20.479429],[-54.613456,-20.479438],[-54.613437,-20.479438],[-54.613437,-20.479447],[-54.613418,-20.479447],[-54.613418,-20.479456],[-54.613178,-20.479452],[-54.613178,-20.479462],[-54.613168,-20.479461],[-54.613168,-20.47947],[-54.613149,-20.47947],[-54.613149,-20.479479],[-54.613139,-20.479479],[-54.613139,-20.479488],[-54.61313,-20.479488],[-54.61313,-20.479497],[-54.61311,-20.479497],[-54.61311,-20.479506],[-54.613091,-20.479505],[-54.613091,-20.479515],[-54.613062,-20.479514],[-54.613062,-20.479523],[-54.613043,-20.479523],[-54.613043,-20.479532],[-54.613024,-20.479532],[-54.613023,-20.479541],[-54.613004,-20.47954],[-54.613004,-20.479549],[-54.612975,-20.479549],[-54.612975,-20.479558],[-54.612956,-20.479558],[-54.612956,-20.479567],[-54.612755,-20.479564],[-54.612755,-20.479555],[-54.612745,-20.479555],[-54.612745,-20.479546],[-54.612736,-20.479546],[-54.612736,-20.479537],[-54.612726,-20.479537],[-54.612727,-20.479528],[-54.612717,-20.479527],[-54.612717,-20.479518],[-54.612708,-20.479518],[-54.612708,-20.479509],[-54.612698,-20.479509],[-54.612698,-20.4795],[-54.612689,-20.4795],[-54.612689,-20.479491],[-54.612679,-20.479491],[-54.612679,-20.479482],[-54.61267,-20.479482],[-54.61267,-20.479473],[-54.61266,-20.479472],[-54.612661,-20.479463],[-54.612651,-20.479463],[-54.612651,-20.479454],[-54.612642,-20.479454],[-54.612642,-20.479445],[-54.612632,-20.479445],[-54.612632,-20.479436],[-54.612623,-20.479436],[-54.612623,-20.479427],[-54.612613,-20.479427],[-54.612613,-20.479418],[-54.612604,-20.479418],[-54.612604,-20.479408],[-54.612594,-20.479408],[-54.612594,-20.479399],[-54.612585,-20.479399],[-54.612585,-20.479372],[-54.612576,-20.479372],[-54.612576,-20.479363],[-54.612566,-20.479363],[-54.612566,-20.479354],[-54.612557,-20.479354],[-54.612557,-20.479345],[-54.612308,-20.479341],[-54.612308,-20.479332],[-54.612222,-20.479331],[-54.612222,-20.479322],[-54.612184,-20.479321],[-54.612184,-20.479312],[-54.612155,-20.479312],[-54.612155,-20.479303],[-54.612146,-20.479303],[-54.612146,-20.479294],[-54.612136,-20.479294],[-54.612136,-20.479285],[-54.612127,-20.479285],[-54.612127,-20.479275],[-54.612098,-20.479275],[-54.612098,-20.479266],[-54.612022,-20.479265],[-54.612022,-20.479256],[-54.611945,-20.479255],[-54.611945,-20.479246],[-54.611869,-20.479245],[-54.611869,-20.479236],[-54.611495,-20.479231],[-54.611495,-20.479222],[-54.611486,-20.479222],[-54.611486,-20.479212],[-54.611476,-20.479212],[-54.611476,-20.479203],[-54.611467,-20.479203],[-54.611467,-20.479194],[-54.611457,-20.479194],[-54.611457,-20.479185],[-54.611448,-20.479185],[-54.611448,-20.479176],[-54.611438,-20.479176],[-54.611439,-20.479167],[-54.611429,-20.479167],[-54.611429,-20.479158],[-54.61142,-20.479157],[-54.61142,-20.479148],[-54.61141,-20.479148],[-54.61141,-20.479139],[-54.611401,-20.479139],[-54.611401,-20.47913],[-54.611391,-20.47913],[-54.611391,-20.479121],[-54.611382,-20.479121],[-54.611382,-20.479112],[-54.611372,-20.479112],[-54.611372,-20.479139],[-54.611362,-20.479139],[-54.611361,-20.479193],[-54.611352,-20.479193],[-54.611351,-20.479229],[-54.611342,-20.479229],[-54.611341,-20.479274],[-54.611331,-20.479274],[-54.611331,-20.479283],[-54.611111,-20.47928],[-54.611111,-20.479271],[-54.611082,-20.47927],[-54.611082,-20.479261],[-54.611063,-20.479261],[-54.611063,-20.479252],[-54.611044,-20.479252],[-54.611044,-20.479243],[-54.611016,-20.479242],[-54.611016,-20.479233],[-54.610997,-20.479233],[-54.610997,-20.479224],[-54.610978,-20.479224],[-54.610978,-20.479215],[-54.610949,-20.479214],[-54.610949,-20.479205],[-54.61093,-20.479205],[-54.61093,-20.479196],[-54.610815,-20.479194],[-54.610815,-20.479185],[-54.610806,-20.479185],[-54.610806,-20.479176],[-54.610796,-20.479176],[-54.610796,-20.479167],[-54.610787,-20.479167],[-54.610787,-20.479158],[-54.610777,-20.479158],[-54.610778,-20.479149],[-54.610768,-20.479148],[-54.610768,-20.479139],[-54.610759,-20.479139],[-54.610759,-20.47913],[-54.610749,-20.47913],[-54.610749,-20.479121],[-54.61074,-20.479121],[-54.61074,-20.479112],[-54.61073,-20.479112],[-54.61073,-20.479103],[-54.610721,-20.479103],[-54.610721,-20.479094],[-54.610702,-20.479093],[-54.610702,-20.479084],[-54.610664,-20.479084],[-54.610664,-20.479075],[-54.610625,-20.479074],[-54.610626,-20.479065],[-54.610597,-20.479065],[-54.610597,-20.479056],[-54.610559,-20.479055],[-54.610559,-20.479046],[-54.61052,-20.479046],[-54.610521,-20.479037],[-54.610492,-20.479036],[-54.610492,-20.479027],[-54.609275,-20.479011],[-54.609275,-20.47902],[-54.609055,-20.479017],[-54.609055,-20.479026],[-54.608882,-20.479023],[-54.608882,-20.479032],[-54.608872,-20.479032],[-54.608872,-20.479041],[-54.608863,-20.479041],[-54.608863,-20.47905],[-54.608853,-20.47905],[-54.608853,-20.479059],[-54.608843,-20.479059],[-54.608843,-20.479068],[-54.608834,-20.479068],[-54.608833,-20.479077],[-54.608824,-20.479077],[-54.608824,-20.479086],[-54.608814,-20.479085],[-54.608814,-20.479094],[-54.608804,-20.479094],[-54.608804,-20.479103],[-54.608795,-20.479103],[-54.608795,-20.479112],[-54.608785,-20.479112],[-54.608785,-20.479121],[-54.608775,-20.479121],[-54.608775,-20.47913],[-54.608766,-20.47913],[-54.608765,-20.479139],[-54.608756,-20.479139],[-54.608756,-20.479148],[-54.608746,-20.479148],[-54.608746,-20.479157],[-54.608736,-20.479157],[-54.608736,-20.479166],[-54.608727,-20.479166],[-54.608726,-20.479175],[-54.608717,-20.479174],[-54.608717,-20.479183],[-54.607787,-20.479171],[-54.607788,-20.479162],[-54.607778,-20.479161],[-54.607778,-20.479152],[-54.607769,-20.479152],[-54.607769,-20.479143],[-54.607759,-20.479143],[-54.607759,-20.479134],[-54.60775,-20.479134],[-54.60775,-20.479125],[-54.60774,-20.479125],[-54.60774,-20.479116],[-54.607731,-20.479116],[-54.607731,-20.479107],[-54.607721,-20.479107],[-54.607721,-20.479097],[-54.607712,-20.479097],[-54.607712,-20.479088],[-54.607693,-20.479088],[-54.607693,-20.479079],[-54.607683,-20.479079],[-54.607684,-20.47907],[-54.607674,-20.47907],[-54.607674,-20.479061],[-54.607665,-20.479061],[-54.607665,-20.479052],[-54.607655,-20.479051],[-54.607655,-20.479042],[-54.607646,-20.479042],[-54.607646,-20.479033],[-54.607512,-20.479031],[-54.607512,-20.479022],[-54.607483,-20.479022],[-54.607483,-20.479013],[-54.607157,-20.479008],[-54.607158,-20.478999],[-54.607119,-20.478999],[-54.607119,-20.47899],[-54.6071,-20.47899],[-54.6071,-20.478981],[-54.607091,-20.47898],[-54.607091,-20.478971],[-54.607081,-20.478971],[-54.607082,-20.478962],[-54.607072,-20.478962],[-54.607072,-20.478953],[-54.607063,-20.478953],[-54.607063,-20.478944],[-54.607053,-20.478944],[-54.607053,-20.478935],[-54.607044,-20.478935],[-54.607044,-20.478926],[-54.607034,-20.478925],[-54.607034,-20.478916],[-54.607025,-20.478916],[-54.607025,-20.478907],[-54.607015,-20.478907],[-54.607015,-20.478898],[-54.607006,-20.478898],[-54.607006,-20.478889],[-54.606996,-20.478889],[-54.606997,-20.47888],[-54.606949,-20.478879],[-54.606949,-20.47887],[-54.606901,-20.478869],[-54.606901,-20.47886],[-54.606853,-20.47886],[-54.606853,-20.478851],[-54.606068,-20.47884],[-54.606068,-20.478831],[-54.605895,-20.478828],[-54.605895,-20.478819],[-54.605713,-20.478817],[-54.605713,-20.478826],[-54.605704,-20.478826],[-54.605704,-20.478835],[-54.605694,-20.478835],[-54.605694,-20.478844],[-54.605684,-20.478844],[-54.605684,-20.478853],[-54.605675,-20.478853],[-54.605674,-20.478862],[-54.605665,-20.478861],[-54.605665,-20.47887],[-54.605655,-20.47887],[-54.605655,-20.478879],[-54.605645,-20.478879],[-54.605645,-20.478888],[-54.60553,-20.478887],[-54.60553,-20.478878],[-54.604984,-20.47887],[-54.604984,-20.478861],[-54.604841,-20.478859],[-54.604841,-20.478868],[-54.604793,-20.478867],[-54.604793,-20.478858],[-54.604735,-20.478858],[-54.604735,-20.478867],[-54.604726,-20.478867],[-54.604726,-20.478876],[-54.604716,-20.478875],[-54.604716,-20.478884],[-54.604706,-20.478884],[-54.604706,-20.478893],[-54.604419,-20.478889],[-54.604419,-20.478898],[-54.603729,-20.478889],[-54.603729,-20.47888],[-54.603719,-20.47888],[-54.603719,-20.478871],[-54.60371,-20.478871],[-54.60371,-20.478862],[-54.6037,-20.478861],[-54.603701,-20.478852],[-54.603691,-20.478852],[-54.603691,-20.478834],[-54.603682,-20.478834],[-54.603682,-20.478825],[-54.603145,-20.478818],[-54.603145,-20.478827],[-54.602973,-20.478824],[-54.602973,-20.478815],[-54.602532,-20.478809],[-54.602532,-20.4788],[-54.602044,-20.478793],[-54.602044,-20.478802],[-54.602034,-20.478802],[-54.602034,-20.478811],[-54.601708,-20.478807],[-54.601708,-20.478816],[-54.601698,-20.478816],[-54.601698,-20.478825],[-54.601689,-20.478825],[-54.601688,-20.478834],[-54.601679,-20.478834],[-54.601679,-20.478843],[-54.601669,-20.478842],[-54.601669,-20.478851],[-54.601659,-20.478851],[-54.601659,-20.47886],[-54.60165,-20.47886],[-54.60165,-20.478869],[-54.60164,-20.478869],[-54.60164,-20.478878],[-54.60163,-20.478878],[-54.60163,-20.478887],[-54.601621,-20.478887],[-54.60162,-20.478896],[-54.601611,-20.478896],[-54.601611,-20.478905],[-54.601601,-20.478905],[-54.601601,-20.478914],[-54.601591,-20.478914],[-54.601591,-20.478923],[-54.601582,-20.478922],[-54.601582,-20.478932],[-54.601572,-20.478931],[-54.601572,-20.47894],[-54.601562,-20.47894],[-54.601562,-20.478949],[-54.601553,-20.478949],[-54.601552,-20.478967],[-54.601543,-20.478967],[-54.601543,-20.478976],[-54.601523,-20.478976],[-54.601523,-20.478985],[-54.601504,-20.478985],[-54.601504,-20.478994],[-54.601494,-20.478994],[-54.601494,-20.479003],[-54.601485,-20.479002],[-54.601484,-20.479011],[-54.601465,-20.479011],[-54.601465,-20.47902],[-54.601446,-20.47902],[-54.601446,-20.479029],[-54.601427,-20.479029],[-54.601427,-20.479038],[-54.601379,-20.479037],[-54.601379,-20.479046],[-54.601369,-20.479046],[-54.601369,-20.479055],[-54.601359,-20.479055],[-54.601359,-20.479064],[-54.601349,-20.479064],[-54.601349,-20.479073],[-54.60134,-20.479073],[-54.60134,-20.479082],[-54.60133,-20.479082],[-54.60133,-20.479091],[-54.60132,-20.47909],[-54.60132,-20.479099],[-54.601311,-20.479099],[-54.60131,-20.479108],[-54.601301,-20.479108],[-54.601301,-20.479117],[-54.601291,-20.479117],[-54.601291,-20.479126],[-54.601281,-20.479126],[-54.601281,-20.479135],[-54.601272,-20.479135],[-54.601272,-20.479144],[-54.601262,-20.479144],[-54.601262,-20.479153],[-54.601252,-20.479153],[-54.601252,-20.479162],[-54.601243,-20.479162],[-54.601242,-20.479171],[-54.601223,-20.47917],[-54.601223,-20.479179],[-54.601214,-20.479179],[-54.601213,-20.479188],[-54.601204,-20.479188],[-54.601204,-20.479197],[-54.601194,-20.479197],[-54.601194,-20.479206],[-54.601184,-20.479206],[-54.601184,-20.479215],[-54.601175,-20.479215],[-54.601175,-20.479224],[-54.600753,-20.479218],[-54.600753,-20.479227],[-54.600743,-20.479227],[-54.600743,-20.479236],[-54.600734,-20.479236],[-54.600733,-20.479245],[-54.600724,-20.479245],[-54.600724,-20.479254],[-54.600714,-20.479254],[-54.600714,-20.479263],[-54.600695,-20.479262],[-54.600695,-20.479271],[-54.600685,-20.479271],[-54.600685,-20.47928],[-54.600551,-20.479278],[-54.600551,-20.479288],[-54.600541,-20.479287],[-54.600541,-20.479296],[-54.600531,-20.479296],[-54.600531,-20.479305],[-54.600522,-20.479305],[-54.600521,-20.479314],[-54.600512,-20.479314],[-54.600512,-20.479323],[-54.600502,-20.479323],[-54.600502,-20.479332],[-54.600492,-20.479332],[-54.600491,-20.479395],[-54.600482,-20.479395],[-54.600481,-20.479422],[-54.600472,-20.479422],[-54.600472,-20.479431],[-54.600453,-20.479431],[-54.600452,-20.47944],[-54.600433,-20.479439],[-54.600433,-20.479448],[-54.600424,-20.479448],[-54.600423,-20.479457],[-54.600404,-20.479457],[-54.600404,-20.479448],[-54.600395,-20.479448],[-54.600395,-20.479439],[-54.600376,-20.479439],[-54.600376,-20.47943],[-54.600357,-20.479429],[-54.600357,-20.47942],[-54.600338,-20.47942],[-54.600338,-20.479411],[-54.600328,-20.479411],[-54.600328,-20.479402],[-54.6003,-20.479401],[-54.6003,-20.479392],[-54.60029,-20.479392],[-54.60029,-20.479401],[-54.600281,-20.479401],[-54.60028,-20.47941],[-54.600271,-20.47941],[-54.600271,-20.479419],[-54.600261,-20.479419],[-54.600261,-20.479428],[-54.600251,-20.479428],[-54.600251,-20.479446],[-54.600242,-20.479446],[-54.600241,-20.479455],[-54.600232,-20.479455],[-54.600232,-20.479464],[-54.600203,-20.479463],[-54.600203,-20.479472],[-54.600193,-20.479472],[-54.600193,-20.479463],[-54.600174,-20.479463],[-54.600174,-20.479454],[-54.600011,-20.479452],[-54.600012,-20.479443],[-54.599839,-20.47944],[-54.599839,-20.479431],[-54.599226,-20.479423],[-54.599226,-20.479432],[-54.599216,-20.479432],[-54.599216,-20.479441],[-54.599207,-20.479441],[-54.599207,-20.47945],[-54.599197,-20.479449],[-54.599197,-20.479458],[-54.599187,-20.479458],[-54.599187,-20.479467],[-54.599178,-20.479467],[-54.599177,-20.479476],[-54.599168,-20.479476],[-54.599168,-20.479485],[-54.599158,-20.479485],[-54.599158,-20.479494],[-54.599148,-20.479494],[-54.599148,-20.479503],[-54.599139,-20.479503],[-54.599139,-20.479512],[-54.599129,-20.479512],[-54.599129,-20.479521],[-54.599119,-20.479521],[-54.599119,-20.47953],[-54.599109,-20.479529],[-54.599109,-20.479539],[-54.5991,-20.479538],[-54.5991,-20.479547],[-54.59909,-20.479547],[-54.59909,-20.479556],[-54.59908,-20.479556],[-54.59908,-20.479565],[-54.599061,-20.479565],[-54.599061,-20.479574],[-54.599042,-20.479574],[-54.599042,-20.479583],[-54.598946,-20.479581],[-54.598946,-20.479572],[-54.598534,-20.479567],[-54.598534,-20.479558],[-54.598505,-20.479557],[-54.598505,-20.479548],[-54.598467,-20.479548],[-54.598467,-20.479539],[-54.598429,-20.479538],[-54.598429,-20.479529],[-54.598391,-20.479529],[-54.598391,-20.47952],[-54.598353,-20.479519],[-54.598353,-20.47951],[-54.598324,-20.47951],[-54.598324,-20.479501],[-54.598286,-20.4795],[-54.598286,-20.479491],[-54.598248,-20.47949],[-54.598248,-20.479481],[-54.598209,-20.479481],[-54.59821,-20.479472],[-54.597836,-20.479467],[-54.597836,-20.479458],[-54.597827,-20.479458],[-54.597827,-20.479449],[-54.597817,-20.479448],[-54.597817,-20.479439],[-54.597808,-20.479439],[-54.597808,-20.47943],[-54.597798,-20.47943],[-54.597798,-20.479421],[-54.597789,-20.479421],[-54.597789,-20.479412],[-54.597779,-20.479412],[-54.597779,-20.479403],[-54.59777,-20.479403],[-54.59777,-20.479394],[-54.59776,-20.479393],[-54.597761,-20.479384],[-54.597751,-20.479384],[-54.597751,-20.479375],[-54.597742,-20.479375],[-54.597742,-20.479366],[-54.597732,-20.479366],[-54.597732,-20.479357],[-54.597723,-20.479357],[-54.597723,-20.479348],[-54.597713,-20.479348],[-54.597713,-20.479339],[-54.597704,-20.479338],[-54.597704,-20.479329],[-54.597694,-20.479329],[-54.597694,-20.47932],[-54.597685,-20.47932],[-54.597685,-20.479311],[-54.597675,-20.479311],[-54.597676,-20.479302],[-54.597666,-20.479302],[-54.597666,-20.479293],[-54.597657,-20.479293],[-54.597657,-20.479284],[-54.597647,-20.479284],[-54.597647,-20.479274],[-54.597638,-20.479274],[-54.597638,-20.479265],[-54.597628,-20.479265],[-54.597628,-20.479256],[-54.597619,-20.479256],[-54.597619,-20.479247],[-54.597609,-20.479247],[-54.59761,-20.479238],[-54.5976,-20.479238],[-54.5976,-20.479229],[-54.597591,-20.479229],[-54.597591,-20.47922],[-54.597581,-20.479219],[-54.597581,-20.47921],[-54.597572,-20.47921],[-54.597572,-20.479201],[-54.597562,-20.479201],[-54.597562,-20.479192],[-54.597553,-20.479192],[-54.597553,-20.479183],[-54.597543,-20.479183],[-54.597543,-20.479174],[-54.597534,-20.479174],[-54.597534,-20.479165],[-54.597524,-20.479164],[-54.597525,-20.479155],[-54.597515,-20.479155],[-54.597515,-20.479146],[-54.597506,-20.479146],[-54.597506,-20.479137],[-54.597496,-20.479137],[-54.597496,-20.479128],[-54.597487,-20.479128],[-54.597487,-20.479119],[-54.596672,-20.479107],[-54.596653,-20.479107],[-54.596653,-20.479098],[-54.596634,-20.479098],[-54.596634,-20.479089],[-54.596625,-20.479089],[-54.596625,-20.47908],[-54.596635,-20.47908],[-54.596635,-20.479062],[-54.596644,-20.479062],[-54.596645,-20.479044],[-54.596654,-20.479044],[-54.596655,-20.479026],[-54.596664,-20.479026],[-54.596665,-20.478999],[-54.596674,-20.478999],[-54.596674,-20.478981],[-54.596684,-20.478981],[-54.596684,-20.478963],[-54.596694,-20.478963],[-54.596694,-20.478945],[-54.596704,-20.478945],[-54.596704,-20.478927],[-54.596714,-20.478927],[-54.596714,-20.4789],[-54.596724,-20.4789],[-54.596724,-20.478882],[-54.596733,-20.478883],[-54.596734,-20.478865],[-54.596743,-20.478865],[-54.596744,-20.478847],[-54.596753,-20.478847],[-54.596753,-20.478829],[-54.596763,-20.478829],[-54.596763,-20.478802],[-54.596773,-20.478802],[-54.596773,-20.478784],[-54.596783,-20.478784],[-54.596783,-20.478766],[-54.596793,-20.478766],[-54.596793,-20.478748],[-54.596803,-20.478748],[-54.596803,-20.478721],[-54.596813,-20.478721],[-54.596813,-20.478703],[-54.596823,-20.478703],[-54.596823,-20.478685],[-54.596832,-20.478685],[-54.596833,-20.478667],[-54.596842,-20.478667],[-54.596843,-20.478649],[-54.596852,-20.478649],[-54.596853,-20.478622],[-54.596862,-20.478622],[-54.596862,-20.478604],[-54.596872,-20.478605],[-54.596872,-20.478586],[-54.596882,-20.478587],[-54.596882,-20.478569],[-54.596892,-20.478569],[-54.596892,-20.478542],[-54.596902,-20.478542],[-54.596902,-20.478524],[-54.596912,-20.478524],[-54.596912,-20.478506],[-54.596921,-20.478506],[-54.596922,-20.478488],[-54.596931,-20.478488],[-54.596932,-20.47847],[-54.596941,-20.47847],[-54.596941,-20.478452],[-54.596961,-20.478452],[-54.59696,-20.478461],[-54.59698,-20.478462],[-54.596979,-20.478471],[-54.596999,-20.478471],[-54.596998,-20.47848],[-54.597018,-20.47848],[-54.597017,-20.478489],[-54.597142,-20.478491],[-54.597142,-20.478482],[-54.597152,-20.478482],[-54.597152,-20.478473],[-54.597161,-20.478473],[-54.597162,-20.478464],[-54.597171,-20.478464],[-54.597171,-20.478455],[-54.597181,-20.478455],[-54.597181,-20.478446],[-54.597191,-20.478446],[-54.597191,-20.478437],[-54.5972,-20.478438],[-54.597201,-20.478428],[-54.59721,-20.478429],[-54.59721,-20.47842],[-54.59722,-20.47842],[-54.59722,-20.478411],[-54.59723,-20.478411],[-54.59723,-20.478402],[-54.597239,-20.478402],[-54.597239,-20.478393],[-54.597259,-20.478393],[-54.59726,-20.478321],[-54.597269,-20.478321],[-54.59727,-20.478249],[-54.59728,-20.478249],[-54.59728,-20.47824],[-54.59729,-20.47824],[-54.59729,-20.478231],[-54.597299,-20.478231],[-54.5973,-20.478222],[-54.597309,-20.478222],[-54.597309,-20.478213],[-54.597319,-20.478213],[-54.597319,-20.478204],[-54.59753,-20.478207],[-54.59753,-20.478198],[-54.597559,-20.478199],[-54.597559,-20.47819],[-54.597588,-20.47819],[-54.597588,-20.478181],[-54.597636,-20.478182],[-54.597636,-20.478173],[-54.597664,-20.478173],[-54.597665,-20.478164],[-54.597684,-20.478164],[-54.597684,-20.478155],[-54.597713,-20.478156],[-54.597713,-20.478147],[-54.597732,-20.478147],[-54.597732,-20.478138],[-54.597761,-20.478138],[-54.597761,-20.478129],[-54.59778,-20.478129],[-54.59778,-20.47812],[-54.597838,-20.478121],[-54.597838,-20.478085],[-54.597848,-20.478085],[-54.597849,-20.478031],[-54.597858,-20.478031],[-54.597858,-20.478076],[-54.597867,-20.478077],[-54.597866,-20.478122],[-54.597876,-20.478122],[-54.597876,-20.478131],[-54.597886,-20.478131],[-54.597885,-20.47814],[-54.597895,-20.47814],[-54.597895,-20.478149],[-54.597904,-20.478149],[-54.597904,-20.478158],[-54.597914,-20.478158],[-54.597914,-20.478167],[-54.597923,-20.478168],[-54.597923,-20.478177],[-54.597933,-20.478177],[-54.597933,-20.478186],[-54.597942,-20.478186],[-54.597942,-20.478195],[-54.597952,-20.478195],[-54.597951,-20.478204],[-54.597961,-20.478204],[-54.597961,-20.478213],[-54.59797,-20.478213],[-54.59797,-20.478222],[-54.59798,-20.478223],[-54.59798,-20.478232],[-54.597989,-20.478232],[-54.597989,-20.47825],[-54.598047,-20.478251],[-54.598046,-20.47826],[-54.598056,-20.47826],[-54.598056,-20.478269],[-54.598094,-20.478269],[-54.598094,-20.478278],[-54.598113,-20.478279],[-54.598113,-20.478288],[-54.598123,-20.478288],[-54.598122,-20.478297],[-54.598132,-20.478297],[-54.598132,-20.478306],[-54.598142,-20.478306],[-54.598141,-20.478315],[-54.598151,-20.478315],[-54.598151,-20.478324],[-54.59816,-20.478324],[-54.59816,-20.478333],[-54.59817,-20.478334],[-54.59817,-20.478343],[-54.598179,-20.478343],[-54.598179,-20.478352],[-54.598189,-20.478352],[-54.598189,-20.478361],[-54.598198,-20.478361],[-54.598198,-20.47837],[-54.598208,-20.47837],[-54.598207,-20.478379],[-54.598217,-20.478379],[-54.598217,-20.478388],[-54.598226,-20.478389],[-54.598226,-20.478398],[-54.598236,-20.478398],[-54.598236,-20.478407],[-54.598245,-20.478407],[-54.598245,-20.478416],[-54.598255,-20.478416],[-54.598255,-20.478425],[-54.598264,-20.478425],[-54.598264,-20.478452],[-54.598331,-20.478453],[-54.598331,-20.478471],[-54.598388,-20.478472],[-54.598388,-20.478463],[-54.598752,-20.478468],[-54.598752,-20.478477],[-54.598762,-20.478477],[-54.598762,-20.478486],[-54.598896,-20.478488],[-54.598896,-20.478479],[-54.59903,-20.478481],[-54.59903,-20.47849],[-54.599059,-20.47849],[-54.599059,-20.478472],[-54.599068,-20.478472],[-54.599069,-20.478463],[-54.599088,-20.478464],[-54.599088,-20.478455],[-54.599107,-20.478455],[-54.599107,-20.478446],[-54.599126,-20.478446],[-54.599126,-20.478437],[-54.599146,-20.478437],[-54.599146,-20.478428],[-54.599165,-20.478429],[-54.599165,-20.47842],[-54.599184,-20.47842],[-54.599184,-20.478411],[-54.599232,-20.478411],[-54.599232,-20.47842],[-54.599242,-20.478421],[-54.599242,-20.47843],[-54.599251,-20.47843],[-54.599251,-20.478439],[-54.599261,-20.478439],[-54.59926,-20.478448],[-54.59927,-20.478448],[-54.59927,-20.478457],[-54.599279,-20.478457],[-54.599279,-20.478466],[-54.599289,-20.478466],[-54.599289,-20.478475],[-54.599308,-20.478476],[-54.599308,-20.478485],[-54.599327,-20.478485],[-54.599327,-20.478494],[-54.599336,-20.478494],[-54.599336,-20.478503],[-54.599355,-20.478503],[-54.599355,-20.478512],[-54.599422,-20.478513],[-54.599422,-20.478522],[-54.599432,-20.478523],[-54.599432,-20.478532],[-54.599566,-20.478533],[-54.599566,-20.478542],[-54.599575,-20.478543],[-54.599575,-20.478552],[-54.599585,-20.478552],[-54.599585,-20.478561],[-54.599594,-20.478561],[-54.599594,-20.47857],[-54.599604,-20.47857],[-54.599603,-20.478579],[-54.599872,-20.478583],[-54.599872,-20.478574],[-54.59991,-20.478574],[-54.59991,-20.478565],[-54.599929,-20.478566],[-54.59993,-20.478557],[-54.599958,-20.478557],[-54.599958,-20.478548],[-54.599968,-20.478548],[-54.599968,-20.478539],[-54.599978,-20.478539],[-54.599978,-20.47853],[-54.599987,-20.47853],[-54.599988,-20.478521],[-54.599997,-20.478521],[-54.599997,-20.478503],[-54.600189,-20.478506],[-54.600189,-20.478497],[-54.600199,-20.478497],[-54.600199,-20.478488],[-54.600209,-20.478488],[-54.600209,-20.478479],[-54.600218,-20.478479],[-54.600218,-20.47847],[-54.600228,-20.47847],[-54.600228,-20.478461],[-54.600238,-20.478461],[-54.600238,-20.478452],[-54.600247,-20.478453],[-54.600248,-20.478444],[-54.600257,-20.478444],[-54.600257,-20.478435],[-54.600296,-20.478435],[-54.600296,-20.478426],[-54.600324,-20.478427],[-54.600325,-20.478418],[-54.600363,-20.478418],[-54.600363,-20.478409],[-54.600392,-20.478409],[-54.600392,-20.4784],[-54.60043,-20.478401],[-54.60043,-20.478392],[-54.600459,-20.478392],[-54.600459,-20.478383],[-54.600498,-20.478384],[-54.600498,-20.478375],[-54.600527,-20.478375],[-54.600527,-20.478366],[-54.600565,-20.478367],[-54.600565,-20.478358],[-54.600575,-20.478358],[-54.600575,-20.478367],[-54.600584,-20.478367],[-54.600584,-20.478376],[-54.600594,-20.478376],[-54.600593,-20.478385],[-54.600603,-20.478385],[-54.600603,-20.478394],[-54.600632,-20.478395],[-54.600631,-20.478404],[-54.601494,-20.478416],[-54.601494,-20.478407],[-54.601503,-20.478407],[-54.601504,-20.478398],[-54.601513,-20.478398],[-54.601513,-20.478389],[-54.601523,-20.478389],[-54.601523,-20.47838],[-54.601533,-20.47838],[-54.601533,-20.478371],[-54.601542,-20.478371],[-54.601542,-20.478362],[-54.601552,-20.478362],[-54.601552,-20.478353],[-54.601562,-20.478353],[-54.601562,-20.478344],[-54.601572,-20.478344],[-54.601572,-20.478335],[-54.601581,-20.478336],[-54.601581,-20.478327],[-54.601591,-20.478327],[-54.601591,-20.478318],[-54.601601,-20.478318],[-54.601601,-20.478309],[-54.601649,-20.478309],[-54.601649,-20.4783],[-54.60209,-20.478306],[-54.60209,-20.478297],[-54.602128,-20.478298],[-54.602128,-20.478289],[-54.602138,-20.478289],[-54.602138,-20.47828],[-54.602147,-20.47828],[-54.602148,-20.478271],[-54.602157,-20.478271],[-54.602157,-20.478262],[-54.602167,-20.478262],[-54.602167,-20.478253],[-54.602177,-20.478253],[-54.602177,-20.478244],[-54.602186,-20.478245],[-54.602186,-20.478236],[-54.602196,-20.478236],[-54.602196,-20.478227],[-54.602206,-20.478227],[-54.602206,-20.478218],[-54.602216,-20.478218],[-54.602216,-20.478209],[-54.602225,-20.478209],[-54.602225,-20.4782],[-54.602235,-20.4782],[-54.602235,-20.478191],[-54.602245,-20.478191],[-54.602245,-20.478182],[-54.602254,-20.478182],[-54.602255,-20.478173],[-54.602264,-20.478173],[-54.602264,-20.478164],[-54.602274,-20.478164],[-54.602274,-20.478155],[-54.602284,-20.478156],[-54.602284,-20.478147],[-54.602293,-20.478147],[-54.602293,-20.478138],[-54.602303,-20.478138],[-54.602303,-20.478129],[-54.602361,-20.47813],[-54.602361,-20.478121],[-54.60237,-20.478121],[-54.60237,-20.478112],[-54.60238,-20.478112],[-54.60238,-20.478103],[-54.60239,-20.478103],[-54.60239,-20.478094],[-54.6024,-20.478094],[-54.6024,-20.478085],[-54.602409,-20.478085],[-54.602409,-20.478076],[-54.602419,-20.478076],[-54.602419,-20.478067],[-54.602429,-20.478067],[-54.602429,-20.478058],[-54.602496,-20.478059],[-54.602496,-20.478041],[-54.602506,-20.478041],[-54.602506,-20.478032],[-54.602515,-20.478032],[-54.602516,-20.478023],[-54.602525,-20.478023],[-54.602525,-20.478014],[-54.602544,-20.478015],[-54.602545,-20.477997],[-54.602554,-20.477997],[-54.602554,-20.477988],[-54.602564,-20.477988],[-54.602564,-20.477979],[-54.602583,-20.477979],[-54.602584,-20.47797],[-54.602584,-20.477961],[-54.602593,-20.477961],[-54.602593,-20.477952],[-54.602603,-20.477952],[-54.602603,-20.477943],[-54.602795,-20.477946],[-54.602795,-20.477955],[-54.602996,-20.477958],[-54.602996,-20.477949],[-54.60314,-20.477951],[-54.603139,-20.47796],[-54.603389,-20.477963],[-54.603389,-20.477954],[-54.603398,-20.477954],[-54.603398,-20.477945],[-54.603408,-20.477945],[-54.603408,-20.477936],[-54.603418,-20.477936],[-54.603418,-20.477927],[-54.603427,-20.477928],[-54.603428,-20.477919],[-54.603437,-20.477919],[-54.603437,-20.47791],[-54.603447,-20.47791],[-54.603447,-20.477901],[-54.603457,-20.477901],[-54.603457,-20.477892],[-54.603466,-20.477892],[-54.603466,-20.477883],[-54.603476,-20.477883],[-54.603476,-20.477874],[-54.603486,-20.477874],[-54.603486,-20.477865],[-54.603524,-20.477866],[-54.603524,-20.477875],[-54.603543,-20.477875],[-54.603543,-20.477884],[-54.603687,-20.477886],[-54.603687,-20.477877],[-54.603716,-20.477877],[-54.603716,-20.477868],[-54.603792,-20.477869],[-54.603793,-20.47786],[-54.603812,-20.477861],[-54.603812,-20.477852],[-54.603822,-20.477852],[-54.603822,-20.477843],[-54.603831,-20.477843],[-54.603831,-20.477834],[-54.603841,-20.477834],[-54.603841,-20.477825],[-54.603851,-20.477825],[-54.603851,-20.477816],[-54.60386,-20.477816],[-54.603861,-20.477798],[-54.60387,-20.477798],[-54.603871,-20.47778],[-54.60388,-20.47778],[-54.60388,-20.477762],[-54.60389,-20.477762],[-54.60389,-20.477744],[-54.6039,-20.477744],[-54.6039,-20.477726],[-54.60391,-20.477727],[-54.60391,-20.477708],[-54.60392,-20.477709],[-54.60392,-20.477691],[-54.603929,-20.477691],[-54.60393,-20.477673],[-54.603939,-20.477673],[-54.60394,-20.477655],[-54.603949,-20.477655],[-54.603949,-20.477637],[-54.603959,-20.477637],[-54.603959,-20.477628],[-54.603969,-20.477628],[-54.603969,-20.477619],[-54.603978,-20.477619],[-54.603979,-20.47761],[-54.603988,-20.47761],[-54.603988,-20.477601],[-54.604007,-20.477601],[-54.604008,-20.477592],[-54.604017,-20.477593],[-54.604017,-20.477584],[-54.604094,-20.477585],[-54.604094,-20.477594],[-54.604132,-20.477594],[-54.604132,-20.477603],[-54.60417,-20.477604],[-54.60417,-20.477613],[-54.604199,-20.477613],[-54.604199,-20.477622],[-54.604218,-20.477622],[-54.604218,-20.477613],[-54.604228,-20.477614],[-54.604228,-20.477604],[-54.604237,-20.477605],[-54.604238,-20.477596],[-54.604247,-20.477596],[-54.604247,-20.477587],[-54.604257,-20.477587],[-54.604257,-20.477578],[-54.604267,-20.477578],[-54.604267,-20.477569],[-54.604276,-20.477569],[-54.604276,-20.47756],[-54.604363,-20.477561],[-54.604363,-20.477552],[-54.604382,-20.477552],[-54.604382,-20.477543],[-54.604401,-20.477544],[-54.604401,-20.477535],[-54.604421,-20.477535],[-54.604421,-20.477526],[-54.60443,-20.477526],[-54.60443,-20.477517],[-54.60445,-20.477517],[-54.60445,-20.477508],[-54.604469,-20.477508],[-54.604469,-20.477499],[-54.604479,-20.4775],[-54.604479,-20.477491],[-54.604498,-20.477491],[-54.604498,-20.477482],[-54.604517,-20.477482],[-54.604517,-20.477473],[-54.604565,-20.477474],[-54.604565,-20.477465],[-54.604604,-20.477465],[-54.604604,-20.477456],[-54.604623,-20.477456],[-54.604623,-20.477447],[-54.604642,-20.477448],[-54.604642,-20.477439],[-54.604652,-20.477439],[-54.604652,-20.47743],[-54.604662,-20.47743],[-54.604662,-20.477421],[-54.604681,-20.477421],[-54.604681,-20.477412],[-54.6047,-20.477412],[-54.6047,-20.477403],[-54.60471,-20.477403],[-54.60471,-20.477394],[-54.60472,-20.477395],[-54.60472,-20.477386],[-54.604739,-20.477386],[-54.604739,-20.477377],[-54.604749,-20.477377],[-54.604749,-20.477368],[-54.604768,-20.477368],[-54.604768,-20.477359],[-54.604778,-20.477359],[-54.604778,-20.47735],[-54.604788,-20.47735],[-54.604788,-20.477341],[-54.604797,-20.477341],[-54.604797,-20.477332],[-54.604807,-20.477333],[-54.604808,-20.477269],[-54.604818,-20.477269],[-54.604819,-20.477206],[-54.604828,-20.477206],[-54.604829,-20.477179],[-54.604838,-20.477179],[-54.604838,-20.47717],[-54.604848,-20.477171],[-54.604848,-20.477162],[-54.604858,-20.477162],[-54.604858,-20.477153],[-54.604867,-20.477153],[-54.604867,-20.477144],[-54.604877,-20.477144],[-54.604877,-20.477135],[-54.604887,-20.477135],[-54.604887,-20.477126],[-54.604896,-20.477126],[-54.604897,-20.477117],[-54.604906,-20.477117],[-54.604906,-20.477108],[-54.604935,-20.477109],[-54.604935,-20.4771],[-54.604945,-20.4771],[-54.604945,-20.477091],[-54.604964,-20.477091],[-54.604964,-20.477082],[-54.604974,-20.477082],[-54.604974,-20.477073],[-54.604993,-20.477073],[-54.604993,-20.477064],[-54.605003,-20.477064],[-54.605003,-20.477055],[-54.605022,-20.477056],[-54.605022,-20.477065],[-54.605089,-20.477066],[-54.605089,-20.477056],[-54.605099,-20.477057],[-54.605099,-20.477039],[-54.605109,-20.477039],[-54.605109,-20.477021],[-54.605118,-20.477021],[-54.605119,-20.477003],[-54.605128,-20.477003],[-54.605129,-20.476985],[-54.605177,-20.476985],[-54.605177,-20.476976],[-54.605186,-20.476977],[-54.605186,-20.476986],[-54.605291,-20.476987],[-54.605292,-20.476978],[-54.605301,-20.476978],[-54.605301,-20.476969],[-54.605311,-20.476969],[-54.605311,-20.47696],[-54.605321,-20.47696],[-54.605321,-20.476951],[-54.60533,-20.476951],[-54.605331,-20.476942],[-54.60534,-20.476943],[-54.60534,-20.476934],[-54.605359,-20.476934],[-54.60536,-20.476925],[-54.605379,-20.476925],[-54.605379,-20.476916],[-54.605388,-20.476916],[-54.605389,-20.476907],[-54.605398,-20.476907],[-54.605399,-20.47688],[-54.605408,-20.47688],[-54.605409,-20.476835],[-54.605418,-20.476835],[-54.605419,-20.476799],[-54.605429,-20.476799],[-54.605429,-20.476763],[-54.605439,-20.476763],[-54.605439,-20.476754],[-54.605448,-20.476754],[-54.605449,-20.476745],[-54.605477,-20.476746],[-54.605477,-20.476737],[-54.605487,-20.476737],[-54.605487,-20.476728],[-54.605497,-20.476728],[-54.605497,-20.476719],[-54.605506,-20.476719],[-54.605507,-20.47671],[-54.605516,-20.47671],[-54.605516,-20.476701],[-54.605526,-20.476701],[-54.605526,-20.476692],[-54.605545,-20.476693],[-54.605545,-20.476684],[-54.605555,-20.476684],[-54.605555,-20.476675],[-54.605565,-20.476675],[-54.605565,-20.476666],[-54.605574,-20.476666],[-54.605575,-20.476657],[-54.605584,-20.476657],[-54.605584,-20.476648],[-54.605594,-20.476648],[-54.605594,-20.476639],[-54.605786,-20.476642],[-54.605785,-20.476651],[-54.605795,-20.476651],[-54.605795,-20.47666],[-54.605804,-20.47666],[-54.605804,-20.476669],[-54.605891,-20.47667],[-54.60589,-20.476679],[-54.606005,-20.476681],[-54.606005,-20.476672],[-54.606015,-20.476672],[-54.606015,-20.476663],[-54.606025,-20.476663],[-54.606025,-20.476654],[-54.606035,-20.476654],[-54.606035,-20.476645],[-54.606044,-20.476645],[-54.606044,-20.476636],[-54.606054,-20.476636],[-54.606054,-20.476627],[-54.606064,-20.476627],[-54.606064,-20.476618],[-54.606073,-20.476619],[-54.606074,-20.47661],[-54.606083,-20.47661],[-54.606083,-20.476601],[-54.606093,-20.476601],[-54.606094,-20.476556],[-54.606103,-20.476556],[-54.606103,-20.476547],[-54.606113,-20.476547],[-54.606113,-20.476538],[-54.606123,-20.476538],[-54.606123,-20.476529],[-54.606132,-20.476529],[-54.606132,-20.47652],[-54.606142,-20.47652],[-54.606142,-20.476511],[-54.606152,-20.476511],[-54.606152,-20.476502],[-54.606161,-20.476502],[-54.606162,-20.476493],[-54.606171,-20.476493],[-54.606171,-20.476484],[-54.606181,-20.476485],[-54.606181,-20.476476],[-54.606191,-20.476476],[-54.606191,-20.476467],[-54.6062,-20.476467],[-54.6062,-20.476458],[-54.60621,-20.476458],[-54.60621,-20.476449],[-54.60622,-20.476449],[-54.60622,-20.47644],[-54.606229,-20.47644],[-54.60623,-20.476431],[-54.606239,-20.476431],[-54.606239,-20.476422],[-54.606249,-20.476422],[-54.606249,-20.476413],[-54.606259,-20.476413],[-54.606259,-20.476404],[-54.606268,-20.476405],[-54.606269,-20.476395],[-54.606278,-20.476396],[-54.606278,-20.476387],[-54.606288,-20.476387],[-54.606288,-20.476378],[-54.606298,-20.476378],[-54.606298,-20.476369],[-54.606307,-20.476369],[-54.606307,-20.47636],[-54.606317,-20.47636],[-54.606317,-20.476351],[-54.606327,-20.476351],[-54.606327,-20.476342],[-54.606336,-20.476342],[-54.606337,-20.476333],[-54.606346,-20.476333],[-54.606346,-20.476324],[-54.606385,-20.476325],[-54.606385,-20.476316],[-54.606394,-20.476316],[-54.606394,-20.476307],[-54.606414,-20.476307],[-54.606414,-20.476298],[-54.606423,-20.476298],[-54.606423,-20.476289],[-54.606443,-20.47629],[-54.606443,-20.47628],[-54.606462,-20.476281],[-54.606462,-20.476272],[-54.606481,-20.476272],[-54.606481,-20.476263],[-54.606491,-20.476263],[-54.606491,-20.476254],[-54.606501,-20.476254],[-54.606501,-20.476245],[-54.60652,-20.476245],[-54.60652,-20.476236],[-54.60653,-20.476237],[-54.60653,-20.476228],[-54.606549,-20.476228],[-54.606549,-20.476219],[-54.606559,-20.476219],[-54.606559,-20.47621],[-54.606578,-20.47621],[-54.606578,-20.476201],[-54.606597,-20.476201],[-54.606597,-20.476192],[-54.606607,-20.476192],[-54.606607,-20.476183],[-54.606626,-20.476184],[-54.606626,-20.476175],[-54.606636,-20.476175],[-54.606636,-20.476166],[-54.606847,-20.476169],[-54.606847,-20.476178],[-54.606866,-20.476178],[-54.606866,-20.476169],[-54.607336,-20.476175],[-54.607336,-20.476166],[-54.607364,-20.476167],[-54.607365,-20.476158],[-54.607374,-20.476158],[-54.607374,-20.476149],[-54.607384,-20.476149],[-54.607384,-20.47614],[-54.607394,-20.47614],[-54.607394,-20.476131],[-54.607403,-20.476131],[-54.607403,-20.476122],[-54.607413,-20.476122],[-54.607413,-20.476113],[-54.607423,-20.476113],[-54.607423,-20.476104],[-54.607433,-20.476104],[-54.607433,-20.476095],[-54.607442,-20.476096],[-54.607442,-20.476087],[-54.607452,-20.476087],[-54.607452,-20.476078],[-54.607462,-20.476078],[-54.607462,-20.476069],[-54.607471,-20.476069],[-54.607472,-20.47606],[-54.607481,-20.47606],[-54.607481,-20.476051],[-54.607491,-20.476051],[-54.607491,-20.476042],[-54.607501,-20.476042],[-54.607501,-20.476033],[-54.60751,-20.476033],[-54.60751,-20.476024],[-54.60752,-20.476024],[-54.60752,-20.476015],[-54.60753,-20.476016],[-54.60753,-20.476007],[-54.607539,-20.476007],[-54.60754,-20.475998],[-54.607549,-20.475998],[-54.607549,-20.475989],[-54.607559,-20.475989],[-54.607559,-20.47598],[-54.607569,-20.47598],[-54.607569,-20.475971],[-54.607578,-20.475971],[-54.607578,-20.475962],[-54.607598,-20.475962],[-54.607598,-20.475944],[-54.607607,-20.475944],[-54.607608,-20.475926],[-54.607617,-20.475926],[-54.607618,-20.475908],[-54.607637,-20.475909],[-54.607637,-20.4759],[-54.607647,-20.4759],[-54.607647,-20.475891],[-54.607666,-20.475891],[-54.607666,-20.475882],[-54.607676,-20.475882],[-54.607676,-20.475873],[-54.6078,-20.475875],[-54.6078,-20.475866],[-54.60781,-20.475866],[-54.60781,-20.475848],[-54.607829,-20.475848],[-54.60783,-20.475839],[-54.607839,-20.475839],[-54.607839,-20.47583],[-54.607858,-20.47583],[-54.607859,-20.475821],[-54.607878,-20.475822],[-54.607878,-20.475813],[-54.607907,-20.475813],[-54.607907,-20.475804],[-54.607926,-20.475804],[-54.607926,-20.475795],[-54.607945,-20.475796],[-54.607945,-20.475786],[-54.607964,-20.475787],[-54.607965,-20.475778],[-54.607993,-20.475778],[-54.607994,-20.475769],[-54.608013,-20.475769],[-54.608013,-20.47576],[-54.608032,-20.475761],[-54.608032,-20.475752],[-54.608377,-20.475756],[-54.608377,-20.475747],[-54.608387,-20.475747],[-54.608387,-20.475738],[-54.608416,-20.475739],[-54.608415,-20.475748],[-54.608444,-20.475748],[-54.608444,-20.475757],[-54.608482,-20.475758],[-54.608482,-20.475767],[-54.608521,-20.475767],[-54.60852,-20.475776],[-54.608549,-20.475777],[-54.608549,-20.475786],[-54.608587,-20.475786],[-54.608587,-20.475795],[-54.608606,-20.475796],[-54.608607,-20.475787],[-54.608616,-20.475787],[-54.608616,-20.475778],[-54.608626,-20.475778],[-54.608626,-20.475769],[-54.608636,-20.475769],[-54.608636,-20.47576],[-54.608645,-20.47576],[-54.608645,-20.475751],[-54.608655,-20.475751],[-54.608655,-20.475742],[-54.608665,-20.475742],[-54.608665,-20.475733],[-54.608674,-20.475733],[-54.608675,-20.475724],[-54.608684,-20.475724],[-54.608684,-20.475715],[-54.608703,-20.475716],[-54.608704,-20.475707],[-54.608723,-20.475707],[-54.608723,-20.475698],[-54.608742,-20.475698],[-54.608742,-20.475689],[-54.608752,-20.475689],[-54.608752,-20.47568],[-54.608771,-20.47568],[-54.608771,-20.475671],[-54.608781,-20.475672],[-54.608781,-20.475663],[-54.608791,-20.475663],[-54.608791,-20.475654],[-54.6088,-20.475654],[-54.6088,-20.475645],[-54.60881,-20.475645],[-54.608811,-20.475591],[-54.60882,-20.475591],[-54.608821,-20.475555],[-54.608831,-20.475555],[-54.608831,-20.475546],[-54.60884,-20.475546],[-54.60884,-20.475537],[-54.60885,-20.475537],[-54.60885,-20.475528],[-54.60886,-20.475528],[-54.60886,-20.475519],[-54.608869,-20.475519],[-54.60887,-20.47551],[-54.608879,-20.47551],[-54.608879,-20.475501],[-54.608889,-20.475501],[-54.608889,-20.475492],[-54.608899,-20.475493],[-54.608899,-20.475484],[-54.608908,-20.475484],[-54.608908,-20.475475],[-54.608918,-20.475475],[-54.608918,-20.475466],[-54.608928,-20.475466],[-54.608928,-20.475457],[-54.608957,-20.475457],[-54.608957,-20.475448],[-54.608976,-20.475448],[-54.608976,-20.475439],[-54.609005,-20.47544],[-54.609005,-20.475431],[-54.609024,-20.475431],[-54.609024,-20.475422],[-54.609053,-20.475422],[-54.609053,-20.475413],[-54.609082,-20.475414],[-54.609082,-20.475405],[-54.609111,-20.475405],[-54.609111,-20.475396],[-54.60912,-20.475396],[-54.609121,-20.475387],[-54.60913,-20.475387],[-54.60913,-20.475378],[-54.60914,-20.475378],[-54.60914,-20.475369],[-54.60915,-20.47537],[-54.60915,-20.475361],[-54.609159,-20.475361],[-54.609159,-20.475352],[-54.609169,-20.475352],[-54.609169,-20.475343],[-54.609179,-20.475343],[-54.609179,-20.475334],[-54.609188,-20.475334],[-54.609189,-20.475325],[-54.609198,-20.475325],[-54.609198,-20.475316],[-54.609208,-20.475316],[-54.609208,-20.475307],[-54.609218,-20.475307],[-54.609218,-20.475298],[-54.609227,-20.475298],[-54.609228,-20.475289],[-54.609247,-20.47529],[-54.609247,-20.475281],[-54.609266,-20.475281],[-54.609266,-20.475272],[-54.609285,-20.475272],[-54.609285,-20.475263],[-54.609343,-20.475264],[-54.609343,-20.475273],[-54.609362,-20.475273],[-54.609362,-20.475282],[-54.609391,-20.475283],[-54.60939,-20.475292],[-54.60941,-20.475292],[-54.609409,-20.475301],[-54.609438,-20.475301],[-54.609438,-20.47531],[-54.609457,-20.475311],[-54.609457,-20.47532],[-54.609486,-20.47532],[-54.609486,-20.475329],[-54.609505,-20.475329],[-54.609505,-20.475338],[-54.609533,-20.475339],[-54.609533,-20.475348],[-54.609552,-20.475348],[-54.609553,-20.475339],[-54.609562,-20.475339],[-54.609562,-20.47533],[-54.609572,-20.47533],[-54.609572,-20.475321],[-54.609582,-20.475321],[-54.609582,-20.475312],[-54.609601,-20.475313],[-54.609601,-20.475304],[-54.609611,-20.475304],[-54.609611,-20.475295],[-54.60963,-20.475295],[-54.60963,-20.475286],[-54.60964,-20.475286],[-54.60964,-20.475277],[-54.609649,-20.475277],[-54.609649,-20.475268],[-54.609669,-20.475268],[-54.609669,-20.475259],[-54.609678,-20.475259],[-54.609678,-20.47525],[-54.609688,-20.475251],[-54.609688,-20.475242],[-54.609707,-20.475242],[-54.609708,-20.475233],[-54.609717,-20.475233],[-54.609717,-20.475224],[-54.609727,-20.475224],[-54.609727,-20.475215],[-54.609746,-20.475215],[-54.609746,-20.475206],[-54.609756,-20.475206],[-54.609756,-20.475197],[-54.609766,-20.475197],[-54.609766,-20.475188],[-54.609804,-20.475189],[-54.609804,-20.47518],[-54.609833,-20.47518],[-54.609833,-20.475171],[-54.609852,-20.475172],[-54.609853,-20.475135],[-54.609872,-20.475136],[-54.609872,-20.475127],[-54.609882,-20.475127],[-54.609882,-20.475118],[-54.609891,-20.475118],[-54.609891,-20.475109],[-54.609901,-20.475109],[-54.609901,-20.4751],[-54.609911,-20.4751],[-54.609911,-20.475091],[-54.609921,-20.475091],[-54.609921,-20.475082],[-54.60993,-20.475082],[-54.60993,-20.475073],[-54.60994,-20.475073],[-54.60994,-20.475064],[-54.60995,-20.475065],[-54.60995,-20.475056],[-54.609959,-20.475056],[-54.60996,-20.475047],[-54.609969,-20.475047],[-54.609969,-20.475038],[-54.609979,-20.475038],[-54.609979,-20.475029],[-54.609989,-20.475029],[-54.609989,-20.47502],[-54.609998,-20.47502],[-54.609998,-20.475011],[-54.610008,-20.475011],[-54.610008,-20.475002],[-54.610018,-20.475002],[-54.610018,-20.474993],[-54.610027,-20.474993],[-54.610028,-20.474984],[-54.610047,-20.474985],[-54.610047,-20.474958],[-54.610057,-20.474958],[-54.610057,-20.474949],[-54.610066,-20.474949],[-54.610067,-20.47494],[-54.610076,-20.47494],[-54.610076,-20.474931],[-54.610086,-20.474931],[-54.610086,-20.474922],[-54.610105,-20.474922],[-54.610105,-20.474913],[-54.610115,-20.474913],[-54.610115,-20.474904],[-54.610125,-20.474904],[-54.610125,-20.474895],[-54.610134,-20.474896],[-54.610135,-20.474886],[-54.610154,-20.474887],[-54.610154,-20.474878],[-54.610163,-20.474878],[-54.610164,-20.474869],[-54.610173,-20.474869],[-54.610173,-20.47486],[-54.610183,-20.47486],[-54.610183,-20.474851],[-54.610202,-20.474851],[-54.610202,-20.474842],[-54.610212,-20.474842],[-54.610212,-20.474833],[-54.610442,-20.474837],[-54.610442,-20.474828],[-54.610452,-20.474828],[-54.610452,-20.474819],[-54.610461,-20.474819],[-54.610461,-20.47481],[-54.610471,-20.47481],[-54.610471,-20.474801],[-54.610481,-20.474801],[-54.610481,-20.474792],[-54.610491,-20.474792],[-54.610491,-20.474783],[-54.6105,-20.474783],[-54.6105,-20.474774],[-54.61051,-20.474774],[-54.61051,-20.474765],[-54.610548,-20.474766],[-54.610549,-20.474757],[-54.610654,-20.474758],[-54.610654,-20.474749],[-54.610664,-20.474749],[-54.610664,-20.47474],[-54.610673,-20.47474],[-54.610674,-20.474731],[-54.610683,-20.474731],[-54.610683,-20.474722],[-54.610693,-20.474723],[-54.610693,-20.474714],[-54.610703,-20.474714],[-54.610703,-20.474705],[-54.610712,-20.474705],[-54.610712,-20.474696],[-54.610722,-20.474696],[-54.610722,-20.474687],[-54.610732,-20.474687],[-54.610732,-20.474678],[-54.610741,-20.474678],[-54.610742,-20.474669],[-54.610751,-20.474669],[-54.610751,-20.47466],[-54.610761,-20.47466],[-54.610761,-20.474651],[-54.610771,-20.474651],[-54.610771,-20.474642],[-54.61078,-20.474643],[-54.61078,-20.474634],[-54.61079,-20.474634],[-54.61079,-20.474625],[-54.6108,-20.474625],[-54.6108,-20.474616],[-54.610809,-20.474616],[-54.61081,-20.474607],[-54.610819,-20.474607],[-54.610819,-20.474598],[-54.610829,-20.474598],[-54.610829,-20.474589],[-54.610839,-20.474589],[-54.610839,-20.47458],[-54.610848,-20.47458],[-54.610848,-20.474571],[-54.610858,-20.474571],[-54.610858,-20.474544],[-54.610868,-20.474544],[-54.610868,-20.474535],[-54.610878,-20.474536],[-54.610878,-20.474526],[-54.610888,-20.474527],[-54.610888,-20.474518],[-54.610897,-20.474518],[-54.610897,-20.474509],[-54.610907,-20.474509],[-54.610907,-20.4745],[-54.610917,-20.4745],[-54.610917,-20.474491],[-54.610936,-20.474491],[-54.610936,-20.474482],[-54.610946,-20.474482],[-54.610946,-20.474473],[-54.610955,-20.474473],[-54.610956,-20.474464],[-54.610965,-20.474464],[-54.610965,-20.474455],[-54.610975,-20.474456],[-54.610975,-20.474447],[-54.610985,-20.474447],[-54.610985,-20.474438],[-54.610994,-20.474438],[-54.610994,-20.474429],[-54.611004,-20.474429],[-54.611004,-20.47442],[-54.611014,-20.47442],[-54.611014,-20.474411],[-54.611023,-20.474411],[-54.611024,-20.474402],[-54.611033,-20.474402],[-54.611033,-20.474393],[-54.611043,-20.474393],[-54.611043,-20.474384],[-54.611053,-20.474384],[-54.611053,-20.474375],[-54.611062,-20.474376],[-54.611062,-20.474366],[-54.611072,-20.474367],[-54.611072,-20.474358],[-54.611082,-20.474358],[-54.611082,-20.474349],[-54.611091,-20.474349],[-54.611092,-20.47434],[-54.611101,-20.47434],[-54.611101,-20.474331],[-54.611111,-20.474331],[-54.611111,-20.474322],[-54.611121,-20.474322],[-54.611121,-20.474313],[-54.61113,-20.474313],[-54.611131,-20.474304],[-54.61114,-20.474304],[-54.61114,-20.474295],[-54.61115,-20.474295],[-54.611151,-20.474187],[-54.611161,-20.474187],[-54.611162,-20.474142],[-54.611171,-20.474142],[-54.611172,-20.474115],[-54.611162,-20.474115],[-54.611162,-20.474106],[-54.611153,-20.474106],[-54.611153,-20.474088],[-54.611143,-20.474088],[-54.611146,-20.473934],[-54.611155,-20.473934],[-54.611156,-20.473916],[-54.611165,-20.473916],[-54.611166,-20.473889],[-54.611175,-20.473889],[-54.611175,-20.47388],[-54.611185,-20.473881],[-54.611185,-20.473871],[-54.611195,-20.473872],[-54.611195,-20.473863],[-54.611204,-20.473863],[-54.611205,-20.473854],[-54.611214,-20.473854],[-54.611214,-20.473845],[-54.611291,-20.473846],[-54.611291,-20.473837],[-54.61131,-20.473837],[-54.61131,-20.473828],[-54.61132,-20.473828],[-54.61132,-20.473819],[-54.61133,-20.473819],[-54.61133,-20.47381],[-54.611339,-20.47381],[-54.61134,-20.473801],[-54.611349,-20.473802],[-54.611349,-20.473792],[-54.611359,-20.473793],[-54.611359,-20.473784],[-54.611369,-20.473784],[-54.611369,-20.473775],[-54.611378,-20.473775],[-54.611378,-20.473766],[-54.611388,-20.473766],[-54.611388,-20.473757],[-54.611398,-20.473757],[-54.611399,-20.473676],[-54.611409,-20.473676],[-54.611409,-20.473658],[-54.611629,-20.473661],[-54.611629,-20.473652],[-54.611639,-20.473652],[-54.611639,-20.473643],[-54.611649,-20.473643],[-54.611649,-20.473634],[-54.611658,-20.473634],[-54.611658,-20.473625],[-54.611668,-20.473625],[-54.611668,-20.473616],[-54.611678,-20.473616],[-54.611678,-20.473607],[-54.611688,-20.473607],[-54.611688,-20.473598],[-54.611697,-20.473599],[-54.611697,-20.47359],[-54.611717,-20.47359],[-54.611717,-20.473581],[-54.611726,-20.473581],[-54.611726,-20.473572],[-54.611736,-20.473572],[-54.611736,-20.473563],[-54.611746,-20.473563],[-54.611746,-20.473554],[-54.611765,-20.473554],[-54.611765,-20.473545],[-54.611784,-20.473546],[-54.611784,-20.473537],[-54.611804,-20.473537],[-54.611806,-20.473374],[-54.611816,-20.473374],[-54.611816,-20.473329],[-54.611826,-20.473329],[-54.611827,-20.473284],[-54.611836,-20.473284],[-54.611837,-20.473239],[-54.611847,-20.473239],[-54.611847,-20.473194],[-54.611857,-20.473194],[-54.611857,-20.473158],[-54.611867,-20.473158],[-54.611867,-20.47314],[-54.611877,-20.473141],[-54.611877,-20.473131],[-54.611887,-20.473132],[-54.611887,-20.473123],[-54.611896,-20.473123],[-54.611896,-20.473114],[-54.611906,-20.473114],[-54.611906,-20.473105],[-54.611916,-20.473105],[-54.611916,-20.473096],[-54.611925,-20.473096],[-54.611926,-20.473087],[-54.611935,-20.473087],[-54.611936,-20.47306],[-54.611945,-20.47306],[-54.611946,-20.473024],[-54.611955,-20.473024],[-54.611955,-20.473015],[-54.611965,-20.473015],[-54.611965,-20.472997],[-54.611975,-20.472997],[-54.611975,-20.472979],[-54.611985,-20.472979],[-54.611985,-20.47297],[-54.611994,-20.472971],[-54.611995,-20.472962],[-54.612004,-20.472962],[-54.612004,-20.472953],[-54.612014,-20.472953],[-54.612014,-20.472944],[-54.612024,-20.472944],[-54.612024,-20.472935],[-54.612033,-20.472935],[-54.612033,-20.472926],[-54.612043,-20.472926],[-54.612043,-20.472917],[-54.612053,-20.472917],[-54.612053,-20.472908],[-54.612062,-20.472908],[-54.612063,-20.472899],[-54.612072,-20.472899],[-54.612072,-20.47289],[-54.612082,-20.472891],[-54.612082,-20.472881],[-54.612092,-20.472882],[-54.612092,-20.472873],[-54.612101,-20.472873],[-54.612101,-20.472864],[-54.612111,-20.472864],[-54.612111,-20.472855],[-54.61213,-20.472855],[-54.612131,-20.472801],[-54.612141,-20.472801],[-54.612141,-20.472783],[-54.612151,-20.472783],[-54.612151,-20.472774],[-54.61216,-20.472774],[-54.61216,-20.472765],[-54.61218,-20.472765],[-54.61218,-20.472756],[-54.612189,-20.472757],[-54.61219,-20.472747],[-54.612199,-20.472748],[-54.612199,-20.472739],[-54.612209,-20.472739],[-54.612209,-20.47273],[-54.612219,-20.47273],[-54.612219,-20.472721],[-54.612228,-20.472721],[-54.612228,-20.472712],[-54.612238,-20.472712],[-54.612238,-20.472703],[-54.612248,-20.472703],[-54.612252,-20.472423],[-54.612242,-20.472423],[-54.612246,-20.472225],[-54.612236,-20.472224],[-54.612236,-20.472215],[-54.612227,-20.472215],[-54.612227,-20.472206],[-54.612217,-20.472206],[-54.612217,-20.472197],[-54.612208,-20.472197],[-54.612208,-20.472188],[-54.612198,-20.472188],[-54.612198,-20.472179],[-54.612189,-20.472179],[-54.612189,-20.47217],[-54.612179,-20.472169],[-54.612179,-20.47216],[-54.61217,-20.47216],[-54.61217,-20.472151],[-54.61216,-20.472151],[-54.612161,-20.472142],[-54.612151,-20.472142],[-54.612152,-20.472106],[-54.612142,-20.472106],[-54.612142,-20.472088],[-54.612133,-20.472088],[-54.612133,-20.47206],[-54.612123,-20.47206],[-54.612124,-20.472042],[-54.612114,-20.472042],[-54.612115,-20.472015],[-54.612124,-20.472015],[-54.612124,-20.472006],[-54.612134,-20.472006],[-54.612134,-20.471988],[-54.612144,-20.471988],[-54.612144,-20.47197],[-54.612154,-20.47197],[-54.612154,-20.471952],[-54.612163,-20.471952],[-54.612164,-20.471934],[-54.612173,-20.471935],[-54.612173,-20.471926],[-54.612183,-20.471926],[-54.612183,-20.471908],[-54.612193,-20.471908],[-54.612193,-20.471899],[-54.612203,-20.471899],[-54.612203,-20.471881],[-54.612213,-20.471881],[-54.612213,-20.471872],[-54.612222,-20.471872],[-54.612223,-20.471854],[-54.612232,-20.471854],[-54.612232,-20.471836],[-54.612242,-20.471836],[-54.612242,-20.471827],[-54.612252,-20.471827],[-54.612252,-20.471809],[-54.612262,-20.471809],[-54.612268,-20.471367],[-54.612259,-20.471367],[-54.612259,-20.471358],[-54.612249,-20.471358],[-54.61225,-20.47134],[-54.61224,-20.471339],[-54.61224,-20.47133],[-54.612231,-20.47133],[-54.612231,-20.471321],[-54.612221,-20.471321],[-54.612221,-20.471312],[-54.612212,-20.471312],[-54.612212,-20.471303],[-54.612202,-20.471303],[-54.612202,-20.471294],[-54.612193,-20.471294],[-54.612193,-20.471285],[-54.612183,-20.471285],[-54.612184,-20.471275],[-54.612174,-20.471275],[-54.612174,-20.471266],[-54.612165,-20.471266],[-54.612165,-20.471257],[-54.612155,-20.471257],[-54.612155,-20.471248],[-54.612146,-20.471248],[-54.612146,-20.471239],[-54.612136,-20.471239],[-54.612136,-20.47123],[-54.612127,-20.47123],[-54.612127,-20.471221],[-54.612117,-20.47122],[-54.612117,-20.471211],[-54.612108,-20.471211],[-54.61211,-20.471085],[-54.6121,-20.471085],[-54.612101,-20.471067],[-54.612091,-20.471067],[-54.612091,-20.471048],[-54.612082,-20.471048],[-54.612082,-20.471039],[-54.612072,-20.471039],[-54.612072,-20.47103],[-54.612063,-20.47103],[-54.612063,-20.471021],[-54.612053,-20.471021],[-54.612053,-20.471012],[-54.612044,-20.471012],[-54.612044,-20.471003],[-54.612034,-20.471003],[-54.612035,-20.470994],[-54.612025,-20.470993],[-54.612025,-20.470984],[-54.612016,-20.470984],[-54.612016,-20.470975],[-54.612006,-20.470975],[-54.612006,-20.470966],[-54.611997,-20.470966],[-54.611997,-20.470957],[-54.611987,-20.470957],[-54.611987,-20.470948],[-54.611978,-20.470948],[-54.611978,-20.470939],[-54.611968,-20.470938],[-54.611969,-20.470929],[-54.611959,-20.470929],[-54.611959,-20.47092],[-54.611949,-20.47092],[-54.61195,-20.470911],[-54.61194,-20.470911],[-54.61194,-20.470902],[-54.611931,-20.470902],[-54.611931,-20.470893],[-54.611921,-20.470893],[-54.611921,-20.470875],[-54.611912,-20.470874],[-54.611912,-20.470865],[-54.611902,-20.470865],[-54.611903,-20.470856],[-54.611893,-20.470856],[-54.611893,-20.470838],[-54.611884,-20.470838],[-54.611891,-20.470377],[-54.611881,-20.470377],[-54.611882,-20.470341],[-54.611872,-20.470341],[-54.611873,-20.470296],[-54.611863,-20.470296],[-54.611864,-20.470251],[-54.611854,-20.470251],[-54.611855,-20.470223],[-54.611845,-20.470223],[-54.611846,-20.470205],[-54.611836,-20.470205],[-54.611836,-20.470196],[-54.611827,-20.470196],[-54.611827,-20.470187],[-54.611817,-20.470187],[-54.611817,-20.470178],[-54.611808,-20.470178],[-54.611808,-20.470169],[-54.611798,-20.470169],[-54.611799,-20.47015],[-54.611789,-20.47015],[-54.611789,-20.470141],[-54.611779,-20.470141],[-54.61178,-20.470132],[-54.61177,-20.470132],[-54.61177,-20.470123],[-54.611761,-20.470123],[-54.611761,-20.470105],[-54.611751,-20.470105],[-54.611751,-20.470096],[-54.611713,-20.470095],[-54.611713,-20.470086],[-54.611675,-20.470086],[-54.611675,-20.470077],[-54.611646,-20.470076],[-54.611646,-20.470067],[-54.611618,-20.470067],[-54.611618,-20.470058],[-54.611589,-20.470057],[-54.611589,-20.470048],[-54.611561,-20.470048],[-54.611561,-20.470039],[-54.611542,-20.470039],[-54.611543,-20.46993],[-54.611534,-20.46993],[-54.61154,-20.469533],[-54.611559,-20.469533],[-54.611559,-20.469506],[-54.611569,-20.469506],[-54.611569,-20.469479],[-54.611579,-20.469479],[-54.611585,-20.469073],[-54.611595,-20.469073],[-54.611595,-20.469064],[-54.611605,-20.469064],[-54.611605,-20.469046],[-54.611614,-20.469046],[-54.611615,-20.469028],[-54.611624,-20.469028],[-54.611625,-20.46901],[-54.611634,-20.46901],[-54.611635,-20.468983],[-54.611644,-20.468983],[-54.611648,-20.468713],[-54.611658,-20.468713],[-54.611658,-20.468704],[-54.611668,-20.468704],[-54.611668,-20.468695],[-54.611668,-20.468686],[-54.61094,-20.468676],[-54.610945,-20.46836],[-54.610935,-20.46836],[-54.610935,-20.468342],[-54.610926,-20.468341],[-54.610926,-20.468314],[-54.610917,-20.468314],[-54.610917,-20.468287],[-54.610907,-20.468287],[-54.610908,-20.468269],[-54.610898,-20.468269],[-54.610899,-20.468242],[-54.610889,-20.468242],[-54.610889,-20.468215],[-54.61088,-20.468214],[-54.61088,-20.468196],[-54.610871,-20.468196],[-54.610871,-20.468169],[-54.610861,-20.468169],[-54.610862,-20.468142],[-54.610852,-20.468142],[-54.610853,-20.468124],[-54.610843,-20.468124],[-54.610843,-20.468096],[-54.610834,-20.468096],[-54.610834,-20.468051],[-54.610825,-20.468051],[-54.610825,-20.468024],[-54.610816,-20.468024],[-54.610817,-20.467961],[-54.610807,-20.467961],[-54.610808,-20.467897],[-54.610799,-20.467897],[-54.610799,-20.467834],[-54.61079,-20.467834],[-54.610791,-20.467762],[-54.610781,-20.467762],[-54.610784,-20.46759],[-54.610794,-20.46759],[-54.610794,-20.467554],[-54.610804,-20.467554],[-54.610805,-20.467509],[-54.610805,-20.467473],[-54.610815,-20.467473],[-54.610815,-20.467455],[-54.610825,-20.467455],[-54.610825,-20.467446],[-54.610834,-20.467446],[-54.610834,-20.467437],[-54.610844,-20.467437],[-54.610844,-20.467428],[-54.610854,-20.467428],[-54.610854,-20.467419],[-54.610863,-20.467419],[-54.610864,-20.46741],[-54.610873,-20.467411],[-54.610873,-20.467402],[-54.610883,-20.467402],[-54.610883,-20.467393],[-54.610893,-20.467393],[-54.610893,-20.467384],[-54.610902,-20.467384],[-54.610902,-20.467375],[-54.610912,-20.467375],[-54.610912,-20.467366],[-54.610922,-20.467366],[-54.610922,-20.467357],[-54.610931,-20.467357],[-54.610932,-20.467348],[-54.610941,-20.467348],[-54.610941,-20.467339],[-54.610951,-20.467339],[-54.610951,-20.46733],[-54.610961,-20.467331],[-54.610961,-20.467321],[-54.61097,-20.467322],[-54.61097,-20.467313],[-54.61098,-20.467313],[-54.61098,-20.467304],[-54.61099,-20.467304],[-54.61099,-20.467295],[-54.610999,-20.467295],[-54.611,-20.467286],[-54.611009,-20.467286],[-54.611009,-20.467277],[-54.611019,-20.467277],[-54.611019,-20.467268],[-54.611029,-20.467268],[-54.611029,-20.467259],[-54.611067,-20.46726],[-54.611067,-20.467251],[-54.611086,-20.467251],[-54.611087,-20.467242],[-54.611106,-20.467242],[-54.611106,-20.467233],[-54.611125,-20.467233],[-54.611125,-20.467224],[-54.611135,-20.467225],[-54.611135,-20.467216],[-54.611154,-20.467216],[-54.611154,-20.467207],[-54.611173,-20.467207],[-54.611173,-20.467198],[-54.611193,-20.467198],[-54.611193,-20.467189],[-54.611202,-20.467189],[-54.611202,-20.46718],[-54.611212,-20.46718],[-54.611212,-20.467171],[-54.611222,-20.467172],[-54.611226,-20.466892],[-54.611217,-20.466892],[-54.611226,-20.466278],[-54.611236,-20.466278],[-54.611236,-20.466224],[-54.611246,-20.466224],[-54.611247,-20.46617],[-54.611256,-20.46617],[-54.611257,-20.466106],[-54.611267,-20.466107],[-54.611268,-20.466052],[-54.611277,-20.466053],[-54.611279,-20.46598],[-54.611269,-20.46598],[-54.611269,-20.465953],[-54.61126,-20.465953],[-54.61126,-20.465926],[-54.611251,-20.465926],[-54.611251,-20.465899],[-54.611241,-20.465899],[-54.611242,-20.465881],[-54.611232,-20.46588],[-54.611232,-20.465871],[-54.611223,-20.465871],[-54.611223,-20.465862],[-54.611213,-20.465862],[-54.611213,-20.465853],[-54.611204,-20.465853],[-54.611204,-20.465844],[-54.611194,-20.465844],[-54.611195,-20.465835],[-54.611185,-20.465835],[-54.611185,-20.465826],[-54.611176,-20.465825],[-54.611176,-20.465816],[-54.611166,-20.465816],[-54.611166,-20.465807],[-54.611157,-20.465807],[-54.611157,-20.465798],[-54.611147,-20.465798],[-54.611147,-20.465789],[-54.611138,-20.465789],[-54.611138,-20.46578],[-54.611128,-20.46578],[-54.611128,-20.465771],[-54.611119,-20.46577],[-54.611119,-20.465761],[-54.611109,-20.465761],[-54.61111,-20.465752],[-54.6111,-20.465752],[-54.6111,-20.465743],[-54.611091,-20.465743],[-54.611091,-20.465734],[-54.611081,-20.465734],[-54.611081,-20.465725],[-54.611072,-20.465725],[-54.611072,-20.465716],[-54.611062,-20.465716],[-54.611062,-20.465706],[-54.611053,-20.465706],[-54.611053,-20.465697],[-54.611043,-20.465697],[-54.611044,-20.465688],[-54.611034,-20.465688],[-54.611034,-20.465679],[-54.611024,-20.465679],[-54.611025,-20.46567],[-54.611015,-20.46567],[-54.611015,-20.465661],[-54.611006,-20.465661],[-54.611006,-20.465652],[-54.610996,-20.465651],[-54.610996,-20.465642],[-54.610987,-20.465642],[-54.610987,-20.465633],[-54.610977,-20.465633],[-54.610977,-20.465624],[-54.610968,-20.465624],[-54.610968,-20.465615],[-54.610958,-20.465615],[-54.610959,-20.465606],[-54.610949,-20.465606],[-54.610949,-20.465597],[-54.61094,-20.465596],[-54.61094,-20.465587],[-54.61093,-20.465587],[-54.61093,-20.465578],[-54.610921,-20.465578],[-54.610921,-20.465569],[-54.610911,-20.465569],[-54.610911,-20.46556],[-54.610902,-20.46556],[-54.610902,-20.465551],[-54.610892,-20.465551],[-54.610892,-20.465542],[-54.610883,-20.465541],[-54.610883,-20.465514],[-54.610874,-20.465514],[-54.610874,-20.465505],[-54.610855,-20.465505],[-54.610855,-20.465496],[-54.610845,-20.465496],[-54.610845,-20.465487],[-54.610836,-20.465487],[-54.610836,-20.465478],[-54.610826,-20.465477],[-54.610827,-20.465468],[-54.610817,-20.465468],[-54.610817,-20.465459],[-54.610808,-20.465459],[-54.610808,-20.46545],[-54.610798,-20.46545],[-54.610798,-20.465441],[-54.610789,-20.465441],[-54.610789,-20.465414],[-54.610779,-20.465414],[-54.61078,-20.465387],[-54.61077,-20.465386],[-54.610787,-20.464285],[-54.610778,-20.464285],[-54.610778,-20.464249],[-54.610769,-20.464249],[-54.610769,-20.464203],[-54.61076,-20.464203],[-54.610763,-20.464014],[-54.610753,-20.464014],[-54.610754,-20.463986],[-54.610744,-20.463986],[-54.610745,-20.46395],[-54.610754,-20.46395],[-54.610754,-20.463941],[-54.610764,-20.463941],[-54.610764,-20.463932],[-54.610774,-20.463933],[-54.610774,-20.463924],[-54.610783,-20.463924],[-54.610784,-20.463915],[-54.610793,-20.463915],[-54.610793,-20.463906],[-54.610803,-20.463906],[-54.610803,-20.463897],[-54.610813,-20.463897],[-54.610813,-20.463888],[-54.610822,-20.463888],[-54.610822,-20.463879],[-54.610832,-20.463879],[-54.610833,-20.463834],[-54.610842,-20.463834],[-54.610843,-20.463798],[-54.610852,-20.463798],[-54.610853,-20.463771],[-54.610843,-20.463771],[-54.610843,-20.463762],[-54.610834,-20.463762],[-54.610834,-20.463753],[-54.610824,-20.463753],[-54.610824,-20.463744],[-54.610815,-20.463744],[-54.61082,-20.463446],[-54.61081,-20.463445],[-54.61081,-20.463436],[-54.6108,-20.463436],[-54.610801,-20.463427],[-54.610791,-20.463427],[-54.610791,-20.463418],[-54.610782,-20.463418],[-54.610782,-20.463409],[-54.610772,-20.463409],[-54.610772,-20.4634],[-54.610763,-20.4634],[-54.610763,-20.463391],[-54.610753,-20.46339],[-54.610753,-20.463381],[-54.610744,-20.463381],[-54.610744,-20.463372],[-54.610734,-20.463372],[-54.610735,-20.463363],[-54.610725,-20.463363],[-54.610725,-20.463354],[-54.610716,-20.463354],[-54.610716,-20.463345],[-54.610706,-20.463345],[-54.610706,-20.463336],[-54.610697,-20.463336],[-54.610697,-20.463327],[-54.610687,-20.463326],[-54.610687,-20.463317],[-54.610678,-20.463317],[-54.610678,-20.463308],[-54.610668,-20.463308],[-54.610668,-20.463299],[-54.610649,-20.463299],[-54.610649,-20.46329],[-54.610621,-20.463289],[-54.610621,-20.46328],[-54.610592,-20.46328],[-54.610592,-20.463271],[-54.610583,-20.463271],[-54.610583,-20.463262],[-54.610573,-20.463262],[-54.610573,-20.463253],[-54.610564,-20.463252],[-54.610564,-20.463243],[-54.610554,-20.463243],[-54.610554,-20.463234],[-54.610459,-20.463233],[-54.610459,-20.463224],[-54.61043,-20.463224],[-54.61043,-20.463214],[-54.610411,-20.463214],[-54.610411,-20.463205],[-54.610402,-20.463205],[-54.610402,-20.463196],[-54.610392,-20.463196],[-54.610392,-20.463187],[-54.610383,-20.463187],[-54.610383,-20.463178],[-54.610373,-20.463178],[-54.610373,-20.463169],[-54.610364,-20.463168],[-54.610364,-20.463159],[-54.610354,-20.463159],[-54.610355,-20.46315],[-54.610345,-20.46315],[-54.610345,-20.463141],[-54.610336,-20.463141],[-54.610336,-20.463132],[-54.610326,-20.463132],[-54.610326,-20.463123],[-54.610317,-20.463123],[-54.610317,-20.463114],[-54.610298,-20.463113],[-54.610298,-20.463104],[-54.610288,-20.463104],[-54.610288,-20.463095],[-54.610269,-20.463095],[-54.610269,-20.463086],[-54.61026,-20.463086],[-54.61026,-20.463077],[-54.610241,-20.463076],[-54.610241,-20.463067],[-54.610231,-20.463067],[-54.610231,-20.463058],[-54.610222,-20.463058],[-54.610222,-20.463049],[-54.610212,-20.463049],[-54.610213,-20.463031],[-54.610203,-20.463031],[-54.610203,-20.463022],[-54.610194,-20.463022],[-54.610194,-20.463013],[-54.610184,-20.463012],[-54.610184,-20.463003],[-54.610175,-20.463003],[-54.610175,-20.462994],[-54.610165,-20.462994],[-54.610166,-20.462985],[-54.610156,-20.462985],[-54.610156,-20.462976],[-54.610146,-20.462976],[-54.610147,-20.462967],[-54.610137,-20.462967],[-54.610137,-20.462958],[-54.610128,-20.462957],[-54.610128,-20.462948],[-54.610118,-20.462948],[-54.610118,-20.462939],[-54.610109,-20.462939],[-54.610109,-20.46293],[-54.61008,-20.46293],[-54.61008,-20.462921],[-54.610071,-20.462921],[-54.610071,-20.462912],[-54.610061,-20.462911],[-54.610061,-20.462902],[-54.610052,-20.462902],[-54.610052,-20.462893],[-54.610042,-20.462893],[-54.610043,-20.462884],[-54.610033,-20.462884],[-54.610033,-20.462875],[-54.610023,-20.462875],[-54.610024,-20.462866],[-54.610014,-20.462866],[-54.610014,-20.462857],[-54.610005,-20.462856],[-54.610005,-20.462847],[-54.609995,-20.462847],[-54.609995,-20.462838],[-54.609986,-20.462838],[-54.609986,-20.462829],[-54.609967,-20.462829],[-54.609967,-20.46282],[-54.609957,-20.46282],[-54.609957,-20.462811],[-54.609948,-20.462811],[-54.609948,-20.462801],[-54.609938,-20.462801],[-54.609939,-20.462792],[-54.609929,-20.462792],[-54.609929,-20.462783],[-54.60992,-20.462783],[-54.60992,-20.462774],[-54.60991,-20.462774],[-54.60991,-20.462765],[-54.609901,-20.462765],[-54.609901,-20.462756],[-54.609891,-20.462756],[-54.609891,-20.462747],[-54.609882,-20.462746],[-54.609882,-20.462737],[-54.609872,-20.462737],[-54.609872,-20.462728],[-54.609863,-20.462728],[-54.609863,-20.462719],[-54.609853,-20.462719],[-54.609854,-20.46271],[-54.609844,-20.46271],[-54.609844,-20.462701],[-54.609394,-20.462695],[-54.609394,-20.462685],[-54.609356,-20.462685],[-54.609356,-20.462676],[-54.609346,-20.462676],[-54.609346,-20.462667],[-54.609337,-20.462667],[-54.609337,-20.462658],[-54.609327,-20.462657],[-54.609328,-20.462648],[-54.609318,-20.462648],[-54.609318,-20.462639],[-54.609309,-20.462639],[-54.609309,-20.46263],[-54.609299,-20.46263],[-54.609299,-20.462621],[-54.60929,-20.462621],[-54.60929,-20.462612],[-54.60928,-20.462612],[-54.60928,-20.462603],[-54.609271,-20.462603],[-54.609271,-20.462594],[-54.609261,-20.462593],[-54.609261,-20.462584],[-54.609252,-20.462584],[-54.609252,-20.462575],[-54.609233,-20.462575],[-54.609233,-20.462566],[-54.609214,-20.462566],[-54.609216,-20.462448],[-54.609206,-20.462448],[-54.609206,-20.462439],[-54.609197,-20.462439],[-54.609198,-20.462358],[-54.609188,-20.462358],[-54.609188,-20.462349],[-54.609169,-20.462348],[-54.609169,-20.462339],[-54.60915,-20.462339],[-54.609151,-20.462321],[-54.609131,-20.462321],[-54.609132,-20.462312],[-54.609112,-20.462311],[-54.609113,-20.462302],[-54.609103,-20.462302],[-54.609103,-20.462293],[-54.609084,-20.462293],[-54.609084,-20.462284],[-54.609074,-20.462284],[-54.609075,-20.462275],[-54.609065,-20.462275],[-54.609065,-20.462266],[-54.609046,-20.462265],[-54.609046,-20.462256],[-54.609037,-20.462256],[-54.609037,-20.462247],[-54.609018,-20.462247],[-54.609018,-20.462238],[-54.609008,-20.462238],[-54.609008,-20.462229],[-54.608999,-20.462229],[-54.608999,-20.46222],[-54.60898,-20.462219],[-54.60898,-20.46221],[-54.60897,-20.46221],[-54.60897,-20.462201],[-54.608951,-20.462201],[-54.608951,-20.462192],[-54.608942,-20.462192],[-54.608942,-20.462147],[-54.608933,-20.462146],[-54.608933,-20.462119],[-54.608924,-20.462119],[-54.608924,-20.462083],[-54.608915,-20.462083],[-54.608915,-20.462047],[-54.608906,-20.462047],[-54.608906,-20.462029],[-54.608896,-20.462028],[-54.608897,-20.46201],[-54.608887,-20.46201],[-54.608887,-20.461992],[-54.608878,-20.461992],[-54.608878,-20.461974],[-54.608868,-20.461974],[-54.608869,-20.461956],[-54.608859,-20.461956],[-54.608859,-20.461947],[-54.60885,-20.461947],[-54.60885,-20.461919],[-54.608841,-20.461919],[-54.608841,-20.461883],[-54.608832,-20.461883],[-54.608832,-20.461856],[-54.608822,-20.461856],[-54.608823,-20.461838],[-54.608813,-20.461838],[-54.608813,-20.46182],[-54.608804,-20.46182],[-54.608804,-20.461774],[-54.608795,-20.461774],[-54.608795,-20.461765],[-54.608776,-20.461765],[-54.608776,-20.461756],[-54.608766,-20.461756],[-54.608767,-20.461747],[-54.608757,-20.461747],[-54.608757,-20.461738],[-54.608748,-20.461737],[-54.608748,-20.461728],[-54.608738,-20.461728],[-54.608738,-20.461719],[-54.608729,-20.461719],[-54.608729,-20.46171],[-54.608719,-20.46171],[-54.608719,-20.461701],[-54.60871,-20.461701],[-54.60871,-20.461692],[-54.6087,-20.461692],[-54.608701,-20.461683],[-54.608691,-20.461683],[-54.608691,-20.461673],[-54.608681,-20.461673],[-54.608682,-20.461664],[-54.608662,-20.461664],[-54.608663,-20.461655],[-54.608653,-20.461655],[-54.608653,-20.461646],[-54.608644,-20.461646],[-54.608644,-20.461637],[-54.608634,-20.461637],[-54.608634,-20.461628],[-54.608625,-20.461627],[-54.608625,-20.461618],[-54.608615,-20.461618],[-54.608615,-20.461609],[-54.608606,-20.461609],[-54.608606,-20.4616],[-54.608596,-20.4616],[-54.608597,-20.461591],[-54.608587,-20.461591],[-54.608587,-20.461582],[-54.608578,-20.461582],[-54.608578,-20.461573],[-54.608568,-20.461572],[-54.608568,-20.461563],[-54.608511,-20.461563],[-54.608511,-20.461554],[-54.608501,-20.461553],[-54.608501,-20.461544],[-54.608434,-20.461544],[-54.608435,-20.461534],[-54.608415,-20.461534],[-54.608415,-20.461525],[-54.608396,-20.461525],[-54.608396,-20.461516],[-54.608377,-20.461516],[-54.608377,-20.461507],[-54.608358,-20.461506],[-54.608358,-20.461497],[-54.608339,-20.461497],[-54.608339,-20.461488],[-54.60832,-20.461488],[-54.60832,-20.461479],[-54.608301,-20.461478],[-54.608301,-20.461469],[-54.608282,-20.461469],[-54.608282,-20.46146],[-54.608273,-20.46146],[-54.608273,-20.461451],[-54.608254,-20.461451],[-54.608254,-20.461442],[-54.608235,-20.461441],[-54.608235,-20.461432],[-54.608216,-20.461432],[-54.608216,-20.461423],[-54.608197,-20.461423],[-54.608197,-20.461414],[-54.608178,-20.461414],[-54.608178,-20.461405],[-54.608159,-20.461404],[-54.608159,-20.461395],[-54.608149,-20.461395],[-54.608149,-20.461386],[-54.608054,-20.461385],[-54.608054,-20.461376],[-54.6079,-20.461374],[-54.607901,-20.461356],[-54.607891,-20.461355],[-54.607891,-20.461337],[-54.607882,-20.461337],[-54.607882,-20.461328],[-54.607872,-20.461328],[-54.607874,-20.461202],[-54.607874,-20.461193],[-54.607865,-20.461193],[-54.607865,-20.461184],[-54.607855,-20.461183],[-54.607856,-20.461174],[-54.607846,-20.461174],[-54.607846,-20.461165],[-54.607837,-20.461165],[-54.607837,-20.461156],[-54.607827,-20.461156],[-54.607827,-20.461147],[-54.607818,-20.461147],[-54.607818,-20.461138],[-54.607808,-20.461138],[-54.607808,-20.461129],[-54.607799,-20.461128],[-54.607799,-20.461119],[-54.607789,-20.461119],[-54.60779,-20.46111],[-54.60778,-20.46111],[-54.60778,-20.461101],[-54.607771,-20.461101],[-54.607771,-20.461092],[-54.607761,-20.461092],[-54.607761,-20.461083],[-54.607752,-20.461083],[-54.607752,-20.461074],[-54.607742,-20.461073],[-54.607742,-20.461064],[-54.607733,-20.461064],[-54.607733,-20.461055],[-54.607723,-20.461055],[-54.607723,-20.461046],[-54.607714,-20.461046],[-54.607714,-20.461037],[-54.607704,-20.461037],[-54.607705,-20.461028],[-54.607695,-20.461028],[-54.607695,-20.461019],[-54.607686,-20.461018],[-54.607686,-20.461009],[-54.607676,-20.461009],[-54.607676,-20.461],[-54.607657,-20.461],[-54.607657,-20.460991],[-54.607648,-20.460991],[-54.607648,-20.460982],[-54.607638,-20.460982],[-54.607638,-20.460973],[-54.607629,-20.460973],[-54.607629,-20.460964],[-54.607619,-20.460963],[-54.607619,-20.460954],[-54.60761,-20.460954],[-54.60761,-20.460945],[-54.6076,-20.460945],[-54.607601,-20.460936],[-54.607591,-20.460936],[-54.607591,-20.460927],[-54.607582,-20.460927],[-54.607582,-20.460918],[-54.607572,-20.460918],[-54.607572,-20.460909],[-54.607563,-20.460908],[-54.607563,-20.460899],[-54.607544,-20.460899],[-54.607544,-20.46089],[-54.607534,-20.46089],[-54.607534,-20.460881],[-54.607515,-20.460881],[-54.607515,-20.460872],[-54.607496,-20.460871],[-54.607496,-20.460862],[-54.607487,-20.460862],[-54.607487,-20.460853],[-54.607468,-20.460853],[-54.607468,-20.460844],[-54.607449,-20.460844],[-54.607449,-20.460835],[-54.60743,-20.460834],[-54.60743,-20.460825],[-54.60742,-20.460825],[-54.60742,-20.460816],[-54.607411,-20.460816],[-54.607411,-20.460807],[-54.607401,-20.460807],[-54.607402,-20.460798],[-54.607382,-20.460798],[-54.607383,-20.460789],[-54.607354,-20.460788],[-54.607354,-20.460779],[-54.607344,-20.460779],[-54.607344,-20.46077],[-54.607287,-20.460769],[-54.607287,-20.46076],[-54.607268,-20.46076],[-54.607268,-20.460751],[-54.607259,-20.460751],[-54.607259,-20.460742],[-54.607249,-20.460742],[-54.607249,-20.460733],[-54.60724,-20.460732],[-54.60724,-20.460723],[-54.60723,-20.460723],[-54.607231,-20.460705],[-54.607221,-20.460705],[-54.607221,-20.460687],[-54.607212,-20.460687],[-54.607212,-20.460678],[-54.607202,-20.460678],[-54.607202,-20.460669],[-54.607193,-20.460669],[-54.607193,-20.46066],[-54.607183,-20.460659],[-54.607183,-20.46065],[-54.607174,-20.46065],[-54.607174,-20.460641],[-54.607164,-20.460641],[-54.607165,-20.460632],[-54.607155,-20.460632],[-54.607155,-20.460623],[-54.607146,-20.460623],[-54.607146,-20.460614],[-54.607136,-20.460614],[-54.607136,-20.460605],[-54.607127,-20.460604],[-54.607127,-20.460595],[-54.607117,-20.460595],[-54.607117,-20.460586],[-54.607108,-20.460586],[-54.607108,-20.460577],[-54.607098,-20.460577],[-54.607098,-20.460568],[-54.607089,-20.460568],[-54.607089,-20.460559],[-54.607079,-20.460559],[-54.60708,-20.46055],[-54.60707,-20.460549],[-54.60707,-20.46054],[-54.607061,-20.46054],[-54.607061,-20.460531],[-54.607051,-20.460531],[-54.607051,-20.460522],[-54.607042,-20.460522],[-54.607042,-20.460513],[-54.607032,-20.460513],[-54.607032,-20.460504],[-54.607023,-20.460504],[-54.607023,-20.460495],[-54.607013,-20.460495],[-54.607014,-20.460485],[-54.607004,-20.460485],[-54.607004,-20.460476],[-54.606995,-20.460476],[-54.606995,-20.460467],[-54.606985,-20.460467],[-54.606985,-20.460458],[-54.606976,-20.460458],[-54.606976,-20.460449],[-54.606966,-20.460449],[-54.606966,-20.46044],[-54.606957,-20.46044],[-54.606957,-20.460431],[-54.606947,-20.46043],[-54.606947,-20.460421],[-54.606938,-20.460421],[-54.606938,-20.460385],[-54.606929,-20.460385],[-54.60693,-20.46034],[-54.60692,-20.46034],[-54.606921,-20.460304],[-54.606911,-20.460303],[-54.606912,-20.460258],[-54.606902,-20.460258],[-54.606902,-20.460231],[-54.606922,-20.460231],[-54.606922,-20.46024],[-54.60695,-20.460241],[-54.60695,-20.46025],[-54.606969,-20.46025],[-54.606969,-20.460259],[-54.606988,-20.460259],[-54.606988,-20.460268],[-54.607007,-20.460269],[-54.607007,-20.460278],[-54.607026,-20.460278],[-54.607026,-20.460287],[-54.607045,-20.460287],[-54.607045,-20.460296],[-54.607064,-20.460297],[-54.607064,-20.460306],[-54.607083,-20.460306],[-54.607083,-20.460315],[-54.607112,-20.460315],[-54.607112,-20.460324],[-54.607131,-20.460325],[-54.607131,-20.460334],[-54.60714,-20.460334],[-54.60714,-20.460343],[-54.607159,-20.460343],[-54.607159,-20.460352],[-54.607188,-20.460352],[-54.607188,-20.460361],[-54.607207,-20.460362],[-54.607207,-20.460371],[-54.607226,-20.460371],[-54.607226,-20.46038],[-54.607245,-20.46038],[-54.607245,-20.460389],[-54.607264,-20.46039],[-54.607264,-20.460399],[-54.607283,-20.460399],[-54.607283,-20.460408],[-54.607302,-20.460408],[-54.607302,-20.460417],[-54.607321,-20.460417],[-54.607321,-20.460427],[-54.60735,-20.460427],[-54.60735,-20.460436],[-54.607369,-20.460436],[-54.607369,-20.460445],[-54.607378,-20.460445],[-54.607378,-20.460454],[-54.607493,-20.460456],[-54.607493,-20.460465],[-54.607704,-20.460468],[-54.607704,-20.460477],[-54.607713,-20.460477],[-54.607713,-20.460495],[-54.607722,-20.460495],[-54.607722,-20.460513],[-54.607732,-20.460513],[-54.607731,-20.460531],[-54.607741,-20.460532],[-54.607741,-20.460541],[-54.60775,-20.460541],[-54.60775,-20.460559],[-54.60776,-20.460559],[-54.607759,-20.460577],[-54.607769,-20.460577],[-54.607769,-20.460595],[-54.607778,-20.460595],[-54.607778,-20.460613],[-54.607788,-20.460614],[-54.607787,-20.460632],[-54.607797,-20.460632],[-54.607797,-20.46065],[-54.607806,-20.46065],[-54.607806,-20.460659],[-54.607816,-20.460659],[-54.607815,-20.460677],[-54.607825,-20.460677],[-54.607825,-20.460695],[-54.607834,-20.460695],[-54.607834,-20.460714],[-54.607844,-20.460714],[-54.607843,-20.460732],[-54.608016,-20.460734],[-54.608016,-20.460716],[-54.608035,-20.460716],[-54.608035,-20.460698],[-54.608055,-20.460698],[-54.608055,-20.46068],[-54.608064,-20.460681],[-54.608065,-20.460672],[-54.608074,-20.460672],[-54.608074,-20.460663],[-54.609301,-20.46068],[-54.609301,-20.46067],[-54.609329,-20.460671],[-54.609329,-20.46068],[-54.609348,-20.46068],[-54.609348,-20.460689],[-54.609358,-20.460689],[-54.609358,-20.460698],[-54.609367,-20.460698],[-54.609367,-20.460708],[-54.609386,-20.460708],[-54.609386,-20.460717],[-54.609396,-20.460717],[-54.609396,-20.460726],[-54.609415,-20.460726],[-54.609415,-20.460735],[-54.609434,-20.460736],[-54.609434,-20.460745],[-54.609443,-20.460745],[-54.609443,-20.460754],[-54.609462,-20.460754],[-54.609462,-20.460763],[-54.609481,-20.460763],[-54.609481,-20.460772],[-54.6095,-20.460773],[-54.6095,-20.460782],[-54.60951,-20.460782],[-54.60951,-20.460773],[-54.609519,-20.460773],[-54.60952,-20.460764],[-54.609596,-20.460765],[-54.609596,-20.460774],[-54.609922,-20.460778],[-54.609922,-20.460769],[-54.60997,-20.46077],[-54.60997,-20.460761],[-54.610008,-20.460761],[-54.610008,-20.460752],[-54.610028,-20.460753],[-54.610027,-20.460762],[-54.610037,-20.460762],[-54.610037,-20.460771],[-54.610046,-20.460771],[-54.610046,-20.46078],[-54.610056,-20.46078],[-54.610055,-20.460807],[-54.610065,-20.460807],[-54.610065,-20.460816],[-54.610075,-20.460817],[-54.610074,-20.460826],[-54.610084,-20.460826],[-54.610084,-20.460835],[-54.610093,-20.460835],[-54.610093,-20.460844],[-54.610103,-20.460844],[-54.610103,-20.460853],[-54.610112,-20.460853],[-54.610112,-20.460862],[-54.610122,-20.460862],[-54.610122,-20.460871],[-54.610131,-20.460872],[-54.610131,-20.460881],[-54.610141,-20.460881],[-54.61014,-20.46089],[-54.61015,-20.46089],[-54.61015,-20.460899],[-54.610159,-20.460899],[-54.610159,-20.460908],[-54.610322,-20.46091],[-54.610322,-20.460901],[-54.610332,-20.460901],[-54.610332,-20.460892],[-54.610342,-20.460892],[-54.610342,-20.460883],[-54.610361,-20.460884],[-54.610361,-20.460875],[-54.61038,-20.460875],[-54.61038,-20.460866],[-54.61039,-20.460866],[-54.61039,-20.460857],[-54.610409,-20.460857],[-54.610409,-20.460848],[-54.610429,-20.460849],[-54.610429,-20.460839],[-54.610534,-20.460841],[-54.610534,-20.460832],[-54.610544,-20.460832],[-54.610544,-20.460823],[-54.610601,-20.460824],[-54.610602,-20.460815],[-54.610611,-20.460815],[-54.610611,-20.460806],[-54.610927,-20.46081],[-54.610928,-20.460801],[-54.610937,-20.460801],[-54.610937,-20.460792],[-54.610976,-20.460793],[-54.610976,-20.460784],[-54.611004,-20.460784],[-54.611005,-20.460775],[-54.611024,-20.460775],[-54.611024,-20.460766],[-54.611043,-20.460767],[-54.611043,-20.460758],[-54.611637,-20.460766],[-54.611637,-20.460757],[-54.611676,-20.460757],[-54.611676,-20.460748],[-54.611704,-20.460749],[-54.611705,-20.46074],[-54.611714,-20.46074],[-54.611714,-20.460731],[-54.611724,-20.460731],[-54.611724,-20.460722],[-54.611734,-20.460722],[-54.611734,-20.460713],[-54.611743,-20.460713],[-54.611743,-20.460704],[-54.611753,-20.460704],[-54.611753,-20.460695],[-54.611763,-20.460695],[-54.611763,-20.460686],[-54.611772,-20.460686],[-54.611773,-20.460677],[-54.611964,-20.46068],[-54.611964,-20.460671],[-54.61207,-20.460672],[-54.61207,-20.460681],[-54.612079,-20.460682],[-54.612079,-20.460673],[-54.612089,-20.460673],[-54.612089,-20.460655],[-54.612099,-20.460655],[-54.612099,-20.460646],[-54.612108,-20.460646],[-54.612109,-20.460637],[-54.612147,-20.460637],[-54.612147,-20.460628],[-54.612166,-20.460629],[-54.612166,-20.46062],[-54.612176,-20.46062],[-54.612176,-20.460611],[-54.612186,-20.460611],[-54.612186,-20.460602],[-54.612195,-20.460602],[-54.612196,-20.460593],[-54.612205,-20.460593],[-54.612205,-20.460584],[-54.612244,-20.460585],[-54.612244,-20.460575],[-54.612272,-20.460576],[-54.612273,-20.460567],[-54.612292,-20.460567],[-54.612292,-20.460558],[-54.612311,-20.460558],[-54.612311,-20.460549],[-54.61234,-20.46055],[-54.61234,-20.460541],[-54.612359,-20.460541],[-54.612359,-20.460532],[-54.612379,-20.460532],[-54.612379,-20.460523],[-54.612407,-20.460524],[-54.612408,-20.460515],[-54.612427,-20.460515],[-54.612427,-20.460506],[-54.612446,-20.460506],[-54.612446,-20.460497],[-54.612465,-20.460497],[-54.612465,-20.460488],[-54.612475,-20.460488],[-54.612475,-20.460479],[-54.612485,-20.460479],[-54.612485,-20.46047],[-54.612494,-20.460471],[-54.612495,-20.460462],[-54.612514,-20.460462],[-54.612514,-20.460453],[-54.612523,-20.460453],[-54.612524,-20.460444],[-54.612533,-20.460444],[-54.612533,-20.460435],[-54.612543,-20.460435],[-54.612543,-20.460399],[-54.612553,-20.460399],[-54.612553,-20.46039],[-54.612563,-20.46039],[-54.612563,-20.460381],[-54.612601,-20.460382],[-54.612601,-20.460373],[-54.61264,-20.460373],[-54.61264,-20.460364],[-54.612678,-20.460365],[-54.612678,-20.460356],[-54.612717,-20.460356],[-54.612717,-20.460347],[-54.612755,-20.460348],[-54.612755,-20.460339],[-54.612793,-20.460339],[-54.612794,-20.46033],[-54.612832,-20.460331],[-54.612832,-20.460322],[-54.61287,-20.460322],[-54.612871,-20.460313],[-54.612899,-20.460314],[-54.612899,-20.460323],[-54.612909,-20.460323],[-54.612909,-20.460332],[-54.612918,-20.460332],[-54.612918,-20.460341],[-54.612928,-20.460341],[-54.612927,-20.46035],[-54.612937,-20.46035],[-54.612937,-20.460359],[-54.612946,-20.460359],[-54.612946,-20.460368],[-54.613483,-20.460376],[-54.613483,-20.460385],[-54.613492,-20.460385],[-54.613492,-20.460394],[-54.613502,-20.460394],[-54.613502,-20.460403],[-54.613521,-20.460403],[-54.613521,-20.460412],[-54.61353,-20.460413],[-54.61353,-20.460422],[-54.61354,-20.460422],[-54.613539,-20.460431],[-54.613559,-20.460431],[-54.613558,-20.46044],[-54.613568,-20.46044],[-54.613568,-20.460449],[-54.613587,-20.460449],[-54.613587,-20.460458],[-54.613597,-20.460459],[-54.613596,-20.460468],[-54.613606,-20.460468],[-54.613606,-20.460477],[-54.614478,-20.460489],[-54.614477,-20.460498],[-54.614506,-20.460498],[-54.614506,-20.460507],[-54.614535,-20.460508],[-54.614535,-20.460517],[-54.614563,-20.460517],[-54.614563,-20.460526],[-54.614592,-20.460526],[-54.614592,-20.460535],[-54.614621,-20.460536],[-54.61462,-20.460545],[-54.614649,-20.460545],[-54.614649,-20.460554],[-54.614668,-20.460555],[-54.614668,-20.460564],[-54.614697,-20.460564],[-54.614697,-20.460573],[-54.614735,-20.460574],[-54.614735,-20.460583],[-54.614764,-20.460583],[-54.614763,-20.460592],[-54.614792,-20.460592],[-54.614792,-20.460601],[-54.61483,-20.460602],[-54.61483,-20.460611],[-54.614859,-20.460611],[-54.614859,-20.46062],[-54.614878,-20.460621],[-54.614878,-20.46063],[-54.614907,-20.46063],[-54.614906,-20.460639],[-54.614916,-20.460639],[-54.614916,-20.46063],[-54.614935,-20.46063],[-54.614935,-20.460621],[-54.614945,-20.460622],[-54.614945,-20.460613],[-54.614955,-20.460613],[-54.614955,-20.460622],[-54.614974,-20.460622],[-54.614974,-20.460631],[-54.614983,-20.460631],[-54.614983,-20.46064],[-54.615012,-20.460641],[-54.615012,-20.46065],[-54.615031,-20.46065],[-54.615031,-20.460659],[-54.61504,-20.460659],[-54.61504,-20.460668],[-54.61505,-20.460668],[-54.61505,-20.460677],[-54.615059,-20.460677],[-54.615059,-20.460686],[-54.615069,-20.460687],[-54.615068,-20.460696],[-54.615078,-20.460696],[-54.615078,-20.460705],[-54.615087,-20.460705],[-54.615087,-20.460714],[-54.615097,-20.460714],[-54.615097,-20.460723],[-54.615106,-20.460723],[-54.615106,-20.460732],[-54.615116,-20.460732],[-54.615116,-20.460741],[-54.615346,-20.460744],[-54.615345,-20.460754],[-54.615489,-20.460755],[-54.615489,-20.460746],[-54.615547,-20.460747],[-54.615547,-20.460738],[-54.615595,-20.460739],[-54.615595,-20.46073],[-54.615604,-20.46073],[-54.615605,-20.460721],[-54.615624,-20.460721],[-54.615624,-20.46073],[-54.615815,-20.460733],[-54.615815,-20.460742],[-54.616141,-20.460746],[-54.616141,-20.460755],[-54.61616,-20.460756],[-54.61616,-20.460765],[-54.616169,-20.460765],[-54.616169,-20.460774],[-54.616543,-20.460779],[-54.616543,-20.460788],[-54.616562,-20.460788],[-54.616562,-20.460797],[-54.616571,-20.460797],[-54.616571,-20.460806],[-54.616801,-20.46081],[-54.616801,-20.460819],[-54.61682,-20.460819],[-54.616973,-20.460821],[-54.616973,-20.460812],[-54.616983,-20.460812],[-54.616983,-20.460803],[-54.616993,-20.460803],[-54.616993,-20.460794],[-54.617002,-20.460794],[-54.617003,-20.460785],[-54.617012,-20.460785],[-54.617012,-20.460776],[-54.617022,-20.460777],[-54.617022,-20.460767],[-54.617032,-20.460768],[-54.617032,-20.460759],[-54.617041,-20.460759],[-54.617041,-20.46075],[-54.617051,-20.46075],[-54.617051,-20.460741],[-54.617061,-20.460741],[-54.617061,-20.460732],[-54.61707,-20.460732],[-54.617071,-20.460723],[-54.61708,-20.460723],[-54.61708,-20.460714],[-54.617109,-20.460714],[-54.617109,-20.460705],[-54.617128,-20.460706],[-54.617128,-20.460697],[-54.617579,-20.460703],[-54.617579,-20.460694],[-54.617876,-20.460698],[-54.617876,-20.460689],[-54.617924,-20.46069],[-54.617924,-20.460681],[-54.617934,-20.460681],[-54.617934,-20.460672],[-54.617943,-20.460672],[-54.617943,-20.460663],[-54.617953,-20.460663],[-54.617953,-20.460654],[-54.617963,-20.460654],[-54.617963,-20.460645],[-54.617972,-20.460645],[-54.617973,-20.460636],[-54.617982,-20.460636],[-54.617982,-20.460627],[-54.617992,-20.460627],[-54.617992,-20.460618],[-54.618002,-20.460618],[-54.618002,-20.460609],[-54.618011,-20.460609],[-54.618011,-20.4606],[-54.618021,-20.460601],[-54.618021,-20.460592],[-54.618031,-20.460592],[-54.618031,-20.460583],[-54.61804,-20.460583],[-54.618041,-20.460574],[-54.61805,-20.460574],[-54.61805,-20.460565],[-54.61806,-20.460565],[-54.61806,-20.460556],[-54.618079,-20.460556],[-54.618079,-20.460547],[-54.618089,-20.460547],[-54.618089,-20.460538],[-54.618099,-20.460538],[-54.618099,-20.460529],[-54.618118,-20.46053],[-54.618118,-20.460521],[-54.618128,-20.460521],[-54.618128,-20.460512],[-54.618147,-20.460512],[-54.618147,-20.460503],[-54.618157,-20.460503],[-54.618157,-20.460494],[-54.618166,-20.460494],[-54.618167,-20.460485],[-54.618253,-20.460486],[-54.618253,-20.460477],[-54.61832,-20.460478],[-54.61832,-20.460469],[-54.61833,-20.460469],[-54.61833,-20.46046],[-54.618339,-20.46046],[-54.61834,-20.460451],[-54.618349,-20.460452],[-54.618349,-20.460443],[-54.618359,-20.460443],[-54.618359,-20.460434],[-54.618369,-20.460434],[-54.618369,-20.460425],[-54.618378,-20.460425],[-54.618378,-20.460416],[-54.618388,-20.460416],[-54.618388,-20.460407],[-54.618398,-20.460407],[-54.618398,-20.460398],[-54.618407,-20.460398],[-54.618408,-20.460389],[-54.618417,-20.460389],[-54.618417,-20.46038],[-54.618427,-20.46038],[-54.618427,-20.460371],[-54.618437,-20.460371],[-54.618437,-20.460362],[-54.618446,-20.460363],[-54.618446,-20.460354],[-54.618456,-20.460354],[-54.618456,-20.460345],[-54.618466,-20.460345],[-54.618466,-20.460336],[-54.618475,-20.460336],[-54.618476,-20.460327],[-54.618485,-20.460327],[-54.618485,-20.460318],[-54.618495,-20.460318],[-54.618495,-20.460309],[-54.618505,-20.460309],[-54.618505,-20.4603],[-54.618514,-20.4603],[-54.618514,-20.460291],[-54.618524,-20.460291],[-54.618524,-20.460282],[-54.618534,-20.460282],[-54.618534,-20.460273],[-54.618543,-20.460274],[-54.618544,-20.460265],[-54.618553,-20.460265],[-54.618553,-20.460256],[-54.618563,-20.460256],[-54.618563,-20.460247],[-54.618573,-20.460247],[-54.618573,-20.460238],[-54.618582,-20.460238],[-54.618582,-20.460229],[-54.618602,-20.460229],[-54.618602,-20.46022],[-54.618611,-20.46022],[-54.618612,-20.460211],[-54.618621,-20.460211],[-54.618621,-20.460202],[-54.618631,-20.460203],[-54.618631,-20.460194],[-54.61865,-20.460194],[-54.61865,-20.460185],[-54.61866,-20.460185],[-54.61866,-20.460176],[-54.61867,-20.460176],[-54.61867,-20.460167],[-54.618679,-20.460167],[-54.618679,-20.460158],[-54.618699,-20.460158],[-54.618699,-20.460149],[-54.618708,-20.460149],[-54.618708,-20.46014],[-54.619072,-20.460145],[-54.619072,-20.460154],[-54.619197,-20.460156],[-54.619197,-20.460147],[-54.619245,-20.460148],[-54.619245,-20.460139],[-54.619255,-20.460139],[-54.619255,-20.46013],[-54.619274,-20.46013],[-54.619274,-20.460121],[-54.619284,-20.460121],[-54.619284,-20.460112],[-54.619293,-20.460112],[-54.619293,-20.460103],[-54.619313,-20.460104],[-54.619313,-20.460095],[-54.619322,-20.460095],[-54.619322,-20.460086],[-54.61939,-20.460087],[-54.619389,-20.460096],[-54.619437,-20.460096],[-54.619437,-20.460105],[-54.619456,-20.460106],[-54.619456,-20.460115],[-54.619466,-20.460115],[-54.619466,-20.460124],[-54.619485,-20.460124],[-54.619485,-20.460133],[-54.619494,-20.460133],[-54.619494,-20.460142],[-54.619504,-20.460142],[-54.619504,-20.460151],[-54.619523,-20.460152],[-54.619523,-20.460161],[-54.619532,-20.460161],[-54.619532,-20.46017],[-54.619551,-20.46017],[-54.619551,-20.460179],[-54.619561,-20.460179],[-54.61956,-20.460188],[-54.619666,-20.46019],[-54.619666,-20.460199],[-54.619685,-20.460199],[-54.619685,-20.460208],[-54.619704,-20.460208],[-54.619704,-20.460217],[-54.619723,-20.460218],[-54.619723,-20.460227],[-54.619732,-20.460227],[-54.619732,-20.460236],[-54.62,-20.460239],[-54.620001,-20.46023],[-54.620077,-20.460231],[-54.620077,-20.460222],[-54.620096,-20.460223],[-54.620097,-20.460214],[-54.620106,-20.460214],[-54.620106,-20.460205],[-54.620126,-20.460205],[-54.620126,-20.460196],[-54.620135,-20.460196],[-54.620135,-20.460187],[-54.620145,-20.460187],[-54.620145,-20.460178],[-54.620164,-20.460178],[-54.620164,-20.460169],[-54.620174,-20.46017],[-54.620174,-20.46016],[-54.620184,-20.460161],[-54.620184,-20.460143],[-54.620194,-20.460143],[-54.620194,-20.460134],[-54.620203,-20.460134],[-54.620204,-20.460116],[-54.620213,-20.460116],[-54.620213,-20.460098],[-54.620223,-20.460098],[-54.620223,-20.460089],[-54.620233,-20.460089],[-54.620233,-20.460071],[-54.620243,-20.460071],[-54.620243,-20.460053],[-54.620252,-20.460053],[-54.620253,-20.460044],[-54.620262,-20.460044],[-54.620262,-20.460026],[-54.620272,-20.460026],[-54.620272,-20.460008],[-54.620282,-20.460008],[-54.620282,-20.459999],[-54.620292,-20.46],[-54.620292,-20.459981],[-54.620301,-20.459982],[-54.620303,-20.459873],[-54.620313,-20.459873],[-54.620313,-20.459864],[-54.620322,-20.459865],[-54.620323,-20.459846],[-54.620332,-20.459847],[-54.620332,-20.459838],[-54.620342,-20.459838],[-54.620342,-20.45982],[-54.620352,-20.45982],[-54.620353,-20.459739],[-54.620363,-20.459739],[-54.620363,-20.45973],[-54.620372,-20.45973],[-54.620373,-20.459721],[-54.620382,-20.459721],[-54.620382,-20.459712],[-54.620392,-20.459712],[-54.620392,-20.459703],[-54.620402,-20.459703],[-54.620402,-20.459694],[-54.620411,-20.459694],[-54.620411,-20.459685],[-54.620421,-20.459685],[-54.620421,-20.459676],[-54.620431,-20.459676],[-54.620431,-20.459649],[-54.620441,-20.459649],[-54.620441,-20.459631],[-54.620451,-20.459631],[-54.620451,-20.459577],[-54.620461,-20.459577],[-54.620461,-20.459568],[-54.620471,-20.459569],[-54.620471,-20.459523],[-54.620481,-20.459524],[-54.620481,-20.459515],[-54.620472,-20.459514],[-54.620472,-20.459505],[-54.620481,-20.459505],[-54.620482,-20.459478],[-54.620472,-20.459478],[-54.620475,-20.459307],[-54.620628,-20.459309],[-54.620628,-20.4593],[-54.620638,-20.4593],[-54.620638,-20.459291],[-54.620647,-20.459291],[-54.620648,-20.459273],[-54.620676,-20.459273],[-54.620677,-20.459264],[-54.621721,-20.459279],[-54.621721,-20.459288],[-54.621998,-20.459291],[-54.622008,-20.459292],[-54.622028,-20.457964],[-54.622038,-20.457965],[-54.622038,-20.457956],[-54.622105,-20.457956],[-54.622105,-20.457965],[-54.622115,-20.457966],[-54.622115,-20.457975],[-54.622124,-20.457975],[-54.622124,-20.457984],[-54.622134,-20.457984],[-54.622133,-20.457993],[-54.622143,-20.457993],[-54.622143,-20.458002],[-54.622152,-20.458002],[-54.622152,-20.458011],[-54.622162,-20.458011],[-54.622162,-20.45802],[-54.622171,-20.458021],[-54.622171,-20.45803],[-54.622181,-20.45803],[-54.622181,-20.458039],[-54.62219,-20.458039],[-54.62219,-20.458048],[-54.6222,-20.458048],[-54.622199,-20.458057],[-54.622209,-20.458057],[-54.622209,-20.458066],[-54.622218,-20.458066],[-54.622218,-20.458075],[-54.622228,-20.458076],[-54.622228,-20.458085],[-54.622237,-20.458085],[-54.622237,-20.458094],[-54.622247,-20.458094],[-54.622247,-20.458103],[-54.622256,-20.458103],[-54.622256,-20.458112],[-54.622275,-20.458112],[-54.622275,-20.458121],[-54.622285,-20.458121],[-54.622285,-20.45813],[-54.622294,-20.458131],[-54.622294,-20.45814],[-54.622304,-20.45814],[-54.622303,-20.458149],[-54.622313,-20.458149],[-54.622313,-20.458158],[-54.622322,-20.458158],[-54.622322,-20.458167],[-54.622332,-20.458167],[-54.622332,-20.458176],[-54.622341,-20.458176],[-54.622341,-20.458185],[-54.622351,-20.458186],[-54.622351,-20.458195],[-54.62236,-20.458195],[-54.62236,-20.458204],[-54.62237,-20.458204],[-54.62237,-20.458213],[-54.622379,-20.458213],[-54.622379,-20.458222],[-54.622389,-20.458222],[-54.622388,-20.458231],[-54.622398,-20.458231],[-54.622398,-20.45824],[-54.622407,-20.458241],[-54.622407,-20.45825],[-54.622417,-20.45825],[-54.622417,-20.458259],[-54.622426,-20.458259],[-54.622426,-20.458268],[-54.622436,-20.458268],[-54.622436,-20.458277],[-54.622445,-20.458277],[-54.622445,-20.458286],[-54.622455,-20.458286],[-54.622455,-20.458295],[-54.622464,-20.458295],[-54.622464,-20.458304],[-54.622474,-20.458305],[-54.622473,-20.458314],[-54.622483,-20.458314],[-54.622483,-20.458323],[-54.622492,-20.458323],[-54.622492,-20.458332],[-54.622502,-20.458332],[-54.622502,-20.458341],[-54.622511,-20.458341],[-54.622511,-20.45835],[-54.622569,-20.458351],[-54.622568,-20.45836],[-54.622808,-20.458363],[-54.622808,-20.45839],[-54.622951,-20.458392],[-54.622951,-20.45841],[-54.623162,-20.458413],[-54.623162,-20.458422],[-54.623171,-20.458423],[-54.623171,-20.458441],[-54.623276,-20.458442],[-54.623276,-20.458451],[-54.623286,-20.458451],[-54.623286,-20.45846],[-54.623295,-20.45846],[-54.623295,-20.458469],[-54.623314,-20.45847],[-54.623314,-20.458479],[-54.623324,-20.458479],[-54.623323,-20.458488],[-54.623333,-20.458488],[-54.623333,-20.458497],[-54.623342,-20.458497],[-54.623342,-20.458506],[-54.623352,-20.458506],[-54.623352,-20.458515],[-54.623361,-20.458515],[-54.623361,-20.458524],[-54.623371,-20.458525],[-54.623371,-20.458534],[-54.62338,-20.458534],[-54.62338,-20.458543],[-54.623399,-20.458543],[-54.623399,-20.458552],[-54.623409,-20.458552],[-54.623408,-20.45857],[-54.623418,-20.45857],[-54.623418,-20.458579],[-54.623427,-20.45858],[-54.623427,-20.458589],[-54.623437,-20.458589],[-54.623437,-20.458598],[-54.623446,-20.458598],[-54.623446,-20.458607],[-54.623465,-20.458607],[-54.623465,-20.458616],[-54.623484,-20.458616],[-54.623484,-20.458625],[-54.623982,-20.458632],[-54.623982,-20.458641],[-54.62403,-20.458642],[-54.62403,-20.458651],[-54.624164,-20.458653],[-54.624164,-20.458644],[-54.624193,-20.458644],[-54.624193,-20.458653],[-54.624202,-20.458653],[-54.624202,-20.458662],[-54.624212,-20.458663],[-54.624212,-20.458672],[-54.624221,-20.458672],[-54.624221,-20.458681],[-54.624231,-20.458681],[-54.624231,-20.45869],[-54.62424,-20.45869],[-54.62424,-20.458699],[-54.62425,-20.458699],[-54.624249,-20.458708],[-54.624259,-20.458708],[-54.624259,-20.458717],[-54.624269,-20.458717],[-54.624268,-20.458726],[-54.624278,-20.458727],[-54.624278,-20.458736],[-54.624287,-20.458736],[-54.624287,-20.458745],[-54.624297,-20.458745],[-54.624297,-20.458754],[-54.624306,-20.458754],[-54.624306,-20.458763],[-54.624316,-20.458763],[-54.624316,-20.458772],[-54.624325,-20.458772],[-54.624325,-20.458781],[-54.624421,-20.458783],[-54.624421,-20.458792],[-54.62443,-20.458792],[-54.62443,-20.458801],[-54.62444,-20.458801],[-54.624439,-20.458819],[-54.624449,-20.458819],[-54.624449,-20.458828],[-54.624458,-20.458828],[-54.624458,-20.458846],[-54.624669,-20.458849],[-54.624669,-20.45884],[-54.624698,-20.458841],[-54.624698,-20.458832],[-54.624727,-20.458832],[-54.624727,-20.458823],[-54.624736,-20.458823],[-54.624737,-20.458814],[-54.624928,-20.458817],[-54.624928,-20.458808],[-54.624938,-20.458808],[-54.624938,-20.458799],[-54.624957,-20.458799],[-54.624957,-20.458808],[-54.625158,-20.458811],[-54.625158,-20.45882],[-54.625168,-20.45882],[-54.625167,-20.458829],[-54.625206,-20.45883],[-54.625206,-20.458821],[-54.625225,-20.458821],[-54.625225,-20.458812],[-54.625254,-20.458812],[-54.625254,-20.458803],[-54.625283,-20.458804],[-54.625283,-20.458795],[-54.625293,-20.458795],[-54.625293,-20.458786],[-54.625494,-20.458788],[-54.625494,-20.458797],[-54.625522,-20.458798],[-54.625522,-20.458807],[-54.625858,-20.458811],[-54.625857,-20.45882],[-54.625877,-20.458821],[-54.625876,-20.45883],[-54.625886,-20.45883],[-54.625886,-20.458839],[-54.625905,-20.458839],[-54.625905,-20.458848],[-54.625915,-20.458848],[-54.625914,-20.458857],[-54.625934,-20.458858],[-54.625933,-20.458867],[-54.625943,-20.458867],[-54.625943,-20.458876],[-54.625991,-20.458876],[-54.625991,-20.458885],[-54.626067,-20.458887],[-54.626067,-20.458896],[-54.626517,-20.458902],[-54.626517,-20.458893],[-54.626527,-20.458893],[-54.626527,-20.458884],[-54.626537,-20.458884],[-54.626537,-20.458875],[-54.626546,-20.458875],[-54.626547,-20.458866],[-54.626556,-20.458866],[-54.626556,-20.458848],[-54.626566,-20.458848],[-54.626566,-20.458839],[-54.626576,-20.458839],[-54.626576,-20.45883],[-54.626586,-20.45883],[-54.626586,-20.458821],[-54.626595,-20.458821],[-54.626595,-20.458812],[-54.626605,-20.458813],[-54.626605,-20.458804],[-54.626615,-20.458804],[-54.626615,-20.458795],[-54.626624,-20.458795],[-54.626625,-20.458777],[-54.626634,-20.458777],[-54.626634,-20.458768],[-54.626644,-20.458768],[-54.626644,-20.458759],[-54.626654,-20.458759],[-54.626655,-20.458705],[-54.626664,-20.458705],[-54.626664,-20.458696],[-54.626674,-20.458696],[-54.626674,-20.458687],[-54.626684,-20.458687],[-54.626684,-20.458678],[-54.626693,-20.458678],[-54.626693,-20.458669],[-54.626703,-20.458669],[-54.626703,-20.45866],[-54.626713,-20.458661],[-54.626713,-20.458652],[-54.626789,-20.458653],[-54.62679,-20.458644],[-54.626799,-20.458644],[-54.626799,-20.458626],[-54.626809,-20.458626],[-54.626809,-20.458617],[-54.626819,-20.458617],[-54.626819,-20.458599],[-54.626829,-20.458599],[-54.626829,-20.458581],[-54.626838,-20.458581],[-54.626839,-20.458572],[-54.626858,-20.458572],[-54.626858,-20.458554],[-54.626868,-20.458554],[-54.626868,-20.458545],[-54.626877,-20.458545],[-54.626878,-20.458527],[-54.626887,-20.458527],[-54.626887,-20.458509],[-54.626897,-20.45851],[-54.626897,-20.458501],[-54.626907,-20.458501],[-54.626907,-20.458483],[-54.626917,-20.458483],[-54.626917,-20.458465],[-54.626926,-20.458465],[-54.626927,-20.458456],[-54.626936,-20.458456],[-54.626937,-20.458429],[-54.626946,-20.458429],[-54.626946,-20.458411],[-54.626956,-20.458411],[-54.626956,-20.458384],[-54.626966,-20.458384],[-54.626966,-20.458357],[-54.626976,-20.458357],[-54.626976,-20.458348],[-54.626986,-20.458348],[-54.626986,-20.458339],[-54.626995,-20.458339],[-54.626996,-20.458321],[-54.627005,-20.458321],[-54.627005,-20.458312],[-54.627015,-20.458312],[-54.627015,-20.458303],[-54.627025,-20.458304],[-54.627025,-20.458286],[-54.627035,-20.458286],[-54.627035,-20.458277],[-54.627044,-20.458277],[-54.627044,-20.458268],[-54.627054,-20.458268],[-54.627054,-20.45825],[-54.627074,-20.45825],[-54.627074,-20.458241],[-54.627083,-20.458241],[-54.627083,-20.458232],[-54.627093,-20.458232],[-54.627093,-20.458223],[-54.627103,-20.458223],[-54.627103,-20.458205],[-54.627113,-20.458205],[-54.627113,-20.458196],[-54.627122,-20.458197],[-54.627122,-20.458188],[-54.627132,-20.458188],[-54.627132,-20.458179],[-54.627142,-20.458179],[-54.627142,-20.45817],[-54.627161,-20.45817],[-54.627161,-20.458152],[-54.627171,-20.458152],[-54.627171,-20.458134],[-54.627181,-20.458134],[-54.627181,-20.458107],[-54.627191,-20.458107],[-54.627191,-20.458089],[-54.627201,-20.458089],[-54.627201,-20.458071],[-54.62721,-20.458071],[-54.627211,-20.458044],[-54.62722,-20.458044],[-54.627221,-20.458035],[-54.62723,-20.458035],[-54.62723,-20.458026],[-54.62724,-20.458027],[-54.62724,-20.458018],[-54.62725,-20.458018],[-54.62725,-20.458009],[-54.627259,-20.458009],[-54.627259,-20.458],[-54.627269,-20.458],[-54.627269,-20.457991],[-54.627279,-20.457991],[-54.627279,-20.457982],[-54.627288,-20.457982],[-54.627289,-20.457973],[-54.627298,-20.457973],[-54.627298,-20.457964],[-54.627308,-20.457964],[-54.627308,-20.457955],[-54.627318,-20.457955],[-54.627318,-20.457946],[-54.627327,-20.457947],[-54.627327,-20.457937],[-54.627337,-20.457938],[-54.627337,-20.457929],[-54.627347,-20.457929],[-54.627347,-20.457911],[-54.627337,-20.457911],[-54.627338,-20.457901],[-54.627328,-20.457901],[-54.627328,-20.457892],[-54.627319,-20.457892],[-54.627319,-20.457874],[-54.627309,-20.457874],[-54.627309,-20.457865],[-54.6273,-20.457865],[-54.6273,-20.457856],[-54.62729,-20.457856],[-54.62729,-20.457847],[-54.627281,-20.457847],[-54.627281,-20.457838],[-54.627262,-20.457837],[-54.627264,-20.457729],[-54.627273,-20.457729],[-54.627273,-20.45772],[-54.627283,-20.45772],[-54.627283,-20.457711],[-54.627293,-20.457711],[-54.627293,-20.457702],[-54.627302,-20.457702],[-54.627302,-20.457693],[-54.627312,-20.457693],[-54.627312,-20.457684],[-54.627322,-20.457685],[-54.627322,-20.457676],[-54.627331,-20.457676],[-54.627332,-20.457667],[-54.627341,-20.457667],[-54.627341,-20.457658],[-54.627351,-20.457658],[-54.627351,-20.457649],[-54.627361,-20.457649],[-54.627361,-20.45764],[-54.62737,-20.45764],[-54.62737,-20.457631],[-54.62738,-20.457631],[-54.62738,-20.457622],[-54.62739,-20.457622],[-54.62739,-20.457613],[-54.627457,-20.457614],[-54.627457,-20.457605],[-54.627467,-20.457605],[-54.627467,-20.457587],[-54.627486,-20.457587],[-54.627486,-20.457569],[-54.627496,-20.45757],[-54.627496,-20.457561],[-54.627506,-20.457561],[-54.627506,-20.457552],[-54.627515,-20.457552],[-54.627516,-20.457543],[-54.627525,-20.457543],[-54.627525,-20.457534],[-54.627535,-20.457534],[-54.627535,-20.457525],[-54.627545,-20.457525],[-54.627545,-20.457516],[-54.627554,-20.457516],[-54.627554,-20.457507],[-54.627564,-20.457507],[-54.627564,-20.457498],[-54.627574,-20.457498],[-54.627574,-20.457489],[-54.627583,-20.457489],[-54.627584,-20.45748],[-54.627593,-20.457481],[-54.627593,-20.457472],[-54.627603,-20.457472],[-54.627603,-20.457463],[-54.627613,-20.457463],[-54.627613,-20.457454],[-54.627622,-20.457454],[-54.627622,-20.457445],[-54.627632,-20.457445],[-54.627632,-20.457436],[-54.627642,-20.457436],[-54.627642,-20.457427],[-54.627651,-20.457427],[-54.627652,-20.457418],[-54.627661,-20.457418],[-54.627661,-20.457409],[-54.627671,-20.457409],[-54.627671,-20.4574],[-54.62769,-20.457401],[-54.62769,-20.457392],[-54.627709,-20.457392],[-54.62771,-20.457383],[-54.627729,-20.457383],[-54.627729,-20.457374],[-54.627758,-20.457374],[-54.627758,-20.457365],[-54.627777,-20.457366],[-54.627777,-20.457357],[-54.627787,-20.457357],[-54.627787,-20.457348],[-54.627796,-20.457348],[-54.627797,-20.457339],[-54.627806,-20.457339],[-54.627806,-20.45733],[-54.627816,-20.45733],[-54.627816,-20.457321],[-54.627826,-20.457321],[-54.627826,-20.457312],[-54.627835,-20.457312],[-54.627835,-20.457303],[-54.627845,-20.457303],[-54.627845,-20.457294],[-54.628037,-20.457297],[-54.628037,-20.457288],[-54.628046,-20.457288],[-54.628047,-20.457279],[-54.628056,-20.457279],[-54.628056,-20.45727],[-54.628066,-20.45727],[-54.628066,-20.457261],[-54.628076,-20.457261],[-54.628076,-20.457252],[-54.628085,-20.457252],[-54.628085,-20.457243],[-54.628095,-20.457244],[-54.628095,-20.457235],[-54.628105,-20.457235],[-54.628105,-20.457226],[-54.628114,-20.457226],[-54.628115,-20.457217],[-54.628124,-20.457217],[-54.628124,-20.457208],[-54.628134,-20.457208],[-54.628134,-20.457199],[-54.628144,-20.457199],[-54.628144,-20.45719],[-54.628153,-20.45719],[-54.628153,-20.457181],[-54.628163,-20.457181],[-54.628163,-20.457172],[-54.628173,-20.457172],[-54.628173,-20.457163],[-54.628182,-20.457164],[-54.628183,-20.457154],[-54.628192,-20.457155],[-54.628192,-20.457146],[-54.628202,-20.457146],[-54.628202,-20.457137],[-54.628212,-20.457137],[-54.628212,-20.457128],[-54.628221,-20.457128],[-54.628222,-20.457119],[-54.628231,-20.457119],[-54.628231,-20.45711],[-54.628241,-20.45711],[-54.628241,-20.457101],[-54.628251,-20.457101],[-54.628251,-20.457092],[-54.62826,-20.457092],[-54.62826,-20.457083],[-54.628289,-20.457084],[-54.628289,-20.457075],[-54.628299,-20.457075],[-54.628299,-20.457066],[-54.628309,-20.457066],[-54.628309,-20.457057],[-54.628318,-20.457057],[-54.628318,-20.457048],[-54.628328,-20.457048],[-54.628328,-20.457039],[-54.628338,-20.457039],[-54.628338,-20.45703],[-54.628347,-20.45703],[-54.628348,-20.457021],[-54.628357,-20.457021],[-54.628357,-20.457012],[-54.628367,-20.457013],[-54.628367,-20.457003],[-54.628377,-20.457004],[-54.628377,-20.456995],[-54.628396,-20.456995],[-54.628396,-20.456986],[-54.628406,-20.456986],[-54.628406,-20.456977],[-54.628415,-20.456977],[-54.628415,-20.456968],[-54.628425,-20.456968],[-54.628425,-20.456959],[-54.628435,-20.456959],[-54.628435,-20.45695],[-54.628444,-20.45695],[-54.628445,-20.456941],[-54.628454,-20.456941],[-54.628454,-20.456932],[-54.628464,-20.456933],[-54.628464,-20.456924],[-54.628474,-20.456924],[-54.628474,-20.456915],[-54.628483,-20.456915],[-54.628483,-20.456906],[-54.628493,-20.456906],[-54.628493,-20.456897],[-54.628503,-20.456897],[-54.628503,-20.456888],[-54.628512,-20.456888],[-54.628513,-20.456879],[-54.628522,-20.456879],[-54.628522,-20.45687],[-54.628532,-20.45687],[-54.628532,-20.456861],[-54.628542,-20.456861],[-54.628542,-20.456852],[-54.628551,-20.456852],[-54.628552,-20.456843],[-54.628561,-20.456844],[-54.628561,-20.456835],[-54.628571,-20.456835],[-54.628571,-20.456826],[-54.628581,-20.456826],[-54.628581,-20.456817],[-54.62859,-20.456817],[-54.62859,-20.456808],[-54.6286,-20.456808],[-54.6286,-20.45679],[-54.62861,-20.45679],[-54.62861,-20.456772],[-54.62862,-20.456772],[-54.62862,-20.456763],[-54.628629,-20.456763],[-54.62863,-20.456754],[-54.628639,-20.456754],[-54.628639,-20.456745],[-54.628649,-20.456745],[-54.628649,-20.456736],[-54.628659,-20.456737],[-54.628659,-20.456728],[-54.628668,-20.456728],[-54.628668,-20.456719],[-54.628678,-20.456719],[-54.628678,-20.45671],[-54.628688,-20.45671],[-54.628688,-20.456701],[-54.628697,-20.456701],[-54.628698,-20.456692],[-54.628707,-20.456692],[-54.628707,-20.456683],[-54.628717,-20.456683],[-54.628717,-20.456674],[-54.628727,-20.456674],[-54.628727,-20.456665],[-54.628736,-20.456665],[-54.628736,-20.456656],[-54.628746,-20.456656],[-54.628746,-20.456647],[-54.628756,-20.456648],[-54.628756,-20.456639],[-54.628765,-20.456639],[-54.628766,-20.45663],[-54.628775,-20.45663],[-54.628775,-20.456621],[-54.628785,-20.456621],[-54.628785,-20.456612],[-54.628795,-20.456612],[-54.628795,-20.456603],[-54.628804,-20.456603],[-54.628804,-20.456594],[-54.628814,-20.456594],[-54.628814,-20.456585],[-54.628824,-20.456585],[-54.628824,-20.456576],[-54.628833,-20.456576],[-54.628834,-20.456567],[-54.628843,-20.456567],[-54.628843,-20.456558],[-54.628853,-20.456559],[-54.628853,-20.45655],[-54.628863,-20.45655],[-54.628863,-20.456541],[-54.628872,-20.456541],[-54.628872,-20.456532],[-54.628882,-20.456532],[-54.628882,-20.456523],[-54.628892,-20.456523],[-54.628892,-20.456514],[-54.628901,-20.456514],[-54.628902,-20.456505],[-54.628911,-20.456505],[-54.628911,-20.456496],[-54.628921,-20.456496],[-54.628921,-20.456487],[-54.628931,-20.456487],[-54.628931,-20.456478],[-54.62894,-20.456479],[-54.628941,-20.456469],[-54.62895,-20.45647],[-54.62895,-20.456461],[-54.62896,-20.456461],[-54.62896,-20.456452],[-54.62897,-20.456452],[-54.62897,-20.456443],[-54.628979,-20.456443],[-54.628979,-20.456434],[-54.628989,-20.456434],[-54.628989,-20.456425],[-54.628999,-20.456425],[-54.628999,-20.456416],[-54.629008,-20.456416],[-54.629009,-20.456407],[-54.629018,-20.456407],[-54.629018,-20.456398],[-54.629028,-20.456398],[-54.629028,-20.456389],[-54.629038,-20.45639],[-54.629038,-20.456381],[-54.629047,-20.456381],[-54.629047,-20.456372],[-54.629057,-20.456372],[-54.629057,-20.456363],[-54.629067,-20.456363],[-54.629067,-20.456354],[-54.629076,-20.456354],[-54.629077,-20.456345],[-54.629086,-20.456345],[-54.629086,-20.456327],[-54.629096,-20.456327],[-54.629096,-20.456318],[-54.629106,-20.456318],[-54.629106,-20.456309],[-54.629115,-20.456309],[-54.629116,-20.4563],[-54.629125,-20.4563],[-54.629125,-20.456291],[-54.629135,-20.456292],[-54.629135,-20.456283],[-54.629145,-20.456283],[-54.629147,-20.456147],[-54.629137,-20.456147],[-54.629137,-20.456138],[-54.629128,-20.456138],[-54.629128,-20.456129],[-54.629118,-20.456129],[-54.629118,-20.45612],[-54.629109,-20.45612],[-54.629109,-20.456111],[-54.629099,-20.45611],[-54.6291,-20.456092],[-54.62909,-20.456092],[-54.62909,-20.456083],[-54.629081,-20.456083],[-54.629081,-20.456074],[-54.62909,-20.456074],[-54.629091,-20.456038],[-54.6291,-20.456038],[-54.629101,-20.45602],[-54.62911,-20.45602],[-54.629111,-20.456002],[-54.62912,-20.456002],[-54.62912,-20.455993],[-54.62913,-20.455993],[-54.62913,-20.455975],[-54.62914,-20.455976],[-54.62914,-20.455967],[-54.629149,-20.455967],[-54.62915,-20.455949],[-54.629159,-20.455949],[-54.629159,-20.45594],[-54.629169,-20.45594],[-54.629169,-20.455922],[-54.629179,-20.455922],[-54.629179,-20.455904],[-54.629189,-20.455904],[-54.629189,-20.455895],[-54.629198,-20.455895],[-54.629199,-20.455886],[-54.629208,-20.455886],[-54.629208,-20.455868],[-54.629218,-20.455868],[-54.629218,-20.455859],[-54.629228,-20.455859],[-54.629228,-20.45585],[-54.629237,-20.45585],[-54.629238,-20.455832],[-54.629247,-20.455833],[-54.629247,-20.455823],[-54.629257,-20.455824],[-54.629257,-20.455806],[-54.629267,-20.455806],[-54.629267,-20.455797],[-54.629277,-20.455797],[-54.629277,-20.455779],[-54.629286,-20.455779],[-54.629287,-20.45577],[-54.629296,-20.45577],[-54.629298,-20.455653],[-54.629317,-20.455653],[-54.629317,-20.455644],[-54.629336,-20.455644],[-54.629337,-20.455635],[-54.629356,-20.455635],[-54.629356,-20.455626],[-54.629375,-20.455627],[-54.629375,-20.455618],[-54.629394,-20.455618],[-54.629394,-20.455609],[-54.629414,-20.455609],[-54.629414,-20.4556],[-54.629433,-20.4556],[-54.629433,-20.455591],[-54.629443,-20.455591],[-54.629443,-20.455582],[-54.629462,-20.455583],[-54.629462,-20.455574],[-54.629472,-20.455574],[-54.629472,-20.455565],[-54.629481,-20.455565],[-54.629482,-20.455556],[-54.629491,-20.455556],[-54.629491,-20.455547],[-54.629501,-20.455547],[-54.629501,-20.455538],[-54.629511,-20.455538],[-54.629511,-20.455529],[-54.62952,-20.455529],[-54.62952,-20.45552],[-54.62953,-20.45552],[-54.62953,-20.455511],[-54.62954,-20.455511],[-54.62954,-20.455502],[-54.629549,-20.455503],[-54.62955,-20.455493],[-54.629559,-20.455494],[-54.629559,-20.455485],[-54.629569,-20.455485],[-54.629569,-20.455476],[-54.629598,-20.455476],[-54.629598,-20.455467],[-54.629607,-20.455467],[-54.629608,-20.455458],[-54.629617,-20.455458],[-54.629617,-20.455449],[-54.629646,-20.45545],[-54.629646,-20.455441],[-54.629656,-20.455441],[-54.629656,-20.455432],[-54.629665,-20.455432],[-54.629666,-20.455423],[-54.629675,-20.455423],[-54.629675,-20.455414],[-54.629685,-20.455414],[-54.629685,-20.455405],[-54.629695,-20.455405],[-54.629695,-20.455396],[-54.629704,-20.455396],[-54.629704,-20.455387],[-54.629714,-20.455387],[-54.629714,-20.455378],[-54.629724,-20.455378],[-54.629724,-20.455369],[-54.629733,-20.45537],[-54.629734,-20.455361],[-54.629743,-20.455361],[-54.629743,-20.455352],[-54.629753,-20.455352],[-54.629753,-20.455343],[-54.629763,-20.455343],[-54.629763,-20.455334],[-54.629772,-20.455334],[-54.629772,-20.455325],[-54.629782,-20.455325],[-54.629782,-20.455316],[-54.629792,-20.455316],[-54.629792,-20.455307],[-54.629802,-20.455307],[-54.629802,-20.455298],[-54.629811,-20.455298],[-54.629811,-20.455289],[-54.629821,-20.455289],[-54.629821,-20.45528],[-54.629831,-20.455281],[-54.629831,-20.455272],[-54.62984,-20.455272],[-54.629841,-20.455263],[-54.62985,-20.455263],[-54.62985,-20.455254],[-54.62986,-20.455254],[-54.62986,-20.455245],[-54.62987,-20.455245],[-54.62987,-20.455236],[-54.629879,-20.455236],[-54.629879,-20.455227],[-54.629889,-20.455227],[-54.629889,-20.455218],[-54.629899,-20.455218],[-54.629899,-20.455209],[-54.629908,-20.455209],[-54.629909,-20.4552],[-54.629918,-20.455201],[-54.629918,-20.455191],[-54.629928,-20.455192],[-54.629928,-20.455183],[-54.629938,-20.455183],[-54.629938,-20.455174],[-54.629947,-20.455174],[-54.629947,-20.455165],[-54.629957,-20.455165],[-54.629957,-20.455156],[-54.629967,-20.455156],[-54.629967,-20.455147],[-54.630015,-20.455148],[-54.630015,-20.455139],[-54.630063,-20.455139],[-54.630063,-20.45513],[-54.630101,-20.455131],[-54.630101,-20.455122],[-54.630149,-20.455122],[-54.630149,-20.455113],[-54.630552,-20.455119],[-54.630552,-20.45511],[-54.630561,-20.45511],[-54.630562,-20.455092],[-54.630571,-20.455092],[-54.630571,-20.455083],[-54.630581,-20.455083],[-54.630581,-20.455065],[-54.630591,-20.455065],[-54.630591,-20.455047],[-54.630601,-20.455047],[-54.630601,-20.455029],[-54.630611,-20.455029],[-54.630611,-20.45502],[-54.63062,-20.45502],[-54.630621,-20.455002],[-54.63063,-20.455003],[-54.63063,-20.454984],[-54.63064,-20.454985],[-54.63064,-20.454967],[-54.63065,-20.454967],[-54.63065,-20.454958],[-54.63066,-20.454958],[-54.63066,-20.45494],[-54.630669,-20.45494],[-54.63067,-20.454931],[-54.630679,-20.454931],[-54.630679,-20.454922],[-54.630689,-20.454922],[-54.630689,-20.454913],[-54.630699,-20.454913],[-54.630699,-20.454904],[-54.630708,-20.454904],[-54.630708,-20.454895],[-54.630718,-20.454895],[-54.630718,-20.454886],[-54.630728,-20.454886],[-54.630728,-20.454877],[-54.630737,-20.454878],[-54.630738,-20.454869],[-54.630747,-20.454869],[-54.630747,-20.45486],[-54.630786,-20.45486],[-54.630786,-20.454851],[-54.630862,-20.454852],[-54.630863,-20.454843],[-54.630939,-20.454844],[-54.630939,-20.454835],[-54.631016,-20.454836],[-54.631016,-20.454827],[-54.631093,-20.454828],[-54.631093,-20.454819],[-54.631102,-20.454819],[-54.631106,-20.454585],[-54.631116,-20.454585],[-54.631116,-20.454576],[-54.631125,-20.454576],[-54.631126,-20.454567],[-54.631135,-20.454567],[-54.631135,-20.454558],[-54.631145,-20.454558],[-54.631145,-20.454549],[-54.631155,-20.454549],[-54.631155,-20.454513],[-54.631165,-20.454513],[-54.631166,-20.454405],[-54.631176,-20.454405],[-54.631176,-20.454396],[-54.631186,-20.454396],[-54.631186,-20.454387],[-54.631195,-20.454387],[-54.631196,-20.454369],[-54.631205,-20.454369],[-54.631205,-20.45436],[-54.631215,-20.45436],[-54.631215,-20.454342],[-54.631225,-20.454342],[-54.631225,-20.454333],[-54.631234,-20.454333],[-54.631235,-20.454324],[-54.631244,-20.454325],[-54.631244,-20.454307],[-54.631254,-20.454307],[-54.631254,-20.454298],[-54.631264,-20.454298],[-54.631264,-20.454289],[-54.631273,-20.454289],[-54.631274,-20.45428],[-54.631283,-20.45428],[-54.631283,-20.454271],[-54.631303,-20.454271],[-54.631303,-20.454262],[-54.631312,-20.454262],[-54.631312,-20.454253],[-54.631322,-20.454253],[-54.631322,-20.454244],[-54.631351,-20.454245],[-54.631351,-20.454236],[-54.63138,-20.454236],[-54.63138,-20.454227],[-54.631389,-20.454227],[-54.63139,-20.454218],[-54.631418,-20.454219],[-54.631418,-20.45421],[-54.631438,-20.45421],[-54.631441,-20.453966],[-54.631451,-20.453966],[-54.631451,-20.453957],[-54.631461,-20.453957],[-54.631461,-20.453948],[-54.63147,-20.453948],[-54.63147,-20.453939],[-54.63148,-20.453939],[-54.63148,-20.45393],[-54.63149,-20.453931],[-54.63149,-20.453922],[-54.631499,-20.453922],[-54.6315,-20.453913],[-54.631509,-20.453913],[-54.631509,-20.453904],[-54.631529,-20.453904],[-54.631529,-20.453895],[-54.631538,-20.453895],[-54.631538,-20.453886],[-54.631548,-20.453886],[-54.631548,-20.453877],[-54.631558,-20.453877],[-54.631558,-20.453868],[-54.631567,-20.453868],[-54.631568,-20.453859],[-54.631577,-20.45386],[-54.631577,-20.453851],[-54.631587,-20.453851],[-54.631587,-20.453842],[-54.631597,-20.453842],[-54.631597,-20.453833],[-54.631606,-20.453833],[-54.631606,-20.453824],[-54.631616,-20.453824],[-54.631616,-20.453815],[-54.631626,-20.453815],[-54.631626,-20.453806],[-54.631635,-20.453806],[-54.631636,-20.453797],[-54.631645,-20.453797],[-54.631645,-20.453788],[-54.631655,-20.453788],[-54.631655,-20.453779],[-54.631665,-20.453779],[-54.631665,-20.45377],[-54.631674,-20.453771],[-54.631674,-20.453762],[-54.631684,-20.453762],[-54.631684,-20.453753],[-54.631694,-20.453753],[-54.631694,-20.453744],[-54.631703,-20.453744],[-54.631704,-20.453735],[-54.631713,-20.453735],[-54.631713,-20.453726],[-54.631723,-20.453726],[-54.631723,-20.453717],[-54.631733,-20.453717],[-54.631733,-20.453708],[-54.631742,-20.453708],[-54.631742,-20.453699],[-54.631752,-20.453699],[-54.631752,-20.45369],[-54.631762,-20.45369],[-54.631762,-20.453681],[-54.631771,-20.453682],[-54.631772,-20.453673],[-54.631781,-20.453673],[-54.631781,-20.453664],[-54.631791,-20.453664],[-54.631791,-20.453655],[-54.631801,-20.453655],[-54.631801,-20.453646],[-54.63181,-20.453646],[-54.63181,-20.453637],[-54.63182,-20.453637],[-54.63182,-20.453628],[-54.63183,-20.453628],[-54.63183,-20.453619],[-54.631839,-20.453619],[-54.63184,-20.45361],[-54.631849,-20.45361],[-54.631849,-20.453601],[-54.631859,-20.453601],[-54.631859,-20.453592],[-54.631869,-20.453593],[-54.631869,-20.453575],[-54.631878,-20.453575],[-54.631879,-20.453566],[-54.631888,-20.453566],[-54.631888,-20.453557],[-54.631898,-20.453557],[-54.631898,-20.453548],[-54.631908,-20.453548],[-54.631908,-20.453539],[-54.631917,-20.453539],[-54.631918,-20.45353],[-54.631927,-20.45353],[-54.631927,-20.453521],[-54.631937,-20.453521],[-54.631937,-20.453512],[-54.631947,-20.453512],[-54.631947,-20.453503],[-54.631956,-20.453503],[-54.631957,-20.453422],[-54.631967,-20.453422],[-54.631967,-20.453413],[-54.631977,-20.453413],[-54.631977,-20.453404],[-54.631986,-20.453405],[-54.631987,-20.453387],[-54.631996,-20.453387],[-54.631996,-20.453378],[-54.632006,-20.453378],[-54.632006,-20.453369],[-54.632016,-20.453369],[-54.632016,-20.453351],[-54.632026,-20.453351],[-54.632026,-20.453342],[-54.632035,-20.453342],[-54.632035,-20.453333],[-54.632045,-20.453333],[-54.632045,-20.453324],[-54.632055,-20.453324],[-54.632055,-20.453306],[-54.632065,-20.453306],[-54.632065,-20.453297],[-54.632074,-20.453297],[-54.632075,-20.453288],[-54.632084,-20.453288],[-54.632084,-20.45327],[-54.632094,-20.453271],[-54.632094,-20.453262],[-54.632104,-20.453262],[-54.632104,-20.453253],[-54.632113,-20.453253],[-54.632114,-20.453244],[-54.632123,-20.453244],[-54.632123,-20.453226],[-54.632133,-20.453226],[-54.632133,-20.453217],[-54.632143,-20.453217],[-54.632143,-20.453208],[-54.632152,-20.453208],[-54.632153,-20.45319],[-54.632162,-20.45319],[-54.632162,-20.453181],[-54.632172,-20.453181],[-54.632172,-20.453172],[-54.632182,-20.453172],[-54.632182,-20.453163],[-54.632191,-20.453164],[-54.632192,-20.453145],[-54.632201,-20.453146],[-54.632201,-20.453137],[-54.632211,-20.453137],[-54.632211,-20.453128],[-54.632221,-20.453128],[-54.632221,-20.45311],[-54.632231,-20.45311],[-54.632231,-20.453101],[-54.632279,-20.453102],[-54.632279,-20.453092],[-54.632949,-20.453102],[-54.63295,-20.453084],[-54.632959,-20.453084],[-54.632959,-20.453075],[-54.632969,-20.453075],[-54.632969,-20.453066],[-54.632979,-20.453066],[-54.632979,-20.453057],[-54.632988,-20.453057],[-54.632988,-20.453048],[-54.632998,-20.453048],[-54.632998,-20.453039],[-54.633008,-20.453039],[-54.633008,-20.45303],[-54.633017,-20.45303],[-54.633018,-20.453021],[-54.633027,-20.453021],[-54.633027,-20.453012],[-54.633037,-20.453013],[-54.633037,-20.453003],[-54.633047,-20.453004],[-54.633047,-20.452995],[-54.633056,-20.452995],[-54.633056,-20.452986],[-54.633066,-20.452986],[-54.633066,-20.452977],[-54.633076,-20.452977],[-54.633076,-20.452968],[-54.633085,-20.452968],[-54.633086,-20.452959],[-54.633095,-20.452959],[-54.633095,-20.45295],[-54.633105,-20.45295],[-54.633105,-20.452941],[-54.633115,-20.452941],[-54.633115,-20.452932],[-54.633124,-20.452932],[-54.633124,-20.452923],[-54.633134,-20.452924],[-54.633134,-20.452914],[-54.633144,-20.452915],[-54.633144,-20.452897],[-54.633154,-20.452897],[-54.633154,-20.45287],[-54.633164,-20.45287],[-54.633164,-20.452843],[-54.633174,-20.452843],[-54.633174,-20.452816],[-54.633184,-20.452816],[-54.633184,-20.452807],[-54.633193,-20.452807],[-54.633193,-20.452798],[-54.633203,-20.452798],[-54.633203,-20.452789],[-54.633213,-20.452789],[-54.633213,-20.452771],[-54.633223,-20.452771],[-54.633223,-20.452762],[-54.633232,-20.452762],[-54.633232,-20.452753],[-54.633242,-20.452753],[-54.633242,-20.452735],[-54.633252,-20.452735],[-54.633252,-20.452726],[-54.633262,-20.452727],[-54.633262,-20.452709],[-54.633271,-20.452709],[-54.633272,-20.4527],[-54.633281,-20.4527],[-54.633281,-20.452691],[-54.633291,-20.452691],[-54.633291,-20.452673],[-54.633301,-20.452673],[-54.633301,-20.452664],[-54.63331,-20.452664],[-54.633311,-20.452655],[-54.63332,-20.452655],[-54.63332,-20.452637],[-54.63333,-20.452637],[-54.63333,-20.452628],[-54.63334,-20.452628],[-54.63334,-20.45261],[-54.63335,-20.45261],[-54.63335,-20.452601],[-54.633359,-20.452601],[-54.633359,-20.452592],[-54.633369,-20.452593],[-54.633369,-20.452575],[-54.633379,-20.452575],[-54.633379,-20.452566],[-54.633389,-20.452566],[-54.633389,-20.452557],[-54.633398,-20.452557],[-54.633399,-20.452539],[-54.633408,-20.452539],[-54.633408,-20.45253],[-54.633418,-20.45253],[-54.633418,-20.452512],[-54.633428,-20.452512],[-54.633428,-20.452503],[-54.633437,-20.452503],[-54.633438,-20.452494],[-54.633447,-20.452494],[-54.633447,-20.452485],[-54.633457,-20.452485],[-54.633457,-20.452503],[-54.633466,-20.452504],[-54.633466,-20.452531],[-54.633629,-20.452533],[-54.633629,-20.452524],[-54.63428,-20.452533],[-54.63428,-20.452542],[-54.63429,-20.452542],[-54.634287,-20.452713],[-54.634297,-20.452714],[-54.634296,-20.452732],[-54.634306,-20.452732],[-54.634306,-20.452723],[-54.634316,-20.452723],[-54.634316,-20.452714],[-54.634325,-20.452714],[-54.634325,-20.452705],[-54.634335,-20.452705],[-54.634335,-20.452696],[-54.634345,-20.452696],[-54.634345,-20.452687],[-54.634354,-20.452687],[-54.634355,-20.452678],[-54.634364,-20.452678],[-54.634364,-20.452669],[-54.634374,-20.452669],[-54.634374,-20.45266],[-54.634384,-20.452661],[-54.634384,-20.452652],[-54.634393,-20.452652],[-54.634393,-20.452643],[-54.634403,-20.452643],[-54.634403,-20.452634],[-54.634413,-20.452634],[-54.634413,-20.452625],[-54.634422,-20.452625],[-54.634423,-20.452616],[-54.634432,-20.452616],[-54.634432,-20.452607],[-54.634442,-20.452607],[-54.634442,-20.452598],[-54.634452,-20.452598],[-54.634452,-20.452589],[-54.634461,-20.452589],[-54.634462,-20.45258],[-54.634471,-20.452581],[-54.634471,-20.452571],[-54.634481,-20.452572],[-54.634481,-20.452563],[-54.634491,-20.452563],[-54.634491,-20.452554],[-54.6345,-20.452554],[-54.6345,-20.452545],[-54.63451,-20.452545],[-54.63451,-20.452536],[-54.63452,-20.452536],[-54.63452,-20.452527],[-54.634529,-20.452527],[-54.63453,-20.452518],[-54.634539,-20.452518],[-54.634539,-20.452509],[-54.634549,-20.452509],[-54.634549,-20.4525],[-54.634559,-20.4525],[-54.634559,-20.452491],[-54.634568,-20.452492],[-54.634568,-20.452482],[-54.634578,-20.452483],[-54.634578,-20.452474],[-54.634597,-20.452474],[-54.634597,-20.452465],[-54.634607,-20.452465],[-54.634607,-20.452456],[-54.634617,-20.452456],[-54.634617,-20.452447],[-54.634626,-20.452447],[-54.634627,-20.452438],[-54.634636,-20.452438],[-54.634636,-20.452429],[-54.634646,-20.452429],[-54.634646,-20.452411],[-54.634656,-20.452411],[-54.634656,-20.452402],[-54.634665,-20.452403],[-54.634665,-20.452412],[-54.634713,-20.452412],[-54.634713,-20.452421],[-54.634751,-20.452422],[-54.634751,-20.452431],[-54.634799,-20.452431],[-54.634799,-20.452422],[-54.635058,-20.452426],[-54.635058,-20.452417],[-54.635125,-20.452418],[-54.635125,-20.452409],[-54.635173,-20.452409],[-54.635173,-20.4524],[-54.635221,-20.452401],[-54.635221,-20.452392],[-54.635288,-20.452393],[-54.635288,-20.452384]]]]},"properties":{"Nome":"MB ANHA8","Bacia":"ANHANDUI"}}]}