{"type":"FeatureCollection","features":[{"type":"Feature","geometry":{"type":"MultiPolygon","coordinates":[[[[-54.632067,-20.528005],[-54.632173,-20.528007],[-54.632173,-20.527998],[-54.632182,-20.527998],[-54.632182,-20.527989],[-54.632192,-20.527989],[-54.632192,-20.52798],[-54.632202,-20.52798],[-54.632202,-20.527971],[-54.632211,-20.527971],[-54.632212,-20.527962],[-54.632221,-20.527962],[-54.632221,-20.527953],[-54.632231,-20.527953],[-54.632231,-20.527944],[-54.632241,-20.527944],[-54.632241,-20.527935],[-54.63225,-20.527935],[-54.63225,-20.527926],[-54.63226,-20.527926],[-54.63226,-20.527917],[-54.63227,-20.527918],[-54.63227,-20.527909],[-54.63228,-20.527909],[-54.63228,-20.5279],[-54.632289,-20.5279],[-54.632289,-20.527891],[-54.632299,-20.527891],[-54.632299,-20.527882],[-54.632309,-20.527882],[-54.632309,-20.527873],[-54.632318,-20.527873],[-54.632319,-20.527864],[-54.632328,-20.527864],[-54.632328,-20.527855],[-54.632338,-20.527855],[-54.632338,-20.527846],[-54.632348,-20.527846],[-54.632348,-20.527837],[-54.632357,-20.527838],[-54.632357,-20.527828],[-54.632367,-20.527829],[-54.632367,-20.52782],[-54.632377,-20.52782],[-54.632377,-20.527811],[-54.632386,-20.527811],[-54.632387,-20.527802],[-54.632396,-20.527802],[-54.632396,-20.527793],[-54.632406,-20.527793],[-54.632406,-20.527784],[-54.632416,-20.527784],[-54.632416,-20.527775],[-54.632425,-20.527775],[-54.632425,-20.527766],[-54.632435,-20.527766],[-54.632435,-20.527757],[-54.632445,-20.527757],[-54.632445,-20.527748],[-54.632455,-20.527749],[-54.632455,-20.52774],[-54.632464,-20.52774],[-54.632464,-20.527731],[-54.632474,-20.527731],[-54.632474,-20.527722],[-54.632484,-20.527722],[-54.632484,-20.527713],[-54.632493,-20.527713],[-54.632494,-20.527704],[-54.632503,-20.527704],[-54.632503,-20.527695],[-54.632513,-20.527695],[-54.632513,-20.527686],[-54.632523,-20.527686],[-54.632523,-20.527677],[-54.632532,-20.527677],[-54.632532,-20.527668],[-54.632542,-20.527668],[-54.632542,-20.527659],[-54.632552,-20.52766],[-54.632552,-20.527651],[-54.632561,-20.527651],[-54.632562,-20.527642],[-54.632571,-20.527642],[-54.632571,-20.527633],[-54.632581,-20.527633],[-54.632581,-20.527624],[-54.632591,-20.527624],[-54.632591,-20.527615],[-54.6326,-20.527615],[-54.6326,-20.527606],[-54.63261,-20.527606],[-54.63261,-20.527597],[-54.63262,-20.527597],[-54.63262,-20.527588],[-54.63263,-20.527588],[-54.63263,-20.527579],[-54.632639,-20.527579],[-54.632639,-20.52757],[-54.633646,-20.527584],[-54.633646,-20.527575],[-54.633665,-20.527575],[-54.633665,-20.527566],[-54.633675,-20.527567],[-54.633675,-20.527558],[-54.633694,-20.527558],[-54.633694,-20.527549],[-54.633713,-20.527549],[-54.633713,-20.52754],[-54.633723,-20.52754],[-54.633723,-20.527531],[-54.633742,-20.527531],[-54.633743,-20.527522],[-54.633762,-20.527523],[-54.633762,-20.527514],[-54.633771,-20.527514],[-54.633772,-20.527505],[-54.633791,-20.527505],[-54.633791,-20.527496],[-54.6338,-20.527496],[-54.633801,-20.527487],[-54.63382,-20.527487],[-54.63382,-20.527478],[-54.633839,-20.527478],[-54.633839,-20.527469],[-54.633849,-20.52747],[-54.633849,-20.527461],[-54.633868,-20.527461],[-54.633868,-20.527452],[-54.633887,-20.527452],[-54.633888,-20.527443],[-54.633897,-20.527443],[-54.633897,-20.527434],[-54.633916,-20.527434],[-54.633917,-20.527425],[-54.633936,-20.527426],[-54.633936,-20.527417],[-54.633945,-20.527417],[-54.633946,-20.527408],[-54.633965,-20.527408],[-54.633965,-20.527399],[-54.633974,-20.527399],[-54.633975,-20.52739],[-54.633994,-20.52739],[-54.633994,-20.527381],[-54.634013,-20.527382],[-54.634013,-20.527372],[-54.634023,-20.527373],[-54.634023,-20.527364],[-54.634042,-20.527364],[-54.634042,-20.527355],[-54.634061,-20.527355],[-54.634062,-20.527346],[-54.634071,-20.527346],[-54.634071,-20.527337],[-54.63409,-20.527337],[-54.634091,-20.527328],[-54.63411,-20.527329],[-54.63411,-20.52732],[-54.634119,-20.52732],[-54.63412,-20.527311],[-54.634148,-20.527311],[-54.634148,-20.527302],[-54.634168,-20.527302],[-54.634168,-20.527293],[-54.634187,-20.527294],[-54.634187,-20.527285],[-54.634206,-20.527285],[-54.634206,-20.527276],[-54.634226,-20.527276],[-54.634226,-20.527267],[-54.634245,-20.527267],[-54.634245,-20.527258],[-54.634255,-20.527258],[-54.634255,-20.527249],[-54.634274,-20.52725],[-54.634274,-20.527241],[-54.634293,-20.527241],[-54.634293,-20.527232],[-54.634313,-20.527232],[-54.634313,-20.527223],[-54.634332,-20.527223],[-54.634332,-20.527214],[-54.634351,-20.527215],[-54.634351,-20.527206],[-54.63437,-20.527206],[-54.634371,-20.527197],[-54.63439,-20.527197],[-54.63439,-20.527188],[-54.634409,-20.527188],[-54.634409,-20.527179],[-54.634428,-20.527179],[-54.634429,-20.52717],[-54.634448,-20.527171],[-54.634448,-20.527162],[-54.634457,-20.527162],[-54.634458,-20.527144],[-54.634467,-20.527144],[-54.634467,-20.527135],[-54.634477,-20.527135],[-54.634477,-20.527126],[-54.634487,-20.527126],[-54.634487,-20.527117],[-54.634496,-20.527117],[-54.634497,-20.527108],[-54.634506,-20.527108],[-54.634506,-20.527099],[-54.634516,-20.527099],[-54.634516,-20.52709],[-54.634526,-20.527091],[-54.634526,-20.527081],[-54.634535,-20.527082],[-54.634535,-20.527073],[-54.634545,-20.527073],[-54.634545,-20.527064],[-54.634555,-20.527064],[-54.634555,-20.527055],[-54.634564,-20.527055],[-54.634565,-20.527046],[-54.634574,-20.527046],[-54.634574,-20.527037],[-54.634584,-20.527037],[-54.634584,-20.527028],[-54.634594,-20.527028],[-54.634594,-20.527019],[-54.634603,-20.527019],[-54.634604,-20.52701],[-54.634613,-20.52701],[-54.634613,-20.527001],[-54.634623,-20.527002],[-54.634623,-20.526993],[-54.634633,-20.526993],[-54.634633,-20.526984],[-54.634642,-20.526984],[-54.634642,-20.526975],[-54.634652,-20.526975],[-54.634652,-20.526966],[-54.634662,-20.526966],[-54.634662,-20.526957],[-54.634671,-20.526957],[-54.634672,-20.526948],[-54.634681,-20.526948],[-54.634681,-20.526939],[-54.634691,-20.526939],[-54.634691,-20.52693],[-54.634701,-20.52693],[-54.634701,-20.526921],[-54.63471,-20.526921],[-54.63471,-20.526912],[-54.63472,-20.526913],[-54.63472,-20.526904],[-54.63473,-20.526904],[-54.63473,-20.526895],[-54.63474,-20.526895],[-54.63474,-20.526886],[-54.634749,-20.526886],[-54.634749,-20.526877],[-54.634759,-20.526877],[-54.634759,-20.526868],[-54.634769,-20.526868],[-54.634769,-20.526859],[-54.634778,-20.526859],[-54.634779,-20.52685],[-54.634788,-20.52685],[-54.634788,-20.526841],[-54.634798,-20.526841],[-54.634798,-20.526832],[-54.634808,-20.526832],[-54.634808,-20.526823],[-54.634817,-20.526824],[-54.634817,-20.526815],[-54.634827,-20.526815],[-54.634827,-20.526806],[-54.634837,-20.526806],[-54.634837,-20.526797],[-54.634846,-20.526797],[-54.634847,-20.526788],[-54.634856,-20.526788],[-54.634856,-20.526779],[-54.634866,-20.526779],[-54.634866,-20.52677],[-54.634876,-20.52677],[-54.634876,-20.526761],[-54.634905,-20.526762],[-54.634905,-20.526753],[-54.634933,-20.526753],[-54.634934,-20.526744],[-54.634962,-20.526744],[-54.634962,-20.526735],[-54.634982,-20.526736],[-54.634982,-20.526726],[-54.63501,-20.526727],[-54.635011,-20.526718],[-54.635039,-20.526718],[-54.63504,-20.526709],[-54.635068,-20.52671],[-54.635068,-20.526701],[-54.635097,-20.526701],[-54.635097,-20.526692],[-54.635126,-20.526692],[-54.635126,-20.526683],[-54.635145,-20.526684],[-54.635145,-20.526675],[-54.635174,-20.526675],[-54.635174,-20.526666],[-54.635203,-20.526666],[-54.635203,-20.526657],[-54.635567,-20.526662],[-54.635568,-20.526653],[-54.635587,-20.526653],[-54.635587,-20.526644],[-54.635596,-20.526645],[-54.635597,-20.526636],[-54.635606,-20.526636],[-54.635606,-20.526627],[-54.635616,-20.526627],[-54.635616,-20.526618],[-54.635626,-20.526618],[-54.635626,-20.526609],[-54.635635,-20.526609],[-54.635636,-20.5266],[-54.635645,-20.5266],[-54.635645,-20.526591],[-54.635655,-20.526591],[-54.635655,-20.526582],[-54.635665,-20.526582],[-54.635665,-20.526573],[-54.635674,-20.526573],[-54.635674,-20.526564],[-54.635684,-20.526565],[-54.635684,-20.526555],[-54.635694,-20.526556],[-54.635694,-20.526547],[-54.635703,-20.526547],[-54.635704,-20.526538],[-54.636604,-20.52655],[-54.636604,-20.526559],[-54.636633,-20.526559],[-54.636633,-20.526568],[-54.636652,-20.526569],[-54.636652,-20.526578],[-54.636671,-20.526578],[-54.636671,-20.526587],[-54.63669,-20.526587],[-54.63669,-20.526596],[-54.636709,-20.526597],[-54.636709,-20.526606],[-54.636728,-20.526606],[-54.636728,-20.526615],[-54.636757,-20.526615],[-54.636757,-20.526624],[-54.636776,-20.526625],[-54.636776,-20.526634],[-54.636795,-20.526634],[-54.636795,-20.526643],[-54.636814,-20.526643],[-54.636814,-20.526652],[-54.636833,-20.526652],[-54.636833,-20.526661],[-54.636862,-20.526662],[-54.636861,-20.526671],[-54.636881,-20.526671],[-54.63688,-20.52668],[-54.6369,-20.52668],[-54.636899,-20.526689],[-54.636919,-20.52669],[-54.636919,-20.526699],[-54.636938,-20.526699],[-54.636938,-20.526708],[-54.636966,-20.526708],[-54.636966,-20.526717],[-54.636985,-20.526718],[-54.636985,-20.526727],[-54.637004,-20.526727],[-54.637004,-20.526736],[-54.637023,-20.526736],[-54.637023,-20.526745],[-54.637042,-20.526746],[-54.637042,-20.526755],[-54.637061,-20.526755],[-54.637061,-20.526773],[-54.637071,-20.526773],[-54.63707,-20.526791],[-54.63708,-20.526791],[-54.63708,-20.526818],[-54.637089,-20.526818],[-54.637089,-20.526837],[-54.637099,-20.526837],[-54.637098,-20.526855],[-54.637108,-20.526855],[-54.637108,-20.526873],[-54.637117,-20.526873],[-54.637117,-20.526891],[-54.637126,-20.526891],[-54.637126,-20.526909],[-54.637136,-20.526909],[-54.637135,-20.526927],[-54.637145,-20.526928],[-54.637145,-20.526946],[-54.637154,-20.526946],[-54.637154,-20.526964],[-54.637164,-20.526964],[-54.637163,-20.526982],[-54.637173,-20.526982],[-54.637173,-20.527],[-54.637182,-20.527],[-54.637182,-20.527018],[-54.637192,-20.527019],[-54.637191,-20.527037],[-54.637201,-20.527037],[-54.637201,-20.527055],[-54.63721,-20.527055],[-54.63721,-20.527073],[-54.63722,-20.527073],[-54.637219,-20.527091],[-54.637229,-20.527091],[-54.637229,-20.527109],[-54.637238,-20.527109],[-54.637238,-20.527128],[-54.637247,-20.527128],[-54.637247,-20.527146],[-54.637257,-20.527146],[-54.637256,-20.527164],[-54.637266,-20.527164],[-54.637266,-20.527182],[-54.637275,-20.527182],[-54.637275,-20.527191],[-54.637304,-20.527192],[-54.637304,-20.527183],[-54.637323,-20.527183],[-54.637323,-20.527174],[-54.637333,-20.527174],[-54.637333,-20.527165],[-54.637352,-20.527165],[-54.637352,-20.527156],[-54.637362,-20.527156],[-54.637362,-20.527147],[-54.637381,-20.527148],[-54.637381,-20.527138],[-54.637391,-20.527139],[-54.637391,-20.52713],[-54.637401,-20.52713],[-54.637401,-20.527121],[-54.63742,-20.527121],[-54.63742,-20.527112],[-54.63743,-20.527112],[-54.63743,-20.527103],[-54.637449,-20.527103],[-54.637449,-20.527094],[-54.637459,-20.527094],[-54.637459,-20.527085],[-54.637478,-20.527086],[-54.637478,-20.527077],[-54.637488,-20.527077],[-54.637488,-20.527068],[-54.637498,-20.527068],[-54.637498,-20.527059],[-54.637517,-20.527059],[-54.637517,-20.52705],[-54.637527,-20.52705],[-54.637527,-20.527041],[-54.637536,-20.527041],[-54.637536,-20.527032],[-54.637556,-20.527033],[-54.637556,-20.527023],[-54.637565,-20.527024],[-54.637565,-20.527015],[-54.637585,-20.527015],[-54.637585,-20.527006],[-54.637594,-20.527006],[-54.637595,-20.526997],[-54.637604,-20.526997],[-54.637604,-20.526988],[-54.637623,-20.526988],[-54.637624,-20.526979],[-54.637633,-20.526979],[-54.637633,-20.52697],[-54.638218,-20.526978],[-54.638218,-20.526969],[-54.638228,-20.526969],[-54.638228,-20.52696],[-54.638247,-20.526961],[-54.638247,-20.526952],[-54.638266,-20.526952],[-54.638266,-20.526943],[-54.638286,-20.526943],[-54.638286,-20.526934],[-54.638305,-20.526934],[-54.638305,-20.526925],[-54.638324,-20.526926],[-54.638324,-20.526917],[-54.638343,-20.526917],[-54.638344,-20.526908],[-54.638363,-20.526908],[-54.638363,-20.526899],[-54.638382,-20.526899],[-54.638382,-20.52689],[-54.638401,-20.526891],[-54.638402,-20.526881],[-54.638421,-20.526882],[-54.638421,-20.526873],[-54.63844,-20.526873],[-54.63844,-20.526864],[-54.63845,-20.526864],[-54.63845,-20.526855],[-54.638469,-20.526855],[-54.638469,-20.526846],[-54.638488,-20.526847],[-54.638488,-20.526838],[-54.638508,-20.526838],[-54.638508,-20.526829],[-54.638527,-20.526829],[-54.638527,-20.52682],[-54.638546,-20.52682],[-54.638546,-20.526811],[-54.638566,-20.526811],[-54.638566,-20.526802],[-54.638585,-20.526803],[-54.638585,-20.526794],[-54.638604,-20.526794],[-54.638604,-20.526785],[-54.638623,-20.526785],[-54.638624,-20.526776],[-54.638643,-20.526776],[-54.638643,-20.526767],[-54.638662,-20.526768],[-54.638662,-20.526759],[-54.638681,-20.526759],[-54.638682,-20.52675],[-54.638691,-20.52675],[-54.638691,-20.526741],[-54.63871,-20.526741],[-54.638711,-20.526732],[-54.63873,-20.526732],[-54.63873,-20.526723],[-54.638749,-20.526724],[-54.638749,-20.526715],[-54.638874,-20.526716],[-54.638874,-20.526707],[-54.638883,-20.526707],[-54.638951,-20.526708],[-54.63895,-20.526717],[-54.63896,-20.526718],[-54.63896,-20.526727],[-54.638969,-20.526727],[-54.638969,-20.526736],[-54.638979,-20.526736],[-54.638979,-20.526745],[-54.638988,-20.526745],[-54.638988,-20.526754],[-54.638998,-20.526754],[-54.638998,-20.526763],[-54.639007,-20.526763],[-54.639007,-20.526772],[-54.639017,-20.526772],[-54.639017,-20.526781],[-54.639026,-20.526782],[-54.639026,-20.526791],[-54.639036,-20.526791],[-54.639035,-20.5268],[-54.639045,-20.5268],[-54.639045,-20.526809],[-54.639054,-20.526809],[-54.639054,-20.526818],[-54.639064,-20.526818],[-54.639064,-20.526827],[-54.639073,-20.526827],[-54.639073,-20.526836],[-54.639083,-20.526837],[-54.639083,-20.526846],[-54.639092,-20.526846],[-54.639092,-20.526855],[-54.639102,-20.526855],[-54.639102,-20.526864],[-54.639111,-20.526864],[-54.639111,-20.526873],[-54.63913,-20.526873],[-54.63913,-20.526882],[-54.63914,-20.526883],[-54.639139,-20.526892],[-54.639159,-20.526892],[-54.639158,-20.526901],[-54.639168,-20.526901],[-54.639168,-20.52691],[-54.639187,-20.52691],[-54.639187,-20.526919],[-54.639197,-20.526919],[-54.639196,-20.526928],[-54.639206,-20.526929],[-54.639206,-20.526938],[-54.639215,-20.526938],[-54.639215,-20.526947],[-54.639225,-20.526947],[-54.639225,-20.526956],[-54.639244,-20.526956],[-54.639244,-20.526965],[-54.639349,-20.526967],[-54.639349,-20.526976],[-54.63955,-20.526978],[-54.63955,-20.526987],[-54.639589,-20.526988],[-54.639588,-20.526997],[-54.639598,-20.526997],[-54.639598,-20.527006],[-54.639607,-20.527006],[-54.639607,-20.527015],[-54.639617,-20.527015],[-54.639617,-20.527024],[-54.639626,-20.527025],[-54.639626,-20.527034],[-54.639636,-20.527034],[-54.639636,-20.527043],[-54.639645,-20.527043],[-54.639645,-20.527052],[-54.639655,-20.527052],[-54.639655,-20.527061],[-54.639664,-20.527061],[-54.639664,-20.52707],[-54.639674,-20.52707],[-54.639673,-20.527079],[-54.639683,-20.52708],[-54.639683,-20.527089],[-54.639692,-20.527089],[-54.639692,-20.527098],[-54.639702,-20.527098],[-54.639702,-20.527107],[-54.639711,-20.527107],[-54.639711,-20.527116],[-54.639721,-20.527116],[-54.639721,-20.527125],[-54.63973,-20.527125],[-54.63973,-20.527134],[-54.63974,-20.527134],[-54.63974,-20.527144],[-54.639749,-20.527144],[-54.639749,-20.527153],[-54.639759,-20.527153],[-54.639758,-20.527162],[-54.640429,-20.527171],[-54.640429,-20.527162],[-54.640458,-20.527162],[-54.640458,-20.527153],[-54.640487,-20.527154],[-54.640487,-20.527145],[-54.640506,-20.527145],[-54.640507,-20.527136],[-54.640535,-20.527136],[-54.640535,-20.527127],[-54.640555,-20.527128],[-54.640555,-20.527118],[-54.640718,-20.527121],[-54.640717,-20.52713],[-54.640727,-20.52713],[-54.640727,-20.527139],[-54.640737,-20.527139],[-54.640736,-20.527148],[-54.640746,-20.527148],[-54.640746,-20.527157],[-54.640755,-20.527157],[-54.640755,-20.527166],[-54.640765,-20.527167],[-54.640765,-20.527176],[-54.640774,-20.527176],[-54.640774,-20.527185],[-54.641407,-20.527193],[-54.641407,-20.527184],[-54.64156,-20.527186],[-54.64156,-20.527177],[-54.641704,-20.527179],[-54.641704,-20.52717],[-54.641848,-20.527172],[-54.641848,-20.527163],[-54.641858,-20.527163],[-54.641858,-20.527154],[-54.641867,-20.527154],[-54.641868,-20.527145],[-54.641877,-20.527146],[-54.641877,-20.527136],[-54.641887,-20.527137],[-54.641887,-20.527128],[-54.641897,-20.527128],[-54.641897,-20.527119],[-54.641906,-20.527119],[-54.641906,-20.52711],[-54.641916,-20.52711],[-54.641916,-20.527101],[-54.641926,-20.527101],[-54.641926,-20.527092],[-54.641935,-20.527092],[-54.641936,-20.527083],[-54.641964,-20.527083],[-54.641965,-20.527074],[-54.642214,-20.527078],[-54.642214,-20.527069],[-54.642223,-20.527069],[-54.642224,-20.52706],[-54.642233,-20.52706],[-54.642233,-20.527051],[-54.642243,-20.527051],[-54.642243,-20.527042],[-54.642253,-20.527042],[-54.642253,-20.527033],[-54.642262,-20.527033],[-54.642262,-20.527024],[-54.642272,-20.527024],[-54.642272,-20.527015],[-54.642282,-20.527016],[-54.642282,-20.527007],[-54.642291,-20.527007],[-54.642292,-20.526998],[-54.642301,-20.526998],[-54.642301,-20.526989],[-54.642311,-20.526989],[-54.642311,-20.52698],[-54.642321,-20.52698],[-54.642321,-20.526971],[-54.64233,-20.526971],[-54.64233,-20.526962],[-54.64234,-20.526962],[-54.64234,-20.526953],[-54.64235,-20.526953],[-54.64235,-20.526944],[-54.64236,-20.526944],[-54.64236,-20.526935],[-54.642369,-20.526935],[-54.642369,-20.526926],[-54.642379,-20.526927],[-54.642379,-20.526918],[-54.642389,-20.526918],[-54.642389,-20.526909],[-54.642398,-20.526909],[-54.642399,-20.5269],[-54.642408,-20.5269],[-54.642408,-20.526891],[-54.642418,-20.526891],[-54.642418,-20.526882],[-54.642428,-20.526882],[-54.642428,-20.526873],[-54.642437,-20.526873],[-54.642437,-20.526864],[-54.642447,-20.526864],[-54.642447,-20.526855],[-54.642457,-20.526855],[-54.642457,-20.526846],[-54.642466,-20.526847],[-54.642467,-20.526837],[-54.642476,-20.526838],[-54.642476,-20.526829],[-54.642486,-20.526829],[-54.642486,-20.52682],[-54.642496,-20.52682],[-54.642496,-20.526811],[-54.642505,-20.526811],[-54.642505,-20.526802],[-54.642822,-20.526806],[-54.642822,-20.526797],[-54.643847,-20.526811],[-54.643857,-20.526811],[-54.643857,-20.52682],[-54.643876,-20.526821],[-54.643876,-20.52683],[-54.643895,-20.52683],[-54.643895,-20.526839],[-54.644575,-20.526848],[-54.644575,-20.526839],[-54.644786,-20.526842],[-54.644786,-20.526833],[-54.644892,-20.526834],[-54.644892,-20.526825],[-54.644902,-20.526825],[-54.644902,-20.526816],[-54.644911,-20.526817],[-54.644911,-20.526807],[-54.644921,-20.526808],[-54.644921,-20.526799],[-54.644931,-20.526799],[-54.644931,-20.52679],[-54.644941,-20.52679],[-54.644941,-20.526781],[-54.64495,-20.526781],[-54.64495,-20.526772],[-54.64496,-20.526772],[-54.64496,-20.526763],[-54.64497,-20.526763],[-54.64497,-20.526754],[-54.644979,-20.526754],[-54.64498,-20.526745],[-54.644989,-20.526745],[-54.644989,-20.526736],[-54.644999,-20.526736],[-54.644999,-20.526727],[-54.645009,-20.526728],[-54.645009,-20.526719],[-54.645018,-20.526719],[-54.645018,-20.52671],[-54.645066,-20.52671],[-54.645066,-20.526701],[-54.645095,-20.526702],[-54.645095,-20.526693],[-54.645124,-20.526693],[-54.645124,-20.526684],[-54.645153,-20.526684],[-54.645153,-20.526675],[-54.645182,-20.526676],[-54.645182,-20.526667],[-54.64522,-20.526667],[-54.645221,-20.526658],[-54.645249,-20.526659],[-54.645249,-20.52665],[-54.645278,-20.52665],[-54.645278,-20.526641],[-54.645307,-20.526641],[-54.645307,-20.526632],[-54.645346,-20.526633],[-54.645346,-20.526624],[-54.645374,-20.526624],[-54.645375,-20.526615],[-54.645403,-20.526616],[-54.645403,-20.526606],[-54.645432,-20.526607],[-54.645432,-20.526598],[-54.645471,-20.526598],[-54.645471,-20.526589],[-54.6455,-20.52659],[-54.6455,-20.526581],[-54.645528,-20.526581],[-54.645529,-20.526572],[-54.645567,-20.526573],[-54.645567,-20.526564],[-54.645596,-20.526564],[-54.645596,-20.526555],[-54.64573,-20.526557],[-54.64573,-20.526548],[-54.645951,-20.526551],[-54.645951,-20.526542],[-54.64598,-20.526542],[-54.645986,-20.526109],[-54.646005,-20.526109],[-54.646006,-20.5261],[-54.646025,-20.5261],[-54.646025,-20.526091],[-54.646044,-20.526091],[-54.646044,-20.526082],[-54.646063,-20.526083],[-54.646063,-20.526074],[-54.646083,-20.526074],[-54.646083,-20.526065],[-54.646102,-20.526065],[-54.646102,-20.526056],[-54.64615,-20.526057],[-54.64615,-20.526048],[-54.646169,-20.526048],[-54.646169,-20.526039],[-54.646198,-20.526039],[-54.646198,-20.52603],[-54.646217,-20.526031],[-54.646218,-20.526022],[-54.646237,-20.526022],[-54.646237,-20.526013],[-54.646448,-20.526016],[-54.646448,-20.526007],[-54.646477,-20.526007],[-54.646477,-20.525998],[-54.646506,-20.525998],[-54.646506,-20.525989],[-54.646534,-20.52599],[-54.646535,-20.525981],[-54.646563,-20.525981],[-54.646563,-20.525972],[-54.646592,-20.525972],[-54.646592,-20.525963],[-54.646621,-20.525964],[-54.646621,-20.525955],[-54.64666,-20.525955],[-54.64666,-20.525946],[-54.646688,-20.525947],[-54.646689,-20.525938],[-54.646717,-20.525938],[-54.646717,-20.525929],[-54.646746,-20.525929],[-54.646746,-20.52592],[-54.646775,-20.525921],[-54.646775,-20.525912],[-54.646804,-20.525912],[-54.646804,-20.525903],[-54.646833,-20.525903],[-54.646833,-20.525894],[-54.646871,-20.525895],[-54.646872,-20.525886],[-54.6469,-20.525886],[-54.6469,-20.525877],[-54.64692,-20.525878],[-54.64692,-20.525869],[-54.646939,-20.525869],[-54.646939,-20.52586],[-54.646958,-20.52586],[-54.646958,-20.525851],[-54.646968,-20.525851],[-54.646968,-20.525842],[-54.646987,-20.525842],[-54.646987,-20.525833],[-54.647007,-20.525834],[-54.647007,-20.525825],[-54.647026,-20.525825],[-54.647026,-20.525816],[-54.647045,-20.525816],[-54.647045,-20.525807],[-54.647055,-20.525807],[-54.647055,-20.525798],[-54.647065,-20.525798],[-54.647065,-20.525789],[-54.647074,-20.525789],[-54.647074,-20.52578],[-54.647084,-20.52578],[-54.647084,-20.525771],[-54.647094,-20.525772],[-54.647094,-20.525763],[-54.647103,-20.525763],[-54.647104,-20.525754],[-54.647113,-20.525754],[-54.647113,-20.525745],[-54.647123,-20.525745],[-54.647123,-20.525736],[-54.647133,-20.525736],[-54.647133,-20.525727],[-54.647142,-20.525727],[-54.647142,-20.525718],[-54.647152,-20.525718],[-54.647152,-20.525709],[-54.647162,-20.525709],[-54.647162,-20.5257],[-54.647172,-20.5257],[-54.647172,-20.525691],[-54.647181,-20.525691],[-54.647181,-20.525682],[-54.647191,-20.525683],[-54.647191,-20.525674],[-54.647201,-20.525674],[-54.647201,-20.525665],[-54.64721,-20.525665],[-54.647211,-20.525656],[-54.64722,-20.525656],[-54.647221,-20.525593],[-54.64724,-20.525593],[-54.64724,-20.525584],[-54.64725,-20.525584],[-54.64725,-20.525575],[-54.64726,-20.525575],[-54.64726,-20.525566],[-54.647269,-20.525566],[-54.64727,-20.525557],[-54.647279,-20.525557],[-54.647279,-20.525548],[-54.647289,-20.525548],[-54.647289,-20.525539],[-54.647299,-20.52554],[-54.647299,-20.525521],[-54.647308,-20.525522],[-54.647309,-20.525513],[-54.647318,-20.525513],[-54.647318,-20.525504],[-54.647328,-20.525504],[-54.647328,-20.525495],[-54.647405,-20.525496],[-54.647405,-20.525487],[-54.647424,-20.525487],[-54.647424,-20.525478],[-54.647453,-20.525478],[-54.647453,-20.525469],[-54.647472,-20.52547],[-54.647472,-20.525461],[-54.647492,-20.525461],[-54.647492,-20.525452],[-54.64752,-20.525452],[-54.647521,-20.525443],[-54.64754,-20.525443],[-54.64754,-20.525434],[-54.647569,-20.525435],[-54.647569,-20.525426],[-54.647588,-20.525426],[-54.647588,-20.525417],[-54.647607,-20.525417],[-54.647607,-20.525408],[-54.647636,-20.525409],[-54.647636,-20.5254],[-54.647655,-20.5254],[-54.647656,-20.525391],[-54.647684,-20.525391],[-54.647684,-20.525382],[-54.647704,-20.525382],[-54.647704,-20.525373],[-54.647723,-20.525374],[-54.647723,-20.525365],[-54.647752,-20.525365],[-54.647752,-20.525356],[-54.647771,-20.525356],[-54.647771,-20.525347],[-54.6478,-20.525348],[-54.6478,-20.525339],[-54.647819,-20.525339],[-54.647819,-20.52533],[-54.647839,-20.52533],[-54.647839,-20.525321],[-54.647867,-20.525322],[-54.647868,-20.525312],[-54.647887,-20.525313],[-54.647887,-20.525304],[-54.647906,-20.525304],[-54.647906,-20.525295],[-54.647935,-20.525295],[-54.647935,-20.525286],[-54.647954,-20.525287],[-54.647954,-20.525278],[-54.64828,-20.525282],[-54.64828,-20.525273],[-54.64829,-20.525273],[-54.64829,-20.525264],[-54.6483,-20.525264],[-54.6483,-20.525255],[-54.648309,-20.525255],[-54.64831,-20.525246],[-54.648319,-20.525246],[-54.648319,-20.525237],[-54.648329,-20.525237],[-54.648329,-20.525228],[-54.648339,-20.525229],[-54.648339,-20.52522],[-54.648348,-20.52522],[-54.648348,-20.525211],[-54.648358,-20.525211],[-54.648358,-20.525202],[-54.648368,-20.525202],[-54.648368,-20.525193],[-54.648377,-20.525193],[-54.648378,-20.525184],[-54.648387,-20.525184],[-54.648387,-20.525175],[-54.648397,-20.525175],[-54.648397,-20.525166],[-54.648407,-20.525166],[-54.648407,-20.525157],[-54.648416,-20.525157],[-54.648417,-20.525148],[-54.648426,-20.525148],[-54.648426,-20.525139],[-54.648436,-20.52514],[-54.648436,-20.525131],[-54.648446,-20.525131],[-54.648446,-20.525122],[-54.648455,-20.525122],[-54.648455,-20.525113],[-54.648465,-20.525113],[-54.648465,-20.525104],[-54.648475,-20.525104],[-54.648475,-20.525095],[-54.648484,-20.525095],[-54.648485,-20.525086],[-54.648494,-20.525086],[-54.648494,-20.525077],[-54.648504,-20.525077],[-54.648504,-20.525068],[-54.648514,-20.525068],[-54.648514,-20.525059],[-54.648523,-20.525059],[-54.648523,-20.52505],[-54.648533,-20.525051],[-54.648533,-20.525042],[-54.648543,-20.525042],[-54.648543,-20.525033],[-54.648552,-20.525033],[-54.648553,-20.525024],[-54.648562,-20.525024],[-54.648562,-20.525015],[-54.648572,-20.525015],[-54.648572,-20.525006],[-54.648582,-20.525006],[-54.648582,-20.524997],[-54.648591,-20.524997],[-54.648592,-20.524988],[-54.648601,-20.524988],[-54.648601,-20.524979],[-54.648611,-20.524979],[-54.648611,-20.52497],[-54.648621,-20.524971],[-54.648621,-20.524961],[-54.64863,-20.524962],[-54.64863,-20.524953],[-54.64865,-20.524953],[-54.64865,-20.524944],[-54.648659,-20.524944],[-54.648659,-20.524935],[-54.648669,-20.524935],[-54.648669,-20.524926],[-54.648679,-20.524926],[-54.648679,-20.524917],[-54.648698,-20.524917],[-54.648698,-20.524908],[-54.648708,-20.524908],[-54.648708,-20.524899],[-54.648717,-20.5249],[-54.648718,-20.524891],[-54.648727,-20.524891],[-54.648727,-20.524882],[-54.648737,-20.524882],[-54.648737,-20.524873],[-54.648747,-20.524873],[-54.648747,-20.524864],[-54.648756,-20.524864],[-54.648757,-20.524855],[-54.648766,-20.524855],[-54.648766,-20.524846],[-54.648776,-20.524846],[-54.648776,-20.524837],[-54.648786,-20.524837],[-54.648786,-20.524828],[-54.648795,-20.524828],[-54.648795,-20.524819],[-54.648805,-20.524819],[-54.648805,-20.52481],[-54.648815,-20.524811],[-54.648815,-20.524802],[-54.648824,-20.524802],[-54.648825,-20.524793],[-54.648834,-20.524793],[-54.648834,-20.524784],[-54.648844,-20.524784],[-54.648844,-20.524775],[-54.648854,-20.524775],[-54.648854,-20.524766],[-54.648863,-20.524766],[-54.648863,-20.524757],[-54.648873,-20.524757],[-54.648873,-20.524748],[-54.648883,-20.524748],[-54.648883,-20.524739],[-54.648892,-20.524739],[-54.648893,-20.52473],[-54.648902,-20.524731],[-54.648902,-20.524721],[-54.648912,-20.524722],[-54.648912,-20.524713],[-54.648931,-20.524713],[-54.648931,-20.524704],[-54.648951,-20.524704],[-54.648951,-20.524695],[-54.64896,-20.524695],[-54.64896,-20.524686],[-54.64897,-20.524686],[-54.64897,-20.524677],[-54.64898,-20.524677],[-54.64898,-20.524668],[-54.648989,-20.524668],[-54.64899,-20.524659],[-54.648999,-20.52466],[-54.648999,-20.524651],[-54.649009,-20.524651],[-54.649009,-20.524642],[-54.649019,-20.524642],[-54.649019,-20.524633],[-54.649028,-20.524633],[-54.649028,-20.524624],[-54.649038,-20.524624],[-54.649038,-20.524615],[-54.649048,-20.524615],[-54.649048,-20.524606],[-54.649057,-20.524606],[-54.649058,-20.524597],[-54.649067,-20.524597],[-54.649067,-20.524588],[-54.649077,-20.524588],[-54.649077,-20.524579],[-54.649087,-20.524579],[-54.649087,-20.52457],[-54.649096,-20.524571],[-54.649096,-20.524562],[-54.649106,-20.524562],[-54.649106,-20.524553],[-54.649116,-20.524553],[-54.649116,-20.524544],[-54.649126,-20.524544],[-54.649126,-20.524535],[-54.649135,-20.524535],[-54.649135,-20.524526],[-54.649145,-20.524526],[-54.649145,-20.524517],[-54.649155,-20.524517],[-54.649155,-20.524508],[-54.649164,-20.524508],[-54.649165,-20.524499],[-54.649174,-20.524499],[-54.649174,-20.52449],[-54.649184,-20.52449],[-54.649184,-20.524481],[-54.649194,-20.524482],[-54.649194,-20.524473],[-54.649203,-20.524473],[-54.649203,-20.524464],[-54.649213,-20.524464],[-54.649213,-20.524455],[-54.649223,-20.524455],[-54.649223,-20.524446],[-54.649232,-20.524446],[-54.649233,-20.524437],[-54.649242,-20.524437],[-54.649242,-20.524428],[-54.649261,-20.524428],[-54.649262,-20.524419],[-54.64929,-20.52442],[-54.649291,-20.524411],[-54.6493,-20.524411],[-54.6493,-20.524402],[-54.64931,-20.524402],[-54.64931,-20.524393],[-54.64932,-20.524393],[-54.64932,-20.524384],[-54.649329,-20.524384],[-54.649329,-20.524375],[-54.649339,-20.524375],[-54.649339,-20.524366],[-54.649349,-20.524366],[-54.649349,-20.524357],[-54.649358,-20.524357],[-54.649359,-20.524348],[-54.649368,-20.524349],[-54.649368,-20.524339],[-54.649378,-20.52434],[-54.649378,-20.524331],[-54.649388,-20.524331],[-54.649388,-20.524322],[-54.649397,-20.524322],[-54.649397,-20.524313],[-54.649407,-20.524313],[-54.649407,-20.524304],[-54.649417,-20.524304],[-54.649417,-20.524295],[-54.649426,-20.524295],[-54.649427,-20.524286],[-54.649436,-20.524286],[-54.649436,-20.524277],[-54.649446,-20.524277],[-54.649446,-20.524268],[-54.649465,-20.524269],[-54.649465,-20.52426],[-54.649485,-20.52426],[-54.649485,-20.524251],[-54.649504,-20.524251],[-54.649504,-20.524242],[-54.649514,-20.524242],[-54.649514,-20.524233],[-54.649523,-20.524233],[-54.649523,-20.524224],[-54.649533,-20.524224],[-54.649533,-20.524215],[-54.649543,-20.524215],[-54.649543,-20.524206],[-54.649552,-20.524207],[-54.649553,-20.524197],[-54.649562,-20.524198],[-54.649562,-20.524189],[-54.649572,-20.524189],[-54.649572,-20.52418],[-54.649582,-20.52418],[-54.649582,-20.524171],[-54.649639,-20.524172],[-54.649639,-20.524163],[-54.649649,-20.524163],[-54.649649,-20.524154],[-54.650272,-20.524162],[-54.650272,-20.524153],[-54.650282,-20.524153],[-54.650282,-20.524144],[-54.650292,-20.524144],[-54.650292,-20.524135],[-54.650301,-20.524135],[-54.650301,-20.524126],[-54.650311,-20.524127],[-54.650312,-20.524072],[-54.650321,-20.524072],[-54.650323,-20.523964],[-54.650333,-20.523964],[-54.650333,-20.523937],[-54.650573,-20.52394],[-54.650573,-20.523931],[-54.650592,-20.523932],[-54.650592,-20.523923],[-54.650602,-20.523923],[-54.650602,-20.523914],[-54.650631,-20.523914],[-54.650631,-20.523905],[-54.65065,-20.523905],[-54.65065,-20.523896],[-54.650669,-20.523897],[-54.650669,-20.523888],[-54.650688,-20.523888],[-54.650689,-20.523879],[-54.650698,-20.523879],[-54.650698,-20.52387],[-54.650708,-20.52387],[-54.650708,-20.523861],[-54.650718,-20.523861],[-54.650718,-20.523852],[-54.650727,-20.523852],[-54.650727,-20.523843],[-54.650737,-20.523843],[-54.650737,-20.523834],[-54.650747,-20.523834],[-54.650747,-20.523825],[-54.650756,-20.523826],[-54.650757,-20.523816],[-54.650766,-20.523817],[-54.650766,-20.523808],[-54.650776,-20.523808],[-54.650776,-20.523799],[-54.650786,-20.523799],[-54.650786,-20.52379],[-54.650795,-20.52379],[-54.650796,-20.523781],[-54.650805,-20.523781],[-54.650805,-20.523772],[-54.650815,-20.523772],[-54.650815,-20.523763],[-54.650825,-20.523763],[-54.650825,-20.523754],[-54.650834,-20.523754],[-54.650834,-20.523745],[-54.650873,-20.523746],[-54.650873,-20.523737],[-54.650892,-20.523737],[-54.650892,-20.523728],[-54.650959,-20.523729],[-54.650959,-20.52372],[-54.651026,-20.523721],[-54.651027,-20.523712],[-54.651094,-20.523713],[-54.651094,-20.523704],[-54.651161,-20.523705],[-54.651161,-20.523696],[-54.651219,-20.523696],[-54.651219,-20.523687],[-54.651276,-20.523688],[-54.651276,-20.523679],[-54.651286,-20.523679],[-54.651286,-20.52367],[-54.651296,-20.52367],[-54.651296,-20.523661],[-54.651305,-20.523661],[-54.651306,-20.523652],[-54.651315,-20.523652],[-54.651315,-20.523643],[-54.651325,-20.523644],[-54.651325,-20.523635],[-54.651335,-20.523635],[-54.651335,-20.523626],[-54.651344,-20.523626],[-54.651344,-20.523617],[-54.651354,-20.523617],[-54.651354,-20.523608],[-54.651364,-20.523608],[-54.651364,-20.523599],[-54.651373,-20.523599],[-54.651374,-20.52359],[-54.651383,-20.52359],[-54.651383,-20.523581],[-54.651757,-20.523586],[-54.651757,-20.523595],[-54.651939,-20.523598],[-54.651939,-20.523607],[-54.651948,-20.523607],[-54.651948,-20.523616],[-54.651958,-20.523616],[-54.651958,-20.523625],[-54.651967,-20.523625],[-54.651967,-20.523634],[-54.651977,-20.523634],[-54.651977,-20.523643],[-54.651986,-20.523643],[-54.651986,-20.523653],[-54.651996,-20.523653],[-54.651996,-20.523662],[-54.652005,-20.523662],[-54.652005,-20.523671],[-54.652015,-20.523671],[-54.652014,-20.52368],[-54.652024,-20.52368],[-54.652024,-20.523689],[-54.652139,-20.523691],[-54.652139,-20.5237],[-54.652196,-20.523701],[-54.652196,-20.52371],[-54.652244,-20.52371],[-54.652244,-20.523719],[-54.652301,-20.52372],[-54.652301,-20.523729],[-54.652349,-20.52373],[-54.652349,-20.523721],[-54.652378,-20.523721],[-54.652378,-20.523712],[-54.652407,-20.523712],[-54.652407,-20.523703],[-54.652436,-20.523704],[-54.652436,-20.523695],[-54.652446,-20.523695],[-54.652446,-20.523686],[-54.652455,-20.523686],[-54.652455,-20.523677],[-54.652465,-20.523677],[-54.652465,-20.523668],[-54.652475,-20.523668],[-54.652475,-20.523659],[-54.652484,-20.523659],[-54.652485,-20.52365],[-54.652494,-20.52365],[-54.652494,-20.523641],[-54.652504,-20.523641],[-54.652504,-20.523632],[-54.652514,-20.523633],[-54.652514,-20.523624],[-54.652523,-20.523624],[-54.652523,-20.523615],[-54.652533,-20.523615],[-54.652533,-20.523606],[-54.652543,-20.523606],[-54.652543,-20.523597],[-54.652553,-20.523597],[-54.652553,-20.523588],[-54.652562,-20.523588],[-54.652562,-20.523579],[-54.652572,-20.523579],[-54.652572,-20.52357],[-54.652582,-20.52357],[-54.652582,-20.523561],[-54.652591,-20.523561],[-54.652592,-20.523552],[-54.652601,-20.523552],[-54.652601,-20.523543],[-54.652611,-20.523544],[-54.652611,-20.523535],[-54.652621,-20.523535],[-54.652621,-20.523526],[-54.652774,-20.523528],[-54.652774,-20.523519],[-54.65287,-20.52352],[-54.65287,-20.523511],[-54.65288,-20.523511],[-54.65288,-20.523502],[-54.652928,-20.523503],[-54.652928,-20.523494],[-54.652976,-20.523494],[-54.652976,-20.523485],[-54.653024,-20.523486],[-54.653024,-20.523477],[-54.653072,-20.523478],[-54.653072,-20.523469],[-54.653091,-20.523469],[-54.653091,-20.52346],[-54.653101,-20.52346],[-54.653101,-20.523451],[-54.653111,-20.523451],[-54.653111,-20.523442],[-54.65312,-20.523442],[-54.653121,-20.523433],[-54.65313,-20.523433],[-54.65313,-20.523424],[-54.65314,-20.523424],[-54.65314,-20.523415],[-54.65315,-20.523415],[-54.65315,-20.523406],[-54.653159,-20.523407],[-54.653159,-20.523398],[-54.653169,-20.523398],[-54.653169,-20.523389],[-54.653179,-20.523389],[-54.653179,-20.52338],[-54.653188,-20.52338],[-54.653189,-20.523371],[-54.653198,-20.523371],[-54.653198,-20.523362],[-54.653208,-20.523362],[-54.653208,-20.523353],[-54.653218,-20.523353],[-54.653218,-20.523344],[-54.653227,-20.523344],[-54.653228,-20.523335],[-54.653237,-20.523335],[-54.653237,-20.523326],[-54.653247,-20.523326],[-54.653247,-20.523317],[-54.653257,-20.523318],[-54.653257,-20.523309],[-54.653266,-20.523309],[-54.653266,-20.5233],[-54.653276,-20.5233],[-54.653276,-20.523291],[-54.653286,-20.523291],[-54.653286,-20.523282],[-54.653295,-20.523282],[-54.653296,-20.523273],[-54.653305,-20.523273],[-54.653305,-20.523264],[-54.653315,-20.523264],[-54.653315,-20.523255],[-54.653325,-20.523255],[-54.653325,-20.523246],[-54.653334,-20.523246],[-54.653334,-20.523237],[-54.653354,-20.523238],[-54.653354,-20.523229],[-54.653383,-20.523229],[-54.653383,-20.52322],[-54.653402,-20.52322],[-54.653402,-20.523211],[-54.653412,-20.523211],[-54.653412,-20.523202],[-54.653421,-20.523202],[-54.653421,-20.523193],[-54.653431,-20.523193],[-54.653431,-20.523184],[-54.653441,-20.523185],[-54.653441,-20.523176],[-54.653776,-20.52318],[-54.653776,-20.523171],[-54.653786,-20.523171],[-54.653786,-20.523162],[-54.653796,-20.523162],[-54.653796,-20.523153],[-54.653805,-20.523153],[-54.653806,-20.523144],[-54.653815,-20.523144],[-54.653815,-20.523135],[-54.653825,-20.523136],[-54.653825,-20.523127],[-54.653835,-20.523127],[-54.653835,-20.523118],[-54.653844,-20.523118],[-54.653844,-20.523109],[-54.653854,-20.523109],[-54.653854,-20.5231],[-54.653864,-20.5231],[-54.653864,-20.523091],[-54.653873,-20.523091],[-54.653874,-20.523082],[-54.653883,-20.523082],[-54.653883,-20.523073],[-54.653893,-20.523073],[-54.653893,-20.523064],[-54.653903,-20.523064],[-54.653903,-20.523055],[-54.653912,-20.523056],[-54.653913,-20.523046],[-54.654286,-20.523052],[-54.654286,-20.523061],[-54.654296,-20.523061],[-54.654296,-20.52307],[-54.654372,-20.523071],[-54.654372,-20.523062],[-54.654382,-20.523062],[-54.654382,-20.523053],[-54.654392,-20.523053],[-54.654392,-20.523044],[-54.654401,-20.523044],[-54.654402,-20.523035],[-54.654411,-20.523035],[-54.654411,-20.523026],[-54.654421,-20.523026],[-54.654421,-20.523017],[-54.654431,-20.523017],[-54.654431,-20.523008],[-54.65444,-20.523008],[-54.65444,-20.522999],[-54.65445,-20.523],[-54.65445,-20.522991],[-54.654603,-20.522993],[-54.654604,-20.522984],[-54.654623,-20.522984],[-54.654623,-20.522975],[-54.654633,-20.522975],[-54.654633,-20.522966],[-54.654671,-20.522966],[-54.654671,-20.522957],[-54.65469,-20.522958],[-54.65469,-20.522949],[-54.654719,-20.522949],[-54.654719,-20.52294],[-54.654959,-20.522943],[-54.654959,-20.522952],[-54.654968,-20.522952],[-54.654968,-20.523007],[-54.654977,-20.523007],[-54.654976,-20.523061],[-54.654986,-20.523061],[-54.654986,-20.52307],[-54.654995,-20.52307],[-54.654995,-20.523079],[-54.655005,-20.523079],[-54.655005,-20.523088],[-54.655014,-20.523088],[-54.655014,-20.523098],[-54.655024,-20.523098],[-54.655024,-20.523107],[-54.655033,-20.523107],[-54.655033,-20.523116],[-54.655043,-20.523116],[-54.655042,-20.523125],[-54.655052,-20.523125],[-54.655052,-20.523134],[-54.655061,-20.523134],[-54.655061,-20.523143],[-54.65509,-20.523144],[-54.65509,-20.523153],[-54.655147,-20.523153],[-54.655147,-20.523163],[-54.655195,-20.523163],[-54.655195,-20.523172],[-54.655435,-20.523175],[-54.655435,-20.523166],[-54.655464,-20.523167],[-54.655464,-20.523158],[-54.655483,-20.523158],[-54.655492,-20.523158],[-54.655508,-20.52212],[-54.655566,-20.522121],[-54.655566,-20.522112],[-54.655825,-20.522115],[-54.655825,-20.522106],[-54.655873,-20.522107],[-54.655873,-20.522098],[-54.655921,-20.522098],[-54.655921,-20.522089],[-54.656113,-20.522092],[-54.656112,-20.522101],[-54.656151,-20.522101],[-54.656151,-20.52211],[-54.65616,-20.522111],[-54.65616,-20.522138],[-54.656169,-20.522138],[-54.656169,-20.522147],[-54.656198,-20.522147],[-54.656198,-20.522156],[-54.656227,-20.522157],[-54.656226,-20.522166],[-54.656265,-20.522166],[-54.656265,-20.522175],[-54.656303,-20.522176],[-54.656303,-20.522185],[-54.656341,-20.522185],[-54.656341,-20.522194],[-54.656379,-20.522195],[-54.656379,-20.522204],[-54.656389,-20.522204],[-54.656389,-20.522213],[-54.656398,-20.522213],[-54.656398,-20.522222],[-54.656408,-20.522222],[-54.656408,-20.522231],[-54.656417,-20.522231],[-54.656417,-20.522241],[-54.656427,-20.522241],[-54.656427,-20.52225],[-54.656436,-20.52225],[-54.656436,-20.522259],[-54.656446,-20.522259],[-54.656444,-20.522331],[-54.656454,-20.522331],[-54.656454,-20.522349],[-54.656463,-20.52235],[-54.656463,-20.522359],[-54.656473,-20.522359],[-54.656473,-20.522377],[-54.656482,-20.522377],[-54.656482,-20.522395],[-54.656491,-20.522395],[-54.656491,-20.522413],[-54.656501,-20.522413],[-54.656501,-20.522422],[-54.65651,-20.522422],[-54.65651,-20.52244],[-54.656519,-20.522441],[-54.656519,-20.522459],[-54.656529,-20.522459],[-54.656529,-20.522468],[-54.656538,-20.522468],[-54.656538,-20.522477],[-54.656538,-20.522486],[-54.656548,-20.522486],[-54.656547,-20.522495],[-54.656567,-20.522495],[-54.656566,-20.522504],[-54.656576,-20.522505],[-54.656576,-20.522514],[-54.656605,-20.522514],[-54.656604,-20.522523],[-54.656624,-20.522523],[-54.656624,-20.522532],[-54.657103,-20.522539],[-54.657103,-20.52253],[-54.657112,-20.52253],[-54.657113,-20.522521],[-54.657122,-20.522521],[-54.657122,-20.522512],[-54.657132,-20.522512],[-54.657132,-20.522503],[-54.657142,-20.522503],[-54.657142,-20.522494],[-54.657151,-20.522494],[-54.657151,-20.522485],[-54.65719,-20.522486],[-54.65719,-20.522477],[-54.657199,-20.522477],[-54.6572,-20.522468],[-54.657238,-20.522468],[-54.657238,-20.522459],[-54.657267,-20.52246],[-54.657267,-20.522451],[-54.657286,-20.522451],[-54.657286,-20.522442],[-54.657315,-20.522442],[-54.657315,-20.522433],[-54.657344,-20.522434],[-54.657344,-20.522425],[-54.657373,-20.522425],[-54.657373,-20.522416],[-54.657392,-20.522416],[-54.657392,-20.522407],[-54.657411,-20.522407],[-54.657411,-20.522417],[-54.65744,-20.522417],[-54.65744,-20.522426],[-54.657449,-20.522426],[-54.657449,-20.522435],[-54.657459,-20.522435],[-54.657459,-20.522444],[-54.657468,-20.522444],[-54.657468,-20.522453],[-54.657689,-20.522456],[-54.657689,-20.522447],[-54.657698,-20.522447],[-54.657699,-20.522438],[-54.657708,-20.522439],[-54.657708,-20.52243],[-54.657718,-20.52243],[-54.657718,-20.522421],[-54.657728,-20.522421],[-54.657728,-20.522412],[-54.657737,-20.522412],[-54.657737,-20.522403],[-54.657747,-20.522403],[-54.657747,-20.522394],[-54.657757,-20.522394],[-54.657757,-20.522385],[-54.657766,-20.522385],[-54.657767,-20.522376],[-54.657776,-20.522376],[-54.657776,-20.522367],[-54.657786,-20.522367],[-54.657786,-20.522358],[-54.657796,-20.522358],[-54.657796,-20.522349],[-54.657805,-20.52235],[-54.657805,-20.522341],[-54.657815,-20.522341],[-54.657815,-20.522332],[-54.657825,-20.522332],[-54.657825,-20.522323],[-54.657834,-20.522323],[-54.657835,-20.522314],[-54.657844,-20.522314],[-54.657844,-20.522296],[-54.657854,-20.522296],[-54.657854,-20.522278],[-54.657941,-20.522279],[-54.657941,-20.52227],[-54.65795,-20.52227],[-54.65795,-20.522261],[-54.65796,-20.522261],[-54.65796,-20.522252],[-54.65797,-20.522252],[-54.65797,-20.522243],[-54.657979,-20.522244],[-54.65798,-20.522235],[-54.657989,-20.522235],[-54.657989,-20.522226],[-54.657999,-20.522226],[-54.657999,-20.522217],[-54.658009,-20.522217],[-54.658009,-20.522208],[-54.658018,-20.522208],[-54.658019,-20.522199],[-54.658086,-20.5222],[-54.658086,-20.522191],[-54.658249,-20.522193],[-54.658249,-20.522184],[-54.658297,-20.522185],[-54.658297,-20.522176],[-54.658306,-20.522176],[-54.658307,-20.522167],[-54.658316,-20.522167],[-54.658316,-20.522158],[-54.658326,-20.522158],[-54.658326,-20.522149],[-54.658336,-20.522149],[-54.658336,-20.52214],[-54.658345,-20.52214],[-54.658345,-20.522131],[-54.658355,-20.522131],[-54.658355,-20.522122],[-54.658365,-20.522122],[-54.658365,-20.522113],[-54.658374,-20.522113],[-54.658375,-20.522104],[-54.658384,-20.522105],[-54.658384,-20.522096],[-54.658394,-20.522096],[-54.658394,-20.522087],[-54.658404,-20.522087],[-54.658404,-20.522078],[-54.658413,-20.522078],[-54.658414,-20.522069],[-54.658423,-20.522069],[-54.658423,-20.52206],[-54.658433,-20.52206],[-54.658433,-20.522051],[-54.658443,-20.522051],[-54.658443,-20.522042],[-54.658452,-20.522042],[-54.658452,-20.522033],[-54.658462,-20.522033],[-54.658462,-20.522024],[-54.658472,-20.522024],[-54.658472,-20.522015],[-54.658481,-20.522016],[-54.658482,-20.522007],[-54.658491,-20.522007],[-54.658491,-20.521998],[-54.658501,-20.521998],[-54.658501,-20.521989],[-54.658511,-20.521989],[-54.658511,-20.52198],[-54.65852,-20.52198],[-54.65852,-20.521971],[-54.65853,-20.521971],[-54.65853,-20.521962],[-54.65854,-20.521962],[-54.65854,-20.521953],[-54.659,-20.521959],[-54.659,-20.52195],[-54.659029,-20.521951],[-54.659029,-20.521942],[-54.659058,-20.521942],[-54.659058,-20.521933],[-54.659077,-20.521933],[-54.659077,-20.521924],[-54.659106,-20.521925],[-54.659106,-20.521916],[-54.659135,-20.521916],[-54.659135,-20.521907],[-54.659164,-20.521907],[-54.659164,-20.521898],[-54.659183,-20.521899],[-54.659183,-20.52189],[-54.659212,-20.52189],[-54.659212,-20.521881],[-54.659576,-20.521886],[-54.659576,-20.521877],[-54.659586,-20.521877],[-54.659586,-20.521868],[-54.659596,-20.521868],[-54.659596,-20.521859],[-54.659605,-20.521859],[-54.659605,-20.52185],[-54.659625,-20.52185],[-54.659625,-20.521841],[-54.659634,-20.521841],[-54.659634,-20.521832],[-54.659644,-20.521833],[-54.659644,-20.521824],[-54.659654,-20.521824],[-54.659654,-20.521815],[-54.659664,-20.521815],[-54.659664,-20.521806],[-54.659673,-20.521806],[-54.659673,-20.521797],[-54.659683,-20.521797],[-54.659683,-20.521788],[-54.659693,-20.521788],[-54.659693,-20.521779],[-54.659702,-20.521779],[-54.659703,-20.52177],[-54.659712,-20.52177],[-54.659712,-20.521761],[-54.659722,-20.521761],[-54.659722,-20.521752],[-54.659732,-20.521752],[-54.659732,-20.521743],[-54.659741,-20.521744],[-54.659741,-20.521735],[-54.659751,-20.521735],[-54.659751,-20.521726],[-54.659761,-20.521726],[-54.659761,-20.521717],[-54.65977,-20.521717],[-54.659771,-20.521708],[-54.65978,-20.521708],[-54.65978,-20.521699],[-54.65979,-20.521699],[-54.65979,-20.52169],[-54.6598,-20.52169],[-54.6598,-20.521681],[-54.659809,-20.521681],[-54.659809,-20.521672],[-54.659819,-20.521672],[-54.659819,-20.521663],[-54.659829,-20.521664],[-54.659829,-20.521654],[-54.659838,-20.521655],[-54.659839,-20.521646],[-54.659848,-20.521646],[-54.659848,-20.521637],[-54.659858,-20.521637],[-54.659858,-20.521628],[-54.659868,-20.521628],[-54.659868,-20.521619],[-54.659877,-20.521619],[-54.659878,-20.521601],[-54.659887,-20.521601],[-54.659887,-20.521592],[-54.659897,-20.521592],[-54.659897,-20.521583],[-54.659907,-20.521583],[-54.659907,-20.521574],[-54.659916,-20.521574],[-54.659917,-20.521565],[-54.659926,-20.521565],[-54.659926,-20.521556],[-54.659936,-20.521557],[-54.659936,-20.521548],[-54.659946,-20.521548],[-54.659946,-20.521539],[-54.659955,-20.521539],[-54.659955,-20.52153],[-54.659965,-20.52153],[-54.659965,-20.521521],[-54.659975,-20.521521],[-54.659975,-20.521512],[-54.659984,-20.521512],[-54.659985,-20.521503],[-54.659994,-20.521503],[-54.659994,-20.521494],[-54.660004,-20.521494],[-54.660004,-20.521485],[-54.660014,-20.521485],[-54.660014,-20.521476],[-54.660023,-20.521476],[-54.660023,-20.521467],[-54.660033,-20.521468],[-54.660033,-20.521459],[-54.660043,-20.521459],[-54.660043,-20.52145],[-54.6601,-20.52145],[-54.660101,-20.521441],[-54.660187,-20.521443],[-54.660187,-20.521434],[-54.660312,-20.521435],[-54.660312,-20.521426],[-54.660331,-20.521426],[-54.660331,-20.521417],[-54.660341,-20.521418],[-54.660341,-20.521409],[-54.66035,-20.521409],[-54.66035,-20.5214],[-54.66037,-20.5214],[-54.66037,-20.521391],[-54.660379,-20.521391],[-54.660379,-20.521382],[-54.660389,-20.521382],[-54.660389,-20.521373],[-54.660399,-20.521373],[-54.660399,-20.521364],[-54.660418,-20.521364],[-54.660418,-20.521355],[-54.660428,-20.521356],[-54.660428,-20.521346],[-54.660437,-20.521347],[-54.660438,-20.521338],[-54.660476,-20.521338],[-54.660476,-20.521329],[-54.660601,-20.521331],[-54.660601,-20.521322],[-54.66061,-20.521322],[-54.660611,-20.521313],[-54.66062,-20.521313],[-54.66062,-20.521304],[-54.66063,-20.521304],[-54.66063,-20.521295],[-54.66064,-20.521295],[-54.66064,-20.521286],[-54.660649,-20.521286],[-54.660649,-20.521277],[-54.660659,-20.521277],[-54.660659,-20.521268],[-54.660669,-20.521268],[-54.660669,-20.521259],[-54.660678,-20.52126],[-54.660679,-20.521251],[-54.660688,-20.521251],[-54.660688,-20.521242],[-54.660698,-20.521242],[-54.660698,-20.521233],[-54.660708,-20.521233],[-54.660708,-20.521224],[-54.660717,-20.521224],[-54.660717,-20.521215],[-54.660727,-20.521215],[-54.660727,-20.521206],[-54.660737,-20.521206],[-54.660737,-20.521197],[-54.660746,-20.521197],[-54.660747,-20.521188],[-54.660756,-20.521188],[-54.660756,-20.521179],[-54.660766,-20.521179],[-54.660766,-20.52117],[-54.660776,-20.521171],[-54.660776,-20.521162],[-54.660785,-20.521162],[-54.660786,-20.521153],[-54.660795,-20.521153],[-54.660795,-20.521144],[-54.660805,-20.521144],[-54.660805,-20.521135],[-54.660815,-20.521135],[-54.660815,-20.521126],[-54.660824,-20.521126],[-54.660824,-20.521117],[-54.660863,-20.521118],[-54.660863,-20.521109],[-54.660901,-20.521109],[-54.660901,-20.5211],[-54.66094,-20.521101],[-54.66094,-20.521092],[-54.660978,-20.521092],[-54.660978,-20.521083],[-54.661026,-20.521084],[-54.661026,-20.521075],[-54.661065,-20.521075],[-54.661065,-20.521066],[-54.661103,-20.521067],[-54.661103,-20.521058],[-54.661142,-20.521058],[-54.661142,-20.521049],[-54.66118,-20.52105],[-54.66118,-20.521041],[-54.661295,-20.521042],[-54.661295,-20.521033],[-54.661516,-20.521036],[-54.661516,-20.521027],[-54.661794,-20.521031],[-54.661794,-20.521022],[-54.661813,-20.521022],[-54.661813,-20.521013],[-54.661823,-20.521013],[-54.661823,-20.521004],[-54.661833,-20.521004],[-54.661833,-20.520995],[-54.661842,-20.520995],[-54.661842,-20.520986],[-54.661852,-20.520986],[-54.661852,-20.520977],[-54.661862,-20.520978],[-54.661862,-20.520968],[-54.661881,-20.520969],[-54.661881,-20.52096],[-54.661891,-20.52096],[-54.661891,-20.520951],[-54.661901,-20.520951],[-54.661901,-20.520942],[-54.66191,-20.520942],[-54.66191,-20.520933],[-54.66192,-20.520933],[-54.66192,-20.520924],[-54.661939,-20.520924],[-54.661939,-20.520915],[-54.661949,-20.520915],[-54.661949,-20.520906],[-54.661959,-20.520907],[-54.661959,-20.520898],[-54.661968,-20.520898],[-54.661969,-20.520889],[-54.661978,-20.520889],[-54.661978,-20.52088],[-54.661988,-20.52088],[-54.661988,-20.520871],[-54.662189,-20.520874],[-54.662189,-20.520865],[-54.662199,-20.520865],[-54.662199,-20.520856],[-54.662209,-20.520856],[-54.662209,-20.520847],[-54.662218,-20.520847],[-54.662219,-20.520838],[-54.662238,-20.520838],[-54.662238,-20.520829],[-54.662247,-20.520829],[-54.662248,-20.52082],[-54.662257,-20.52082],[-54.662257,-20.520811],[-54.662267,-20.520811],[-54.662267,-20.520802],[-54.662277,-20.520803],[-54.662277,-20.520793],[-54.662286,-20.520794],[-54.662286,-20.520785],[-54.662296,-20.520785],[-54.662296,-20.520776],[-54.662315,-20.520776],[-54.662315,-20.520767],[-54.662325,-20.520767],[-54.662325,-20.520758],[-54.662335,-20.520758],[-54.662335,-20.520749],[-54.662345,-20.520749],[-54.662345,-20.52074],[-54.662354,-20.52074],[-54.662354,-20.520731],[-54.662374,-20.520732],[-54.662374,-20.520723],[-54.662383,-20.520723],[-54.662383,-20.520714],[-54.662604,-20.520717],[-54.662604,-20.520708],[-54.662623,-20.520708],[-54.662623,-20.520699],[-54.662633,-20.520699],[-54.662633,-20.52069],[-54.662652,-20.52069],[-54.662652,-20.520681],[-54.662662,-20.520681],[-54.662662,-20.520672],[-54.662672,-20.520672],[-54.662672,-20.520654],[-54.662681,-20.520654],[-54.662682,-20.520645],[-54.662691,-20.520646],[-54.662691,-20.520637],[-54.66271,-20.520637],[-54.662711,-20.520628],[-54.66272,-20.520628],[-54.66272,-20.520619],[-54.66273,-20.520619],[-54.66273,-20.52061],[-54.662749,-20.52061],[-54.662749,-20.520601],[-54.662769,-20.520601],[-54.662769,-20.520592],[-54.662778,-20.520593],[-54.662778,-20.520584],[-54.662788,-20.520584],[-54.662788,-20.520575],[-54.662807,-20.520575],[-54.662807,-20.520566],[-54.662817,-20.520566],[-54.662817,-20.520557],[-54.663114,-20.520561],[-54.663114,-20.520552],[-54.663143,-20.520552],[-54.663143,-20.520543],[-54.663162,-20.520544],[-54.663163,-20.520535],[-54.663191,-20.520535],[-54.663191,-20.520526],[-54.663211,-20.520526],[-54.663211,-20.520517],[-54.66323,-20.520517],[-54.66323,-20.520508],[-54.663259,-20.520509],[-54.663259,-20.5205],[-54.663269,-20.5205],[-54.663269,-20.520491],[-54.663297,-20.520491],[-54.663298,-20.520482],[-54.663326,-20.520483],[-54.663326,-20.520474],[-54.663336,-20.520474],[-54.663336,-20.520465],[-54.663346,-20.520465],[-54.663346,-20.520456],[-54.663375,-20.520456],[-54.663375,-20.520447],[-54.663384,-20.520447],[-54.663384,-20.520438],[-54.663634,-20.520442],[-54.663634,-20.520432],[-54.663643,-20.520433],[-54.663644,-20.520424],[-54.663653,-20.520424],[-54.663653,-20.520415],[-54.663663,-20.520415],[-54.663663,-20.520406],[-54.663673,-20.520406],[-54.663673,-20.520397],[-54.663682,-20.520397],[-54.663682,-20.520388],[-54.663692,-20.520388],[-54.663692,-20.520379],[-54.663702,-20.520379],[-54.663702,-20.52037],[-54.663711,-20.52037],[-54.663712,-20.520361],[-54.663721,-20.520361],[-54.663721,-20.520352],[-54.663731,-20.520353],[-54.663731,-20.520343],[-54.663741,-20.520344],[-54.663741,-20.520335],[-54.66375,-20.520335],[-54.66375,-20.520326],[-54.66376,-20.520326],[-54.66376,-20.520317],[-54.66377,-20.520317],[-54.66377,-20.520308],[-54.663779,-20.520308],[-54.66378,-20.520299],[-54.663789,-20.520299],[-54.663789,-20.52029],[-54.663799,-20.52029],[-54.663799,-20.520281],[-54.663809,-20.520281],[-54.663809,-20.520272],[-54.663818,-20.520272],[-54.663818,-20.520263],[-54.663828,-20.520264],[-54.663828,-20.520255],[-54.663838,-20.520255],[-54.663838,-20.520246],[-54.663848,-20.520246],[-54.663848,-20.520237],[-54.663857,-20.520237],[-54.663857,-20.520228],[-54.663867,-20.520228],[-54.663867,-20.520219],[-54.663877,-20.520219],[-54.663877,-20.52021],[-54.663886,-20.52021],[-54.663887,-20.520201],[-54.663896,-20.520201],[-54.663896,-20.520192],[-54.663906,-20.520192],[-54.663906,-20.520183],[-54.663916,-20.520183],[-54.663916,-20.520174],[-54.663925,-20.520175],[-54.663925,-20.520166],[-54.663935,-20.520166],[-54.663935,-20.520157],[-54.663945,-20.520157],[-54.663945,-20.520139],[-54.664386,-20.520145],[-54.664386,-20.520136],[-54.664405,-20.520136],[-54.664405,-20.520127],[-54.664424,-20.520127],[-54.664425,-20.520118],[-54.664444,-20.520118],[-54.664444,-20.520109],[-54.664463,-20.52011],[-54.664463,-20.520101],[-54.664473,-20.520101],[-54.664473,-20.520092],[-54.664492,-20.520092],[-54.664492,-20.520083],[-54.664521,-20.520083],[-54.664521,-20.520074],[-54.664531,-20.520074],[-54.664531,-20.520065],[-54.66454,-20.520065],[-54.664541,-20.520056],[-54.66455,-20.520057],[-54.66455,-20.520047],[-54.66456,-20.520048],[-54.66456,-20.520039],[-54.66457,-20.520039],[-54.66457,-20.52003],[-54.664579,-20.52003],[-54.664579,-20.520021],[-54.664599,-20.520021],[-54.664599,-20.520012],[-54.664608,-20.520012],[-54.664608,-20.520003],[-54.664628,-20.520003],[-54.664628,-20.519994],[-54.664695,-20.519995],[-54.664695,-20.519986],[-54.664705,-20.519986],[-54.664705,-20.519968],[-54.664925,-20.519971],[-54.664925,-20.519962],[-54.664935,-20.519962],[-54.664935,-20.519953],[-54.664945,-20.519953],[-54.664945,-20.519944],[-54.664954,-20.519945],[-54.664955,-20.519936],[-54.664964,-20.519936],[-54.664964,-20.519927],[-54.664974,-20.519927],[-54.664974,-20.519918],[-54.664984,-20.519918],[-54.664984,-20.519909],[-54.664993,-20.519909],[-54.664993,-20.5199],[-54.665003,-20.5199],[-54.665003,-20.519891],[-54.665013,-20.519891],[-54.665013,-20.519882],[-54.665022,-20.519882],[-54.665023,-20.519873],[-54.665032,-20.519873],[-54.665032,-20.519864],[-54.665042,-20.519864],[-54.665042,-20.519855],[-54.665052,-20.519856],[-54.665052,-20.519847],[-54.665061,-20.519847],[-54.665061,-20.519838],[-54.665071,-20.519838],[-54.665071,-20.519829],[-54.665081,-20.519829],[-54.665081,-20.51982],[-54.665091,-20.51982],[-54.665091,-20.519811],[-54.6651,-20.519811],[-54.6651,-20.519802],[-54.66511,-20.519802],[-54.66511,-20.519793],[-54.66512,-20.519793],[-54.66512,-20.519784],[-54.665129,-20.519784],[-54.66513,-20.519775],[-54.665139,-20.519775],[-54.665139,-20.519766],[-54.665149,-20.519767],[-54.665149,-20.519758],[-54.665159,-20.519758],[-54.665159,-20.519749],[-54.665168,-20.519749],[-54.665168,-20.51974],[-54.665178,-20.51974],[-54.665178,-20.519722],[-54.665188,-20.519722],[-54.665193,-20.519361],[-54.665203,-20.519361],[-54.665203,-20.519352],[-54.665213,-20.519352],[-54.665213,-20.519343],[-54.665222,-20.519343],[-54.665223,-20.519334],[-54.665232,-20.519334],[-54.665232,-20.519325],[-54.665242,-20.519325],[-54.665242,-20.519316],[-54.665252,-20.519316],[-54.665252,-20.519307],[-54.665261,-20.519308],[-54.665261,-20.519299],[-54.665271,-20.519299],[-54.665271,-20.51929],[-54.665281,-20.51929],[-54.665281,-20.519281],[-54.66529,-20.519281],[-54.665291,-20.519272],[-54.6653,-20.519272],[-54.6653,-20.519263],[-54.66531,-20.519263],[-54.66531,-20.519254],[-54.66532,-20.519254],[-54.66532,-20.519245],[-54.665329,-20.519245],[-54.665329,-20.519236],[-54.665339,-20.519236],[-54.665339,-20.519227],[-54.665349,-20.519227],[-54.665349,-20.519218],[-54.665358,-20.519219],[-54.665359,-20.51921],[-54.665368,-20.51921],[-54.665368,-20.519201],[-54.665378,-20.519201],[-54.665378,-20.519192],[-54.665388,-20.519192],[-54.665388,-20.519183],[-54.665397,-20.519183],[-54.665397,-20.519174],[-54.665407,-20.519174],[-54.665407,-20.519165],[-54.665417,-20.519165],[-54.665417,-20.519156],[-54.665426,-20.519156],[-54.665427,-20.519147],[-54.665436,-20.519147],[-54.665436,-20.519138],[-54.665446,-20.519138],[-54.665446,-20.519129],[-54.665456,-20.51913],[-54.665456,-20.519121],[-54.665465,-20.519121],[-54.665466,-20.519112],[-54.665475,-20.519112],[-54.665475,-20.519103],[-54.665485,-20.519103],[-54.665485,-20.519094],[-54.665495,-20.519094],[-54.665495,-20.519085],[-54.665504,-20.519085],[-54.665504,-20.519076],[-54.665514,-20.519076],[-54.665514,-20.519067],[-54.665524,-20.519067],[-54.665524,-20.519058],[-54.665533,-20.519058],[-54.665534,-20.519049],[-54.665543,-20.519049],[-54.665543,-20.51904],[-54.665553,-20.519041],[-54.665553,-20.519032],[-54.665563,-20.519032],[-54.665563,-20.519023],[-54.665572,-20.519023],[-54.665572,-20.519014],[-54.665582,-20.519014],[-54.665582,-20.519005],[-54.665592,-20.519005],[-54.665592,-20.518996],[-54.665601,-20.518996],[-54.665602,-20.518987],[-54.665611,-20.518987],[-54.665611,-20.518978],[-54.665621,-20.518978],[-54.665621,-20.518969],[-54.665631,-20.518969],[-54.665631,-20.51896],[-54.66564,-20.51896],[-54.66564,-20.518951],[-54.66565,-20.518952],[-54.66565,-20.518943],[-54.66566,-20.518943],[-54.66566,-20.518934],[-54.66567,-20.518934],[-54.66567,-20.518916],[-54.665679,-20.518916],[-54.66568,-20.518907],[-54.665689,-20.518907],[-54.665689,-20.518898],[-54.665699,-20.518898],[-54.665699,-20.518889],[-54.665709,-20.518889],[-54.665709,-20.51888],[-54.665718,-20.51888],[-54.665718,-20.518871],[-54.665728,-20.518871],[-54.665728,-20.518862],[-54.665738,-20.518862],[-54.665738,-20.518853],[-54.665747,-20.518854],[-54.665748,-20.518845],[-54.665757,-20.518845],[-54.665757,-20.518836],[-54.665767,-20.518836],[-54.665767,-20.518827],[-54.665777,-20.518827],[-54.665777,-20.518818],[-54.665786,-20.518818],[-54.665786,-20.518809],[-54.665796,-20.518809],[-54.665796,-20.5188],[-54.665806,-20.5188],[-54.665806,-20.518791],[-54.665815,-20.518791],[-54.665816,-20.518782],[-54.665825,-20.518782],[-54.665825,-20.518773],[-54.665835,-20.518773],[-54.665835,-20.518764],[-54.665845,-20.518765],[-54.665845,-20.518756],[-54.665854,-20.518756],[-54.665854,-20.518747],[-54.665864,-20.518747],[-54.665864,-20.518738],[-54.665874,-20.518738],[-54.665874,-20.51872],[-54.665884,-20.51872],[-54.665884,-20.518702],[-54.665893,-20.518702],[-54.665894,-20.518693],[-54.665903,-20.518693],[-54.665903,-20.518675],[-54.665913,-20.518675],[-54.665913,-20.518666],[-54.665923,-20.518666],[-54.665923,-20.518648],[-54.665933,-20.518648],[-54.665933,-20.518639],[-54.665942,-20.518639],[-54.665943,-20.518621],[-54.665952,-20.518621],[-54.665952,-20.518612],[-54.665962,-20.518613],[-54.665962,-20.518595],[-54.665972,-20.518595],[-54.665972,-20.518586],[-54.665982,-20.518586],[-54.665982,-20.518568],[-54.665991,-20.518568],[-54.665992,-20.51855],[-54.666001,-20.51855],[-54.666002,-20.518532],[-54.666011,-20.518532],[-54.666011,-20.518514],[-54.666021,-20.518514],[-54.666021,-20.518505],[-54.666031,-20.518505],[-54.666031,-20.518496],[-54.66604,-20.518496],[-54.666041,-20.518478],[-54.66605,-20.518478],[-54.666051,-20.51846],[-54.66606,-20.51846],[-54.66606,-20.518442],[-54.66607,-20.518442],[-54.66607,-20.518424],[-54.66608,-20.518425],[-54.66608,-20.518416],[-54.66609,-20.518416],[-54.66609,-20.518407],[-54.666099,-20.518407],[-54.6661,-20.51838],[-54.666109,-20.51838],[-54.66611,-20.518353],[-54.666119,-20.518353],[-54.66612,-20.51829],[-54.66613,-20.51829],[-54.666133,-20.518082],[-54.666143,-20.518082],[-54.666143,-20.518073],[-54.666152,-20.518073],[-54.666152,-20.518064],[-54.666162,-20.518064],[-54.666162,-20.518055],[-54.666172,-20.518056],[-54.666172,-20.518047],[-54.666181,-20.518047],[-54.666182,-20.518038],[-54.666191,-20.518038],[-54.666191,-20.518029],[-54.666201,-20.518029],[-54.666201,-20.51802],[-54.666211,-20.51802],[-54.666211,-20.518011],[-54.66622,-20.518011],[-54.66622,-20.518002],[-54.66623,-20.518002],[-54.66623,-20.517993],[-54.66624,-20.517993],[-54.66624,-20.517984],[-54.666249,-20.517984],[-54.66625,-20.517975],[-54.666259,-20.517975],[-54.666259,-20.517966],[-54.666269,-20.517967],[-54.666269,-20.517958],[-54.666279,-20.517958],[-54.666279,-20.517949],[-54.666288,-20.517949],[-54.666288,-20.51794],[-54.666298,-20.51794],[-54.666298,-20.517931],[-54.666308,-20.517931],[-54.666308,-20.517922],[-54.666317,-20.517922],[-54.666318,-20.517913],[-54.666327,-20.517913],[-54.666327,-20.517895],[-54.666337,-20.517895],[-54.666337,-20.517886],[-54.666347,-20.517886],[-54.666347,-20.517877],[-54.666357,-20.517877],[-54.666357,-20.517868],[-54.666366,-20.517869],[-54.666366,-20.517859],[-54.666376,-20.51786],[-54.666376,-20.517851],[-54.666386,-20.517851],[-54.666392,-20.517462],[-54.666382,-20.517462],[-54.666386,-20.517191],[-54.666396,-20.517192],[-54.666396,-20.517183],[-54.666405,-20.517183],[-54.666406,-20.517165],[-54.666415,-20.517165],[-54.666415,-20.517156],[-54.666425,-20.517156],[-54.666425,-20.517147],[-54.666435,-20.517147],[-54.666435,-20.517138],[-54.666444,-20.517138],[-54.666445,-20.517129],[-54.666454,-20.517129],[-54.666454,-20.51712],[-54.666464,-20.51712],[-54.666464,-20.517111],[-54.666474,-20.517111],[-54.666475,-20.517003],[-54.666466,-20.517003],[-54.666471,-20.516642],[-54.666481,-20.516642],[-54.66648,-20.51666],[-54.66649,-20.51666],[-54.66649,-20.516669],[-54.666499,-20.516669],[-54.666499,-20.516687],[-54.666509,-20.516687],[-54.666508,-20.516705],[-54.666518,-20.516706],[-54.666518,-20.516715],[-54.666528,-20.516715],[-54.666527,-20.516733],[-54.666537,-20.516733],[-54.666537,-20.516751],[-54.666546,-20.516751],[-54.666546,-20.51676],[-54.666556,-20.51676],[-54.666555,-20.516778],[-54.666565,-20.516778],[-54.666565,-20.516797],[-54.666574,-20.516797],[-54.666574,-20.516806],[-54.666584,-20.516806],[-54.666583,-20.516824],[-54.666593,-20.516824],[-54.666593,-20.516842],[-54.666602,-20.516842],[-54.666602,-20.516851],[-54.666612,-20.516851],[-54.666611,-20.516869],[-54.666621,-20.51687],[-54.666621,-20.516888],[-54.66663,-20.516888],[-54.66663,-20.516897],[-54.66664,-20.516897],[-54.666639,-20.516915],[-54.666649,-20.516915],[-54.666649,-20.516933],[-54.666658,-20.516933],[-54.666658,-20.516951],[-54.666668,-20.516951],[-54.666667,-20.51697],[-54.666677,-20.51697],[-54.666677,-20.516988],[-54.666686,-20.516988],[-54.666686,-20.517006],[-54.666696,-20.517006],[-54.666695,-20.517024],[-54.666705,-20.517024],[-54.666705,-20.517033],[-54.666714,-20.517033],[-54.666714,-20.517051],[-54.666724,-20.517052],[-54.666723,-20.51707],[-54.666733,-20.51707],[-54.666733,-20.517088],[-54.666742,-20.517088],[-54.666742,-20.517106],[-54.666752,-20.517106],[-54.666751,-20.517124],[-54.666761,-20.517124],[-54.666761,-20.517142],[-54.66677,-20.517142],[-54.66677,-20.517152],[-54.66678,-20.517152],[-54.666779,-20.51717],[-54.666789,-20.51717],[-54.666789,-20.517179],[-54.666961,-20.517181],[-54.666961,-20.51719],[-54.66698,-20.51719],[-54.66698,-20.517199],[-54.666999,-20.5172],[-54.666999,-20.517209],[-54.667018,-20.517209],[-54.667018,-20.517218],[-54.667028,-20.517218],[-54.667028,-20.517227],[-54.667037,-20.517227],[-54.667037,-20.517282],[-54.667046,-20.517282],[-54.667046,-20.517291],[-54.667056,-20.517291],[-54.66705,-20.517652],[-54.66706,-20.517652],[-54.66706,-20.517661],[-54.667069,-20.517661],[-54.667069,-20.51767],[-54.667079,-20.51767],[-54.667078,-20.517679],[-54.667107,-20.51768],[-54.667107,-20.517689],[-54.667126,-20.517689],[-54.667126,-20.517698],[-54.667145,-20.517698],[-54.667145,-20.517707],[-54.667164,-20.517708],[-54.667164,-20.517717],[-54.667183,-20.517717],[-54.667183,-20.517726],[-54.667202,-20.517726],[-54.667202,-20.517735],[-54.667221,-20.517736],[-54.667221,-20.517745],[-54.66724,-20.517745],[-54.66724,-20.517754],[-54.667269,-20.517754],[-54.667269,-20.517763],[-54.667278,-20.517763],[-54.667278,-20.517772],[-54.667288,-20.517773],[-54.667284,-20.518034],[-54.667294,-20.518035],[-54.66729,-20.518278],[-54.66728,-20.518278],[-54.66728,-20.518287],[-54.667271,-20.518287],[-54.66727,-20.518296],[-54.667261,-20.518296],[-54.667261,-20.518305],[-54.667251,-20.518305],[-54.66724,-20.519036],[-54.66725,-20.519036],[-54.667249,-20.519054],[-54.667288,-20.519055],[-54.667287,-20.519064],[-54.667326,-20.519064],[-54.667326,-20.519073],[-54.667374,-20.519074],[-54.667373,-20.519083],[-54.667412,-20.519084],[-54.667412,-20.519093],[-54.66745,-20.519093],[-54.66745,-20.519102],[-54.667488,-20.519103],[-54.667488,-20.519112],[-54.667526,-20.519112],[-54.667526,-20.519121],[-54.667565,-20.519122],[-54.667564,-20.519131],[-54.667612,-20.519131],[-54.667612,-20.519141],[-54.667651,-20.519141],[-54.66765,-20.51915],[-54.667689,-20.519151],[-54.667689,-20.51916],[-54.667708,-20.51916],[-54.667707,-20.519241],[-54.667716,-20.519241],[-54.667716,-20.51925],[-54.667726,-20.51925],[-54.667725,-20.519259],[-54.667735,-20.51926],[-54.667735,-20.519269],[-54.667744,-20.519269],[-54.667744,-20.519278],[-54.667754,-20.519278],[-54.667754,-20.519287],[-54.667763,-20.519287],[-54.667763,-20.519296],[-54.667936,-20.519298],[-54.667936,-20.519307],[-54.667945,-20.519308],[-54.667945,-20.519317],[-54.667955,-20.519317],[-54.667955,-20.519326],[-54.667964,-20.519326],[-54.667964,-20.519335],[-54.667974,-20.519335],[-54.667973,-20.519344],[-54.667983,-20.519344],[-54.667983,-20.519353],[-54.667992,-20.519353],[-54.667992,-20.519362],[-54.668002,-20.519362],[-54.668002,-20.519372],[-54.668011,-20.519372],[-54.668011,-20.519381],[-54.668021,-20.519381],[-54.668021,-20.51939],[-54.66803,-20.51939],[-54.66803,-20.519399],[-54.66804,-20.519399],[-54.66804,-20.519408],[-54.668049,-20.519408],[-54.668049,-20.519417],[-54.668059,-20.519417],[-54.668058,-20.519426],[-54.668068,-20.519427],[-54.668068,-20.519436],[-54.668077,-20.519436],[-54.668077,-20.519445],[-54.668087,-20.519445],[-54.668087,-20.519454],[-54.668096,-20.519454],[-54.668096,-20.519463],[-54.668106,-20.519463],[-54.668106,-20.519472],[-54.668115,-20.519472],[-54.668115,-20.519481],[-54.668125,-20.519482],[-54.668125,-20.519491],[-54.668134,-20.519491],[-54.668134,-20.5195],[-54.668144,-20.5195],[-54.668143,-20.519509],[-54.668153,-20.519509],[-54.668153,-20.519518],[-54.668162,-20.519518],[-54.668162,-20.519527],[-54.668172,-20.519527],[-54.668172,-20.519536],[-54.668181,-20.519536],[-54.668181,-20.519546],[-54.668191,-20.519546],[-54.668191,-20.519555],[-54.6682,-20.519555],[-54.6682,-20.519564],[-54.66821,-20.519564],[-54.66821,-20.519573],[-54.668219,-20.519573],[-54.668219,-20.519582],[-54.668229,-20.519582],[-54.668228,-20.519591],[-54.668238,-20.519591],[-54.668238,-20.5196],[-54.668248,-20.519601],[-54.668247,-20.51961],[-54.668257,-20.51961],[-54.668257,-20.519619],[-54.668266,-20.519619],[-54.668266,-20.519628],[-54.668276,-20.519628],[-54.668276,-20.519637],[-54.668285,-20.519637],[-54.668285,-20.519646],[-54.668295,-20.519646],[-54.668295,-20.519655],[-54.668304,-20.519656],[-54.668304,-20.519665],[-54.668314,-20.519665],[-54.668313,-20.519683],[-54.668323,-20.519683],[-54.668322,-20.519719],[-54.668332,-20.519719],[-54.668332,-20.519746],[-54.668341,-20.519746],[-54.668341,-20.519773],[-54.66835,-20.519774],[-54.66835,-20.519801],[-54.668359,-20.519801],[-54.668359,-20.519828],[-54.668369,-20.519828],[-54.668368,-20.519864],[-54.668378,-20.519864],[-54.668377,-20.519891],[-54.668387,-20.519891],[-54.668386,-20.519919],[-54.668396,-20.519919],[-54.668396,-20.519946],[-54.668405,-20.519946],[-54.668405,-20.519973],[-54.668414,-20.519973],[-54.668414,-20.52],[-54.668424,-20.52],[-54.668423,-20.520036],[-54.668433,-20.520037],[-54.668432,-20.520064],[-54.668442,-20.520064],[-54.668441,-20.520091],[-54.668451,-20.520091],[-54.668451,-20.520118],[-54.66846,-20.520118],[-54.66846,-20.520145],[-54.668469,-20.520145],[-54.668469,-20.520182],[-54.668478,-20.520182],[-54.668478,-20.520209],[-54.668488,-20.520209],[-54.668487,-20.520236],[-54.668497,-20.520236],[-54.668496,-20.520263],[-54.668506,-20.520263],[-54.668506,-20.520281],[-54.668515,-20.520281],[-54.668515,-20.5203],[-54.668524,-20.5203],[-54.668524,-20.520318],[-54.668534,-20.520318],[-54.668534,-20.520336],[-54.668543,-20.520336],[-54.668543,-20.520354],[-54.668552,-20.520354],[-54.668552,-20.520381],[-54.668562,-20.520381],[-54.668561,-20.520399],[-54.668571,-20.5204],[-54.668571,-20.520418],[-54.66858,-20.520418],[-54.66858,-20.520436],[-54.66859,-20.520436],[-54.668589,-20.520454],[-54.668599,-20.520454],[-54.668599,-20.520472],[-54.668608,-20.520472],[-54.668608,-20.52049],[-54.668617,-20.520491],[-54.668617,-20.520509],[-54.668627,-20.520509],[-54.668626,-20.520527],[-54.668636,-20.520527],[-54.668636,-20.520545],[-54.668645,-20.520545],[-54.668645,-20.520563],[-54.668655,-20.520563],[-54.668654,-20.520581],[-54.668664,-20.520581],[-54.668664,-20.5206],[-54.668673,-20.5206],[-54.668673,-20.520627],[-54.668682,-20.520627],[-54.668682,-20.520645],[-54.668692,-20.520645],[-54.668692,-20.520663],[-54.668701,-20.520663],[-54.668701,-20.520681],[-54.66871,-20.520681],[-54.66871,-20.520699],[-54.66872,-20.5207],[-54.668719,-20.520718],[-54.668729,-20.520718],[-54.668729,-20.520736],[-54.668738,-20.520736],[-54.668738,-20.520754],[-54.668748,-20.520754],[-54.668747,-20.520772],[-54.668757,-20.520772],[-54.668757,-20.52079],[-54.668766,-20.520791],[-54.668766,-20.520809],[-54.668776,-20.520809],[-54.668775,-20.520827],[-54.668785,-20.520827],[-54.668785,-20.520845],[-54.668794,-20.520845],[-54.668794,-20.520872],[-54.668803,-20.520872],[-54.668803,-20.52089],[-54.668813,-20.520891],[-54.668812,-20.520909],[-54.668822,-20.520909],[-54.668822,-20.520927],[-54.668831,-20.520927],[-54.668831,-20.520945],[-54.668841,-20.520945],[-54.66884,-20.520954],[-54.66885,-20.520954],[-54.668849,-20.520999],[-54.668859,-20.520999],[-54.668858,-20.521081],[-54.668867,-20.521081],[-54.668866,-20.521153],[-54.668876,-20.521153],[-54.668875,-20.521234],[-54.668884,-20.521235],[-54.668883,-20.521316],[-54.668893,-20.521316],[-54.668891,-20.521397],[-54.668901,-20.521397],[-54.6689,-20.521479],[-54.668909,-20.521479],[-54.668908,-20.52156],[-54.668918,-20.52156],[-54.668917,-20.521587],[-54.668927,-20.521587],[-54.668927,-20.521596],[-54.668936,-20.521597],[-54.668936,-20.521606],[-54.668955,-20.521606],[-54.668955,-20.521615],[-54.668965,-20.521615],[-54.668965,-20.521624],[-54.668984,-20.521624],[-54.668984,-20.521633],[-54.668993,-20.521633],[-54.668993,-20.521642],[-54.669012,-20.521643],[-54.669012,-20.521652],[-54.669022,-20.521652],[-54.669021,-20.521661],[-54.669041,-20.521661],[-54.669041,-20.52167],[-54.66906,-20.52167],[-54.66906,-20.521679],[-54.669069,-20.52168],[-54.669069,-20.521689],[-54.669088,-20.521689],[-54.669088,-20.521698],[-54.669098,-20.521698],[-54.669097,-20.521707],[-54.669117,-20.521707],[-54.669117,-20.521716],[-54.669126,-20.521716],[-54.669126,-20.521726],[-54.669145,-20.521726],[-54.669145,-20.521735],[-54.669164,-20.521735],[-54.669164,-20.521744],[-54.669174,-20.521744],[-54.669173,-20.521753],[-54.669193,-20.521754],[-54.669192,-20.521763],[-54.669202,-20.521763],[-54.669202,-20.521772],[-54.669221,-20.521772],[-54.669221,-20.521808],[-54.66923,-20.521808],[-54.66923,-20.521826],[-54.669239,-20.521826],[-54.669239,-20.521853],[-54.669229,-20.521853],[-54.669229,-20.521862],[-54.66922,-20.521862],[-54.66922,-20.521871],[-54.66921,-20.521871],[-54.66921,-20.52188],[-54.6692,-20.52188],[-54.6692,-20.521889],[-54.669191,-20.521889],[-54.66919,-20.521898],[-54.669181,-20.521898],[-54.669181,-20.521907],[-54.669171,-20.521907],[-54.669171,-20.521916],[-54.669161,-20.521916],[-54.669161,-20.521925],[-54.669152,-20.521925],[-54.669152,-20.521934],[-54.669142,-20.521933],[-54.669142,-20.521942],[-54.669132,-20.521942],[-54.669132,-20.521951],[-54.669123,-20.521951],[-54.669122,-20.52196],[-54.669113,-20.52196],[-54.669113,-20.521969],[-54.669103,-20.521969],[-54.669103,-20.521978],[-54.669093,-20.521978],[-54.669093,-20.521987],[-54.669084,-20.521987],[-54.669084,-20.521996],[-54.669074,-20.521996],[-54.669074,-20.522005],[-54.669064,-20.522005],[-54.669064,-20.522014],[-54.669054,-20.522014],[-54.669054,-20.522023],[-54.669045,-20.522022],[-54.669045,-20.522031],[-54.669035,-20.522031],[-54.669035,-20.52204],[-54.669025,-20.52204],[-54.669025,-20.522049],[-54.669016,-20.522049],[-54.669015,-20.522058],[-54.669006,-20.522058],[-54.669006,-20.522067],[-54.668996,-20.522067],[-54.668996,-20.522076],[-54.668986,-20.522076],[-54.668986,-20.522085],[-54.668977,-20.522085],[-54.668977,-20.522094],[-54.668967,-20.522094],[-54.668967,-20.522103],[-54.668957,-20.522103],[-54.668957,-20.522112],[-54.668948,-20.522111],[-54.668947,-20.52212],[-54.668938,-20.52212],[-54.668938,-20.522129],[-54.668928,-20.522129],[-54.668928,-20.522138],[-54.668918,-20.522138],[-54.668918,-20.522147],[-54.668909,-20.522147],[-54.668909,-20.522156],[-54.668899,-20.522156],[-54.668899,-20.522165],[-54.668889,-20.522165],[-54.668889,-20.522174],[-54.66888,-20.522174],[-54.668879,-20.522183],[-54.66887,-20.522183],[-54.66887,-20.522192],[-54.66886,-20.522192],[-54.66886,-20.522201],[-54.66885,-20.5222],[-54.66885,-20.522209],[-54.668841,-20.522209],[-54.66884,-20.522218],[-54.668831,-20.522218],[-54.668831,-20.522227],[-54.668821,-20.522227],[-54.668821,-20.522236],[-54.668811,-20.522236],[-54.668811,-20.522245],[-54.668802,-20.522245],[-54.668802,-20.522254],[-54.668792,-20.522254],[-54.668792,-20.522263],[-54.668782,-20.522263],[-54.668782,-20.522272],[-54.668773,-20.522272],[-54.668772,-20.522299],[-54.668782,-20.522299],[-54.668781,-20.522335],[-54.668791,-20.522335],[-54.66879,-20.522362],[-54.6688,-20.522362],[-54.6688,-20.522389],[-54.668809,-20.52239],[-54.668809,-20.522417],[-54.668818,-20.522417],[-54.668818,-20.522444],[-54.668827,-20.522444],[-54.668827,-20.522471],[-54.668837,-20.522471],[-54.668836,-20.522507],[-54.668846,-20.522507],[-54.668845,-20.522534],[-54.668855,-20.522535],[-54.668854,-20.522562],[-54.668864,-20.522562],[-54.668864,-20.522589],[-54.668873,-20.522589],[-54.668873,-20.522616],[-54.668882,-20.522616],[-54.668882,-20.522652],[-54.668891,-20.522653],[-54.668891,-20.52268],[-54.668901,-20.52268],[-54.6689,-20.522707],[-54.66891,-20.522707],[-54.668909,-20.522734],[-54.668919,-20.522734],[-54.668918,-20.52277],[-54.668928,-20.52277],[-54.668928,-20.522779],[-54.668937,-20.52278],[-54.668937,-20.522789],[-54.668947,-20.522789],[-54.668947,-20.522798],[-54.668956,-20.522798],[-54.668956,-20.522807],[-54.668966,-20.522807],[-54.668966,-20.522816],[-54.668975,-20.522816],[-54.668975,-20.522825],[-54.668985,-20.522825],[-54.668985,-20.522834],[-54.668994,-20.522834],[-54.668994,-20.522844],[-54.669004,-20.522844],[-54.669003,-20.522853],[-54.669013,-20.522853],[-54.669013,-20.522862],[-54.669022,-20.522862],[-54.669022,-20.522871],[-54.669032,-20.522871],[-54.669032,-20.52288],[-54.669041,-20.52288],[-54.669041,-20.522889],[-54.669051,-20.522889],[-54.669051,-20.522898],[-54.66906,-20.522899],[-54.66906,-20.522908],[-54.66907,-20.522908],[-54.66907,-20.522917],[-54.669079,-20.522917],[-54.669079,-20.522926],[-54.669089,-20.522926],[-54.669088,-20.522935],[-54.669098,-20.522935],[-54.669098,-20.522944],[-54.669107,-20.522944],[-54.669107,-20.522953],[-54.669117,-20.522954],[-54.669117,-20.522963],[-54.669126,-20.522963],[-54.669126,-20.522972],[-54.669136,-20.522972],[-54.669136,-20.522981],[-54.669145,-20.522981],[-54.669145,-20.52299],[-54.669155,-20.52299],[-54.669155,-20.522999],[-54.669164,-20.522999],[-54.669164,-20.523008],[-54.669174,-20.523008],[-54.669173,-20.523018],[-54.669183,-20.523018],[-54.669183,-20.523027],[-54.669193,-20.523027],[-54.669192,-20.523036],[-54.669202,-20.523036],[-54.669202,-20.523045],[-54.669211,-20.523045],[-54.669211,-20.523054],[-54.669221,-20.523054],[-54.669221,-20.523063],[-54.66923,-20.523063],[-54.66923,-20.523072],[-54.66924,-20.523073],[-54.66924,-20.523082],[-54.669249,-20.523082],[-54.669249,-20.523091],[-54.669259,-20.523091],[-54.669259,-20.5231],[-54.669268,-20.5231],[-54.669268,-20.523109],[-54.669278,-20.523109],[-54.669277,-20.523118],[-54.669287,-20.523118],[-54.669287,-20.523127],[-54.669296,-20.523128],[-54.669296,-20.523137],[-54.669306,-20.523137],[-54.669306,-20.523146],[-54.669315,-20.523146],[-54.669315,-20.523155],[-54.669325,-20.523155],[-54.669325,-20.523164],[-54.669334,-20.523164],[-54.669334,-20.523173],[-54.669344,-20.523173],[-54.669344,-20.523182],[-54.669353,-20.523182],[-54.669353,-20.523192],[-54.669315,-20.523191],[-54.669315,-20.523182],[-54.669248,-20.523181],[-54.669248,-20.52319],[-54.669238,-20.52319],[-54.669238,-20.523199],[-54.669228,-20.523199],[-54.669228,-20.523208],[-54.669219,-20.523208],[-54.669218,-20.523217],[-54.669209,-20.523217],[-54.669209,-20.523226],[-54.669199,-20.523226],[-54.669199,-20.523235],[-54.669189,-20.523234],[-54.669189,-20.523243],[-54.66918,-20.523243],[-54.66918,-20.523252],[-54.66917,-20.523252],[-54.66917,-20.523261],[-54.66916,-20.523261],[-54.66916,-20.52327],[-54.66915,-20.52327],[-54.66915,-20.523279],[-54.669141,-20.523279],[-54.669141,-20.523288],[-54.669131,-20.523288],[-54.669131,-20.523297],[-54.669121,-20.523297],[-54.669121,-20.523306],[-54.669112,-20.523306],[-54.669111,-20.523315],[-54.669102,-20.523315],[-54.669102,-20.523324],[-54.669092,-20.523323],[-54.669092,-20.523332],[-54.669082,-20.523332],[-54.669082,-20.523341],[-54.669073,-20.523341],[-54.669073,-20.52335],[-54.669063,-20.52335],[-54.669063,-20.523359],[-54.669053,-20.523359],[-54.669053,-20.523368],[-54.669044,-20.523368],[-54.669043,-20.523377],[-54.669034,-20.523377],[-54.669034,-20.523386],[-54.669024,-20.523386],[-54.669024,-20.523395],[-54.669014,-20.523395],[-54.669014,-20.523404],[-54.669005,-20.523404],[-54.669005,-20.523413],[-54.668995,-20.523412],[-54.668995,-20.523421],[-54.668985,-20.523421],[-54.668985,-20.52343],[-54.668976,-20.52343],[-54.668975,-20.523439],[-54.668966,-20.523439],[-54.668966,-20.523448],[-54.668956,-20.523448],[-54.668956,-20.523457],[-54.668946,-20.523457],[-54.668946,-20.523466],[-54.668937,-20.523466],[-54.668936,-20.523475],[-54.668927,-20.523475],[-54.668927,-20.523484],[-54.668917,-20.523484],[-54.668917,-20.523493],[-54.668907,-20.523493],[-54.668907,-20.523502],[-54.668898,-20.523501],[-54.668898,-20.52351],[-54.668888,-20.52351],[-54.668888,-20.523519],[-54.668878,-20.523519],[-54.668878,-20.523528],[-54.668869,-20.523528],[-54.668868,-20.523537],[-54.668859,-20.523537],[-54.668859,-20.523546],[-54.668849,-20.523546],[-54.668849,-20.523555],[-54.668839,-20.523555],[-54.668839,-20.523564],[-54.66883,-20.523564],[-54.66883,-20.523573],[-54.66882,-20.523573],[-54.66882,-20.523582],[-54.66881,-20.523582],[-54.66881,-20.523591],[-54.668801,-20.52359],[-54.6688,-20.523599],[-54.668791,-20.523599],[-54.668791,-20.523608],[-54.668781,-20.523608],[-54.668781,-20.523617],[-54.668771,-20.523617],[-54.668771,-20.523626],[-54.668762,-20.523626],[-54.668762,-20.523635],[-54.668752,-20.523635],[-54.668752,-20.523644],[-54.668742,-20.523644],[-54.668742,-20.523662],[-54.668732,-20.523662],[-54.668732,-20.523671],[-54.668723,-20.523671],[-54.668723,-20.52368],[-54.668713,-20.52368],[-54.668713,-20.523689],[-54.668703,-20.523688],[-54.668703,-20.523698],[-54.668693,-20.523697],[-54.668693,-20.523706],[-54.668684,-20.523706],[-54.668684,-20.523715],[-54.668674,-20.523715],[-54.668674,-20.523724],[-54.668664,-20.523724],[-54.668664,-20.523733],[-54.668655,-20.523733],[-54.668654,-20.523742],[-54.668645,-20.523742],[-54.668645,-20.523751],[-54.668635,-20.523751],[-54.668635,-20.52376],[-54.668625,-20.52376],[-54.668625,-20.523769],[-54.668616,-20.523769],[-54.668616,-20.523778],[-54.668606,-20.523777],[-54.668606,-20.523787],[-54.668596,-20.523786],[-54.668596,-20.523795],[-54.668587,-20.523795],[-54.668586,-20.523804],[-54.668577,-20.523804],[-54.668577,-20.523813],[-54.668567,-20.523813],[-54.668567,-20.523822],[-54.668557,-20.523822],[-54.668557,-20.523831],[-54.668548,-20.523831],[-54.668547,-20.523849],[-54.668538,-20.523849],[-54.668538,-20.523867],[-54.668528,-20.523867],[-54.668528,-20.523876],[-54.668518,-20.523876],[-54.668518,-20.523894],[-54.668508,-20.523894],[-54.668508,-20.523912],[-54.668499,-20.523911],[-54.668498,-20.52393],[-54.668489,-20.523929],[-54.668488,-20.523975],[-54.668498,-20.523975],[-54.668497,-20.524029],[-54.668506,-20.524029],[-54.668505,-20.524092],[-54.668515,-20.524092],[-54.668515,-20.52411],[-54.668524,-20.524111],[-54.668524,-20.52412],[-54.668534,-20.52412],[-54.668533,-20.524174],[-54.668542,-20.524174],[-54.668542,-20.524237],[-54.668551,-20.524237],[-54.668551,-20.524255],[-54.66856,-20.524255],[-54.66856,-20.524283],[-54.66857,-20.524283],[-54.668569,-20.524301],[-54.668579,-20.524301],[-54.668578,-20.524328],[-54.668588,-20.524328],[-54.668588,-20.524346],[-54.668597,-20.524346],[-54.668597,-20.524364],[-54.668607,-20.524364],[-54.668606,-20.524392],[-54.668616,-20.524392],[-54.668616,-20.52441],[-54.668625,-20.52441],[-54.668625,-20.524437],[-54.668634,-20.524437],[-54.668634,-20.524455],[-54.668644,-20.524455],[-54.668643,-20.524482],[-54.668653,-20.524482],[-54.668653,-20.524501],[-54.668662,-20.524501],[-54.668662,-20.524528],[-54.668671,-20.524528],[-54.668671,-20.524546],[-54.668681,-20.524546],[-54.66868,-20.524564],[-54.66869,-20.524564],[-54.66869,-20.524591],[-54.668699,-20.524591],[-54.668699,-20.52461],[-54.668708,-20.52461],[-54.668708,-20.524637],[-54.668718,-20.524637],[-54.668717,-20.524655],[-54.668727,-20.524655],[-54.668726,-20.524682],[-54.668736,-20.524682],[-54.668736,-20.5247],[-54.668745,-20.5247],[-54.668745,-20.524728],[-54.668755,-20.524728],[-54.668754,-20.524746],[-54.668764,-20.524746],[-54.668763,-20.524782],[-54.668725,-20.524781],[-54.668725,-20.52479],[-54.668696,-20.52479],[-54.668696,-20.524799],[-54.668667,-20.524799],[-54.668667,-20.524808],[-54.668629,-20.524807],[-54.668629,-20.524816],[-54.6686,-20.524816],[-54.6686,-20.524825],[-54.668571,-20.524825],[-54.668571,-20.524834],[-54.668552,-20.524833],[-54.668544,-20.525339],[-54.668554,-20.525339],[-54.668553,-20.525366],[-54.668544,-20.525366],[-54.668543,-20.525384],[-54.668534,-20.525384],[-54.668534,-20.525393],[-54.668524,-20.525393],[-54.668524,-20.525402],[-54.668514,-20.525402],[-54.668514,-20.52542],[-54.668504,-20.52542],[-54.668504,-20.525429],[-54.668495,-20.525429],[-54.668495,-20.525438],[-54.668485,-20.525437],[-54.668485,-20.525456],[-54.668475,-20.525455],[-54.668475,-20.525464],[-54.668465,-20.525464],[-54.668465,-20.525482],[-54.668456,-20.525482],[-54.668455,-20.525491],[-54.668446,-20.525491],[-54.668446,-20.5255],[-54.668436,-20.5255],[-54.668436,-20.525518],[-54.668426,-20.525518],[-54.668426,-20.525527],[-54.668417,-20.525527],[-54.668416,-20.525536],[-54.668407,-20.525536],[-54.668407,-20.525554],[-54.668397,-20.525554],[-54.668397,-20.525563],[-54.668387,-20.525563],[-54.668387,-20.525581],[-54.668377,-20.52558],[-54.668377,-20.52559],[-54.668368,-20.525589],[-54.668368,-20.525598],[-54.668358,-20.525598],[-54.668358,-20.525616],[-54.668348,-20.525616],[-54.668348,-20.525625],[-54.668338,-20.525625],[-54.668338,-20.525634],[-54.668329,-20.525634],[-54.668328,-20.525643],[-54.668328,-20.525652],[-54.668319,-20.525652],[-54.668319,-20.525661],[-54.668309,-20.525661],[-54.668309,-20.525679],[-54.668299,-20.525679],[-54.668299,-20.525688],[-54.668289,-20.525688],[-54.668289,-20.525697],[-54.66828,-20.525697],[-54.668279,-20.525715],[-54.66827,-20.525715],[-54.66827,-20.525724],[-54.66826,-20.525723],[-54.66826,-20.525741],[-54.66825,-20.525741],[-54.66825,-20.52575],[-54.668241,-20.52575],[-54.66824,-20.525759],[-54.668231,-20.525759],[-54.668231,-20.525768],[-54.668221,-20.525768],[-54.668221,-20.525786],[-54.668211,-20.525786],[-54.668211,-20.525795],[-54.668202,-20.525795],[-54.668201,-20.525804],[-54.668192,-20.525804],[-54.668192,-20.525813],[-54.668182,-20.525813],[-54.668181,-20.525867],[-54.668172,-20.525867],[-54.668171,-20.525921],[-54.668161,-20.525921],[-54.66816,-20.525984],[-54.668151,-20.525984],[-54.66815,-20.526029],[-54.668141,-20.526029],[-54.66814,-20.526083],[-54.66813,-20.526083],[-54.668129,-20.526137],[-54.66812,-20.526137],[-54.668117,-20.52629],[-54.668127,-20.526291],[-54.668127,-20.5263],[-54.668136,-20.5263],[-54.668136,-20.526309],[-54.668146,-20.526309],[-54.668146,-20.526318],[-54.668155,-20.526318],[-54.668155,-20.526327],[-54.668165,-20.526327],[-54.668164,-20.526345],[-54.668174,-20.526345],[-54.668174,-20.526354],[-54.668183,-20.526355],[-54.668183,-20.526364],[-54.668193,-20.526364],[-54.668193,-20.526382],[-54.668202,-20.526382],[-54.668202,-20.526391],[-54.668212,-20.526391],[-54.668211,-20.526409],[-54.668221,-20.526409],[-54.668221,-20.526418],[-54.66823,-20.526418],[-54.66823,-20.526427],[-54.66824,-20.526428],[-54.66824,-20.526446],[-54.668249,-20.526446],[-54.668249,-20.526455],[-54.668259,-20.526455],[-54.668258,-20.526473],[-54.668268,-20.526473],[-54.668268,-20.526482],[-54.668277,-20.526482],[-54.668277,-20.526491],[-54.668287,-20.526491],[-54.668287,-20.526509],[-54.668296,-20.52651],[-54.668296,-20.526519],[-54.668306,-20.526519],[-54.668305,-20.526537],[-54.668315,-20.526537],[-54.668315,-20.526546],[-54.668324,-20.526546],[-54.668324,-20.526555],[-54.668334,-20.526555],[-54.668334,-20.526573],[-54.668343,-20.526573],[-54.668343,-20.526582],[-54.668353,-20.526583],[-54.668352,-20.526601],[-54.668362,-20.526601],[-54.668362,-20.52661],[-54.668371,-20.52661],[-54.668371,-20.526619],[-54.668381,-20.526619],[-54.668381,-20.526628],[-54.66839,-20.526628],[-54.66839,-20.526646],[-54.66838,-20.526646],[-54.66838,-20.526664],[-54.668371,-20.526664],[-54.66837,-20.526682],[-54.668361,-20.526682],[-54.66836,-20.5267],[-54.668351,-20.5267],[-54.668351,-20.526709],[-54.668341,-20.526709],[-54.668341,-20.526727],[-54.668331,-20.526727],[-54.668331,-20.526745],[-54.668321,-20.526745],[-54.668321,-20.526754],[-54.668312,-20.526754],[-54.668311,-20.526772],[-54.668302,-20.526771],[-54.668302,-20.52679],[-54.668292,-20.526789],[-54.668292,-20.526798],[-54.668282,-20.526798],[-54.668282,-20.526816],[-54.668272,-20.526816],[-54.668272,-20.526834],[-54.668263,-20.526834],[-54.668262,-20.526843],[-54.668253,-20.526843],[-54.668253,-20.526861],[-54.668243,-20.526861],[-54.668243,-20.526879],[-54.668233,-20.526879],[-54.668233,-20.526897],[-54.668223,-20.526897],[-54.668223,-20.526906],[-54.668213,-20.526906],[-54.668213,-20.526924],[-54.668204,-20.526924],[-54.668203,-20.526942],[-54.668194,-20.526942],[-54.668194,-20.526951],[-54.668184,-20.526951],[-54.668184,-20.526969],[-54.668174,-20.526968],[-54.668174,-20.526987],[-54.668164,-20.526986],[-54.668164,-20.526995],[-54.668155,-20.526995],[-54.668154,-20.527013],[-54.668145,-20.527013],[-54.668144,-20.527031],[-54.668135,-20.527031],[-54.668135,-20.52704],[-54.668125,-20.52704],[-54.668125,-20.527058],[-54.668115,-20.527058],[-54.668115,-20.527076],[-54.668105,-20.527076],[-54.668105,-20.527094],[-54.668096,-20.527094],[-54.668095,-20.527103],[-54.668086,-20.527103],[-54.668086,-20.527121],[-54.668076,-20.527121],[-54.668076,-20.527139],[-54.668066,-20.527139],[-54.668066,-20.527148],[-54.668056,-20.527147],[-54.668056,-20.527166],[-54.668047,-20.527165],[-54.668046,-20.527183],[-54.668037,-20.527183],[-54.668037,-20.527192],[-54.668027,-20.527192],[-54.668027,-20.52721],[-54.668017,-20.52721],[-54.668017,-20.527228],[-54.668007,-20.527228],[-54.668007,-20.527237],[-54.667998,-20.527237],[-54.667997,-20.527255],[-54.667988,-20.527255],[-54.667987,-20.527273],[-54.667978,-20.527273],[-54.667978,-20.527282],[-54.667968,-20.527282],[-54.667968,-20.5273],[-54.667958,-20.5273],[-54.667958,-20.527318],[-54.667948,-20.527318],[-54.667948,-20.527327],[-54.667939,-20.527327],[-54.667938,-20.527345],[-54.667929,-20.527344],[-54.667929,-20.527362],[-54.667919,-20.527362],[-54.667919,-20.527371],[-54.667909,-20.527371],[-54.667909,-20.527389],[-54.667899,-20.527389],[-54.667899,-20.527407],[-54.66789,-20.527407],[-54.667889,-20.527416],[-54.66788,-20.527416],[-54.66788,-20.527434],[-54.66787,-20.527434],[-54.66787,-20.527452],[-54.66786,-20.527452],[-54.66786,-20.527461],[-54.66785,-20.527461],[-54.66785,-20.527479],[-54.667841,-20.527479],[-54.66784,-20.527497],[-54.667831,-20.527497],[-54.667831,-20.527506],[-54.667821,-20.527506],[-54.667821,-20.527524],[-54.667811,-20.527523],[-54.667811,-20.527542],[-54.667801,-20.527541],[-54.667801,-20.52755],[-54.667792,-20.52755],[-54.667791,-20.527568],[-54.667782,-20.527568],[-54.667781,-20.527586],[-54.667772,-20.527586],[-54.667772,-20.527595],[-54.667762,-20.527595],[-54.667762,-20.527613],[-54.667752,-20.527613],[-54.667752,-20.527631],[-54.667742,-20.527631],[-54.667742,-20.52764],[-54.667733,-20.52764],[-54.667732,-20.527658],[-54.667723,-20.527658],[-54.667723,-20.527676],[-54.667713,-20.527676],[-54.667713,-20.527685],[-54.667698,-20.528678],[-54.667717,-20.528678],[-54.667717,-20.528687],[-54.667726,-20.528687],[-54.667726,-20.528705],[-54.667736,-20.528705],[-54.667736,-20.528714],[-54.667745,-20.528715],[-54.667745,-20.528733],[-54.667754,-20.528733],[-54.667754,-20.528742],[-54.667764,-20.528742],[-54.667764,-20.52876],[-54.667773,-20.52876],[-54.667773,-20.528769],[-54.667783,-20.528769],[-54.667782,-20.528787],[-54.667792,-20.528787],[-54.667792,-20.528796],[-54.667801,-20.528797],[-54.667801,-20.528806],[-54.667811,-20.528806],[-54.667811,-20.528815],[-54.66782,-20.528815],[-54.66782,-20.528824],[-54.66783,-20.528824],[-54.66783,-20.528833],[-54.667839,-20.528833],[-54.667839,-20.528842],[-54.667849,-20.528842],[-54.667848,-20.528851],[-54.667858,-20.528852],[-54.667858,-20.528861],[-54.667868,-20.528861],[-54.667867,-20.52887],[-54.667877,-20.52887],[-54.667877,-20.528879],[-54.667886,-20.528879],[-54.667886,-20.528888],[-54.667896,-20.528888],[-54.667896,-20.528897],[-54.667905,-20.528897],[-54.667905,-20.528906],[-54.667915,-20.528907],[-54.667915,-20.528916],[-54.667924,-20.528916],[-54.667924,-20.528925],[-54.667934,-20.528925],[-54.667934,-20.528934],[-54.667943,-20.528934],[-54.667943,-20.528943],[-54.667953,-20.528943],[-54.667952,-20.528952],[-54.667962,-20.528952],[-54.667962,-20.528961],[-54.667971,-20.528961],[-54.667971,-20.52897],[-54.667981,-20.528971],[-54.667981,-20.52898],[-54.66799,-20.52898],[-54.66799,-20.528989],[-54.668,-20.528989],[-54.668,-20.528998],[-54.668009,-20.528998],[-54.668009,-20.529007],[-54.668019,-20.529007],[-54.668019,-20.529016],[-54.668028,-20.529016],[-54.668028,-20.529025],[-54.668038,-20.529026],[-54.668037,-20.529035],[-54.668047,-20.529035],[-54.668047,-20.529044],[-54.668056,-20.529044],[-54.668056,-20.529053],[-54.668066,-20.529053],[-54.668066,-20.529062],[-54.668075,-20.529062],[-54.668075,-20.529071],[-54.668085,-20.529071],[-54.668085,-20.52908],[-54.668094,-20.529081],[-54.668094,-20.52909],[-54.668104,-20.52909],[-54.668104,-20.529099],[-54.668113,-20.529099],[-54.668113,-20.529108],[-54.668123,-20.529108],[-54.668122,-20.529117],[-54.668132,-20.529117],[-54.668132,-20.529126],[-54.668141,-20.529126],[-54.668141,-20.529135],[-54.668151,-20.529135],[-54.668151,-20.529144],[-54.66816,-20.529145],[-54.66816,-20.529154],[-54.66817,-20.529154],[-54.66817,-20.529163],[-54.668179,-20.529163],[-54.668179,-20.529172],[-54.668189,-20.529172],[-54.668189,-20.529181],[-54.668198,-20.529181],[-54.668198,-20.52919],[-54.668208,-20.52919],[-54.668207,-20.529199],[-54.668217,-20.5292],[-54.668217,-20.529209],[-54.668227,-20.529209],[-54.668226,-20.529218],[-54.668236,-20.529218],[-54.668236,-20.529227],[-54.668245,-20.529227],[-54.668245,-20.529254],[-54.668255,-20.529254],[-54.668254,-20.529272],[-54.668264,-20.529272],[-54.668264,-20.52929],[-54.668273,-20.529291],[-54.668273,-20.529309],[-54.668283,-20.529309],[-54.668282,-20.529327],[-54.668292,-20.529327],[-54.668292,-20.529345],[-54.668301,-20.529345],[-54.668301,-20.529363],[-54.66831,-20.529363],[-54.66831,-20.529381],[-54.66832,-20.529382],[-54.668319,-20.5294],[-54.668329,-20.5294],[-54.668329,-20.529418],[-54.668338,-20.529418],[-54.668338,-20.529427],[-54.668348,-20.529427],[-54.668348,-20.529445],[-54.668357,-20.529445],[-54.668357,-20.529463],[-54.668376,-20.529464],[-54.668376,-20.529473],[-54.668385,-20.529473],[-54.668385,-20.529491],[-54.668395,-20.529491],[-54.668395,-20.529509],[-54.668404,-20.529509],[-54.668404,-20.529536],[-54.668413,-20.529536],[-54.668413,-20.529554],[-54.668423,-20.529555],[-54.668422,-20.529582],[-54.668432,-20.529582],[-54.668431,-20.5296],[-54.668441,-20.5296],[-54.668441,-20.529609],[-54.668451,-20.529609],[-54.66845,-20.529618],[-54.668508,-20.529619],[-54.668508,-20.529628],[-54.668546,-20.529628],[-54.668546,-20.529637],[-54.668565,-20.529638],[-54.668565,-20.529647],[-54.668603,-20.529647],[-54.668603,-20.529656],[-54.668613,-20.529656],[-54.6686,-20.530487],[-54.668648,-20.530488],[-54.668648,-20.530479],[-54.668687,-20.530479],[-54.668686,-20.530533],[-54.668695,-20.530533],[-54.668695,-20.530542],[-54.668705,-20.530543],[-54.668705,-20.530552],[-54.668714,-20.530552],[-54.668714,-20.530561],[-54.668724,-20.530561],[-54.668724,-20.53057],[-54.668733,-20.53057],[-54.668733,-20.530579],[-54.668743,-20.530579],[-54.668742,-20.530588],[-54.668752,-20.530588],[-54.668752,-20.530597],[-54.668761,-20.530598],[-54.668761,-20.530607],[-54.668771,-20.530607],[-54.668771,-20.530616],[-54.66878,-20.530616],[-54.66878,-20.530625],[-54.668819,-20.530625],[-54.668818,-20.530634],[-54.668828,-20.530635],[-54.668828,-20.530644],[-54.668837,-20.530644],[-54.668837,-20.530653],[-54.668847,-20.530653],[-54.668847,-20.530662],[-54.668856,-20.530662],[-54.668856,-20.530671],[-54.668866,-20.530671],[-54.668866,-20.53068],[-54.668875,-20.53068],[-54.668875,-20.530689],[-54.668885,-20.53069],[-54.668885,-20.530699],[-54.668894,-20.530699],[-54.668894,-20.530708],[-54.668904,-20.530708],[-54.668903,-20.530717],[-54.668913,-20.530717],[-54.668913,-20.530726],[-54.668922,-20.530726],[-54.668922,-20.530735],[-54.668932,-20.530735],[-54.668932,-20.530744],[-54.668941,-20.530744],[-54.668941,-20.530754],[-54.668951,-20.530754],[-54.668951,-20.530763],[-54.66896,-20.530763],[-54.66896,-20.530772],[-54.66897,-20.530772],[-54.66897,-20.530781],[-54.668979,-20.530781],[-54.668979,-20.53079],[-54.668989,-20.53079],[-54.668988,-20.530799],[-54.668998,-20.530799],[-54.668998,-20.530808],[-54.669008,-20.530809],[-54.669007,-20.530818],[-54.669017,-20.530818],[-54.669017,-20.530827],[-54.669026,-20.530827],[-54.669026,-20.530836],[-54.669036,-20.530836],[-54.669036,-20.530845],[-54.669045,-20.530845],[-54.669045,-20.530854],[-54.669055,-20.530854],[-54.669055,-20.530863],[-54.669064,-20.530864],[-54.669064,-20.530873],[-54.669074,-20.530873],[-54.669074,-20.530882],[-54.669083,-20.530882],[-54.669083,-20.530891],[-54.669093,-20.530891],[-54.669092,-20.5309],[-54.669102,-20.5309],[-54.669102,-20.530909],[-54.669111,-20.530909],[-54.669111,-20.530918],[-54.669121,-20.530918],[-54.669121,-20.530927],[-54.66913,-20.530928],[-54.66913,-20.530946],[-54.66914,-20.530946],[-54.669139,-20.530955],[-54.669149,-20.530955],[-54.669149,-20.530973],[-54.669158,-20.530973],[-54.669158,-20.530991],[-54.669168,-20.530991],[-54.669168,-20.531],[-54.669177,-20.531001],[-54.669177,-20.531019],[-54.669186,-20.531019],[-54.669186,-20.531037],[-54.669196,-20.531037],[-54.669196,-20.531046],[-54.669205,-20.531046],[-54.669205,-20.531064],[-54.669215,-20.531064],[-54.669214,-20.531082],[-54.669224,-20.531082],[-54.669224,-20.531091],[-54.669233,-20.531092],[-54.669233,-20.53111],[-54.669243,-20.53111],[-54.669242,-20.531128],[-54.669252,-20.531128],[-54.669252,-20.531137],[-54.669261,-20.531137],[-54.669261,-20.531155],[-54.669271,-20.531155],[-54.66927,-20.531173],[-54.66928,-20.531173],[-54.66928,-20.531182],[-54.669289,-20.531183],[-54.669289,-20.531201],[-54.669299,-20.531201],[-54.669298,-20.531219],[-54.669308,-20.531219],[-54.669308,-20.531228],[-54.669317,-20.531228],[-54.669317,-20.531246],[-54.669327,-20.531246],[-54.669327,-20.531264],[-54.669336,-20.531265],[-54.669336,-20.531274],[-54.669346,-20.531274],[-54.669345,-20.531292],[-54.669355,-20.531292],[-54.669355,-20.53131],[-54.669364,-20.53131],[-54.669364,-20.531319],[-54.669374,-20.531319],[-54.669373,-20.531355],[-54.669383,-20.531355],[-54.669382,-20.531383],[-54.669373,-20.531382],[-54.66937,-20.531527],[-54.669361,-20.531527],[-54.669359,-20.53168],[-54.669349,-20.53168],[-54.669347,-20.531825],[-54.669337,-20.531824],[-54.669335,-20.531969],[-54.669325,-20.531969],[-54.669324,-20.532095],[-54.669314,-20.532095],[-54.669314,-20.532113],[-54.669304,-20.532113],[-54.669304,-20.532122],[-54.669294,-20.532122],[-54.669294,-20.532131],[-54.669285,-20.532131],[-54.669285,-20.53214],[-54.669275,-20.53214],[-54.669275,-20.532149],[-54.669265,-20.532149],[-54.669265,-20.532158],[-54.669255,-20.532157],[-54.669255,-20.532166],[-54.669246,-20.532166],[-54.669246,-20.532175],[-54.669236,-20.532175],[-54.669236,-20.532184],[-54.669226,-20.532184],[-54.669226,-20.532193],[-54.669217,-20.532193],[-54.669216,-20.532202],[-54.669207,-20.532202],[-54.669207,-20.532211],[-54.669197,-20.532211],[-54.669197,-20.53222],[-54.669187,-20.53222],[-54.669187,-20.532229],[-54.669178,-20.532229],[-54.669178,-20.532238],[-54.669168,-20.532238],[-54.669168,-20.532247],[-54.669158,-20.532246],[-54.669158,-20.532255],[-54.669149,-20.532255],[-54.669148,-20.532264],[-54.669139,-20.532264],[-54.669139,-20.532273],[-54.669129,-20.532273],[-54.669129,-20.532282],[-54.669119,-20.532282],[-54.669119,-20.532291],[-54.66911,-20.532291],[-54.66911,-20.5323],[-54.6691,-20.5323],[-54.6691,-20.532309],[-54.66909,-20.532309],[-54.66909,-20.532318],[-54.669081,-20.532318],[-54.66908,-20.532327],[-54.669071,-20.532327],[-54.669071,-20.532336],[-54.669061,-20.532335],[-54.669061,-20.532344],[-54.669051,-20.532344],[-54.669051,-20.532353],[-54.669042,-20.532353],[-54.669041,-20.532362],[-54.669032,-20.532362],[-54.669032,-20.532371],[-54.669022,-20.532371],[-54.669022,-20.53238],[-54.669012,-20.53238],[-54.669012,-20.532389],[-54.669003,-20.532389],[-54.669003,-20.532398],[-54.668993,-20.532398],[-54.668993,-20.532425],[-54.669002,-20.532425],[-54.669002,-20.532452],[-54.669011,-20.532452],[-54.669011,-20.532479],[-54.669021,-20.532479],[-54.66902,-20.532516],[-54.66903,-20.532516],[-54.669029,-20.532543],[-54.669039,-20.532543],[-54.669038,-20.53257],[-54.669048,-20.53257],[-54.669048,-20.532597],[-54.669057,-20.532597],[-54.669057,-20.532624],[-54.669066,-20.532624],[-54.669066,-20.532652],[-54.669075,-20.532652],[-54.669075,-20.532679],[-54.669085,-20.532679],[-54.669084,-20.532715],[-54.669094,-20.532715],[-54.669093,-20.532742],[-54.669103,-20.532742],[-54.669102,-20.532769],[-54.669112,-20.53277],[-54.669112,-20.532797],[-54.669121,-20.532797],[-54.669121,-20.532815],[-54.66913,-20.532815],[-54.66913,-20.532824],[-54.66914,-20.532824],[-54.66914,-20.532833],[-54.669149,-20.532833],[-54.669149,-20.532842],[-54.669159,-20.532842],[-54.669159,-20.532851],[-54.669168,-20.532852],[-54.669168,-20.532861],[-54.669178,-20.532861],[-54.669178,-20.53287],[-54.669187,-20.53287],[-54.669187,-20.532879],[-54.669197,-20.532879],[-54.669196,-20.532888],[-54.669206,-20.532888],[-54.669206,-20.532897],[-54.669235,-20.532898],[-54.669235,-20.532907],[-54.669244,-20.532907],[-54.669244,-20.532916],[-54.669254,-20.532916],[-54.669253,-20.532925],[-54.669263,-20.532925],[-54.669263,-20.532934],[-54.669272,-20.532934],[-54.669272,-20.532943],[-54.669282,-20.532943],[-54.669282,-20.532952],[-54.669291,-20.532953],[-54.669291,-20.533007],[-54.66931,-20.533007],[-54.66931,-20.533016],[-54.669338,-20.533016],[-54.669338,-20.533025],[-54.669357,-20.533026],[-54.669357,-20.533035],[-54.669386,-20.533035],[-54.669386,-20.533044],[-54.669405,-20.533044],[-54.669405,-20.533053],[-54.669424,-20.533054],[-54.669424,-20.533063],[-54.669453,-20.533063],[-54.669453,-20.533072],[-54.669472,-20.533072],[-54.669472,-20.533081],[-54.669491,-20.533082],[-54.669491,-20.533091],[-54.669519,-20.533091],[-54.669519,-20.5331],[-54.669538,-20.5331],[-54.669538,-20.533109],[-54.669557,-20.53311],[-54.669557,-20.533119],[-54.669586,-20.533119],[-54.669586,-20.533128],[-54.669605,-20.533128],[-54.669605,-20.533137],[-54.669624,-20.533138],[-54.669624,-20.533147],[-54.669653,-20.533147],[-54.669653,-20.533156],[-54.669672,-20.533156],[-54.669672,-20.533165],[-54.669691,-20.533166],[-54.669691,-20.533175],[-54.6697,-20.533175],[-54.6697,-20.533166],[-54.66972,-20.533166],[-54.669719,-20.533175],[-54.669786,-20.533176],[-54.669786,-20.533185],[-54.669796,-20.533185],[-54.669796,-20.533194],[-54.669805,-20.533194],[-54.669805,-20.533203],[-54.669815,-20.533203],[-54.669815,-20.533213],[-54.669824,-20.533213],[-54.669824,-20.533222],[-54.669834,-20.533222],[-54.669834,-20.533231],[-54.669843,-20.533231],[-54.669843,-20.53324],[-54.669853,-20.53324],[-54.669852,-20.533249],[-54.669862,-20.533249],[-54.669862,-20.533258],[-54.669872,-20.533258],[-54.669871,-20.533267],[-54.669881,-20.533268],[-54.669881,-20.533277],[-54.66989,-20.533277],[-54.66989,-20.533286],[-54.6699,-20.533286],[-54.6699,-20.533295],[-54.669909,-20.533295],[-54.669909,-20.533304],[-54.669919,-20.533304],[-54.669919,-20.533313],[-54.669928,-20.533313],[-54.669928,-20.533322],[-54.669938,-20.533323],[-54.669938,-20.533332],[-54.669957,-20.533332],[-54.669955,-20.533431],[-54.669965,-20.533431],[-54.669964,-20.533449],[-54.669974,-20.533449],[-54.669974,-20.533458],[-54.669984,-20.533459],[-54.669983,-20.533477],[-54.669993,-20.533477],[-54.669993,-20.533495],[-54.670002,-20.533495],[-54.670002,-20.533504],[-54.670012,-20.533504],[-54.670011,-20.533522],[-54.670021,-20.533522],[-54.670021,-20.533531],[-54.67003,-20.533531],[-54.67003,-20.53355],[-54.67004,-20.53355],[-54.67004,-20.533559],[-54.670049,-20.533559],[-54.670049,-20.533577],[-54.670058,-20.533577],[-54.670058,-20.533595],[-54.670068,-20.533595],[-54.670068,-20.533604],[-54.670077,-20.533604],[-54.670077,-20.533622],[-54.670086,-20.533623],[-54.670086,-20.533632],[-54.670096,-20.533632],[-54.670096,-20.53365],[-54.670105,-20.53365],[-54.670105,-20.533659],[-54.670115,-20.533659],[-54.670114,-20.533677],[-54.670124,-20.533677],[-54.670124,-20.533695],[-54.670133,-20.533695],[-54.670133,-20.533704],[-54.670143,-20.533705],[-54.670142,-20.533723],[-54.670152,-20.533723],[-54.670152,-20.533732],[-54.670162,-20.533732],[-54.670161,-20.53375],[-54.670171,-20.53375],[-54.670171,-20.533759],[-54.67018,-20.533759],[-54.67018,-20.533777],[-54.67019,-20.533777],[-54.670189,-20.533786],[-54.670199,-20.533787],[-54.670199,-20.533805],[-54.670208,-20.533805],[-54.670208,-20.533823],[-54.670218,-20.533823],[-54.670218,-20.533832],[-54.670227,-20.533832],[-54.670227,-20.53385],[-54.670236,-20.53385],[-54.670236,-20.533859],[-54.670246,-20.533859],[-54.670246,-20.533878],[-54.670255,-20.533878],[-54.670214,-20.536577],[-54.670224,-20.536577],[-54.670224,-20.536595],[-54.670233,-20.536596],[-54.670233,-20.536614],[-54.670242,-20.536614],[-54.670242,-20.536623],[-54.670252,-20.536623],[-54.670252,-20.536641],[-54.670261,-20.536641],[-54.670261,-20.536659],[-54.670271,-20.536659],[-54.67027,-20.536668],[-54.67028,-20.536668],[-54.67028,-20.536686],[-54.670289,-20.536687],[-54.670289,-20.536696],[-54.670299,-20.536696],[-54.670298,-20.536714],[-54.670308,-20.536714],[-54.670308,-20.536732],[-54.670317,-20.536732],[-54.670316,-20.536822],[-54.670306,-20.536822],[-54.670306,-20.536831],[-54.670297,-20.536831],[-54.670297,-20.53684],[-54.670287,-20.53684],[-54.670287,-20.536849],[-54.670277,-20.536849],[-54.670277,-20.536858],[-54.670268,-20.536858],[-54.670267,-20.536867],[-54.670258,-20.536867],[-54.670258,-20.536876],[-54.670248,-20.536876],[-54.670248,-20.536885],[-54.670238,-20.536885],[-54.670238,-20.536921],[-54.670228,-20.536921],[-54.670227,-20.536975],[-54.670237,-20.536975],[-54.670237,-20.536993],[-54.670227,-20.536993],[-54.670227,-20.53702],[-54.670217,-20.53702],[-54.670217,-20.537038],[-54.670207,-20.537038],[-54.670207,-20.537056],[-54.670197,-20.537056],[-54.670197,-20.537074],[-54.670188,-20.537074],[-54.670187,-20.537092],[-54.670178,-20.537091],[-54.670177,-20.53711],[-54.670168,-20.537109],[-54.670168,-20.537127],[-54.670158,-20.537127],[-54.670158,-20.537145],[-54.670148,-20.537145],[-54.670148,-20.537163],[-54.670138,-20.537163],[-54.670138,-20.537181],[-54.670128,-20.537181],[-54.670128,-20.537208],[-54.670118,-20.537208],[-54.670118,-20.537226],[-54.670109,-20.537226],[-54.670108,-20.537244],[-54.670099,-20.537244],[-54.670098,-20.537262],[-54.670089,-20.537262],[-54.670089,-20.53728],[-54.670079,-20.53728],[-54.670079,-20.537298],[-54.670069,-20.537298],[-54.670069,-20.537316],[-54.670059,-20.537316],[-54.670059,-20.537334],[-54.670049,-20.537334],[-54.670049,-20.537352],[-54.67004,-20.537351],[-54.670039,-20.53737],[-54.67003,-20.537369],[-54.670029,-20.537387],[-54.67002,-20.537387],[-54.67002,-20.537405],[-54.67001,-20.537405],[-54.67001,-20.537423],[-54.67,-20.537423],[-54.67,-20.537441],[-54.66999,-20.537441],[-54.66999,-20.537468],[-54.66998,-20.537468],[-54.66998,-20.537486],[-54.66997,-20.537486],[-54.66997,-20.537504],[-54.669961,-20.537504],[-54.66996,-20.537522],[-54.669951,-20.537522],[-54.669951,-20.537531],[-54.669941,-20.537531],[-54.669941,-20.537558],[-54.669969,-20.537558],[-54.669969,-20.537567],[-54.669988,-20.537568],[-54.669988,-20.537577],[-54.670017,-20.537577],[-54.670017,-20.537586],[-54.670046,-20.537586],[-54.670045,-20.537595],[-54.670074,-20.537596],[-54.670074,-20.537605],[-54.670103,-20.537605],[-54.670103,-20.537614],[-54.670131,-20.537615],[-54.670131,-20.537624],[-54.67016,-20.537624],[-54.67016,-20.537633],[-54.670179,-20.537633],[-54.670179,-20.537642],[-54.670208,-20.537643],[-54.670208,-20.537652],[-54.670236,-20.537652],[-54.670236,-20.537661],[-54.670265,-20.537662],[-54.670265,-20.537671],[-54.670294,-20.537671],[-54.670293,-20.53768],[-54.670322,-20.53768],[-54.670322,-20.537689],[-54.67036,-20.53769],[-54.670361,-20.537681],[-54.670476,-20.537682],[-54.670476,-20.537673],[-54.6706,-20.537675],[-54.6706,-20.537666],[-54.670715,-20.537668],[-54.670716,-20.537659],[-54.670831,-20.53766],[-54.670831,-20.537651],[-54.670917,-20.537652],[-54.670915,-20.537761],[-54.670925,-20.537761],[-54.670923,-20.537896],[-54.670932,-20.537896],[-54.670931,-20.538023],[-54.67094,-20.538023],[-54.670938,-20.538149],[-54.670948,-20.538149],[-54.670938,-20.538763],[-54.670948,-20.538763],[-54.670943,-20.539088],[-54.670924,-20.539088],[-54.670924,-20.539097],[-54.670914,-20.539097],[-54.670914,-20.539106],[-54.670905,-20.539106],[-54.670904,-20.539115],[-54.670895,-20.539115],[-54.670895,-20.539124],[-54.670885,-20.539124],[-54.670885,-20.539133],[-54.670875,-20.539133],[-54.670875,-20.539142],[-54.670866,-20.539142],[-54.670866,-20.539151],[-54.670856,-20.53915],[-54.670856,-20.53916],[-54.670837,-20.539159],[-54.670836,-20.539168],[-54.670827,-20.539168],[-54.670827,-20.539177],[-54.670817,-20.539177],[-54.670817,-20.539186],[-54.670807,-20.539186],[-54.670807,-20.539195],[-54.670798,-20.539195],[-54.670798,-20.539204],[-54.670788,-20.539204],[-54.670788,-20.539213],[-54.670778,-20.539213],[-54.670776,-20.539366],[-54.670786,-20.539366],[-54.670785,-20.539375],[-54.670776,-20.539375],[-54.670775,-20.539402],[-54.670766,-20.539402],[-54.670765,-20.539429],[-54.670756,-20.539429],[-54.670756,-20.539438],[-54.670737,-20.539438],[-54.670736,-20.539447],[-54.670717,-20.539447],[-54.670717,-20.539456],[-54.670708,-20.539456],[-54.670707,-20.539465],[-54.670688,-20.539464],[-54.670688,-20.539473],[-54.670678,-20.539473],[-54.670678,-20.539482],[-54.670659,-20.539482],[-54.670659,-20.539491],[-54.67064,-20.539491],[-54.67064,-20.5395],[-54.67063,-20.5395],[-54.67063,-20.539509],[-54.670668,-20.539509],[-54.670668,-20.539518],[-54.670678,-20.539518],[-54.670677,-20.539563],[-54.670687,-20.539564],[-54.670686,-20.539609],[-54.670696,-20.539609],[-54.670695,-20.539627],[-54.670686,-20.539627],[-54.670685,-20.539654],[-54.670676,-20.539654],[-54.670671,-20.539979],[-54.67068,-20.539979],[-54.67068,-20.539997],[-54.67069,-20.539997],[-54.670689,-20.540015],[-54.670699,-20.540015],[-54.670699,-20.540033],[-54.670708,-20.540033],[-54.670708,-20.540043],[-54.670718,-20.540043],[-54.670718,-20.540061],[-54.670727,-20.540061],[-54.670727,-20.540079],[-54.670736,-20.540079],[-54.670736,-20.540097],[-54.670746,-20.540097],[-54.670746,-20.540106],[-54.670755,-20.540106],[-54.670755,-20.540124],[-54.670764,-20.540125],[-54.670764,-20.540143],[-54.670774,-20.540143],[-54.670774,-20.540152],[-54.670783,-20.540152],[-54.670783,-20.54017],[-54.670793,-20.54017],[-54.670792,-20.540179],[-54.670783,-20.540179],[-54.670783,-20.540188],[-54.670773,-20.540188],[-54.670773,-20.540197],[-54.670763,-20.540197],[-54.670763,-20.540206],[-54.670754,-20.540206],[-54.670754,-20.540215],[-54.670744,-20.540215],[-54.670744,-20.540224],[-54.670734,-20.540223],[-54.670734,-20.540233],[-54.670725,-20.540232],[-54.670724,-20.540241],[-54.670715,-20.540241],[-54.670715,-20.54025],[-54.670705,-20.54025],[-54.670705,-20.540259],[-54.670695,-20.540259],[-54.670695,-20.540268],[-54.670686,-20.540268],[-54.670685,-20.540277],[-54.670676,-20.540277],[-54.670676,-20.540286],[-54.670666,-20.540286],[-54.670666,-20.540295],[-54.670656,-20.540295],[-54.670656,-20.540304],[-54.670647,-20.540304],[-54.670647,-20.540313],[-54.670637,-20.540312],[-54.670637,-20.540322],[-54.670627,-20.540321],[-54.670627,-20.54033],[-54.670618,-20.54033],[-54.670617,-20.540339],[-54.670608,-20.540339],[-54.670608,-20.540357],[-54.670598,-20.540357],[-54.670598,-20.540366],[-54.670588,-20.540366],[-54.670588,-20.540375],[-54.670579,-20.540375],[-54.670578,-20.540384],[-54.670358,-20.540381],[-54.670358,-20.54039],[-54.670348,-20.54039],[-54.670348,-20.540399],[-54.6703,-20.540398],[-54.6703,-20.540407],[-54.670252,-20.540407],[-54.670252,-20.540416],[-54.670223,-20.540415],[-54.670223,-20.540424],[-54.670146,-20.540423],[-54.670146,-20.540432],[-54.670137,-20.540432],[-54.670137,-20.540441],[-54.670089,-20.540441],[-54.670088,-20.54045],[-54.67005,-20.540449],[-54.67005,-20.540458],[-54.670002,-20.540457],[-54.670002,-20.540466],[-54.669964,-20.540466],[-54.669963,-20.540475],[-54.669925,-20.540474],[-54.669925,-20.540484],[-54.669887,-20.540483],[-54.669887,-20.540492],[-54.669848,-20.540492],[-54.669848,-20.540501],[-54.66981,-20.5405],[-54.66981,-20.540509],[-54.669771,-20.540509],[-54.669771,-20.540518],[-54.669733,-20.540517],[-54.669733,-20.540526],[-54.669694,-20.540526],[-54.669694,-20.540535],[-54.669656,-20.540534],[-54.669656,-20.540543],[-54.669617,-20.540543],[-54.669617,-20.540552],[-54.668429,-20.540536],[-54.668429,-20.540527],[-54.668419,-20.540526],[-54.668419,-20.540508],[-54.66841,-20.540508],[-54.66841,-20.540481],[-54.668401,-20.540481],[-54.668401,-20.540463],[-54.668391,-20.540463],[-54.668392,-20.540445],[-54.668392,-20.540436],[-54.668382,-20.540436],[-54.668382,-20.540418],[-54.668373,-20.540417],[-54.668373,-20.540408],[-54.667549,-20.540397],[-54.667549,-20.540388],[-54.66752,-20.540388],[-54.66752,-20.540379],[-54.667501,-20.540379],[-54.667501,-20.54037],[-54.667482,-20.540369],[-54.667482,-20.54036],[-54.667453,-20.54036],[-54.667454,-20.540351],[-54.667434,-20.540351],[-54.667435,-20.540342],[-54.667406,-20.540341],[-54.667406,-20.540332],[-54.667387,-20.540332],[-54.667387,-20.540323],[-54.667368,-20.540323],[-54.667368,-20.540314],[-54.667339,-20.540313],[-54.667339,-20.540304],[-54.66732,-20.540304],[-54.66732,-20.540295],[-54.667291,-20.540295],[-54.667292,-20.540286],[-54.667272,-20.540285],[-54.667273,-20.540276],[-54.667253,-20.540276],[-54.667254,-20.540267],[-54.667225,-20.540267],[-54.667225,-20.540258],[-54.667206,-20.540257],[-54.667206,-20.540248],[-54.667177,-20.540248],[-54.667177,-20.540239],[-54.667158,-20.540239],[-54.667158,-20.54023],[-54.667139,-20.540229],[-54.667139,-20.54022],[-54.66711,-20.54022],[-54.667111,-20.540211],[-54.667091,-20.540211],[-54.667092,-20.540202],[-54.667063,-20.540201],[-54.667063,-20.540192],[-54.667044,-20.540192],[-54.667044,-20.540201],[-54.667034,-20.540201],[-54.667034,-20.540219],[-54.667024,-20.540219],[-54.667024,-20.540237],[-54.667014,-20.540237],[-54.667014,-20.540255],[-54.667004,-20.540255],[-54.667004,-20.540282],[-54.666994,-20.540282],[-54.666994,-20.5403],[-54.666985,-20.540299],[-54.666984,-20.540318],[-54.666975,-20.540317],[-54.666974,-20.540335],[-54.666965,-20.540335],[-54.666965,-20.540353],[-54.666955,-20.540353],[-54.666955,-20.540371],[-54.666945,-20.540371],[-54.666945,-20.540389],[-54.666935,-20.540389],[-54.666935,-20.540407],[-54.666925,-20.540407],[-54.666925,-20.540434],[-54.666915,-20.540434],[-54.666915,-20.540452],[-54.666906,-20.540452],[-54.666905,-20.54047],[-54.666896,-20.54047],[-54.666895,-20.540488],[-54.666886,-20.540488],[-54.666886,-20.540506],[-54.666876,-20.540506],[-54.666876,-20.540524],[-54.666866,-20.540524],[-54.666866,-20.540542],[-54.666856,-20.540542],[-54.666856,-20.540551],[-54.665821,-20.540537],[-54.665821,-20.540546],[-54.665811,-20.540546],[-54.665811,-20.540555],[-54.665802,-20.540554],[-54.665801,-20.540563],[-54.665792,-20.540563],[-54.665792,-20.540572],[-54.665782,-20.540572],[-54.665782,-20.540581],[-54.665772,-20.540581],[-54.665772,-20.54059],[-54.665763,-20.54059],[-54.665763,-20.540599],[-54.665753,-20.540599],[-54.665753,-20.540608],[-54.665743,-20.540608],[-54.665743,-20.540617],[-54.665733,-20.540617],[-54.665733,-20.540626],[-54.665724,-20.540626],[-54.665724,-20.540635],[-54.665714,-20.540635],[-54.665714,-20.540644],[-54.665704,-20.540643],[-54.665704,-20.540652],[-54.665695,-20.540652],[-54.665694,-20.540661],[-54.665685,-20.540661],[-54.665685,-20.54067],[-54.665675,-20.54067],[-54.665675,-20.540679],[-54.665665,-20.540679],[-54.665665,-20.540688],[-54.665656,-20.540688],[-54.665656,-20.540697],[-54.665646,-20.540697],[-54.665646,-20.540706],[-54.665636,-20.540706],[-54.665636,-20.540715],[-54.665627,-20.540715],[-54.665626,-20.540724],[-54.665617,-20.540724],[-54.665617,-20.540733],[-54.665607,-20.540732],[-54.665607,-20.540741],[-54.665597,-20.540741],[-54.665597,-20.54075],[-54.665338,-20.540747],[-54.665338,-20.540756],[-54.66508,-20.540752],[-54.66508,-20.540743],[-54.66507,-20.540743],[-54.66507,-20.540734],[-54.665061,-20.540734],[-54.665061,-20.540725],[-54.665051,-20.540725],[-54.665051,-20.540716],[-54.665042,-20.540716],[-54.665042,-20.540707],[-54.665032,-20.540707],[-54.665032,-20.540698],[-54.665023,-20.540697],[-54.665023,-20.540688],[-54.665013,-20.540688],[-54.665014,-20.540679],[-54.665004,-20.540679],[-54.665004,-20.54067],[-54.664994,-20.54067],[-54.664995,-20.540661],[-54.664985,-20.540661],[-54.664985,-20.540652],[-54.664976,-20.540652],[-54.664976,-20.540643],[-54.664966,-20.540643],[-54.664966,-20.540633],[-54.664957,-20.540633],[-54.664957,-20.540624],[-54.664947,-20.540624],[-54.664947,-20.540615],[-54.664938,-20.540615],[-54.664938,-20.540606],[-54.664928,-20.540606],[-54.664928,-20.540597],[-54.664919,-20.540597],[-54.664919,-20.540588],[-54.664909,-20.540588],[-54.66491,-20.540579],[-54.664306,-20.54057],[-54.664306,-20.540561],[-54.664296,-20.540561],[-54.664296,-20.540552],[-54.664287,-20.540552],[-54.664287,-20.540543],[-54.664277,-20.540543],[-54.664278,-20.540534],[-54.664268,-20.540534],[-54.664268,-20.540525],[-54.664259,-20.540525],[-54.664259,-20.540516],[-54.664249,-20.540515],[-54.664249,-20.540506],[-54.66424,-20.540506],[-54.66424,-20.540497],[-54.66423,-20.540497],[-54.66423,-20.540488],[-54.664221,-20.540488],[-54.664221,-20.540479],[-54.664211,-20.540479],[-54.664211,-20.54047],[-54.664202,-20.54047],[-54.664202,-20.540461],[-54.664192,-20.540461],[-54.664193,-20.540451],[-54.664183,-20.540451],[-54.664183,-20.540442],[-54.664173,-20.540442],[-54.664174,-20.540433],[-54.664164,-20.540433],[-54.664164,-20.540424],[-54.664155,-20.540424],[-54.664155,-20.540415],[-54.664145,-20.540415],[-54.664145,-20.540406],[-54.664136,-20.540406],[-54.664136,-20.540397],[-54.664126,-20.540396],[-54.664126,-20.540387],[-54.664117,-20.540387],[-54.664117,-20.540378],[-54.664107,-20.540378],[-54.664107,-20.540369],[-54.664098,-20.540369],[-54.664098,-20.54036],[-54.664088,-20.54036],[-54.664089,-20.540351],[-54.664079,-20.540351],[-54.664079,-20.540342],[-54.66407,-20.540341],[-54.66407,-20.540332],[-54.66406,-20.540332],[-54.66406,-20.540323],[-54.664051,-20.540323],[-54.664051,-20.540314],[-54.664041,-20.540314],[-54.664041,-20.540305],[-54.664032,-20.540305],[-54.664032,-20.540296],[-54.664022,-20.540296],[-54.664022,-20.540287],[-54.664013,-20.540287],[-54.664013,-20.540277],[-54.664003,-20.540277],[-54.664004,-20.540268],[-54.663994,-20.540268],[-54.663994,-20.540259],[-54.663985,-20.540259],[-54.663985,-20.54025],[-54.663975,-20.54025],[-54.663975,-20.540241],[-54.663946,-20.54024],[-54.663947,-20.540231],[-54.663927,-20.540231],[-54.663928,-20.540222],[-54.663908,-20.540222],[-54.663909,-20.540213],[-54.663889,-20.540213],[-54.66389,-20.540204],[-54.66388,-20.540203],[-54.66388,-20.540194],[-54.663861,-20.540194],[-54.663861,-20.540203],[-54.663851,-20.540203],[-54.663851,-20.540239],[-54.663841,-20.540239],[-54.663841,-20.540257],[-54.663831,-20.540257],[-54.663831,-20.540275],[-54.663409,-20.540269],[-54.663409,-20.54026],[-54.663275,-20.540259],[-54.663275,-20.540249],[-54.663256,-20.540249],[-54.663256,-20.54024],[-54.663227,-20.54024],[-54.663228,-20.540231],[-54.663208,-20.540231],[-54.663209,-20.540221],[-54.66248,-20.540212],[-54.66248,-20.540203],[-54.662404,-20.540202],[-54.662404,-20.540193],[-54.662327,-20.540192],[-54.662327,-20.540183],[-54.662318,-20.540182],[-54.662318,-20.540173],[-54.662308,-20.540173],[-54.662308,-20.540164],[-54.662299,-20.540164],[-54.662299,-20.540155],[-54.662289,-20.540155],[-54.662289,-20.540146],[-54.66228,-20.540146],[-54.66228,-20.540137],[-54.662251,-20.540136],[-54.662251,-20.540127],[-54.662213,-20.540127],[-54.662213,-20.540118],[-54.662175,-20.540117],[-54.662175,-20.540108],[-54.662146,-20.540108],[-54.662146,-20.540099],[-54.662118,-20.540098],[-54.662118,-20.540089],[-54.662089,-20.540089],[-54.662089,-20.54008],[-54.662079,-20.54008],[-54.66208,-20.540071],[-54.661715,-20.540066],[-54.661716,-20.540057],[-54.66161,-20.540055],[-54.66161,-20.540046],[-54.661562,-20.540046],[-54.661562,-20.540055],[-54.661553,-20.540055],[-54.661552,-20.540064],[-54.661543,-20.540064],[-54.661543,-20.540073],[-54.661533,-20.540072],[-54.661533,-20.540081],[-54.661523,-20.540081],[-54.661523,-20.54009],[-54.661514,-20.54009],[-54.661514,-20.540099],[-54.661504,-20.540099],[-54.661504,-20.540126],[-54.661302,-20.540124],[-54.661302,-20.540114],[-54.661092,-20.540112],[-54.661092,-20.540103],[-54.660584,-20.540096],[-54.660584,-20.540087],[-54.660574,-20.540087],[-54.660574,-20.540078],[-54.660565,-20.540077],[-54.660565,-20.540068],[-54.660555,-20.540068],[-54.660555,-20.540059],[-54.660546,-20.540059],[-54.660546,-20.54005],[-54.660536,-20.54005],[-54.660537,-20.540032],[-54.660527,-20.540032],[-54.660527,-20.540023],[-54.660518,-20.540023],[-54.660518,-20.540014],[-54.660508,-20.540013],[-54.660508,-20.540004],[-54.66047,-20.540004],[-54.66047,-20.539995],[-54.660432,-20.539994],[-54.660432,-20.539985],[-54.660001,-20.53998],[-54.660001,-20.53997],[-54.659972,-20.53997],[-54.659972,-20.539961],[-54.659646,-20.539957],[-54.659646,-20.539948],[-54.659321,-20.539943],[-54.659321,-20.539934],[-54.659311,-20.539934],[-54.659311,-20.539925],[-54.659302,-20.539925],[-54.659302,-20.539916],[-54.659292,-20.539916],[-54.659292,-20.539907],[-54.659283,-20.539907],[-54.659283,-20.539889],[-54.659273,-20.539888],[-54.659274,-20.539879],[-54.659254,-20.539879],[-54.659255,-20.53987],[-54.659168,-20.539869],[-54.659168,-20.53986],[-54.659159,-20.53986],[-54.659159,-20.539851],[-54.659149,-20.539851],[-54.65915,-20.539842],[-54.65914,-20.539841],[-54.65914,-20.539832],[-54.65913,-20.539832],[-54.659131,-20.539796],[-54.659121,-20.539796],[-54.659122,-20.539787],[-54.659112,-20.539787],[-54.659112,-20.539778],[-54.659103,-20.539778],[-54.659103,-20.53976],[-54.659093,-20.53976],[-54.659093,-20.539751],[-54.659084,-20.53975],[-54.659084,-20.539741],[-54.659074,-20.539741],[-54.659075,-20.539732],[-54.659065,-20.539732],[-54.659065,-20.539723],[-54.659027,-20.539723],[-54.659027,-20.539714],[-54.659017,-20.539713],[-54.659017,-20.539704],[-54.659008,-20.539704],[-54.659008,-20.539695],[-54.658998,-20.539695],[-54.658999,-20.539686],[-54.658989,-20.539686],[-54.658989,-20.539677],[-54.658979,-20.539677],[-54.65898,-20.539668],[-54.65897,-20.539668],[-54.65897,-20.539659],[-54.658961,-20.539658],[-54.658961,-20.539649],[-54.658951,-20.539649],[-54.658951,-20.53964],[-54.658472,-20.539634],[-54.658472,-20.539643],[-54.658462,-20.539643],[-54.658462,-20.539652],[-54.658453,-20.539652],[-54.658452,-20.539661],[-54.658443,-20.53966],[-54.658443,-20.539669],[-54.658433,-20.539669],[-54.658433,-20.539678],[-54.658423,-20.539678],[-54.658423,-20.539687],[-54.658414,-20.539687],[-54.658414,-20.539696],[-54.658404,-20.539696],[-54.658404,-20.539705],[-54.658394,-20.539705],[-54.658394,-20.539714],[-54.658385,-20.539714],[-54.658384,-20.539723],[-54.658375,-20.539723],[-54.658375,-20.539732],[-54.658365,-20.539732],[-54.658365,-20.53975],[-54.658355,-20.53975],[-54.658355,-20.539759],[-54.658346,-20.539758],[-54.658345,-20.539768],[-54.658336,-20.539767],[-54.658336,-20.539776],[-54.658326,-20.539776],[-54.658326,-20.539785],[-54.658316,-20.539785],[-54.658316,-20.539794],[-54.658307,-20.539794],[-54.658306,-20.539803],[-54.658297,-20.539803],[-54.658297,-20.539812],[-54.658287,-20.539812],[-54.658287,-20.539821],[-54.658277,-20.539821],[-54.658277,-20.53983],[-54.658268,-20.53983],[-54.658268,-20.539839],[-54.658258,-20.539839],[-54.658258,-20.539848],[-54.658248,-20.539847],[-54.658248,-20.539857],[-54.658239,-20.539856],[-54.658238,-20.539865],[-54.658229,-20.539865],[-54.658229,-20.539874],[-54.658219,-20.539874],[-54.658219,-20.539883],[-54.658209,-20.539883],[-54.658209,-20.539892],[-54.6582,-20.539892],[-54.6582,-20.539901],[-54.65819,-20.539901],[-54.65819,-20.53991],[-54.65818,-20.53991],[-54.65818,-20.539919],[-54.658171,-20.539919],[-54.65817,-20.539928],[-54.658161,-20.539928],[-54.658161,-20.539937],[-54.658151,-20.539936],[-54.658151,-20.539945],[-54.658141,-20.539945],[-54.658141,-20.539954],[-54.658132,-20.539954],[-54.658131,-20.539963],[-54.658122,-20.539963],[-54.658122,-20.539972],[-54.658112,-20.539972],[-54.658112,-20.539981],[-54.658102,-20.539981],[-54.658102,-20.53999],[-54.658093,-20.53999],[-54.658093,-20.539999],[-54.658083,-20.539999],[-54.658083,-20.540008],[-54.658064,-20.540008],[-54.658064,-20.540017],[-54.658054,-20.540016],[-54.658054,-20.540025],[-54.658035,-20.540025],[-54.658035,-20.540034],[-54.658025,-20.540034],[-54.658025,-20.540043],[-54.658006,-20.540043],[-54.658005,-20.540052],[-54.657996,-20.540052],[-54.657996,-20.540061],[-54.657977,-20.540061],[-54.657976,-20.54007],[-54.657957,-20.540069],[-54.657957,-20.540078],[-54.657948,-20.540078],[-54.657947,-20.540087],[-54.657928,-20.540087],[-54.657928,-20.540096],[-54.657919,-20.540096],[-54.657918,-20.540105],[-54.657909,-20.540105],[-54.657909,-20.540114],[-54.657899,-20.540114],[-54.657899,-20.540123],[-54.657889,-20.540123],[-54.657889,-20.540132],[-54.65788,-20.540131],[-54.65788,-20.54014],[-54.65787,-20.54014],[-54.65787,-20.540158],[-54.657803,-20.540158],[-54.657802,-20.540167],[-54.657793,-20.540166],[-54.657793,-20.540175],[-54.657783,-20.540175],[-54.657783,-20.540184],[-54.657735,-20.540184],[-54.657725,-20.540843],[-54.657715,-20.540843],[-54.657706,-20.540843],[-54.657706,-20.540833],[-54.657696,-20.540833],[-54.657697,-20.540824],[-54.657687,-20.540824],[-54.657687,-20.540815],[-54.657678,-20.540815],[-54.657678,-20.540806],[-54.657668,-20.540806],[-54.657668,-20.540797],[-54.657659,-20.540797],[-54.657659,-20.540788],[-54.657649,-20.540788],[-54.657649,-20.540779],[-54.65764,-20.540778],[-54.65764,-20.540769],[-54.65763,-20.540769],[-54.65763,-20.54076],[-54.657621,-20.54076],[-54.657621,-20.540751],[-54.657611,-20.540751],[-54.657612,-20.540742],[-54.657602,-20.540742],[-54.657602,-20.540733],[-54.657592,-20.540733],[-54.657593,-20.540724],[-54.657583,-20.540723],[-54.657583,-20.540714],[-54.657574,-20.540714],[-54.657574,-20.540705],[-54.657564,-20.540705],[-54.657564,-20.540696],[-54.657555,-20.540696],[-54.657555,-20.540687],[-54.657545,-20.540687],[-54.657545,-20.540678],[-54.657536,-20.540678],[-54.657536,-20.540669],[-54.657526,-20.540669],[-54.657526,-20.540659],[-54.657344,-20.540657],[-54.657344,-20.540666],[-54.657315,-20.540666],[-54.657315,-20.540675],[-54.657306,-20.540675],[-54.657306,-20.540684],[-54.657296,-20.540683],[-54.657296,-20.540692],[-54.657286,-20.540692],[-54.657286,-20.540701],[-54.657277,-20.540701],[-54.657276,-20.54071],[-54.657267,-20.54071],[-54.657267,-20.540719],[-54.657257,-20.540719],[-54.657257,-20.540728],[-54.657247,-20.540728],[-54.657247,-20.540737],[-54.657238,-20.540737],[-54.657238,-20.540746],[-54.657228,-20.540746],[-54.657228,-20.540755],[-54.657199,-20.540754],[-54.657199,-20.540763],[-54.65718,-20.540763],[-54.65718,-20.540772],[-54.656681,-20.540765],[-54.656681,-20.540756],[-54.656672,-20.540756],[-54.656672,-20.540747],[-54.656662,-20.540747],[-54.656662,-20.540738],[-54.656653,-20.540738],[-54.656653,-20.540729],[-54.656643,-20.540729],[-54.656644,-20.54072],[-54.656634,-20.54072],[-54.656634,-20.540711],[-54.656625,-20.540711],[-54.656625,-20.540701],[-54.656615,-20.540701],[-54.656615,-20.540692],[-54.656606,-20.540692],[-54.656606,-20.540683],[-54.656596,-20.540683],[-54.656596,-20.540674],[-54.656587,-20.540674],[-54.656587,-20.540665],[-54.656577,-20.540665],[-54.656577,-20.540656],[-54.656568,-20.540656],[-54.656568,-20.540647],[-54.656558,-20.540646],[-54.656559,-20.540637],[-54.656549,-20.540637],[-54.656549,-20.540628],[-54.65654,-20.540628],[-54.65654,-20.540619],[-54.65653,-20.540619],[-54.65653,-20.54061],[-54.656521,-20.54061],[-54.656521,-20.540601],[-54.656511,-20.540601],[-54.656511,-20.540592],[-54.656502,-20.540591],[-54.656502,-20.540582],[-54.656339,-20.54058],[-54.656339,-20.540571],[-54.656329,-20.540571],[-54.65633,-20.540562],[-54.65632,-20.540562],[-54.65632,-20.540553],[-54.656311,-20.540553],[-54.656311,-20.540544],[-54.656301,-20.540544],[-54.656301,-20.540535],[-54.656292,-20.540534],[-54.656292,-20.540525],[-54.656282,-20.540525],[-54.656282,-20.540516],[-54.656273,-20.540516],[-54.656273,-20.540507],[-54.656263,-20.540507],[-54.656263,-20.540498],[-54.656254,-20.540498],[-54.656254,-20.540489],[-54.656235,-20.540489],[-54.656235,-20.540479],[-54.656206,-20.540479],[-54.656206,-20.54047],[-54.656178,-20.54047],[-54.656178,-20.540461],[-54.656149,-20.54046],[-54.656149,-20.540451],[-54.65612,-20.540451],[-54.656121,-20.540442],[-54.656053,-20.540441],[-54.656054,-20.540432],[-54.656034,-20.540432],[-54.656035,-20.540423],[-54.656015,-20.540422],[-54.656016,-20.540413],[-54.655996,-20.540413],[-54.655996,-20.540404],[-54.655977,-20.540404],[-54.655977,-20.540395],[-54.655958,-20.540394],[-54.655958,-20.540385],[-54.655939,-20.540385],[-54.655939,-20.540376],[-54.65592,-20.540376],[-54.65592,-20.540367],[-54.655901,-20.540367],[-54.655901,-20.540358],[-54.655882,-20.540357],[-54.655882,-20.540348],[-54.655873,-20.540348],[-54.655873,-20.540339],[-54.655863,-20.540339],[-54.655863,-20.54033],[-54.655854,-20.54033],[-54.655854,-20.540321],[-54.655844,-20.540321],[-54.655845,-20.540312],[-54.655835,-20.540312],[-54.655835,-20.540302],[-54.655825,-20.540302],[-54.655826,-20.540293],[-54.655816,-20.540293],[-54.655816,-20.540284],[-54.655807,-20.540284],[-54.655807,-20.540275],[-54.655797,-20.540275],[-54.655797,-20.540266],[-54.655788,-20.540266],[-54.655788,-20.540257],[-54.655778,-20.540257],[-54.655778,-20.540248],[-54.655769,-20.540247],[-54.655769,-20.540238],[-54.655759,-20.540238],[-54.655759,-20.540229],[-54.65575,-20.540229],[-54.65575,-20.54022],[-54.65574,-20.54022],[-54.655741,-20.540211],[-54.655731,-20.540211],[-54.655731,-20.540202],[-54.655722,-20.540202],[-54.655722,-20.540193],[-54.655712,-20.540192],[-54.655712,-20.540183],[-54.655703,-20.540183],[-54.655703,-20.540174],[-54.655693,-20.540174],[-54.655693,-20.540165],[-54.655684,-20.540165],[-54.655684,-20.540156],[-54.655674,-20.540156],[-54.655674,-20.540147],[-54.655665,-20.540147],[-54.655665,-20.540138],[-54.655655,-20.540138],[-54.655656,-20.540128],[-54.655646,-20.540128],[-54.655646,-20.540119],[-54.655637,-20.540119],[-54.655637,-20.54011],[-54.655627,-20.54011],[-54.655627,-20.540101],[-54.655618,-20.540101],[-54.655618,-20.540092],[-54.655608,-20.540092],[-54.655608,-20.540083],[-54.655599,-20.540083],[-54.655599,-20.540074],[-54.655589,-20.540073],[-54.655589,-20.540064],[-54.65558,-20.540064],[-54.65558,-20.540055],[-54.65557,-20.540055],[-54.655571,-20.540046],[-54.655561,-20.540046],[-54.655561,-20.540037],[-54.655552,-20.540037],[-54.655552,-20.540028],[-54.655542,-20.540028],[-54.655542,-20.540019],[-54.655533,-20.540018],[-54.655533,-20.540009],[-54.655523,-20.540009],[-54.655523,-20.54],[-54.655514,-20.54],[-54.655514,-20.539991],[-54.655504,-20.539991],[-54.655504,-20.539982],[-54.655495,-20.539982],[-54.655495,-20.539973],[-54.655485,-20.539973],[-54.655486,-20.539964],[-54.655476,-20.539964],[-54.655476,-20.539954],[-54.655466,-20.539954],[-54.655467,-20.539945],[-54.655457,-20.539945],[-54.655457,-20.539936],[-54.655448,-20.539936],[-54.655448,-20.539927],[-54.655438,-20.539927],[-54.655438,-20.539918],[-54.655429,-20.539918],[-54.655429,-20.539909],[-54.655419,-20.539909],[-54.655419,-20.5399],[-54.65541,-20.539899],[-54.65541,-20.53989],[-54.6554,-20.53989],[-54.6554,-20.539881],[-54.655391,-20.539881],[-54.655391,-20.539872],[-54.655381,-20.539872],[-54.655382,-20.539863],[-54.655372,-20.539863],[-54.655372,-20.539854],[-54.655363,-20.539854],[-54.655363,-20.539845],[-54.655353,-20.539844],[-54.655353,-20.539835],[-54.655344,-20.539835],[-54.655344,-20.539826],[-54.655334,-20.539826],[-54.655334,-20.539817],[-54.655325,-20.539817],[-54.655325,-20.539808],[-54.655315,-20.539808],[-54.655315,-20.539799],[-54.655306,-20.539799],[-54.655306,-20.53979],[-54.655296,-20.539789],[-54.655297,-20.53978],[-54.655287,-20.53978],[-54.655287,-20.539771],[-54.655278,-20.539771],[-54.655278,-20.539762],[-54.655268,-20.539762],[-54.655268,-20.539753],[-54.655259,-20.539753],[-54.655259,-20.539744],[-54.655249,-20.539744],[-54.655249,-20.539735],[-54.65524,-20.539735],[-54.65524,-20.539726],[-54.65523,-20.539725],[-54.65523,-20.539716],[-54.655221,-20.539716],[-54.655221,-20.539707],[-54.655211,-20.539707],[-54.655212,-20.539698],[-54.655202,-20.539698],[-54.655202,-20.539689],[-54.655193,-20.539689],[-54.655193,-20.53968],[-54.655183,-20.53968],[-54.655183,-20.539671],[-54.655174,-20.53967],[-54.655174,-20.539661],[-54.655164,-20.539661],[-54.655164,-20.539652],[-54.655155,-20.539652],[-54.655155,-20.539643],[-54.655145,-20.539643],[-54.655145,-20.539634],[-54.655136,-20.539634],[-54.655136,-20.539625],[-54.655126,-20.539625],[-54.655127,-20.539616],[-54.655117,-20.539615],[-54.655117,-20.539606],[-54.655107,-20.539606],[-54.655108,-20.539597],[-54.655098,-20.539597],[-54.655098,-20.539588],[-54.655089,-20.539588],[-54.655089,-20.539579],[-54.655079,-20.539579],[-54.655079,-20.53957],[-54.65507,-20.53957],[-54.65507,-20.539561],[-54.65506,-20.539561],[-54.65506,-20.539552],[-54.655051,-20.539551],[-54.655051,-20.539542],[-54.655041,-20.539542],[-54.655042,-20.539533],[-54.655032,-20.539533],[-54.655032,-20.539524],[-54.655022,-20.539524],[-54.655023,-20.539515],[-54.655013,-20.539515],[-54.655013,-20.539506],[-54.655004,-20.539506],[-54.655004,-20.539497],[-54.654994,-20.539496],[-54.654994,-20.539487],[-54.654985,-20.539487],[-54.654985,-20.539478],[-54.654956,-20.539478],[-54.654956,-20.539469],[-54.654918,-20.539468],[-54.654918,-20.539459],[-54.65488,-20.539459],[-54.65488,-20.53945],[-54.654841,-20.539449],[-54.654842,-20.53944],[-54.654803,-20.53944],[-54.654803,-20.539431],[-54.654708,-20.539429],[-54.654708,-20.53942],[-54.654689,-20.53942],[-54.654689,-20.539411],[-54.65466,-20.539411],[-54.65466,-20.539402],[-54.654641,-20.539401],[-54.654641,-20.539392],[-54.654622,-20.539392],[-54.654622,-20.539383],[-54.654603,-20.539383],[-54.654603,-20.539374],[-54.654584,-20.539373],[-54.654584,-20.539364],[-54.654565,-20.539364],[-54.654565,-20.539355],[-54.654555,-20.539355],[-54.654555,-20.539364],[-54.654526,-20.539364],[-54.654526,-20.539373],[-54.654373,-20.539371],[-54.654373,-20.539362],[-54.654363,-20.539361],[-54.654364,-20.539352],[-54.654354,-20.539352],[-54.654354,-20.539343],[-54.654345,-20.539343],[-54.654345,-20.539334],[-54.654335,-20.539334],[-54.654335,-20.539325],[-54.654326,-20.539325],[-54.654326,-20.539316],[-54.654316,-20.539316],[-54.654316,-20.539307],[-54.654307,-20.539307],[-54.654307,-20.539297],[-54.654288,-20.539297],[-54.654288,-20.539288],[-54.654278,-20.539288],[-54.654278,-20.539279],[-54.654269,-20.539279],[-54.654269,-20.53927],[-54.654259,-20.53927],[-54.65426,-20.539261],[-54.65425,-20.539261],[-54.65425,-20.539252],[-54.654241,-20.539251],[-54.654241,-20.539242],[-54.654231,-20.539242],[-54.654231,-20.539233],[-54.654222,-20.539233],[-54.654222,-20.539224],[-54.654212,-20.539224],[-54.654212,-20.539215],[-54.654203,-20.539215],[-54.654203,-20.539206],[-54.654193,-20.539206],[-54.654193,-20.539197],[-54.654184,-20.539196],[-54.654184,-20.539187],[-54.654174,-20.539187],[-54.654175,-20.539178],[-54.654165,-20.539178],[-54.654165,-20.539169],[-54.654155,-20.539169],[-54.654156,-20.53916],[-54.654146,-20.53916],[-54.654146,-20.539151],[-54.65405,-20.53915],[-54.65405,-20.539141],[-54.654022,-20.53914],[-54.654022,-20.539131],[-54.653993,-20.539131],[-54.653993,-20.539122],[-54.653974,-20.539121],[-54.653974,-20.539112],[-54.653945,-20.539112],[-54.653946,-20.539103],[-54.653917,-20.539103],[-54.653917,-20.539094],[-54.653888,-20.539093],[-54.653888,-20.539084],[-54.65386,-20.539084],[-54.65386,-20.539075],[-54.653812,-20.539074],[-54.653812,-20.539065],[-54.653802,-20.539065],[-54.653803,-20.539056],[-54.653793,-20.539056],[-54.653793,-20.539047],[-54.653783,-20.539047],[-54.653784,-20.539038],[-54.653774,-20.539037],[-54.653774,-20.539028],[-54.653765,-20.539028],[-54.653765,-20.539019],[-54.653755,-20.539019],[-54.653755,-20.53901],[-54.653746,-20.53901],[-54.653746,-20.539001],[-54.653736,-20.539001],[-54.653736,-20.538992],[-54.653727,-20.538992],[-54.653727,-20.538983],[-54.653717,-20.538982],[-54.653717,-20.538973],[-54.653708,-20.538973],[-54.653708,-20.538964],[-54.653698,-20.538964],[-54.653699,-20.538955],[-54.653689,-20.538955],[-54.653689,-20.538946],[-54.65368,-20.538946],[-54.65368,-20.538919],[-54.65367,-20.538919],[-54.653671,-20.538892],[-54.653661,-20.538891],[-54.653662,-20.538864],[-54.653652,-20.538864],[-54.653653,-20.538792],[-54.653644,-20.538792],[-54.653644,-20.538774],[-54.653634,-20.538774],[-54.653634,-20.538765],[-54.653625,-20.538764],[-54.653625,-20.538755],[-54.653615,-20.538755],[-54.653615,-20.538746],[-54.653606,-20.538746],[-54.653606,-20.538737],[-54.653596,-20.538737],[-54.653597,-20.538728],[-54.653587,-20.538728],[-54.653587,-20.538719],[-54.653578,-20.538719],[-54.653578,-20.53871],[-54.653568,-20.53871],[-54.653568,-20.538701],[-54.653559,-20.5387],[-54.653559,-20.538691],[-54.653549,-20.538691],[-54.653549,-20.538682],[-54.65354,-20.538682],[-54.653542,-20.53852],[-54.653533,-20.538519],[-54.653534,-20.538465],[-54.653524,-20.538465],[-54.653524,-20.538456],[-54.653514,-20.538456],[-54.653515,-20.538447],[-54.653505,-20.538447],[-54.653505,-20.538438],[-54.653496,-20.538438],[-54.653496,-20.538429],[-54.653486,-20.538428],[-54.653486,-20.538419],[-54.653477,-20.538419],[-54.653477,-20.53841],[-54.653467,-20.53841],[-54.653467,-20.538401],[-54.653458,-20.538401],[-54.653458,-20.538392],[-54.653448,-20.538392],[-54.653448,-20.538383],[-54.653439,-20.538383],[-54.653439,-20.538374],[-54.653429,-20.538374],[-54.65343,-20.538365],[-54.65342,-20.538364],[-54.65342,-20.538355],[-54.653411,-20.538355],[-54.653411,-20.538346],[-54.653401,-20.538346],[-54.653401,-20.538337],[-54.653392,-20.538337],[-54.653392,-20.538328],[-54.653382,-20.538328],[-54.653382,-20.538319],[-54.653373,-20.538319],[-54.653373,-20.53831],[-54.653335,-20.538309],[-54.653335,-20.5383],[-54.653325,-20.5383],[-54.653326,-20.538264],[-54.653316,-20.538264],[-54.653317,-20.538218],[-54.653307,-20.538218],[-54.653308,-20.538173],[-54.653298,-20.538173],[-54.653299,-20.538137],[-54.653289,-20.538137],[-54.653289,-20.538128],[-54.65328,-20.538128],[-54.65328,-20.538119],[-54.65327,-20.538119],[-54.653271,-20.53811],[-54.653261,-20.538109],[-54.653261,-20.5381],[-54.653251,-20.5381],[-54.653252,-20.538091],[-54.653242,-20.538091],[-54.653242,-20.538082],[-54.653233,-20.538082],[-54.653233,-20.538073],[-54.653223,-20.538073],[-54.653223,-20.538064],[-54.653214,-20.538064],[-54.653214,-20.538055],[-54.653204,-20.538054],[-54.653204,-20.538045],[-54.653195,-20.538045],[-54.653195,-20.538036],[-54.653185,-20.538036],[-54.653185,-20.538027],[-54.653176,-20.538027],[-54.653176,-20.538018],[-54.653166,-20.538018],[-54.653167,-20.538009],[-54.653157,-20.538009],[-54.653157,-20.538],[-54.653148,-20.537999],[-54.653148,-20.53799],[-54.653138,-20.53799],[-54.653138,-20.537981],[-54.653129,-20.537981],[-54.653129,-20.537972],[-54.653119,-20.537972],[-54.653119,-20.537963],[-54.65311,-20.537963],[-54.65311,-20.537954],[-54.6531,-20.537954],[-54.6531,-20.537945],[-54.653091,-20.537945],[-54.653091,-20.537936],[-54.653081,-20.537935],[-54.653082,-20.537926],[-54.653062,-20.537926],[-54.653063,-20.537917],[-54.653053,-20.537917],[-54.653053,-20.537908],[-54.653044,-20.537908],[-54.653044,-20.537899],[-54.653024,-20.537898],[-54.653025,-20.537889],[-54.652996,-20.537889],[-54.652996,-20.53788],[-54.652967,-20.53788],[-54.652967,-20.537871],[-54.65291,-20.53787],[-54.65291,-20.537861],[-54.652872,-20.53786],[-54.652872,-20.537851],[-54.652862,-20.537851],[-54.652862,-20.537842],[-54.652853,-20.537842],[-54.652853,-20.537833],[-54.652843,-20.537833],[-54.652843,-20.537824],[-54.652834,-20.537824],[-54.652834,-20.537815],[-54.652824,-20.537814],[-54.652825,-20.537805],[-54.652815,-20.537805],[-54.652815,-20.537796],[-54.652806,-20.537796],[-54.652806,-20.537787],[-54.652796,-20.537787],[-54.652796,-20.537778],[-54.652787,-20.537778],[-54.652787,-20.537769],[-54.652777,-20.537769],[-54.652777,-20.53776],[-54.652768,-20.53776],[-54.652768,-20.537751],[-54.652758,-20.53775],[-54.652758,-20.537741],[-54.652749,-20.537741],[-54.652749,-20.537732],[-54.652739,-20.537732],[-54.65274,-20.537723],[-54.65273,-20.537723],[-54.65273,-20.537714],[-54.652558,-20.537712],[-54.652558,-20.537703],[-54.652519,-20.537702],[-54.65252,-20.537693],[-54.65251,-20.537693],[-54.65251,-20.537684],[-54.6525,-20.537684],[-54.652501,-20.537675],[-54.652491,-20.537675],[-54.652491,-20.537665],[-54.652482,-20.537665],[-54.652482,-20.537656],[-54.652472,-20.537656],[-54.652472,-20.537647],[-54.652463,-20.537647],[-54.652463,-20.537638],[-54.652453,-20.537638],[-54.652453,-20.537629],[-54.652444,-20.537629],[-54.652444,-20.53762],[-54.652434,-20.53762],[-54.652435,-20.537611],[-54.652425,-20.53761],[-54.652425,-20.537601],[-54.652415,-20.537601],[-54.652416,-20.537592],[-54.652406,-20.537592],[-54.652406,-20.537583],[-54.652397,-20.537583],[-54.652397,-20.537574],[-54.652387,-20.537574],[-54.652387,-20.537565],[-54.652378,-20.537565],[-54.652378,-20.537556],[-54.652368,-20.537555],[-54.652368,-20.537546],[-54.652359,-20.537546],[-54.652359,-20.53751],[-54.65235,-20.53751],[-54.65235,-20.537501],[-54.65234,-20.537501],[-54.65234,-20.537492],[-54.652331,-20.537492],[-54.652331,-20.537483],[-54.652321,-20.537483],[-54.652322,-20.537474],[-54.652312,-20.537473],[-54.652312,-20.537464],[-54.652293,-20.537464],[-54.652294,-20.537383],[-54.652285,-20.537383],[-54.652285,-20.537374],[-54.652275,-20.537374],[-54.652275,-20.537365],[-54.652266,-20.537364],[-54.652266,-20.537355],[-54.652256,-20.537355],[-54.652256,-20.537346],[-54.652247,-20.537346],[-54.652247,-20.537328],[-54.652237,-20.537328],[-54.652238,-20.53731],[-54.652228,-20.53731],[-54.652228,-20.537292],[-54.652219,-20.537292],[-54.652219,-20.537274],[-54.65221,-20.537273],[-54.65221,-20.537255],[-54.6522,-20.537255],[-54.652201,-20.537237],[-54.652191,-20.537237],[-54.652191,-20.537228],[-54.652182,-20.537228],[-54.652182,-20.537219],[-54.652172,-20.537219],[-54.652172,-20.53721],[-54.652163,-20.53721],[-54.652163,-20.5372],[-54.652153,-20.5372],[-54.652153,-20.537191],[-54.651818,-20.537187],[-54.651818,-20.537178],[-54.651808,-20.537178],[-54.651809,-20.537169],[-54.651799,-20.537168],[-54.651799,-20.537159],[-54.65179,-20.537159],[-54.65179,-20.53715],[-54.65178,-20.53715],[-54.65178,-20.537141],[-54.651771,-20.537141],[-54.651771,-20.537132],[-54.651761,-20.537132],[-54.651761,-20.537123],[-54.651752,-20.537123],[-54.651752,-20.537114],[-54.651742,-20.537114],[-54.651742,-20.537104],[-54.651733,-20.537104],[-54.651733,-20.537095],[-54.651723,-20.537095],[-54.651724,-20.537086],[-54.651714,-20.537086],[-54.651714,-20.537077],[-54.651704,-20.537077],[-54.651705,-20.537068],[-54.651695,-20.537068],[-54.651695,-20.537059],[-54.651686,-20.537059],[-54.651686,-20.53705],[-54.651676,-20.537049],[-54.651676,-20.53704],[-54.651667,-20.53704],[-54.651667,-20.537031],[-54.651303,-20.537026],[-54.651303,-20.537017],[-54.651284,-20.537017],[-54.651284,-20.537008],[-54.651265,-20.537008],[-54.651265,-20.536999],[-54.651246,-20.536998],[-54.651246,-20.536989],[-54.651226,-20.536989],[-54.651227,-20.53698],[-54.651207,-20.53698],[-54.651208,-20.536971],[-54.651188,-20.536971],[-54.651189,-20.536962],[-54.651169,-20.536961],[-54.65117,-20.536952],[-54.65115,-20.536952],[-54.651151,-20.536943],[-54.651131,-20.536943],[-54.651131,-20.536934],[-54.651112,-20.536933],[-54.651112,-20.536924],[-54.651093,-20.536924],[-54.651093,-20.536915],[-54.651074,-20.536915],[-54.651074,-20.536906],[-54.651055,-20.536906],[-54.651055,-20.536897],[-54.651036,-20.536896],[-54.651036,-20.536887],[-54.651017,-20.536887],[-54.651017,-20.536878],[-54.650998,-20.536878],[-54.650998,-20.536869],[-54.650979,-20.536868],[-54.650979,-20.536859],[-54.65096,-20.536859],[-54.65096,-20.53685],[-54.650941,-20.53685],[-54.650941,-20.536841],[-54.650357,-20.536833],[-54.650357,-20.536824],[-54.650347,-20.536824],[-54.650347,-20.536815],[-54.650338,-20.536815],[-54.650338,-20.536806],[-54.650328,-20.536805],[-54.650328,-20.536796],[-54.650319,-20.536796],[-54.650319,-20.536787],[-54.650309,-20.536787],[-54.650309,-20.536778],[-54.6503,-20.536778],[-54.6503,-20.536769],[-54.65029,-20.536769],[-54.650291,-20.53676],[-54.650281,-20.53676],[-54.650281,-20.536751],[-54.650271,-20.53675],[-54.650272,-20.536741],[-54.650262,-20.536741],[-54.650262,-20.536732],[-54.650253,-20.536732],[-54.650253,-20.536723],[-54.650243,-20.536723],[-54.650243,-20.536714],[-54.650234,-20.536714],[-54.650234,-20.536705],[-54.650224,-20.536705],[-54.650224,-20.536696],[-54.650215,-20.536695],[-54.650215,-20.536686],[-54.650205,-20.536686],[-54.650205,-20.536677],[-54.650196,-20.536677],[-54.650196,-20.536668],[-54.650186,-20.536668],[-54.650187,-20.536659],[-54.650177,-20.536659],[-54.650177,-20.53665],[-54.650168,-20.53665],[-54.650168,-20.536641],[-54.650158,-20.536641],[-54.650158,-20.536632],[-54.650149,-20.536631],[-54.650149,-20.536622],[-54.650139,-20.536622],[-54.650139,-20.536613],[-54.65013,-20.536613],[-54.65013,-20.536604],[-54.65012,-20.536604],[-54.65012,-20.536595],[-54.650111,-20.536595],[-54.650111,-20.536586],[-54.650101,-20.536586],[-54.650102,-20.536577],[-54.650092,-20.536576],[-54.650092,-20.536567],[-54.650083,-20.536567],[-54.650083,-20.536558],[-54.650073,-20.536558],[-54.650073,-20.536549],[-54.650054,-20.536549],[-54.650054,-20.53654],[-54.650045,-20.53654],[-54.650045,-20.536531],[-54.650026,-20.53653],[-54.650026,-20.536521],[-54.650007,-20.536521],[-54.650007,-20.536512],[-54.649997,-20.536512],[-54.649997,-20.536503],[-54.649978,-20.536503],[-54.649978,-20.536494],[-54.649959,-20.536493],[-54.649959,-20.536484],[-54.64994,-20.536484],[-54.64994,-20.536475],[-54.649931,-20.536475],[-54.649931,-20.536466],[-54.649912,-20.536466],[-54.649912,-20.536457],[-54.649902,-20.536456],[-54.649902,-20.536447],[-54.649845,-20.536447],[-54.649845,-20.536438],[-54.649816,-20.536437],[-54.649816,-20.536428],[-54.649768,-20.536428],[-54.649768,-20.536419],[-54.64974,-20.536418],[-54.64974,-20.536409],[-54.649702,-20.536409],[-54.649702,-20.5364],[-54.649663,-20.536399],[-54.649663,-20.53639],[-54.649616,-20.536389],[-54.649616,-20.53638],[-54.649587,-20.53638],[-54.649587,-20.536371],[-54.649568,-20.536371],[-54.649568,-20.536362],[-54.649539,-20.536361],[-54.649539,-20.536352],[-54.649511,-20.536352],[-54.649511,-20.536343],[-54.649482,-20.536342],[-54.649482,-20.536333],[-54.649453,-20.536333],[-54.649454,-20.536324],[-54.649425,-20.536324],[-54.649425,-20.536315],[-54.649396,-20.536314],[-54.649396,-20.536305],[-54.649368,-20.536305],[-54.649368,-20.536296],[-54.649339,-20.536295],[-54.649339,-20.536286],[-54.64931,-20.536286],[-54.64931,-20.536277],[-54.649291,-20.536277],[-54.649291,-20.536268],[-54.649263,-20.536267],[-54.649263,-20.536258],[-54.649234,-20.536258],[-54.649234,-20.536249],[-54.649205,-20.536248],[-54.649206,-20.536239],[-54.649177,-20.536239],[-54.649177,-20.53623],[-54.649148,-20.536229],[-54.649148,-20.53622],[-54.64912,-20.53622],[-54.64912,-20.536211],[-54.649091,-20.536211],[-54.649091,-20.536202],[-54.649062,-20.536201],[-54.649063,-20.536192],[-54.648775,-20.536188],[-54.648775,-20.536197],[-54.648765,-20.536197],[-54.648765,-20.536206],[-54.648756,-20.536206],[-54.648755,-20.536215],[-54.648746,-20.536215],[-54.648746,-20.536224],[-54.648736,-20.536224],[-54.648736,-20.536233],[-54.648726,-20.536233],[-54.648726,-20.536242],[-54.648717,-20.536242],[-54.648717,-20.536251],[-54.648707,-20.536251],[-54.648707,-20.53626],[-54.648697,-20.536259],[-54.648697,-20.536269],[-54.648687,-20.536268],[-54.648687,-20.536277],[-54.648678,-20.536277],[-54.648678,-20.536286],[-54.648668,-20.536286],[-54.648668,-20.536295],[-54.648658,-20.536295],[-54.648658,-20.536304],[-54.648649,-20.536304],[-54.648648,-20.536313],[-54.648639,-20.536313],[-54.648639,-20.536322],[-54.648629,-20.536322],[-54.648629,-20.536331],[-54.648619,-20.536331],[-54.648619,-20.53634],[-54.64861,-20.53634],[-54.64861,-20.536349],[-54.6486,-20.536348],[-54.6486,-20.536367],[-54.64859,-20.536366],[-54.64859,-20.536393],[-54.64858,-20.536393],[-54.64858,-20.536402],[-54.647324,-20.536385],[-54.647325,-20.536376],[-54.647305,-20.536376],[-54.647306,-20.536367],[-54.647296,-20.536367],[-54.647296,-20.536358],[-54.647277,-20.536358],[-54.647277,-20.536349],[-54.647267,-20.536348],[-54.647268,-20.536339],[-54.647258,-20.536339],[-54.647248,-20.536339],[-54.647249,-20.53633],[-54.647239,-20.53633],[-54.647239,-20.536321],[-54.64723,-20.536321],[-54.64723,-20.536312],[-54.64721,-20.536312],[-54.647211,-20.536303],[-54.647201,-20.536302],[-54.647201,-20.536293],[-54.647182,-20.536293],[-54.647182,-20.536284],[-54.647173,-20.536284],[-54.647173,-20.536275],[-54.647154,-20.536275],[-54.647154,-20.536266],[-54.647144,-20.536266],[-54.647144,-20.536256],[-54.647135,-20.536256],[-54.647135,-20.536247],[-54.647125,-20.536247],[-54.647125,-20.536238],[-54.647116,-20.536238],[-54.647116,-20.53622],[-54.647106,-20.53622],[-54.647107,-20.536211],[-54.647097,-20.536211],[-54.647097,-20.536202],[-54.647088,-20.536202],[-54.647088,-20.536193],[-54.647078,-20.536192],[-54.647078,-20.536183],[-54.647069,-20.536183],[-54.647069,-20.536174],[-54.647059,-20.536174],[-54.647059,-20.536165],[-54.64705,-20.536165],[-54.64705,-20.536156],[-54.64704,-20.536156],[-54.64704,-20.536147],[-54.647031,-20.536147],[-54.647031,-20.536129],[-54.647022,-20.536128],[-54.647022,-20.536119],[-54.647012,-20.536119],[-54.647012,-20.53611],[-54.647003,-20.53611],[-54.647003,-20.536101],[-54.646993,-20.536101],[-54.646993,-20.536092],[-54.646984,-20.536092],[-54.646984,-20.536083],[-54.646974,-20.536083],[-54.646974,-20.536074],[-54.646965,-20.536073],[-54.646965,-20.536064],[-54.646955,-20.536064],[-54.646956,-20.536055],[-54.646946,-20.536055],[-54.646946,-20.536046],[-54.646937,-20.536046],[-54.646937,-20.536028],[-54.646927,-20.536028],[-54.646927,-20.536019],[-54.646918,-20.536019],[-54.646918,-20.53601],[-54.646908,-20.536009],[-54.646908,-20.536],[-54.646899,-20.536],[-54.646899,-20.535991],[-54.646889,-20.535991],[-54.64689,-20.535982],[-54.64688,-20.535982],[-54.64688,-20.535973],[-54.646871,-20.535973],[-54.646871,-20.535964],[-54.646861,-20.535964],[-54.646861,-20.535955],[-54.646852,-20.535955],[-54.646852,-20.535936],[-54.646842,-20.535936],[-54.646843,-20.535927],[-54.646833,-20.535927],[-54.646833,-20.535918],[-54.646823,-20.535918],[-54.646824,-20.535909],[-54.646814,-20.535909],[-54.646814,-20.5359],[-54.646805,-20.5359],[-54.646805,-20.535891],[-54.646795,-20.535891],[-54.646795,-20.535881],[-54.646786,-20.535881],[-54.646786,-20.535872],[-54.646776,-20.535872],[-54.646776,-20.535863],[-54.646767,-20.535863],[-54.646767,-20.535845],[-54.646757,-20.535845],[-54.646758,-20.535836],[-54.646748,-20.535836],[-54.646748,-20.535827],[-54.646739,-20.535827],[-54.646739,-20.535818],[-54.646729,-20.535817],[-54.646729,-20.535808],[-54.64672,-20.535808],[-54.64672,-20.535799],[-54.64671,-20.535799],[-54.64671,-20.53579],[-54.646701,-20.53579],[-54.646701,-20.535781],[-54.646078,-20.535772],[-54.646078,-20.535763],[-54.646069,-20.535763],[-54.646069,-20.535754],[-54.646059,-20.535754],[-54.646059,-20.535745],[-54.64605,-20.535745],[-54.64605,-20.535736],[-54.646031,-20.535736],[-54.646031,-20.535727],[-54.646021,-20.535726],[-54.646021,-20.535717],[-54.646012,-20.535717],[-54.646012,-20.535708],[-54.646002,-20.535708],[-54.646002,-20.535699],[-54.645983,-20.535699],[-54.645983,-20.53569],[-54.645974,-20.53569],[-54.645974,-20.535672],[-54.645964,-20.535672],[-54.645965,-20.535663],[-54.645955,-20.535662],[-54.645955,-20.535644],[-54.645946,-20.535644],[-54.645946,-20.535626],[-54.645936,-20.535626],[-54.645937,-20.535608],[-54.645927,-20.535608],[-54.645927,-20.53559],[-54.645918,-20.53559],[-54.645918,-20.535581],[-54.645908,-20.53558],[-54.645909,-20.535562],[-54.645899,-20.535562],[-54.645899,-20.535544],[-54.64589,-20.535544],[-54.64589,-20.535526],[-54.64588,-20.535526],[-54.645881,-20.535508],[-54.645871,-20.535508],[-54.645871,-20.535499],[-54.645862,-20.535499],[-54.645862,-20.535481],[-54.645852,-20.53548],[-54.645853,-20.535462],[-54.645843,-20.535462],[-54.645843,-20.535444],[-54.645834,-20.535444],[-54.645834,-20.535426],[-54.645824,-20.535426],[-54.645825,-20.535408],[-54.645815,-20.535408],[-54.645815,-20.535399],[-54.645806,-20.535398],[-54.645806,-20.53538],[-54.645796,-20.53538],[-54.645797,-20.535362],[-54.645787,-20.535362],[-54.645787,-20.535353],[-54.645778,-20.535353],[-54.645778,-20.535344],[-54.645663,-20.535342],[-54.645663,-20.535333],[-54.645548,-20.535332],[-54.645548,-20.535323],[-54.645423,-20.535321],[-54.645424,-20.535312],[-54.645309,-20.53531],[-54.645309,-20.535301],[-54.64528,-20.535301],[-54.645251,-20.535301],[-54.645251,-20.535292],[-54.645155,-20.53529],[-54.645156,-20.535281],[-54.645069,-20.53528],[-54.645069,-20.535271],[-54.644974,-20.53527],[-54.644974,-20.535261],[-54.644888,-20.53526],[-54.644888,-20.535251],[-54.644792,-20.535249],[-54.644792,-20.53524],[-54.644725,-20.535239],[-54.644725,-20.53523],[-54.644715,-20.53523],[-54.644716,-20.535221],[-54.644696,-20.535221],[-54.644697,-20.535212],[-54.644677,-20.535212],[-54.644677,-20.535203],[-54.644658,-20.535202],[-54.644658,-20.535193],[-54.644639,-20.535193],[-54.644639,-20.535184],[-54.64462,-20.535184],[-54.64462,-20.535175],[-54.644601,-20.535174],[-54.644601,-20.535165],[-54.644582,-20.535165],[-54.644582,-20.535156],[-54.644563,-20.535156],[-54.644563,-20.535147],[-54.644544,-20.535147],[-54.644544,-20.535138],[-54.644525,-20.535137],[-54.644525,-20.535128],[-54.644506,-20.535128],[-54.644506,-20.535119],[-54.644487,-20.535119],[-54.644487,-20.53511],[-54.644468,-20.535109],[-54.644468,-20.5351],[-54.644449,-20.5351],[-54.644449,-20.535091],[-54.64443,-20.535091],[-54.64443,-20.535082],[-54.644411,-20.535082],[-54.644411,-20.535072],[-54.644392,-20.535072],[-54.644392,-20.535063],[-54.644373,-20.535063],[-54.644373,-20.535054],[-54.644354,-20.535054],[-54.644354,-20.535045],[-54.644335,-20.535044],[-54.644335,-20.535035],[-54.644316,-20.535035],[-54.644316,-20.535026],[-54.644297,-20.535026],[-54.644297,-20.535017],[-54.644278,-20.535017],[-54.644278,-20.535007],[-54.644259,-20.535007],[-54.644259,-20.534998],[-54.64424,-20.534998],[-54.64424,-20.534989],[-54.644211,-20.534989],[-54.644211,-20.534979],[-54.644096,-20.534978],[-54.644096,-20.534987],[-54.644086,-20.534987],[-54.644086,-20.534996],[-54.644077,-20.534996],[-54.644077,-20.535005],[-54.644067,-20.535005],[-54.644067,-20.535014],[-54.644057,-20.535014],[-54.644057,-20.535023],[-54.644048,-20.535022],[-54.644047,-20.535031],[-54.644038,-20.535031],[-54.644038,-20.53504],[-54.644028,-20.53504],[-54.644028,-20.535049],[-54.644018,-20.535049],[-54.644018,-20.535058],[-54.644009,-20.535058],[-54.644008,-20.535067],[-54.643999,-20.535067],[-54.643999,-20.535076],[-54.643989,-20.535076],[-54.643989,-20.535085],[-54.643979,-20.535085],[-54.643979,-20.535094],[-54.64397,-20.535094],[-54.64397,-20.535103],[-54.643941,-20.535102],[-54.643941,-20.535093],[-54.643903,-20.535093],[-54.643903,-20.535084],[-54.643864,-20.535083],[-54.643865,-20.535074],[-54.643826,-20.535074],[-54.643826,-20.535065],[-54.643788,-20.535064],[-54.643788,-20.535055],[-54.64375,-20.535054],[-54.64375,-20.535045],[-54.643712,-20.535045],[-54.643712,-20.535036],[-54.643673,-20.535035],[-54.643674,-20.535026],[-54.643635,-20.535026],[-54.643635,-20.535017],[-54.643597,-20.535016],[-54.643597,-20.535007],[-54.643559,-20.535007],[-54.643559,-20.534998],[-54.643521,-20.534997],[-54.643521,-20.534988],[-54.643482,-20.534988],[-54.643483,-20.534979],[-54.643444,-20.534978],[-54.643444,-20.534969],[-54.643435,-20.534969],[-54.643435,-20.534951],[-54.643426,-20.534951],[-54.643426,-20.534924],[-54.643416,-20.534924],[-54.643417,-20.534905],[-54.643407,-20.534905],[-54.643407,-20.534887],[-54.643398,-20.534887],[-54.643398,-20.53486],[-54.643389,-20.53486],[-54.643389,-20.534842],[-54.643379,-20.534842],[-54.64338,-20.534815],[-54.64337,-20.534815],[-54.64337,-20.534796],[-54.643361,-20.534796],[-54.643361,-20.534778],[-54.643351,-20.534778],[-54.643352,-20.534751],[-54.643342,-20.534751],[-54.643343,-20.534733],[-54.643333,-20.534733],[-54.643333,-20.534706],[-54.643324,-20.534706],[-54.643324,-20.534687],[-54.643315,-20.534687],[-54.643315,-20.534669],[-54.643305,-20.534669],[-54.643306,-20.534642],[-54.643296,-20.534642],[-54.643296,-20.534624],[-54.643287,-20.534624],[-54.643287,-20.534606],[-54.643277,-20.534606],[-54.643278,-20.534588],[-54.643259,-20.534587],[-54.643259,-20.534578],[-54.643239,-20.534578],[-54.643239,-20.534587],[-54.64322,-20.534587],[-54.64322,-20.534596],[-54.643191,-20.534595],[-54.643191,-20.534604],[-54.643162,-20.534604],[-54.643162,-20.534613],[-54.643134,-20.534613],[-54.643133,-20.534622],[-54.643105,-20.534621],[-54.643104,-20.53463],[-54.643076,-20.53463],[-54.643076,-20.534639],[-54.643047,-20.534639],[-54.643047,-20.534648],[-54.643018,-20.534647],[-54.643018,-20.534656],[-54.642989,-20.534656],[-54.642989,-20.534665],[-54.64296,-20.534664],[-54.64296,-20.534673],[-54.642931,-20.534673],[-54.642931,-20.534682],[-54.642912,-20.534682],[-54.642912,-20.534691],[-54.642883,-20.534691],[-54.642883,-20.5347],[-54.642854,-20.534699],[-54.642854,-20.534708],[-54.642825,-20.534708],[-54.642825,-20.534717],[-54.642796,-20.534716],[-54.642796,-20.534725],[-54.642777,-20.534725],[-54.642777,-20.534734],[-54.642537,-20.534731],[-54.642537,-20.534722],[-54.642518,-20.534722],[-54.642518,-20.534713],[-54.642509,-20.534713],[-54.642509,-20.534703],[-54.642499,-20.534703],[-54.6425,-20.534694],[-54.64249,-20.534694],[-54.64249,-20.534685],[-54.642471,-20.534685],[-54.642471,-20.534676],[-54.642461,-20.534676],[-54.642462,-20.534667],[-54.642452,-20.534667],[-54.642452,-20.534658],[-54.642443,-20.534657],[-54.642445,-20.534477],[-54.642417,-20.534476],[-54.642417,-20.534467],[-54.64235,-20.534467],[-54.64235,-20.534457],[-54.642273,-20.534456],[-54.642273,-20.534447],[-54.642072,-20.534445],[-54.642072,-20.534436],[-54.642063,-20.534436],[-54.642063,-20.534426],[-54.642053,-20.534426],[-54.642053,-20.534417],[-54.642034,-20.534417],[-54.642034,-20.534408],[-54.642025,-20.534408],[-54.642025,-20.534399],[-54.642006,-20.534399],[-54.642006,-20.53439],[-54.641987,-20.534389],[-54.641987,-20.53438],[-54.641977,-20.53438],[-54.641977,-20.534371],[-54.641949,-20.534371],[-54.641949,-20.534362],[-54.64192,-20.534361],[-54.64192,-20.534352],[-54.641901,-20.534352],[-54.641901,-20.534343],[-54.641891,-20.534343],[-54.641892,-20.534334],[-54.641872,-20.534334],[-54.641873,-20.534325],[-54.641863,-20.534324],[-54.641863,-20.534315],[-54.641853,-20.534315],[-54.641854,-20.534306],[-54.641834,-20.534306],[-54.641835,-20.534297],[-54.641825,-20.534297],[-54.641825,-20.534288],[-54.641816,-20.534288],[-54.641816,-20.534279],[-54.641806,-20.534279],[-54.641806,-20.534269],[-54.641797,-20.534269],[-54.641797,-20.53426],[-54.641787,-20.53426],[-54.641787,-20.534251],[-54.641778,-20.534251],[-54.641778,-20.534242],[-54.641768,-20.534242],[-54.641768,-20.534233],[-54.641759,-20.534233],[-54.641759,-20.534224],[-54.641749,-20.534224],[-54.64175,-20.534215],[-54.64174,-20.534214],[-54.64174,-20.534205],[-54.641731,-20.534205],[-54.641731,-20.534196],[-54.641721,-20.534196],[-54.641721,-20.534187],[-54.641712,-20.534187],[-54.641712,-20.534178],[-54.641702,-20.534178],[-54.641702,-20.534169],[-54.641683,-20.534168],[-54.641683,-20.534159],[-54.641674,-20.534159],[-54.641674,-20.53415],[-54.641664,-20.53415],[-54.641664,-20.534141],[-54.641655,-20.534141],[-54.641655,-20.534132],[-54.641645,-20.534132],[-54.641646,-20.534123],[-54.641636,-20.534123],[-54.641636,-20.534114],[-54.641627,-20.534114],[-54.641627,-20.534105],[-54.641617,-20.534104],[-54.641617,-20.534095],[-54.641608,-20.534095],[-54.641608,-20.534086],[-54.641598,-20.534086],[-54.641598,-20.534077],[-54.641589,-20.534077],[-54.641589,-20.534068],[-54.641579,-20.534068],[-54.641579,-20.534059],[-54.64157,-20.534059],[-54.64157,-20.53405],[-54.64156,-20.534049],[-54.641561,-20.53404],[-54.641551,-20.53404],[-54.641551,-20.534031],[-54.641542,-20.534031],[-54.641542,-20.534022],[-54.641532,-20.534022],[-54.641532,-20.534013],[-54.641523,-20.534013],[-54.641523,-20.534004],[-54.641513,-20.534004],[-54.641513,-20.533995],[-54.641504,-20.533994],[-54.641504,-20.533985],[-54.641494,-20.533985],[-54.641494,-20.533976],[-54.641485,-20.533976],[-54.641485,-20.533967],[-54.641475,-20.533967],[-54.641476,-20.533958],[-54.641466,-20.533958],[-54.641466,-20.533949],[-54.641456,-20.533949],[-54.641457,-20.53394],[-54.641447,-20.53394],[-54.641447,-20.53393],[-54.641438,-20.53393],[-54.641438,-20.533921],[-54.641428,-20.533921],[-54.641428,-20.533912],[-54.641419,-20.533912],[-54.641419,-20.533903],[-54.641409,-20.533903],[-54.641409,-20.533894],[-54.6414,-20.533894],[-54.6414,-20.533885],[-54.64139,-20.533885],[-54.641391,-20.533876],[-54.641381,-20.533875],[-54.641381,-20.533866],[-54.641371,-20.533866],[-54.641372,-20.533857],[-54.641362,-20.533857],[-54.641362,-20.533848],[-54.641353,-20.533848],[-54.641353,-20.533839],[-54.641343,-20.533839],[-54.641343,-20.53383],[-54.641334,-20.53383],[-54.641334,-20.533821],[-54.641324,-20.53382],[-54.641324,-20.533811],[-54.641315,-20.533811],[-54.641315,-20.533802],[-54.641305,-20.533802],[-54.641305,-20.533793],[-54.641296,-20.533793],[-54.641296,-20.533784],[-54.641286,-20.533784],[-54.641287,-20.533775],[-54.641277,-20.533775],[-54.641277,-20.533766],[-54.641268,-20.533765],[-54.641268,-20.533756],[-54.641258,-20.533756],[-54.641258,-20.533747],[-54.641249,-20.533747],[-54.641249,-20.533738],[-54.641239,-20.533738],[-54.641239,-20.533729],[-54.64123,-20.533729],[-54.64123,-20.53372],[-54.64122,-20.53372],[-54.64122,-20.533711],[-54.641211,-20.533711],[-54.641211,-20.533702],[-54.641201,-20.533701],[-54.641202,-20.533692],[-54.641192,-20.533692],[-54.641192,-20.533683],[-54.641183,-20.533683],[-54.641183,-20.533674],[-54.641173,-20.533674],[-54.641173,-20.533665],[-54.641164,-20.533665],[-54.641164,-20.533656],[-54.641154,-20.533656],[-54.641154,-20.533647],[-54.641145,-20.533646],[-54.641145,-20.533637],[-54.641135,-20.533637],[-54.641135,-20.533628],[-54.641126,-20.533628],[-54.641126,-20.533619],[-54.641116,-20.533619],[-54.641117,-20.53361],[-54.641107,-20.53361],[-54.641107,-20.533601],[-54.641098,-20.533601],[-54.641098,-20.533592],[-54.641088,-20.533591],[-54.641088,-20.533582],[-54.641079,-20.533582],[-54.641079,-20.533573],[-54.641069,-20.533573],[-54.641069,-20.533564],[-54.64106,-20.533564],[-54.64106,-20.533555],[-54.64105,-20.533555],[-54.64105,-20.533546],[-54.641041,-20.533546],[-54.641041,-20.533537],[-54.641031,-20.533537],[-54.641032,-20.533527],[-54.641022,-20.533527],[-54.641022,-20.533518],[-54.641013,-20.533518],[-54.641013,-20.533509],[-54.641003,-20.533509],[-54.641003,-20.5335],[-54.640994,-20.5335],[-54.640994,-20.533491],[-54.640984,-20.533491],[-54.640984,-20.533482],[-54.640975,-20.533482],[-54.640975,-20.533473],[-54.640965,-20.533472],[-54.640965,-20.533463],[-54.640956,-20.533463],[-54.640956,-20.533454],[-54.640946,-20.533454],[-54.640947,-20.533445],[-54.640937,-20.533445],[-54.640937,-20.533436],[-54.640928,-20.533436],[-54.640928,-20.533427],[-54.640918,-20.533427],[-54.640918,-20.533418],[-54.640525,-20.533412],[-54.640525,-20.533403],[-54.640506,-20.533403],[-54.640506,-20.533394],[-54.640487,-20.533394],[-54.640487,-20.533385],[-54.640478,-20.533384],[-54.640478,-20.533375],[-54.640459,-20.533375],[-54.640459,-20.533366],[-54.64044,-20.533366],[-54.64044,-20.533357],[-54.640421,-20.533357],[-54.640421,-20.533348],[-54.640402,-20.533347],[-54.640402,-20.533338],[-54.640392,-20.533338],[-54.640392,-20.533329],[-54.640373,-20.533329],[-54.640373,-20.53332],[-54.640354,-20.53332],[-54.640354,-20.533311],[-54.640335,-20.53331],[-54.640335,-20.533301],[-54.640316,-20.533301],[-54.640316,-20.533292],[-54.640307,-20.533292],[-54.640307,-20.533283],[-54.640288,-20.533283],[-54.640288,-20.533274],[-54.640269,-20.533273],[-54.640269,-20.533264],[-54.64025,-20.533264],[-54.64025,-20.533255],[-54.640231,-20.533255],[-54.640231,-20.533246],[-54.640221,-20.533246],[-54.640221,-20.533237],[-54.640212,-20.533236],[-54.640212,-20.533227],[-54.640193,-20.533227],[-54.640193,-20.533218],[-54.640174,-20.533218],[-54.640174,-20.533209],[-54.640164,-20.533209],[-54.640164,-20.5332],[-54.640155,-20.533199],[-54.640155,-20.53319],[-54.640136,-20.53319],[-54.640136,-20.533181],[-54.640088,-20.533181],[-54.640088,-20.533171],[-54.640078,-20.533171],[-54.640079,-20.533162],[-54.640069,-20.533162],[-54.640069,-20.533153],[-54.64006,-20.533153],[-54.64006,-20.533144],[-54.64005,-20.533144],[-54.64005,-20.533135],[-54.640041,-20.533135],[-54.640041,-20.533126],[-54.640031,-20.533126],[-54.640031,-20.533117],[-54.640022,-20.533116],[-54.640022,-20.533107],[-54.640012,-20.533107],[-54.640012,-20.533098],[-54.640003,-20.533098],[-54.640003,-20.533089],[-54.639993,-20.533089],[-54.639994,-20.53308],[-54.639984,-20.53308],[-54.639984,-20.533071],[-54.639974,-20.533071],[-54.639975,-20.533062],[-54.639965,-20.533061],[-54.639965,-20.533052],[-54.639956,-20.533052],[-54.639956,-20.533043],[-54.639946,-20.533043],[-54.639946,-20.533034],[-54.639937,-20.533034],[-54.639937,-20.533025],[-54.639927,-20.533025],[-54.639927,-20.533016],[-54.639918,-20.533016],[-54.639918,-20.533007],[-54.639908,-20.533007],[-54.639909,-20.532997],[-54.639899,-20.532997],[-54.639899,-20.532988],[-54.639889,-20.532988],[-54.63989,-20.532979],[-54.63988,-20.532979],[-54.63988,-20.53297],[-54.639871,-20.53297],[-54.639871,-20.532961],[-54.639861,-20.532961],[-54.639861,-20.532952],[-54.639852,-20.532952],[-54.639852,-20.532943],[-54.639842,-20.532942],[-54.639842,-20.532933],[-54.639833,-20.532933],[-54.639833,-20.532924],[-54.639823,-20.532924],[-54.639824,-20.532915],[-54.639814,-20.532915],[-54.639814,-20.532906],[-54.639804,-20.532906],[-54.639805,-20.532897],[-54.639795,-20.532897],[-54.639795,-20.532888],[-54.639776,-20.532887],[-54.639776,-20.532878],[-54.639767,-20.532878],[-54.639767,-20.532869],[-54.639748,-20.532869],[-54.639748,-20.53286],[-54.639738,-20.53286],[-54.639738,-20.532851],[-54.639719,-20.53285],[-54.639719,-20.532841],[-54.63971,-20.532841],[-54.63971,-20.532832],[-54.639691,-20.532832],[-54.639691,-20.532823],[-54.639672,-20.532823],[-54.639672,-20.532814],[-54.639662,-20.532814],[-54.639662,-20.532804],[-54.639643,-20.532804],[-54.639643,-20.532795],[-54.639634,-20.532795],[-54.639634,-20.532786],[-54.639615,-20.532786],[-54.639615,-20.532777],[-54.639605,-20.532777],[-54.639605,-20.532768],[-54.639596,-20.532767],[-54.639596,-20.532758],[-54.639586,-20.532758],[-54.639586,-20.532749],[-54.639577,-20.532749],[-54.639577,-20.53274],[-54.639567,-20.53274],[-54.639567,-20.532731],[-54.639558,-20.532731],[-54.639558,-20.532722],[-54.639548,-20.532722],[-54.639549,-20.532713],[-54.639539,-20.532713],[-54.639539,-20.532703],[-54.63953,-20.532703],[-54.63953,-20.532694],[-54.63952,-20.532694],[-54.63952,-20.532685],[-54.639511,-20.532685],[-54.639511,-20.532676],[-54.639501,-20.532676],[-54.639501,-20.532667],[-54.639492,-20.532667],[-54.639492,-20.532658],[-54.639482,-20.532658],[-54.639482,-20.532649],[-54.639473,-20.532648],[-54.639473,-20.532639],[-54.639463,-20.532639],[-54.639464,-20.53263],[-54.639454,-20.53263],[-54.639454,-20.532621],[-54.639445,-20.532621],[-54.639445,-20.532612],[-54.639435,-20.532612],[-54.639437,-20.532521],[-54.639427,-20.532521],[-54.63943,-20.532341],[-54.639391,-20.53234],[-54.639391,-20.532331],[-54.639344,-20.532331],[-54.639344,-20.532322],[-54.639305,-20.532321],[-54.639306,-20.532312],[-54.639286,-20.532312],[-54.639286,-20.532303],[-54.639267,-20.532302],[-54.639267,-20.532293],[-54.639239,-20.532293],[-54.639239,-20.532284],[-54.63922,-20.532284],[-54.63922,-20.532275],[-54.639201,-20.532274],[-54.639201,-20.532265],[-54.639172,-20.532265],[-54.639172,-20.532256],[-54.639153,-20.532256],[-54.639153,-20.532247],[-54.639134,-20.532246],[-54.639134,-20.532237],[-54.639125,-20.532237],[-54.639125,-20.532228],[-54.639105,-20.532228],[-54.639106,-20.532219],[-54.639096,-20.532219],[-54.639096,-20.53221],[-54.639067,-20.532209],[-54.639068,-20.5322],[-54.639039,-20.5322],[-54.639039,-20.532191],[-54.63901,-20.532191],[-54.63901,-20.532182],[-54.638982,-20.532181],[-54.638982,-20.532172],[-54.638953,-20.532172],[-54.638953,-20.532163],[-54.638234,-20.532153],[-54.638234,-20.532144],[-54.637832,-20.532138],[-54.637832,-20.532129],[-54.637822,-20.532129],[-54.637823,-20.532111],[-54.637813,-20.532111],[-54.637813,-20.532093],[-54.637804,-20.532093],[-54.637804,-20.532075],[-54.637795,-20.532075],[-54.637795,-20.532057],[-54.637785,-20.532056],[-54.637785,-20.532047],[-54.637776,-20.532047],[-54.637776,-20.532029],[-54.637766,-20.532029],[-54.637767,-20.532011],[-54.637757,-20.532011],[-54.637757,-20.531993],[-54.637748,-20.531993],[-54.637748,-20.531975],[-54.637729,-20.531974],[-54.637729,-20.531965],[-54.63772,-20.531965],[-54.63772,-20.531956],[-54.63771,-20.531956],[-54.63771,-20.531947],[-54.637701,-20.531947],[-54.637701,-20.531938],[-54.637691,-20.531938],[-54.637691,-20.531929],[-54.637682,-20.531929],[-54.637682,-20.53192],[-54.637672,-20.531919],[-54.637672,-20.53191],[-54.637663,-20.53191],[-54.637663,-20.531901],[-54.637653,-20.531901],[-54.637654,-20.531892],[-54.637644,-20.531892],[-54.637644,-20.531883],[-54.637635,-20.531883],[-54.637635,-20.531874],[-54.637625,-20.531874],[-54.637625,-20.531865],[-54.637616,-20.531865],[-54.637618,-20.531738],[-54.637608,-20.531738],[-54.637608,-20.531729],[-54.637599,-20.531729],[-54.637599,-20.53172],[-54.637589,-20.53172],[-54.637589,-20.531711],[-54.63758,-20.531711],[-54.63758,-20.531702],[-54.63757,-20.531701],[-54.63757,-20.531692],[-54.637561,-20.531692],[-54.637561,-20.531683],[-54.637551,-20.531683],[-54.637551,-20.531674],[-54.637158,-20.531669],[-54.637159,-20.53166],[-54.637149,-20.53166],[-54.637149,-20.53165],[-54.63714,-20.53165],[-54.63714,-20.531641],[-54.63713,-20.531641],[-54.63713,-20.531632],[-54.637121,-20.531632],[-54.637121,-20.531623],[-54.637111,-20.531623],[-54.637111,-20.531614],[-54.637102,-20.531614],[-54.637102,-20.531605],[-54.637092,-20.531605],[-54.637093,-20.531596],[-54.637083,-20.531595],[-54.637083,-20.531586],[-54.637073,-20.531586],[-54.637074,-20.531577],[-54.637054,-20.531577],[-54.637055,-20.531568],[-54.637016,-20.531567],[-54.637016,-20.531558],[-54.636978,-20.531558],[-54.636978,-20.531549],[-54.63694,-20.531548],[-54.63694,-20.531539],[-54.63693,-20.531539],[-54.636931,-20.53153],[-54.636921,-20.53153],[-54.636921,-20.531521],[-54.636912,-20.531521],[-54.636912,-20.531512],[-54.636902,-20.531512],[-54.636902,-20.531503],[-54.636893,-20.531502],[-54.636893,-20.531493],[-54.636883,-20.531493],[-54.636883,-20.531484],[-54.636874,-20.531484],[-54.636874,-20.531475],[-54.636864,-20.531475],[-54.636864,-20.531466],[-54.636855,-20.531466],[-54.636855,-20.531457],[-54.636845,-20.531457],[-54.636846,-20.531448],[-54.636836,-20.531448],[-54.636836,-20.531439],[-54.636827,-20.531438],[-54.636827,-20.531429],[-54.636817,-20.531429],[-54.636817,-20.53142],[-54.636808,-20.53142],[-54.636808,-20.531411],[-54.636798,-20.531411],[-54.636798,-20.531402],[-54.636789,-20.531402],[-54.636789,-20.531393],[-54.636779,-20.531393],[-54.636779,-20.531384],[-54.63677,-20.531383],[-54.63677,-20.531374],[-54.63676,-20.531374],[-54.636761,-20.531365],[-54.636751,-20.531365],[-54.636751,-20.531356],[-54.636742,-20.531356],[-54.636742,-20.531347],[-54.636732,-20.531347],[-54.636732,-20.531338],[-54.636723,-20.531338],[-54.636723,-20.531329],[-54.636713,-20.531328],[-54.636713,-20.531319],[-54.636704,-20.531319],[-54.636704,-20.53131],[-54.636694,-20.53131],[-54.636694,-20.531301],[-54.636685,-20.531301],[-54.636685,-20.531292],[-54.636675,-20.531292],[-54.636676,-20.531283],[-54.636666,-20.531283],[-54.636666,-20.531274],[-54.636657,-20.531274],[-54.636657,-20.531264],[-54.636647,-20.531264],[-54.636647,-20.531255],[-54.636638,-20.531255],[-54.636638,-20.531228],[-54.636628,-20.531228],[-54.636629,-20.531219],[-54.636619,-20.531219],[-54.636619,-20.53121],[-54.63661,-20.53121],[-54.63661,-20.531201],[-54.6366,-20.531201],[-54.6366,-20.531191],[-54.636591,-20.531191],[-54.636591,-20.531182],[-54.636581,-20.531182],[-54.636581,-20.531173],[-54.636572,-20.531173],[-54.636572,-20.531164],[-54.636562,-20.531164],[-54.636562,-20.531155],[-54.636553,-20.531155],[-54.636553,-20.531146],[-54.636543,-20.531146],[-54.636544,-20.531137],[-54.636534,-20.531136],[-54.636534,-20.531127],[-54.636525,-20.531127],[-54.636525,-20.531118],[-54.636515,-20.531118],[-54.636515,-20.531109],[-54.636506,-20.531109],[-54.636506,-20.5311],[-54.636496,-20.5311],[-54.636496,-20.531091],[-54.636487,-20.531091],[-54.636487,-20.531082],[-54.636477,-20.531081],[-54.636477,-20.531072],[-54.636468,-20.531072],[-54.636468,-20.531063],[-54.636458,-20.531063],[-54.636459,-20.531054],[-54.636449,-20.531054],[-54.636449,-20.531045],[-54.63644,-20.531045],[-54.63644,-20.531036],[-54.63643,-20.531036],[-54.63643,-20.531027],[-54.636421,-20.531026],[-54.636421,-20.531017],[-54.636411,-20.531017],[-54.636411,-20.530999],[-54.636402,-20.530999],[-54.636408,-20.530629],[-54.636388,-20.530629],[-54.636389,-20.53062],[-54.63636,-20.530619],[-54.63636,-20.53061],[-54.636331,-20.53061],[-54.636331,-20.530601],[-54.636322,-20.530601],[-54.636322,-20.530592],[-54.636303,-20.530591],[-54.636303,-20.530582],[-54.636274,-20.530582],[-54.636274,-20.530573],[-54.636245,-20.530573],[-54.636246,-20.530564],[-54.636207,-20.530563],[-54.636207,-20.530554],[-54.636179,-20.530554],[-54.636179,-20.530545],[-54.63615,-20.530544],[-54.63615,-20.530535],[-54.636141,-20.530535],[-54.636141,-20.530526],[-54.636131,-20.530526],[-54.636131,-20.530517],[-54.636122,-20.530517],[-54.636122,-20.530508],[-54.636112,-20.530508],[-54.636112,-20.530499],[-54.636103,-20.530498],[-54.636103,-20.530489],[-54.636093,-20.530489],[-54.636094,-20.53048],[-54.636084,-20.53048],[-54.636084,-20.530471],[-54.636074,-20.530471],[-54.636075,-20.530462],[-54.636065,-20.530462],[-54.636065,-20.530453],[-54.636056,-20.530453],[-54.636056,-20.530444],[-54.636046,-20.530443],[-54.636046,-20.530434],[-54.636037,-20.530434],[-54.636037,-20.530425],[-54.636027,-20.530425],[-54.636027,-20.530416],[-54.636018,-20.530416],[-54.636018,-20.530407],[-54.636008,-20.530407],[-54.636009,-20.530398],[-54.635999,-20.530398],[-54.635999,-20.530389],[-54.635989,-20.530388],[-54.63599,-20.530379],[-54.63598,-20.530379],[-54.63598,-20.53037],[-54.635971,-20.53037],[-54.635971,-20.530361],[-54.635961,-20.530361],[-54.635961,-20.530352],[-54.635952,-20.530352],[-54.635952,-20.530343],[-54.635942,-20.530343],[-54.635942,-20.530334],[-54.635933,-20.530334],[-54.635933,-20.530325],[-54.635923,-20.530324],[-54.635924,-20.530315],[-54.635914,-20.530315],[-54.635914,-20.530306],[-54.635904,-20.530306],[-54.635905,-20.530297],[-54.635895,-20.530297],[-54.635895,-20.530288],[-54.635886,-20.530288],[-54.635886,-20.530279],[-54.635876,-20.530279],[-54.635876,-20.53027],[-54.635867,-20.530269],[-54.635867,-20.53026],[-54.635857,-20.53026],[-54.635857,-20.530251],[-54.635848,-20.530251],[-54.635848,-20.530242],[-54.635838,-20.530242],[-54.635839,-20.530233],[-54.635829,-20.530233],[-54.635829,-20.530224],[-54.635819,-20.530224],[-54.63582,-20.530215],[-54.63581,-20.530214],[-54.63581,-20.530205],[-54.635801,-20.530205],[-54.635801,-20.530196],[-54.635791,-20.530196],[-54.635791,-20.530187],[-54.635782,-20.530187],[-54.635782,-20.530178],[-54.635772,-20.530178],[-54.635772,-20.530169],[-54.635763,-20.530169],[-54.635763,-20.53016],[-54.635753,-20.53016],[-54.635753,-20.53015],[-54.635744,-20.53015],[-54.635744,-20.530141],[-54.635734,-20.530141],[-54.635735,-20.530132],[-54.635725,-20.530132],[-54.635725,-20.530123],[-54.635716,-20.530123],[-54.635716,-20.530114],[-54.635706,-20.530114],[-54.635706,-20.530105],[-54.635697,-20.530105],[-54.635697,-20.530096],[-54.635687,-20.530095],[-54.635687,-20.530086],[-54.635678,-20.530086],[-54.635678,-20.530077],[-54.635668,-20.530077],[-54.635668,-20.530068],[-54.635659,-20.530068],[-54.635659,-20.530059],[-54.635649,-20.530059],[-54.63565,-20.53005],[-54.63564,-20.53005],[-54.63564,-20.530041],[-54.635631,-20.53004],[-54.635631,-20.530031],[-54.635621,-20.530031],[-54.635621,-20.530022],[-54.635612,-20.530022],[-54.635612,-20.530013],[-54.635602,-20.530013],[-54.635602,-20.530004],[-54.635593,-20.530004],[-54.635593,-20.529995],[-54.635583,-20.529995],[-54.635583,-20.529986],[-54.635574,-20.529985],[-54.635574,-20.529976],[-54.635564,-20.529976],[-54.635565,-20.529967],[-54.635555,-20.529967],[-54.635555,-20.529958],[-54.635546,-20.529958],[-54.635546,-20.529949],[-54.635536,-20.529949],[-54.635536,-20.52994],[-54.635527,-20.52994],[-54.635527,-20.529931],[-54.635517,-20.529931],[-54.635517,-20.529922],[-54.635508,-20.529921],[-54.635508,-20.529912],[-54.635498,-20.529912],[-54.635498,-20.529903],[-54.635489,-20.529903],[-54.635489,-20.529894],[-54.635479,-20.529894],[-54.63548,-20.529885],[-54.63547,-20.529885],[-54.63547,-20.529876],[-54.635461,-20.529876],[-54.635461,-20.529867],[-54.635451,-20.529866],[-54.635451,-20.529857],[-54.635442,-20.529857],[-54.635442,-20.529848],[-54.635432,-20.529848],[-54.635432,-20.529839],[-54.635423,-20.529839],[-54.635423,-20.52983],[-54.635413,-20.52983],[-54.635413,-20.529821],[-54.635404,-20.529821],[-54.635404,-20.529812],[-54.635394,-20.529811],[-54.635395,-20.529802],[-54.635385,-20.529802],[-54.635385,-20.529793],[-54.635376,-20.529793],[-54.635376,-20.529784],[-54.635366,-20.529784],[-54.635366,-20.529775],[-54.635357,-20.529775],[-54.635357,-20.529766],[-54.635347,-20.529766],[-54.635347,-20.529757],[-54.635338,-20.529757],[-54.635338,-20.529747],[-54.635328,-20.529747],[-54.635328,-20.529738],[-54.635319,-20.529738],[-54.635319,-20.529729],[-54.635309,-20.529729],[-54.63531,-20.52972],[-54.6353,-20.52972],[-54.6353,-20.529711],[-54.635291,-20.529711],[-54.635291,-20.529702],[-54.635281,-20.529702],[-54.635281,-20.529693],[-54.635272,-20.529692],[-54.635272,-20.529683],[-54.635262,-20.529683],[-54.635262,-20.529674],[-54.635253,-20.529674],[-54.635253,-20.529665],[-54.635243,-20.529665],[-54.635243,-20.529656],[-54.635234,-20.529656],[-54.635234,-20.529647],[-54.635224,-20.529647],[-54.635225,-20.529638],[-54.635215,-20.529637],[-54.635215,-20.529628],[-54.635206,-20.529628],[-54.635206,-20.529619],[-54.635196,-20.529619],[-54.635196,-20.52961],[-54.635187,-20.52961],[-54.635187,-20.529601],[-54.635177,-20.529601],[-54.635177,-20.529592],[-54.635168,-20.529592],[-54.635168,-20.529583],[-54.635158,-20.529582],[-54.635158,-20.529573],[-54.635149,-20.529573],[-54.635149,-20.529564],[-54.635139,-20.529564],[-54.63514,-20.529555],[-54.634977,-20.529553],[-54.634977,-20.529535],[-54.634967,-20.529535],[-54.634967,-20.529526],[-54.634958,-20.529526],[-54.634958,-20.529508],[-54.634949,-20.529507],[-54.634949,-20.529498],[-54.634939,-20.529498],[-54.634939,-20.529489],[-54.63493,-20.529489],[-54.63493,-20.529471],[-54.63492,-20.529471],[-54.634921,-20.529462],[-54.634911,-20.529462],[-54.634911,-20.529444],[-54.634902,-20.529444],[-54.634902,-20.529434],[-54.634892,-20.529434],[-54.634892,-20.529425],[-54.634883,-20.529425],[-54.634883,-20.529407],[-54.634873,-20.529407],[-54.634874,-20.529398],[-54.634864,-20.529398],[-54.634864,-20.52938],[-54.634855,-20.52938],[-54.634855,-20.529371],[-54.634845,-20.529371],[-54.634845,-20.529361],[-54.634836,-20.529361],[-54.634836,-20.529343],[-54.634826,-20.529343],[-54.634827,-20.529334],[-54.634817,-20.529334],[-54.634817,-20.529316],[-54.634808,-20.529316],[-54.634808,-20.529307],[-54.634798,-20.529307],[-54.634798,-20.529298],[-54.634789,-20.529298],[-54.634789,-20.529279],[-54.63478,-20.529279],[-54.63478,-20.52927],[-54.63477,-20.52927],[-54.63477,-20.529261],[-54.634761,-20.529261],[-54.634761,-20.529243],[-54.634751,-20.529243],[-54.634751,-20.529234],[-54.634742,-20.529234],[-54.634742,-20.529216],[-54.634733,-20.529215],[-54.634733,-20.529206],[-54.634723,-20.529206],[-54.634723,-20.529197],[-54.634714,-20.529197],[-54.634714,-20.529179],[-54.634704,-20.529179],[-54.634705,-20.52917],[-54.634695,-20.52917],[-54.634695,-20.529152],[-54.634686,-20.529152],[-54.634686,-20.529143],[-54.634676,-20.529142],[-54.634676,-20.529133],[-54.634667,-20.529133],[-54.634667,-20.529115],[-54.634657,-20.529115],[-54.634658,-20.529106],[-54.634648,-20.529106],[-54.634648,-20.529088],[-54.634639,-20.529088],[-54.634639,-20.529079],[-54.634629,-20.529079],[-54.634629,-20.52907],[-54.63462,-20.529069],[-54.63462,-20.529051],[-54.63461,-20.529051],[-54.634611,-20.529042],[-54.634601,-20.529042],[-54.634601,-20.529024],[-54.634592,-20.529024],[-54.634592,-20.529015],[-54.634582,-20.529015],[-54.634582,-20.529006],[-54.634573,-20.529006],[-54.634573,-20.528988],[-54.634564,-20.528987],[-54.634564,-20.528978],[-54.634554,-20.528978],[-54.634554,-20.528969],[-54.634545,-20.528969],[-54.634545,-20.528951],[-54.634535,-20.528951],[-54.634535,-20.528942],[-54.634526,-20.528942],[-54.634526,-20.528924],[-54.634517,-20.528924],[-54.634517,-20.528915],[-54.634507,-20.528914],[-54.634507,-20.528905],[-54.634498,-20.528905],[-54.634498,-20.528887],[-54.634488,-20.528887],[-54.634489,-20.528878],[-54.634479,-20.528878],[-54.634479,-20.52886],[-54.63447,-20.52886],[-54.63447,-20.528851],[-54.63446,-20.528851],[-54.63446,-20.528842],[-54.634451,-20.528841],[-54.634451,-20.528823],[-54.634441,-20.528823],[-54.634442,-20.528814],[-54.634432,-20.528814],[-54.634432,-20.528796],[-54.634423,-20.528796],[-54.634423,-20.528787],[-54.634375,-20.528786],[-54.634375,-20.528777],[-54.634346,-20.528777],[-54.634346,-20.528768],[-54.634308,-20.528767],[-54.634308,-20.528758],[-54.63427,-20.528758],[-54.63427,-20.528749],[-54.634232,-20.528748],[-54.634232,-20.528739],[-54.634194,-20.528739],[-54.634194,-20.528729],[-54.634165,-20.528729],[-54.634165,-20.52872],[-54.634155,-20.52872],[-54.634156,-20.528711],[-54.634146,-20.528711],[-54.634146,-20.528702],[-54.634137,-20.528702],[-54.634137,-20.528693],[-54.634127,-20.528692],[-54.634127,-20.528683],[-54.634118,-20.528683],[-54.634118,-20.528674],[-54.634108,-20.528674],[-54.634108,-20.528665],[-54.634099,-20.528665],[-54.634099,-20.528656],[-54.634089,-20.528656],[-54.634089,-20.528647],[-54.63408,-20.528647],[-54.63408,-20.528638],[-54.63407,-20.528638],[-54.634071,-20.528628],[-54.634061,-20.528628],[-54.634061,-20.528619],[-54.634052,-20.528619],[-54.634052,-20.52861],[-54.634042,-20.52861],[-54.634042,-20.528601],[-54.634033,-20.528601],[-54.634033,-20.528592],[-54.634023,-20.528592],[-54.634023,-20.528583],[-54.634014,-20.528583],[-54.634014,-20.528574],[-54.634004,-20.528573],[-54.634004,-20.528564],[-54.633995,-20.528564],[-54.633995,-20.528555],[-54.633985,-20.528555],[-54.633986,-20.528546],[-54.633976,-20.528546],[-54.633976,-20.528537],[-54.633967,-20.528537],[-54.633967,-20.528528],[-54.633957,-20.528528],[-54.633957,-20.528519],[-54.633948,-20.528518],[-54.633948,-20.528509],[-54.633938,-20.528509],[-54.633938,-20.5285],[-54.633929,-20.5285],[-54.633929,-20.528491],[-54.633919,-20.528491],[-54.633919,-20.528482],[-54.63391,-20.528482],[-54.63391,-20.528473],[-54.6339,-20.528473],[-54.633901,-20.528464],[-54.633891,-20.528463],[-54.633891,-20.528454],[-54.633882,-20.528454],[-54.633882,-20.528445],[-54.633872,-20.528445],[-54.633872,-20.528436],[-54.633863,-20.528436],[-54.633863,-20.528427],[-54.633853,-20.528427],[-54.633853,-20.528418],[-54.633844,-20.528418],[-54.633844,-20.528409],[-54.63324,-20.5284],[-54.63324,-20.528391],[-54.633231,-20.528391],[-54.633231,-20.528382],[-54.633221,-20.528382],[-54.633221,-20.528373],[-54.633212,-20.528373],[-54.633212,-20.528364],[-54.633202,-20.528364],[-54.633202,-20.528355],[-54.633193,-20.528355],[-54.633193,-20.528346],[-54.633183,-20.528345],[-54.633184,-20.528336],[-54.633174,-20.528336],[-54.633174,-20.528327],[-54.633165,-20.528327],[-54.633165,-20.528318],[-54.633155,-20.528318],[-54.633155,-20.528309],[-54.633146,-20.528309],[-54.633146,-20.5283],[-54.633136,-20.5283],[-54.633136,-20.528291],[-54.633117,-20.52829],[-54.633118,-20.528218],[-54.633118,-20.528209],[-54.633109,-20.528209],[-54.633109,-20.5282],[-54.633099,-20.5282],[-54.6331,-20.528191],[-54.63309,-20.528191],[-54.63309,-20.528182],[-54.633081,-20.528182],[-54.633081,-20.528172],[-54.633071,-20.528172],[-54.633071,-20.528163],[-54.633062,-20.528163],[-54.633062,-20.528154],[-54.633052,-20.528154],[-54.633052,-20.528145],[-54.633043,-20.528145],[-54.633043,-20.528136],[-54.633005,-20.528135],[-54.633005,-20.528126],[-54.632995,-20.528126],[-54.632995,-20.528117],[-54.632986,-20.528117],[-54.632986,-20.528108],[-54.632976,-20.528108],[-54.632976,-20.528099],[-54.632967,-20.528099],[-54.632967,-20.52809],[-54.632957,-20.52809],[-54.632957,-20.528081],[-54.632948,-20.52808],[-54.632948,-20.528071],[-54.632938,-20.528071],[-54.632939,-20.528062],[-54.632929,-20.528062],[-54.632929,-20.528053],[-54.63292,-20.528053],[-54.63292,-20.528044],[-54.63291,-20.528044],[-54.63291,-20.528035],[-54.632901,-20.528035],[-54.632901,-20.528026],[-54.632891,-20.528025],[-54.632891,-20.528016],[-54.632882,-20.528016],[-54.632882,-20.528007],[-54.632872,-20.528007],[-54.632872,-20.527998],[-54.632863,-20.527998],[-54.632863,-20.527989],[-54.632853,-20.527989],[-54.632854,-20.52798],[-54.63247,-20.527975],[-54.63247,-20.527984],[-54.63246,-20.527983],[-54.63246,-20.527992],[-54.632451,-20.527992],[-54.632451,-20.528001],[-54.632441,-20.528001],[-54.632441,-20.52801],[-54.632431,-20.52801],[-54.632431,-20.528019],[-54.632422,-20.528019],[-54.632421,-20.528028],[-54.632412,-20.528028],[-54.632412,-20.528037],[-54.632402,-20.528037],[-54.632402,-20.528046],[-54.632383,-20.528046],[-54.632383,-20.528055],[-54.632373,-20.528054],[-54.632373,-20.528063],[-54.632363,-20.528063],[-54.632363,-20.528072],[-54.632354,-20.528072],[-54.632354,-20.528063],[-54.632315,-20.528063],[-54.632316,-20.528054],[-54.632268,-20.528053],[-54.632268,-20.528044],[-54.63222,-20.528043],[-54.63222,-20.528034],[-54.632182,-20.528034],[-54.632172,-20.528034],[-54.632172,-20.528025],[-54.632115,-20.528024],[-54.632115,-20.528015],[-54.632067,-20.528014],[-54.632067,-20.528005]]]]},"properties":{"Nome":"MB ANHA3","Bacia":"ANHANDUI"}}]}