{"type":"FeatureCollection","features":[{"type":"Feature","geometry":{"type":"MultiPolygon","coordinates":[[[[-54.61669,-20.513843],[-54.616748,-20.513844],[-54.616748,-20.513834],[-54.616777,-20.513835],[-54.616777,-20.513826],[-54.616806,-20.513826],[-54.617055,-20.51383],[-54.617055,-20.513839],[-54.617582,-20.513846],[-54.617581,-20.513855],[-54.61761,-20.513855],[-54.61761,-20.513864],[-54.617639,-20.513865],[-54.617639,-20.513874],[-54.617735,-20.513875],[-54.617735,-20.513866],[-54.61876,-20.51388],[-54.61876,-20.513871],[-54.618779,-20.513871],[-54.618779,-20.513862],[-54.618808,-20.513863],[-54.618808,-20.513854],[-54.618837,-20.513854],[-54.618837,-20.513845],[-54.618856,-20.513845],[-54.618857,-20.513836],[-54.618885,-20.513837],[-54.618885,-20.513828],[-54.618905,-20.513828],[-54.618905,-20.513819],[-54.618933,-20.513819],[-54.618934,-20.51381],[-54.618962,-20.513811],[-54.618963,-20.513802],[-54.618982,-20.513802],[-54.618982,-20.513793],[-54.619011,-20.513793],[-54.619011,-20.513784],[-54.619039,-20.513785],[-54.61904,-20.513776],[-54.619059,-20.513776],[-54.619059,-20.513767],[-54.619088,-20.513767],[-54.619088,-20.513758],[-54.619107,-20.513759],[-54.619107,-20.513749],[-54.619136,-20.51375],[-54.619136,-20.513741],[-54.619165,-20.513741],[-54.619165,-20.513732],[-54.619184,-20.513732],[-54.619184,-20.513723],[-54.619213,-20.513724],[-54.619213,-20.513715],[-54.619232,-20.513715],[-54.619232,-20.513706],[-54.619347,-20.513708],[-54.619348,-20.513699],[-54.619357,-20.513699],[-54.619357,-20.51369],[-54.619367,-20.51369],[-54.619367,-20.513681],[-54.619386,-20.513681],[-54.619386,-20.513672],[-54.619396,-20.513672],[-54.619396,-20.513663],[-54.619406,-20.513663],[-54.619406,-20.513654],[-54.619415,-20.513654],[-54.619415,-20.513645],[-54.619425,-20.513645],[-54.619425,-20.513636],[-54.619435,-20.513637],[-54.619435,-20.513628],[-54.619444,-20.513628],[-54.619445,-20.513619],[-54.619454,-20.513619],[-54.619454,-20.51361],[-54.619464,-20.51361],[-54.619464,-20.513601],[-54.619474,-20.513601],[-54.619474,-20.513592],[-54.619483,-20.513592],[-54.619483,-20.513583],[-54.619493,-20.513583],[-54.619493,-20.513574],[-54.619503,-20.513574],[-54.619503,-20.513565],[-54.619513,-20.513565],[-54.619513,-20.513556],[-54.619522,-20.513557],[-54.619522,-20.513547],[-54.619532,-20.513548],[-54.619532,-20.513539],[-54.619542,-20.513539],[-54.619542,-20.51353],[-54.619551,-20.51353],[-54.619552,-20.513521],[-54.619561,-20.513521],[-54.619561,-20.513512],[-54.619571,-20.513512],[-54.619571,-20.513503],[-54.619581,-20.513503],[-54.619581,-20.513494],[-54.61959,-20.513494],[-54.61959,-20.513485],[-54.6196,-20.513485],[-54.6196,-20.513476],[-54.619648,-20.513477],[-54.619648,-20.513468],[-54.619792,-20.51347],[-54.619792,-20.513461],[-54.619936,-20.513463],[-54.619936,-20.513454],[-54.620195,-20.513457],[-54.620195,-20.513466],[-54.620204,-20.513467],[-54.620204,-20.513494],[-54.620213,-20.513494],[-54.620213,-20.51353],[-54.620222,-20.51353],[-54.620222,-20.513539],[-54.620232,-20.513539],[-54.620232,-20.513548],[-54.620241,-20.513548],[-54.620241,-20.513557],[-54.620308,-20.513558],[-54.620308,-20.513549],[-54.620318,-20.513549],[-54.620318,-20.51354],[-54.620366,-20.513541],[-54.620366,-20.513532],[-54.620376,-20.513532],[-54.620376,-20.513523],[-54.620395,-20.513523],[-54.620395,-20.513514],[-54.620414,-20.513515],[-54.620414,-20.513506],[-54.620424,-20.513506],[-54.620424,-20.513497],[-54.620443,-20.513497],[-54.620443,-20.513488],[-54.620463,-20.513488],[-54.620463,-20.513479],[-54.620472,-20.513479],[-54.620472,-20.51347],[-54.620492,-20.51347],[-54.620492,-20.513461],[-54.620511,-20.513462],[-54.620511,-20.513453],[-54.620521,-20.513453],[-54.620521,-20.513444],[-54.62054,-20.513444],[-54.62054,-20.513435],[-54.62055,-20.513435],[-54.620559,-20.513435],[-54.620559,-20.513426],[-54.620569,-20.513426],[-54.620569,-20.513417],[-54.620588,-20.513418],[-54.620588,-20.513409],[-54.620608,-20.513409],[-54.620608,-20.5134],[-54.620617,-20.5134],[-54.620617,-20.513391],[-54.620637,-20.513391],[-54.620637,-20.513382],[-54.620656,-20.513382],[-54.620656,-20.513373],[-54.620675,-20.513374],[-54.620675,-20.513365],[-54.620685,-20.513365],[-54.620685,-20.513356],[-54.620704,-20.513356],[-54.620704,-20.513347],[-54.620743,-20.513348],[-54.620743,-20.513338],[-54.620772,-20.513339],[-54.620772,-20.51333],[-54.62081,-20.51333],[-54.62081,-20.513321],[-54.620849,-20.513322],[-54.620849,-20.513313],[-54.620887,-20.513313],[-54.620887,-20.513304],[-54.620926,-20.513305],[-54.620926,-20.513296],[-54.621395,-20.513302],[-54.621395,-20.513293],[-54.621405,-20.513293],[-54.621405,-20.513284],[-54.621415,-20.513284],[-54.621415,-20.513275],[-54.621424,-20.513276],[-54.621425,-20.513267],[-54.62153,-20.513268],[-54.62153,-20.513259],[-54.62154,-20.513259],[-54.62154,-20.51325],[-54.621549,-20.51325],[-54.62155,-20.513241],[-54.621559,-20.513241],[-54.621559,-20.513232],[-54.621569,-20.513232],[-54.621569,-20.513223],[-54.621579,-20.513224],[-54.621579,-20.513214],[-54.621588,-20.513215],[-54.621588,-20.513206],[-54.621598,-20.513206],[-54.621598,-20.513197],[-54.621608,-20.513197],[-54.621608,-20.513188],[-54.621617,-20.513188],[-54.621618,-20.513179],[-54.621627,-20.513179],[-54.621627,-20.51317],[-54.621637,-20.51317],[-54.621637,-20.513161],[-54.621685,-20.513162],[-54.621685,-20.513153],[-54.621695,-20.513153],[-54.621695,-20.513144],[-54.621704,-20.513144],[-54.621705,-20.513135],[-54.621714,-20.513135],[-54.621714,-20.513126],[-54.621724,-20.513126],[-54.621724,-20.513117],[-54.621743,-20.513117],[-54.621743,-20.513108],[-54.621753,-20.513109],[-54.621753,-20.513099],[-54.621763,-20.5131],[-54.621763,-20.513091],[-54.621772,-20.513091],[-54.621772,-20.513082],[-54.621782,-20.513082],[-54.621782,-20.513073],[-54.621792,-20.513073],[-54.621792,-20.513064],[-54.621801,-20.513064],[-54.621802,-20.513055],[-54.621811,-20.513055],[-54.621811,-20.513046],[-54.622147,-20.513051],[-54.622147,-20.51306],[-54.622664,-20.513067],[-54.622664,-20.513058],[-54.622674,-20.513058],[-54.622674,-20.513049],[-54.622684,-20.513049],[-54.622684,-20.51304],[-54.622693,-20.51304],[-54.622693,-20.513031],[-54.622703,-20.513031],[-54.622703,-20.513022],[-54.623604,-20.513035],[-54.623604,-20.513044],[-54.623623,-20.513044],[-54.623623,-20.513053],[-54.623632,-20.513053],[-54.623632,-20.513062],[-54.623642,-20.513062],[-54.623642,-20.513071],[-54.623651,-20.513071],[-54.623651,-20.51308],[-54.623661,-20.51308],[-54.623661,-20.51309],[-54.62367,-20.51309],[-54.62367,-20.513099],[-54.62368,-20.513099],[-54.623679,-20.513108],[-54.623689,-20.513108],[-54.623689,-20.513117],[-54.623698,-20.513117],[-54.623698,-20.513126],[-54.623708,-20.513126],[-54.623708,-20.513135],[-54.623717,-20.513135],[-54.623717,-20.513144],[-54.623966,-20.513148],[-54.623966,-20.513157],[-54.623985,-20.513157],[-54.623986,-20.513148],[-54.624005,-20.513148],[-54.624005,-20.513139],[-54.624072,-20.51314],[-54.624072,-20.513131],[-54.62411,-20.513132],[-54.624111,-20.513123],[-54.62412,-20.513123],[-54.62412,-20.513114],[-54.62413,-20.513114],[-54.62413,-20.513105],[-54.62414,-20.513105],[-54.62414,-20.513096],[-54.624149,-20.513096],[-54.624149,-20.513087],[-54.624159,-20.513087],[-54.624159,-20.513078],[-54.624169,-20.513078],[-54.624169,-20.513069],[-54.624178,-20.51307],[-54.624179,-20.51306],[-54.624188,-20.513061],[-54.624188,-20.513052],[-54.624198,-20.513052],[-54.624198,-20.513043],[-54.624208,-20.513043],[-54.624208,-20.513034],[-54.624217,-20.513034],[-54.624217,-20.513025],[-54.624256,-20.513025],[-54.624256,-20.513016],[-54.624304,-20.513017],[-54.624304,-20.513008],[-54.624314,-20.513008],[-54.624314,-20.512999],[-54.624323,-20.512999],[-54.624323,-20.51299],[-54.624333,-20.51299],[-54.624333,-20.512981],[-54.624343,-20.512981],[-54.624343,-20.512972],[-54.624352,-20.512973],[-54.624353,-20.512964],[-54.624362,-20.512964],[-54.624362,-20.512955],[-54.624372,-20.512955],[-54.624372,-20.512946],[-54.624382,-20.512946],[-54.624382,-20.512937],[-54.624391,-20.512937],[-54.624392,-20.512928],[-54.624401,-20.512928],[-54.624401,-20.512919],[-54.624411,-20.512919],[-54.624411,-20.51291],[-54.624421,-20.51291],[-54.624421,-20.512901],[-54.62443,-20.512901],[-54.62443,-20.512892],[-54.62444,-20.512892],[-54.62444,-20.512883],[-54.62445,-20.512884],[-54.62445,-20.512875],[-54.624459,-20.512875],[-54.62446,-20.512866],[-54.624469,-20.512866],[-54.624469,-20.512857],[-54.624479,-20.512857],[-54.624479,-20.512848],[-54.624489,-20.512848],[-54.624489,-20.512839],[-54.624498,-20.512839],[-54.624498,-20.51283],[-54.624508,-20.51283],[-54.624508,-20.512821],[-54.624518,-20.512821],[-54.624518,-20.512812],[-54.624527,-20.512812],[-54.624528,-20.512803],[-54.624537,-20.512804],[-54.624537,-20.512794],[-54.624566,-20.512795],[-54.624566,-20.512786],[-54.624576,-20.512786],[-54.624576,-20.512777],[-54.624586,-20.512777],[-54.624586,-20.512768],[-54.624643,-20.512769],[-54.624643,-20.51276],[-54.624653,-20.51276],[-54.624653,-20.512751],[-54.624663,-20.512751],[-54.624663,-20.512742],[-54.624682,-20.512742],[-54.624682,-20.512733],[-54.624701,-20.512734],[-54.624701,-20.512724],[-54.624711,-20.512725],[-54.624711,-20.512716],[-54.624721,-20.512716],[-54.624721,-20.512707],[-54.62473,-20.512707],[-54.624731,-20.512698],[-54.62474,-20.512698],[-54.62474,-20.512689],[-54.62475,-20.512689],[-54.62475,-20.51268],[-54.62476,-20.51268],[-54.62476,-20.512671],[-54.624769,-20.512671],[-54.624769,-20.512662],[-54.624779,-20.512662],[-54.624779,-20.512653],[-54.624789,-20.512653],[-54.624789,-20.512644],[-54.624798,-20.512645],[-54.624799,-20.512636],[-54.624808,-20.512636],[-54.624808,-20.512627],[-54.624818,-20.512627],[-54.624818,-20.512618],[-54.624828,-20.512618],[-54.624828,-20.512609],[-54.624837,-20.512609],[-54.624837,-20.5126],[-54.624847,-20.5126],[-54.624847,-20.512591],[-54.624857,-20.512591],[-54.624857,-20.512582],[-54.624867,-20.512582],[-54.624867,-20.512573],[-54.624876,-20.512573],[-54.624876,-20.512564],[-54.624886,-20.512564],[-54.624886,-20.512555],[-54.624896,-20.512556],[-54.624896,-20.512547],[-54.624905,-20.512547],[-54.624906,-20.512538],[-54.624915,-20.512538],[-54.624915,-20.512529],[-54.624925,-20.512529],[-54.624925,-20.51252],[-54.624935,-20.51252],[-54.624935,-20.512511],[-54.624944,-20.512511],[-54.624944,-20.512502],[-54.625558,-20.51251],[-54.625558,-20.512519],[-54.625567,-20.51252],[-54.625567,-20.512529],[-54.625577,-20.512529],[-54.625576,-20.512538],[-54.625596,-20.512538],[-54.625596,-20.512547],[-54.625605,-20.512547],[-54.625605,-20.512556],[-54.625624,-20.512557],[-54.625624,-20.512566],[-54.625634,-20.512566],[-54.625633,-20.512575],[-54.625643,-20.512575],[-54.625643,-20.512584],[-54.625662,-20.512584],[-54.625662,-20.512593],[-54.625671,-20.512593],[-54.625671,-20.512602],[-54.625681,-20.512602],[-54.625681,-20.512611],[-54.6257,-20.512612],[-54.6257,-20.512621],[-54.625709,-20.512621],[-54.625709,-20.51263],[-54.625719,-20.51263],[-54.625719,-20.512639],[-54.625738,-20.512639],[-54.625738,-20.512648],[-54.625747,-20.512649],[-54.625747,-20.512658],[-54.625757,-20.512658],[-54.625757,-20.512667],[-54.625776,-20.512667],[-54.625776,-20.512676],[-54.625785,-20.512676],[-54.625785,-20.512685],[-54.626504,-20.512695],[-54.626504,-20.512686],[-54.627127,-20.512694],[-54.627127,-20.512685],[-54.627175,-20.512686],[-54.627175,-20.512677],[-54.627223,-20.512678],[-54.627223,-20.512669],[-54.627875,-20.512678],[-54.627875,-20.512687],[-54.627942,-20.512688],[-54.627942,-20.512697],[-54.628009,-20.512698],[-54.628008,-20.512707],[-54.628076,-20.512707],[-54.628075,-20.512716],[-54.628142,-20.512717],[-54.628142,-20.512726],[-54.628161,-20.512727],[-54.628161,-20.512736],[-54.628171,-20.512736],[-54.628171,-20.512745],[-54.62818,-20.512745],[-54.62818,-20.512754],[-54.62819,-20.512754],[-54.62819,-20.512763],[-54.628199,-20.512763],[-54.628199,-20.512772],[-54.628266,-20.512773],[-54.628266,-20.512764],[-54.628324,-20.512765],[-54.628324,-20.512756],[-54.628372,-20.512757],[-54.628372,-20.512748],[-54.629215,-20.512759],[-54.629215,-20.51275],[-54.629235,-20.51275],[-54.629235,-20.512741],[-54.629244,-20.512741],[-54.629245,-20.512732],[-54.629264,-20.512733],[-54.629264,-20.512724],[-54.629283,-20.512724],[-54.629283,-20.512715],[-54.629302,-20.512715],[-54.629302,-20.512706],[-54.629322,-20.512706],[-54.629322,-20.512697],[-54.629341,-20.512698],[-54.629341,-20.512689],[-54.629351,-20.512689],[-54.629351,-20.51268],[-54.62937,-20.51268],[-54.62937,-20.512671],[-54.629389,-20.512671],[-54.629389,-20.512662],[-54.629409,-20.512662],[-54.629409,-20.512653],[-54.629428,-20.512654],[-54.629428,-20.512645],[-54.629447,-20.512645],[-54.629447,-20.512636],[-54.629696,-20.512639],[-54.629697,-20.51263],[-54.630923,-20.512647],[-54.630923,-20.512638],[-54.630952,-20.512638],[-54.630952,-20.512629],[-54.630981,-20.51263],[-54.630981,-20.512621],[-54.63101,-20.512621],[-54.63101,-20.512612],[-54.631067,-20.512613],[-54.631068,-20.512604],[-54.631096,-20.512604],[-54.631097,-20.512595],[-54.631269,-20.512598],[-54.631269,-20.512589],[-54.631442,-20.512591],[-54.631442,-20.512582],[-54.631499,-20.512583],[-54.631499,-20.512592],[-54.631509,-20.512592],[-54.631509,-20.512583],[-54.631518,-20.512583],[-54.631519,-20.512574],[-54.631528,-20.512574],[-54.631528,-20.512565],[-54.631538,-20.512565],[-54.631538,-20.512556],[-54.631548,-20.512556],[-54.631548,-20.512547],[-54.631557,-20.512547],[-54.631557,-20.512538],[-54.631567,-20.512538],[-54.631567,-20.512529],[-54.631577,-20.51253],[-54.631577,-20.512521],[-54.631586,-20.512521],[-54.631587,-20.512512],[-54.631596,-20.512512],[-54.631596,-20.512503],[-54.631606,-20.512503],[-54.631606,-20.512494],[-54.631616,-20.512494],[-54.631616,-20.512485],[-54.631625,-20.512485],[-54.631626,-20.512476],[-54.631635,-20.512476],[-54.631635,-20.512467],[-54.631645,-20.512467],[-54.631645,-20.512458],[-54.631655,-20.512458],[-54.631655,-20.512449],[-54.631664,-20.512449],[-54.631664,-20.51244],[-54.631693,-20.512441],[-54.631693,-20.512432],[-54.631885,-20.512434],[-54.631885,-20.512425],[-54.632058,-20.512428],[-54.632058,-20.512419],[-54.63223,-20.512421],[-54.63223,-20.512412],[-54.632269,-20.512413],[-54.632269,-20.512404],[-54.632278,-20.512404],[-54.632279,-20.512377],[-54.632288,-20.512377],[-54.632289,-20.512341],[-54.632299,-20.512341],[-54.632299,-20.512296],[-54.63229,-20.512295],[-54.63229,-20.512268],[-54.63228,-20.512268],[-54.632281,-20.512259],[-54.632271,-20.512259],[-54.632271,-20.512232],[-54.6323,-20.512232],[-54.6323,-20.512223],[-54.632339,-20.512224],[-54.632339,-20.512215],[-54.632348,-20.512215],[-54.632349,-20.512206],[-54.632358,-20.512206],[-54.632358,-20.512197],[-54.632377,-20.512197],[-54.632378,-20.512188],[-54.632397,-20.512189],[-54.632397,-20.51218],[-54.632406,-20.51218],[-54.632407,-20.512171],[-54.632426,-20.512171],[-54.632426,-20.512162],[-54.632445,-20.512162],[-54.632445,-20.512153],[-54.632455,-20.512153],[-54.632455,-20.512144],[-54.632474,-20.512144],[-54.632474,-20.512135],[-54.632493,-20.512136],[-54.632494,-20.512127],[-54.632503,-20.512127],[-54.632503,-20.512118],[-54.632522,-20.512118],[-54.632523,-20.512109],[-54.632542,-20.512109],[-54.632542,-20.5121],[-54.632551,-20.5121],[-54.632552,-20.512091],[-54.632571,-20.512092],[-54.632571,-20.512083],[-54.63259,-20.512083],[-54.63259,-20.512074],[-54.632609,-20.512074],[-54.63261,-20.512065],[-54.632619,-20.512065],[-54.632619,-20.512056],[-54.632638,-20.512056],[-54.632639,-20.512047],[-54.632658,-20.512048],[-54.632658,-20.512039],[-54.632667,-20.512039],[-54.632668,-20.51203],[-54.632687,-20.51203],[-54.632687,-20.512021],[-54.632706,-20.512021],[-54.632706,-20.512012],[-54.632907,-20.512015],[-54.632908,-20.512006],[-54.632917,-20.512006],[-54.632917,-20.511997],[-54.632927,-20.511997],[-54.632927,-20.511988],[-54.632937,-20.511988],[-54.632937,-20.511979],[-54.632946,-20.511979],[-54.632946,-20.51197],[-54.632956,-20.51197],[-54.632956,-20.511961],[-54.632975,-20.511962],[-54.632975,-20.511953],[-54.633033,-20.511953],[-54.633033,-20.511944],[-54.633091,-20.511945],[-54.633091,-20.511936],[-54.6331,-20.511936],[-54.6331,-20.511927],[-54.63312,-20.511928],[-54.63312,-20.511918],[-54.633139,-20.511919],[-54.633139,-20.51191],[-54.633158,-20.51191],[-54.633158,-20.511901],[-54.633168,-20.511901],[-54.633168,-20.511892],[-54.633187,-20.511892],[-54.633187,-20.511883],[-54.633207,-20.511884],[-54.633207,-20.511875],[-54.633226,-20.511875],[-54.633226,-20.511866],[-54.633245,-20.511866],[-54.633245,-20.511857],[-54.633255,-20.511857],[-54.633255,-20.511848],[-54.633274,-20.511848],[-54.633274,-20.511839],[-54.633284,-20.511839],[-54.633284,-20.51183],[-54.633294,-20.511831],[-54.633294,-20.511822],[-54.633303,-20.511822],[-54.633304,-20.511813],[-54.633313,-20.511813],[-54.633313,-20.511804],[-54.633323,-20.511804],[-54.633323,-20.511795],[-54.633333,-20.511795],[-54.633333,-20.511786],[-54.633342,-20.511786],[-54.633342,-20.511777],[-54.633352,-20.511777],[-54.633352,-20.511768],[-54.633362,-20.511768],[-54.633362,-20.511759],[-54.633371,-20.511759],[-54.633372,-20.51175],[-54.633381,-20.51175],[-54.633382,-20.511669],[-54.633392,-20.511669],[-54.633392,-20.511642],[-54.633402,-20.511642],[-54.633402,-20.511633],[-54.633412,-20.511633],[-54.633412,-20.511624],[-54.633421,-20.511625],[-54.633422,-20.511616],[-54.633431,-20.511616],[-54.633431,-20.511607],[-54.633441,-20.511607],[-54.633441,-20.511598],[-54.633451,-20.511598],[-54.633451,-20.511589],[-54.63346,-20.511589],[-54.63346,-20.51158],[-54.63347,-20.51158],[-54.63347,-20.511571],[-54.63348,-20.511571],[-54.63348,-20.511562],[-54.633489,-20.511562],[-54.63349,-20.511553],[-54.633499,-20.511553],[-54.633499,-20.511544],[-54.633509,-20.511545],[-54.633509,-20.511535],[-54.633519,-20.511536],[-54.633519,-20.511527],[-54.633528,-20.511527],[-54.633528,-20.511518],[-54.633538,-20.511518],[-54.633538,-20.511509],[-54.633557,-20.511509],[-54.633558,-20.5115],[-54.633567,-20.5115],[-54.633567,-20.511482],[-54.633577,-20.511482],[-54.633577,-20.511473],[-54.633587,-20.511473],[-54.633587,-20.511455],[-54.633597,-20.511455],[-54.633597,-20.511446],[-54.633606,-20.511447],[-54.633606,-20.511437],[-54.633645,-20.511438],[-54.633645,-20.511429],[-54.633654,-20.511429],[-54.633655,-20.51142],[-54.633664,-20.51142],[-54.633664,-20.511411],[-54.633674,-20.511411],[-54.633674,-20.511402],[-54.633684,-20.511402],[-54.633684,-20.511393],[-54.633693,-20.511394],[-54.633693,-20.511384],[-54.633703,-20.511385],[-54.633703,-20.511376],[-54.633713,-20.511376],[-54.633713,-20.511367],[-54.633723,-20.511367],[-54.633723,-20.511358],[-54.633732,-20.511358],[-54.633732,-20.511349],[-54.633742,-20.511349],[-54.633742,-20.51134],[-54.633752,-20.51134],[-54.633752,-20.511331],[-54.633761,-20.511331],[-54.633762,-20.511322],[-54.633771,-20.511322],[-54.633771,-20.511313],[-54.633781,-20.511313],[-54.633781,-20.511304],[-54.633791,-20.511305],[-54.633791,-20.511296],[-54.6338,-20.511296],[-54.6338,-20.511287],[-54.63381,-20.511287],[-54.63381,-20.511278],[-54.63382,-20.511278],[-54.63382,-20.511269],[-54.633829,-20.511269],[-54.633832,-20.511134],[-54.633841,-20.511134],[-54.633841,-20.511125],[-54.633851,-20.511125],[-54.633851,-20.511116],[-54.633861,-20.511116],[-54.633861,-20.511107],[-54.63387,-20.511107],[-54.63387,-20.511098],[-54.63388,-20.511098],[-54.63388,-20.511089],[-54.63389,-20.511089],[-54.63389,-20.51108],[-54.633899,-20.51108],[-54.6339,-20.511071],[-54.633909,-20.511071],[-54.633909,-20.511062],[-54.633919,-20.511062],[-54.633919,-20.511053],[-54.633948,-20.511054],[-54.633948,-20.511036],[-54.633958,-20.511036],[-54.633958,-20.511018],[-54.633967,-20.511018],[-54.633968,-20.511009],[-54.633977,-20.511009],[-54.633978,-20.510982],[-54.633987,-20.510982],[-54.633992,-20.510684],[-54.634001,-20.510684],[-54.634002,-20.510675],[-54.634136,-20.510677],[-54.634136,-20.510668],[-54.634145,-20.510668],[-54.634146,-20.510659],[-54.634155,-20.510659],[-54.634155,-20.51065],[-54.634165,-20.51065],[-54.634165,-20.510641],[-54.634175,-20.510642],[-54.634175,-20.510633],[-54.634184,-20.510633],[-54.634184,-20.510624],[-54.634194,-20.510624],[-54.634194,-20.510615],[-54.634204,-20.510615],[-54.634204,-20.510606],[-54.634213,-20.510606],[-54.634214,-20.510597],[-54.634223,-20.510597],[-54.634223,-20.510588],[-54.634233,-20.510588],[-54.634233,-20.510579],[-54.634252,-20.510579],[-54.634252,-20.51057],[-54.634262,-20.51057],[-54.634262,-20.510561],[-54.634272,-20.510562],[-54.634272,-20.510553],[-54.634291,-20.510553],[-54.634291,-20.510544],[-54.634301,-20.510544],[-54.634301,-20.510535],[-54.63431,-20.510535],[-54.634311,-20.510526],[-54.63432,-20.510526],[-54.63432,-20.510517],[-54.63433,-20.510517],[-54.63433,-20.510508],[-54.63434,-20.510508],[-54.63434,-20.510481],[-54.63435,-20.510481],[-54.63435,-20.510472],[-54.634359,-20.510472],[-54.634359,-20.510463],[-54.634369,-20.510464],[-54.634369,-20.510455],[-54.634379,-20.510455],[-54.634379,-20.510446],[-54.634388,-20.510446],[-54.634389,-20.510437],[-54.634398,-20.510437],[-54.6344,-20.510347],[-54.634409,-20.510347],[-54.634411,-20.510256],[-54.63442,-20.510257],[-54.634422,-20.510157],[-54.634431,-20.510157],[-54.634432,-20.510103],[-54.634442,-20.510103],[-54.634442,-20.510094],[-54.634451,-20.510094],[-54.634452,-20.510067],[-54.634461,-20.510068],[-54.634462,-20.510013],[-54.634453,-20.510013],[-54.634453,-20.509968],[-54.634463,-20.509968],[-54.634463,-20.509959],[-54.634473,-20.509959],[-54.634473,-20.50995],[-54.634482,-20.50995],[-54.634482,-20.509941],[-54.634492,-20.509942],[-54.634492,-20.509932],[-54.634502,-20.509933],[-54.634502,-20.509924],[-54.634511,-20.509924],[-54.634512,-20.509915],[-54.634521,-20.509915],[-54.634521,-20.509906],[-54.634531,-20.509906],[-54.634531,-20.509897],[-54.634541,-20.509897],[-54.634541,-20.509888],[-54.63455,-20.509888],[-54.634551,-20.50987],[-54.63456,-20.50987],[-54.63456,-20.509861],[-54.63457,-20.509861],[-54.63457,-20.509852],[-54.63458,-20.509852],[-54.634583,-20.509663],[-54.634592,-20.509663],[-54.634592,-20.509654],[-54.634631,-20.509654],[-54.634631,-20.509645],[-54.63464,-20.509646],[-54.63464,-20.509636],[-54.63465,-20.509637],[-54.63465,-20.509628],[-54.63466,-20.509628],[-54.63466,-20.509619],[-54.63467,-20.509619],[-54.63467,-20.50961],[-54.634679,-20.50961],[-54.634679,-20.509601],[-54.634689,-20.509601],[-54.634689,-20.509592],[-54.634699,-20.509592],[-54.634699,-20.509583],[-54.634708,-20.509583],[-54.634709,-20.509574],[-54.634718,-20.509574],[-54.634718,-20.509565],[-54.634728,-20.509565],[-54.634728,-20.509556],[-54.634738,-20.509557],[-54.634738,-20.509548],[-54.634747,-20.509548],[-54.634747,-20.509539],[-54.634757,-20.509539],[-54.634757,-20.50953],[-54.634767,-20.50953],[-54.634767,-20.509521],[-54.634786,-20.509521],[-54.634786,-20.509512],[-54.634796,-20.509512],[-54.634796,-20.509503],[-54.634805,-20.509503],[-54.634806,-20.509494],[-54.634815,-20.509494],[-54.634815,-20.509485],[-54.634825,-20.509485],[-54.634825,-20.509476],[-54.634835,-20.509477],[-54.634835,-20.509468],[-54.634844,-20.509468],[-54.634844,-20.509459],[-54.634854,-20.509459],[-54.634854,-20.50945],[-54.634864,-20.50945],[-54.634864,-20.509441],[-54.634874,-20.509441],[-54.634874,-20.509432],[-54.634883,-20.509432],[-54.634883,-20.509423],[-54.634893,-20.509423],[-54.634893,-20.509414],[-54.634903,-20.509414],[-54.634903,-20.509405],[-54.634912,-20.509405],[-54.634913,-20.509396],[-54.634922,-20.509397],[-54.634922,-20.509387],[-54.634932,-20.509388],[-54.634932,-20.509379],[-54.634942,-20.509379],[-54.634942,-20.50937],[-54.63497,-20.50937],[-54.634971,-20.509361],[-54.63498,-20.509361],[-54.63498,-20.509352],[-54.63499,-20.509352],[-54.63499,-20.509343],[-54.635,-20.509343],[-54.635,-20.509334],[-54.635009,-20.509334],[-54.635009,-20.509325],[-54.635019,-20.509326],[-54.635019,-20.509317],[-54.635029,-20.509317],[-54.635029,-20.509308],[-54.635039,-20.509308],[-54.635039,-20.509299],[-54.635048,-20.509299],[-54.635048,-20.50929],[-54.635058,-20.50929],[-54.635058,-20.509281],[-54.635068,-20.509281],[-54.635068,-20.509272],[-54.635077,-20.509272],[-54.635078,-20.509263],[-54.635087,-20.509263],[-54.635087,-20.509254],[-54.635097,-20.509254],[-54.635097,-20.509245],[-54.635107,-20.509246],[-54.635107,-20.509236],[-54.635116,-20.509237],[-54.635116,-20.509228],[-54.635126,-20.509228],[-54.635126,-20.509219],[-54.635136,-20.509219],[-54.635136,-20.50921],[-54.635145,-20.50921],[-54.635146,-20.509201],[-54.635155,-20.509201],[-54.635155,-20.509192],[-54.635165,-20.509192],[-54.635165,-20.509183],[-54.635175,-20.509183],[-54.635175,-20.509174],[-54.635184,-20.509174],[-54.635184,-20.509165],[-54.635194,-20.509165],[-54.635194,-20.509156],[-54.635204,-20.509157],[-54.635204,-20.509148],[-54.635213,-20.509148],[-54.635214,-20.509139],[-54.635223,-20.509139],[-54.635223,-20.50913],[-54.635233,-20.50913],[-54.635233,-20.509121],[-54.635243,-20.509121],[-54.635243,-20.509112],[-54.635252,-20.509112],[-54.635253,-20.509103],[-54.635272,-20.509103],[-54.635274,-20.508932],[-54.635284,-20.508932],[-54.635285,-20.508887],[-54.635294,-20.508887],[-54.635294,-20.508878],[-54.635304,-20.508878],[-54.635304,-20.508869],[-54.635314,-20.508869],[-54.635314,-20.50886],[-54.635323,-20.50886],[-54.635323,-20.508851],[-54.635333,-20.508851],[-54.635333,-20.508842],[-54.635343,-20.508842],[-54.635343,-20.508833],[-54.635353,-20.508833],[-54.635353,-20.508824],[-54.635362,-20.508825],[-54.635362,-20.508816],[-54.635382,-20.508816],[-54.635382,-20.508807],[-54.635391,-20.508807],[-54.635391,-20.508798],[-54.635401,-20.508798],[-54.635401,-20.508789],[-54.635411,-20.508789],[-54.635411,-20.50878],[-54.63542,-20.50878],[-54.635421,-20.508771],[-54.63543,-20.508771],[-54.63543,-20.508762],[-54.63544,-20.508762],[-54.63544,-20.508753],[-54.63545,-20.508754],[-54.63545,-20.508744],[-54.635459,-20.508745],[-54.635459,-20.508736],[-54.635469,-20.508736],[-54.635469,-20.508727],[-54.635479,-20.508727],[-54.635479,-20.508718],[-54.635488,-20.508718],[-54.635489,-20.508709],[-54.635498,-20.508709],[-54.635498,-20.5087],[-54.635508,-20.5087],[-54.635508,-20.508691],[-54.635518,-20.508691],[-54.635518,-20.508682],[-54.635527,-20.508682],[-54.635527,-20.508673],[-54.635537,-20.508673],[-54.635537,-20.508664],[-54.635547,-20.508665],[-54.635547,-20.508656],[-54.635557,-20.508656],[-54.635557,-20.508647],[-54.635566,-20.508647],[-54.635566,-20.508638],[-54.635576,-20.508638],[-54.635576,-20.508629],[-54.635586,-20.508629],[-54.635586,-20.50862],[-54.635595,-20.50862],[-54.635596,-20.508611],[-54.635605,-20.508611],[-54.635605,-20.508602],[-54.635615,-20.508602],[-54.635615,-20.508593],[-54.635625,-20.508593],[-54.635625,-20.508584],[-54.635634,-20.508584],[-54.635634,-20.508575],[-54.635644,-20.508576],[-54.635644,-20.508567],[-54.635654,-20.508567],[-54.635654,-20.508558],[-54.635673,-20.508558],[-54.635673,-20.508549],[-54.635683,-20.508549],[-54.635683,-20.50854],[-54.635692,-20.50854],[-54.635693,-20.508531],[-54.635702,-20.508531],[-54.635702,-20.508522],[-54.635712,-20.508522],[-54.635712,-20.508513],[-54.635722,-20.508513],[-54.635722,-20.508504],[-54.635731,-20.508505],[-54.635732,-20.508495],[-54.635741,-20.508496],[-54.635741,-20.508487],[-54.635751,-20.508487],[-54.635751,-20.508478],[-54.635761,-20.508478],[-54.635761,-20.508469],[-54.63577,-20.508469],[-54.63577,-20.50846],[-54.63578,-20.50846],[-54.63578,-20.508451],[-54.63579,-20.508451],[-54.63579,-20.508442],[-54.635799,-20.508442],[-54.6358,-20.508433],[-54.635809,-20.508433],[-54.635809,-20.508424],[-54.635819,-20.508424],[-54.635819,-20.508415],[-54.635829,-20.508416],[-54.635829,-20.508407],[-54.635838,-20.508407],[-54.635838,-20.508398],[-54.635848,-20.508398],[-54.635848,-20.508389],[-54.635858,-20.508389],[-54.635858,-20.50838],[-54.635867,-20.50838],[-54.635868,-20.508371],[-54.635877,-20.508371],[-54.635877,-20.508362],[-54.635887,-20.508362],[-54.635887,-20.508353],[-54.635897,-20.508353],[-54.635897,-20.508344],[-54.635906,-20.508344],[-54.635907,-20.508317],[-54.635916,-20.508317],[-54.635916,-20.508308],[-54.635926,-20.508309],[-54.635926,-20.508299],[-54.635936,-20.5083],[-54.635936,-20.508291],[-54.635946,-20.508291],[-54.635946,-20.508282],[-54.635955,-20.508282],[-54.635955,-20.508273],[-54.635965,-20.508273],[-54.635965,-20.508255],[-54.635975,-20.508255],[-54.635975,-20.508246],[-54.635985,-20.508246],[-54.635985,-20.508237],[-54.635994,-20.508237],[-54.635995,-20.508219],[-54.636004,-20.508219],[-54.636004,-20.50821],[-54.636014,-20.50821],[-54.636014,-20.508201],[-54.636024,-20.508201],[-54.636024,-20.508192],[-54.636033,-20.508193],[-54.636034,-20.508175],[-54.636043,-20.508175],[-54.636043,-20.508166],[-54.636053,-20.508166],[-54.636053,-20.508157],[-54.636063,-20.508157],[-54.636064,-20.508058],[-54.636074,-20.508058],[-54.636074,-20.508049],[-54.636083,-20.508049],[-54.636084,-20.50804],[-54.636093,-20.50804],[-54.636093,-20.508031],[-54.636103,-20.508031],[-54.636103,-20.508022],[-54.636113,-20.508022],[-54.636113,-20.508013],[-54.636122,-20.508013],[-54.636122,-20.508004],[-54.636132,-20.508004],[-54.636132,-20.507995],[-54.636142,-20.507995],[-54.636142,-20.507986],[-54.636151,-20.507986],[-54.636152,-20.507977],[-54.636161,-20.507978],[-54.636161,-20.507969],[-54.636171,-20.507969],[-54.636171,-20.50796],[-54.636181,-20.50796],[-54.636181,-20.507951],[-54.63619,-20.507951],[-54.63619,-20.507942],[-54.6362,-20.507942],[-54.6362,-20.507933],[-54.63621,-20.507933],[-54.63621,-20.507924],[-54.63622,-20.507924],[-54.63622,-20.507915],[-54.636229,-20.507915],[-54.636229,-20.507906],[-54.636239,-20.507906],[-54.63624,-20.50787],[-54.636249,-20.50787],[-54.63625,-20.507816],[-54.636259,-20.507816],[-54.63626,-20.507807],[-54.636269,-20.507807],[-54.636269,-20.507798],[-54.636279,-20.507799],[-54.636279,-20.50779],[-54.636289,-20.50779],[-54.636289,-20.507772],[-54.636299,-20.507772],[-54.636299,-20.507754],[-54.636308,-20.507754],[-54.636309,-20.507745],[-54.636318,-20.507745],[-54.636318,-20.507727],[-54.636328,-20.507727],[-54.636328,-20.507718],[-54.636338,-20.507718],[-54.63634,-20.507547],[-54.63635,-20.507547],[-54.63635,-20.50752],[-54.63636,-20.50752],[-54.63636,-20.507484],[-54.63637,-20.507484],[-54.63637,-20.507457],[-54.63638,-20.507457],[-54.636381,-20.507421],[-54.63639,-20.507421],[-54.63639,-20.507403],[-54.6364,-20.507403],[-54.6364,-20.507394],[-54.63641,-20.507394],[-54.63641,-20.507349],[-54.63642,-20.507349],[-54.63642,-20.507322],[-54.63643,-20.507322],[-54.63643,-20.507295],[-54.63644,-20.507295],[-54.63644,-20.507268],[-54.63645,-20.507268],[-54.636461,-20.506528],[-54.636471,-20.506528],[-54.636471,-20.506519],[-54.636481,-20.506519],[-54.636481,-20.50651],[-54.63649,-20.50651],[-54.636491,-20.506501],[-54.6365,-20.506501],[-54.6365,-20.506492],[-54.63651,-20.506492],[-54.63651,-20.506483],[-54.63652,-20.506483],[-54.63652,-20.506474],[-54.636529,-20.506475],[-54.636529,-20.506466],[-54.636539,-20.506466],[-54.636539,-20.506457],[-54.636549,-20.506457],[-54.636549,-20.506448],[-54.636558,-20.506448],[-54.636559,-20.506439],[-54.636568,-20.506439],[-54.636568,-20.50643],[-54.636578,-20.50643],[-54.636578,-20.506421],[-54.636588,-20.506421],[-54.636588,-20.506412],[-54.636597,-20.506412],[-54.636597,-20.506403],[-54.636607,-20.506403],[-54.636607,-20.506394],[-54.636617,-20.506394],[-54.636617,-20.506385],[-54.636627,-20.506386],[-54.636627,-20.506377],[-54.636636,-20.506377],[-54.636636,-20.506368],[-54.636646,-20.506368],[-54.636646,-20.506359],[-54.636656,-20.506359],[-54.636656,-20.50635],[-54.636665,-20.50635],[-54.636666,-20.506341],[-54.636675,-20.506341],[-54.636675,-20.506332],[-54.636685,-20.506332],[-54.636685,-20.506323],[-54.636695,-20.506323],[-54.636695,-20.506314],[-54.636704,-20.506314],[-54.636704,-20.506305],[-54.636714,-20.506305],[-54.636714,-20.506296],[-54.636724,-20.506297],[-54.636724,-20.506288],[-54.636733,-20.506288],[-54.636734,-20.506279],[-54.636743,-20.506279],[-54.636743,-20.50627],[-54.636762,-20.50627],[-54.636763,-20.506261],[-54.636772,-20.506261],[-54.636772,-20.506252],[-54.636782,-20.506252],[-54.636782,-20.506243],[-54.636792,-20.506243],[-54.636792,-20.506234],[-54.636801,-20.506234],[-54.636801,-20.506225],[-54.636811,-20.506226],[-54.636811,-20.506216],[-54.636821,-20.506217],[-54.636821,-20.506208],[-54.636831,-20.506208],[-54.636831,-20.506199],[-54.63684,-20.506199],[-54.63684,-20.50619],[-54.63685,-20.50619],[-54.63685,-20.506181],[-54.63686,-20.506181],[-54.63686,-20.506172],[-54.636869,-20.506172],[-54.63687,-20.506163],[-54.636879,-20.506163],[-54.636879,-20.506154],[-54.636889,-20.506154],[-54.636889,-20.506145],[-54.637445,-20.506153],[-54.637445,-20.506144],[-54.637454,-20.506144],[-54.637455,-20.506135],[-54.637464,-20.506135],[-54.637464,-20.506126],[-54.637484,-20.506126],[-54.637484,-20.506117],[-54.637493,-20.506117],[-54.637493,-20.506108],[-54.637503,-20.506109],[-54.637503,-20.506099],[-54.637513,-20.5061],[-54.637513,-20.506091],[-54.637522,-20.506091],[-54.637523,-20.506064],[-54.637532,-20.506064],[-54.637533,-20.506028],[-54.637543,-20.506028],[-54.637543,-20.50601],[-54.637888,-20.506014],[-54.637888,-20.506005],[-54.637898,-20.506006],[-54.637899,-20.505906],[-54.637909,-20.505906],[-54.637918,-20.505906],[-54.637918,-20.505916],[-54.637928,-20.505916],[-54.637927,-20.505925],[-54.637937,-20.505925],[-54.637937,-20.505934],[-54.637947,-20.505934],[-54.637946,-20.505943],[-54.637956,-20.505943],[-54.637956,-20.505952],[-54.637965,-20.505952],[-54.637965,-20.505961],[-54.637984,-20.505962],[-54.637984,-20.505971],[-54.638003,-20.505971],[-54.638003,-20.50598],[-54.638013,-20.50598],[-54.638013,-20.505989],[-54.638032,-20.505989],[-54.638032,-20.506007],[-54.638041,-20.506007],[-54.638041,-20.506017],[-54.638051,-20.506017],[-54.63805,-20.506035],[-54.63806,-20.506035],[-54.63806,-20.506053],[-54.638069,-20.506053],[-54.638069,-20.506071],[-54.638079,-20.506071],[-54.638078,-20.506089],[-54.638088,-20.506089],[-54.638088,-20.506107],[-54.638097,-20.506108],[-54.638097,-20.506126],[-54.638107,-20.506126],[-54.638106,-20.506135],[-54.638116,-20.506135],[-54.638116,-20.506144],[-54.638298,-20.506146],[-54.638298,-20.506137],[-54.638308,-20.506138],[-54.638308,-20.506129],[-54.638317,-20.506129],[-54.638317,-20.50612],[-54.638327,-20.50612],[-54.638327,-20.506111],[-54.638337,-20.506111],[-54.638337,-20.506102],[-54.638346,-20.506102],[-54.638347,-20.506093],[-54.638366,-20.506093],[-54.638366,-20.506084],[-54.638376,-20.506084],[-54.638376,-20.506075],[-54.638385,-20.506075],[-54.638385,-20.506066],[-54.638395,-20.506066],[-54.638395,-20.506057],[-54.638405,-20.506058],[-54.638405,-20.506049],[-54.638414,-20.506049],[-54.638415,-20.50604],[-54.638434,-20.50604],[-54.638434,-20.506031],[-54.638693,-20.506034],[-54.638692,-20.506043],[-54.638788,-20.506045],[-54.638788,-20.506054],[-54.638798,-20.506054],[-54.638798,-20.506045],[-54.638807,-20.506045],[-54.638807,-20.506054],[-54.638855,-20.506055],[-54.638855,-20.506037],[-54.638894,-20.506037],[-54.638894,-20.506028],[-54.63899,-20.506029],[-54.63899,-20.50602],[-54.638999,-20.506021],[-54.639,-20.506012],[-54.639009,-20.506012],[-54.639009,-20.506003],[-54.639019,-20.506003],[-54.639019,-20.505994],[-54.639029,-20.505994],[-54.639029,-20.505985],[-54.639048,-20.505985],[-54.639048,-20.505976],[-54.639067,-20.505976],[-54.639067,-20.505967],[-54.639077,-20.505967],[-54.639077,-20.505958],[-54.639087,-20.505959],[-54.639087,-20.505949],[-54.639096,-20.50595],[-54.639097,-20.505941],[-54.639116,-20.505941],[-54.639116,-20.505932],[-54.639125,-20.505932],[-54.639126,-20.505923],[-54.639135,-20.505923],[-54.639135,-20.505914],[-54.639145,-20.505914],[-54.639145,-20.505905],[-54.639164,-20.505905],[-54.639164,-20.505896],[-54.639174,-20.505896],[-54.639174,-20.505887],[-54.639184,-20.505888],[-54.639184,-20.505879],[-54.639193,-20.505879],[-54.639194,-20.50587],[-54.639203,-20.50587],[-54.639203,-20.505861],[-54.639222,-20.505861],[-54.639223,-20.505852],[-54.639232,-20.505852],[-54.639232,-20.505843],[-54.639242,-20.505843],[-54.639242,-20.505834],[-54.639252,-20.505834],[-54.639252,-20.505825],[-54.639261,-20.505825],[-54.639261,-20.505816],[-54.639271,-20.505817],[-54.639271,-20.505807],[-54.639281,-20.505808],[-54.639281,-20.505799],[-54.639338,-20.505799],[-54.639338,-20.50579],[-54.639367,-20.505791],[-54.639367,-20.505782],[-54.639377,-20.505782],[-54.639377,-20.505791],[-54.639386,-20.505791],[-54.639387,-20.505782],[-54.639406,-20.505782],[-54.639406,-20.505773],[-54.639415,-20.505773],[-54.639416,-20.505755],[-54.639435,-20.505756],[-54.639435,-20.505747],[-54.639445,-20.505747],[-54.639445,-20.505738],[-54.639454,-20.505738],[-54.639454,-20.505729],[-54.639474,-20.505729],[-54.639474,-20.50572],[-54.639483,-20.50572],[-54.639483,-20.505711],[-54.639493,-20.505711],[-54.639493,-20.505702],[-54.639503,-20.505702],[-54.639503,-20.505693],[-54.639512,-20.505693],[-54.639513,-20.50563],[-54.639523,-20.50563],[-54.639524,-20.505585],[-54.639533,-20.505585],[-54.639533,-20.505576],[-54.639543,-20.505576],[-54.639543,-20.505567],[-54.639553,-20.505568],[-54.639553,-20.505558],[-54.639562,-20.505559],[-54.639563,-20.50555],[-54.639572,-20.50555],[-54.639572,-20.505541],[-54.639582,-20.505541],[-54.639582,-20.505532],[-54.639592,-20.505532],[-54.639592,-20.505523],[-54.639601,-20.505523],[-54.639602,-20.505514],[-54.639611,-20.505514],[-54.639611,-20.505496],[-54.639621,-20.505496],[-54.639621,-20.505478],[-54.639631,-20.505478],[-54.639631,-20.505451],[-54.639641,-20.505451],[-54.639641,-20.505433],[-54.639651,-20.505433],[-54.639651,-20.505406],[-54.639661,-20.505406],[-54.639661,-20.505397],[-54.63967,-20.505398],[-54.639671,-20.505379],[-54.63968,-20.50538],[-54.639681,-20.505362],[-54.639728,-20.505362],[-54.639729,-20.505326],[-54.639739,-20.505326],[-54.639739,-20.50529],[-54.639749,-20.50529],[-54.63975,-20.505236],[-54.639759,-20.505236],[-54.639759,-20.505218],[-54.639769,-20.505218],[-54.63977,-20.505182],[-54.639779,-20.505182],[-54.63978,-20.505155],[-54.639789,-20.505155],[-54.63979,-20.50511],[-54.639799,-20.50511],[-54.6398,-20.505047],[-54.63981,-20.505047],[-54.63981,-20.50502],[-54.63982,-20.50502],[-54.63982,-20.505011],[-54.63983,-20.505011],[-54.63983,-20.505002],[-54.639839,-20.505002],[-54.63984,-20.504948],[-54.639831,-20.504948],[-54.639831,-20.504939],[-54.639821,-20.504939],[-54.639821,-20.50493],[-54.639812,-20.50493],[-54.639813,-20.504867],[-54.639822,-20.504867],[-54.639823,-20.504831],[-54.639813,-20.504831],[-54.639814,-20.504813],[-54.639823,-20.504813],[-54.639823,-20.504795],[-54.639814,-20.504794],[-54.639814,-20.504776],[-54.639996,-20.504779],[-54.639996,-20.50477],[-54.640006,-20.50477],[-54.640006,-20.504761],[-54.640016,-20.504761],[-54.640016,-20.504752],[-54.640025,-20.504752],[-54.640025,-20.504743],[-54.640035,-20.504743],[-54.640035,-20.504734],[-54.640045,-20.504734],[-54.640045,-20.504725],[-54.640064,-20.504726],[-54.640064,-20.504717],[-54.640074,-20.504717],[-54.640074,-20.504708],[-54.640084,-20.504708],[-54.640084,-20.504699],[-54.640093,-20.504699],[-54.640093,-20.50469],[-54.640113,-20.50469],[-54.640113,-20.504681],[-54.640122,-20.504681],[-54.640122,-20.504672],[-54.640132,-20.504672],[-54.640132,-20.504654],[-54.640142,-20.504654],[-54.640142,-20.504645],[-54.640152,-20.504646],[-54.640152,-20.504637],[-54.640161,-20.504637],[-54.640161,-20.504628],[-54.640181,-20.504628],[-54.640181,-20.504619],[-54.6402,-20.504619],[-54.6402,-20.50461],[-54.64021,-20.50461],[-54.64021,-20.504601],[-54.640219,-20.504601],[-54.640219,-20.504592],[-54.640229,-20.504592],[-54.640229,-20.504583],[-54.640248,-20.504584],[-54.640248,-20.504575],[-54.640258,-20.504575],[-54.640258,-20.504566],[-54.640268,-20.504566],[-54.640268,-20.504557],[-54.640278,-20.504557],[-54.640278,-20.504548],[-54.640297,-20.504548],[-54.640297,-20.504539],[-54.640307,-20.504539],[-54.640307,-20.504521],[-54.640316,-20.504521],[-54.640317,-20.504494],[-54.640326,-20.504494],[-54.640327,-20.504485],[-54.640336,-20.504485],[-54.640336,-20.504476],[-54.640346,-20.504477],[-54.640346,-20.504468],[-54.640356,-20.504468],[-54.640356,-20.504459],[-54.640365,-20.504459],[-54.640365,-20.50445],[-54.640375,-20.50445],[-54.640375,-20.504441],[-54.640394,-20.504441],[-54.640394,-20.504432],[-54.640404,-20.504432],[-54.640404,-20.504423],[-54.640423,-20.504423],[-54.640423,-20.504414],[-54.640433,-20.504415],[-54.640433,-20.504406],[-54.640443,-20.504406],[-54.640443,-20.504397],[-54.640452,-20.504397],[-54.640453,-20.504379],[-54.640462,-20.504379],[-54.640462,-20.50437],[-54.640472,-20.50437],[-54.640472,-20.504361],[-54.640482,-20.504361],[-54.640482,-20.504352],[-54.640491,-20.504352],[-54.640492,-20.504343],[-54.640501,-20.504343],[-54.640501,-20.504325],[-54.640511,-20.504325],[-54.640511,-20.504316],[-54.640521,-20.504316],[-54.640521,-20.504307],[-54.640531,-20.504308],[-54.640531,-20.504299],[-54.64055,-20.504299],[-54.64055,-20.50429],[-54.64056,-20.50429],[-54.64056,-20.504281],[-54.640569,-20.504281],[-54.640569,-20.504272],[-54.640579,-20.504272],[-54.640579,-20.504263],[-54.640589,-20.504263],[-54.640591,-20.50411],[-54.640601,-20.50411],[-54.640602,-20.504038],[-54.640611,-20.504038],[-54.640611,-20.504029],[-54.640621,-20.504029],[-54.640621,-20.50402],[-54.640631,-20.50402],[-54.640631,-20.504011],[-54.64066,-20.504011],[-54.64066,-20.504002],[-54.640669,-20.504002],[-54.64067,-20.503993],[-54.640708,-20.503994],[-54.640708,-20.503985],[-54.640746,-20.503985],[-54.640746,-20.503976],[-54.640756,-20.503976],[-54.640756,-20.503967],[-54.640766,-20.503968],[-54.640766,-20.503959],[-54.640775,-20.503959],[-54.640776,-20.50395],[-54.640785,-20.50395],[-54.640785,-20.503941],[-54.640795,-20.503941],[-54.640795,-20.503932],[-54.640805,-20.503932],[-54.640805,-20.503923],[-54.640824,-20.503923],[-54.640834,-20.503923],[-54.640849,-20.502912],[-54.640907,-20.502913],[-54.640907,-20.502904],[-54.640964,-20.502905],[-54.640964,-20.502896],[-54.640993,-20.502896],[-54.640993,-20.502887],[-54.641012,-20.502887],[-54.641012,-20.502878],[-54.641108,-20.50288],[-54.641108,-20.502889],[-54.641376,-20.502892],[-54.641377,-20.502883],[-54.641415,-20.502884],[-54.641415,-20.502875],[-54.641425,-20.502875],[-54.641425,-20.502866],[-54.641434,-20.502866],[-54.641435,-20.502848],[-54.641444,-20.502848],[-54.641444,-20.502839],[-54.641454,-20.502839],[-54.641454,-20.50283],[-54.641464,-20.50283],[-54.641464,-20.502821],[-54.641473,-20.502821],[-54.641474,-20.502812],[-54.641483,-20.502812],[-54.641483,-20.502803],[-54.641493,-20.502804],[-54.641493,-20.502794],[-54.641503,-20.502795],[-54.641503,-20.502786],[-54.641512,-20.502786],[-54.641512,-20.502777],[-54.641522,-20.502777],[-54.641522,-20.502768],[-54.641532,-20.502768],[-54.641532,-20.502759],[-54.641541,-20.502759],[-54.641542,-20.50275],[-54.641551,-20.50275],[-54.641551,-20.502741],[-54.641561,-20.502741],[-54.641561,-20.502732],[-54.64158,-20.502732],[-54.64158,-20.502723],[-54.641599,-20.502724],[-54.6416,-20.502715],[-54.641628,-20.502715],[-54.641629,-20.502706],[-54.641638,-20.502706],[-54.641638,-20.502697],[-54.641677,-20.502698],[-54.641677,-20.502689],[-54.641686,-20.502689],[-54.641686,-20.50268],[-54.641696,-20.50268],[-54.641696,-20.502671],[-54.641725,-20.502671],[-54.641725,-20.502662],[-54.641735,-20.502662],[-54.641735,-20.502653],[-54.641744,-20.502653],[-54.641744,-20.502644],[-54.641754,-20.502645],[-54.641754,-20.502635],[-54.641764,-20.502636],[-54.641764,-20.502627],[-54.641773,-20.502627],[-54.641774,-20.502618],[-54.641783,-20.502618],[-54.641783,-20.502609],[-54.641793,-20.502609],[-54.641793,-20.5026],[-54.641803,-20.5026],[-54.641803,-20.502591],[-54.641812,-20.502591],[-54.641813,-20.502582],[-54.641822,-20.502582],[-54.641822,-20.502573],[-54.641832,-20.502573],[-54.641832,-20.502564],[-54.641842,-20.502564],[-54.641842,-20.502555],[-54.641851,-20.502556],[-54.641851,-20.502547],[-54.641861,-20.502547],[-54.641861,-20.502538],[-54.641871,-20.502538],[-54.641871,-20.502529],[-54.64188,-20.502529],[-54.641881,-20.502511],[-54.641957,-20.502512],[-54.641957,-20.502503],[-54.641967,-20.502503],[-54.641967,-20.502494],[-54.641977,-20.502494],[-54.641977,-20.502485],[-54.641987,-20.502485],[-54.641987,-20.502476],[-54.641996,-20.502476],[-54.641996,-20.502467],[-54.642006,-20.502467],[-54.642006,-20.502458],[-54.642016,-20.502458],[-54.642016,-20.502449],[-54.642025,-20.50245],[-54.642026,-20.502441],[-54.642035,-20.502441],[-54.642035,-20.502432],[-54.642045,-20.502432],[-54.642045,-20.502423],[-54.642055,-20.502423],[-54.642055,-20.502414],[-54.642064,-20.502414],[-54.642064,-20.502405],[-54.642074,-20.502405],[-54.642074,-20.502396],[-54.642084,-20.502396],[-54.642084,-20.502387],[-54.642093,-20.502387],[-54.642094,-20.502378],[-54.642103,-20.502378],[-54.642103,-20.502369],[-54.642113,-20.502369],[-54.642113,-20.50236],[-54.642123,-20.502361],[-54.642123,-20.502352],[-54.642132,-20.502352],[-54.642132,-20.502343],[-54.642142,-20.502343],[-54.642142,-20.502334],[-54.642152,-20.502334],[-54.642152,-20.502325],[-54.642161,-20.502325],[-54.642162,-20.502316],[-54.642171,-20.502316],[-54.642171,-20.502307],[-54.642181,-20.502307],[-54.642181,-20.502298],[-54.642191,-20.502298],[-54.642191,-20.502289],[-54.6422,-20.502289],[-54.6422,-20.50228],[-54.64221,-20.50228],[-54.64221,-20.502271],[-54.64222,-20.502272],[-54.64222,-20.502263],[-54.64223,-20.502263],[-54.64223,-20.502254],[-54.642239,-20.502254],[-54.642239,-20.502245],[-54.642249,-20.502245],[-54.642249,-20.502236],[-54.642259,-20.502236],[-54.642259,-20.502227],[-54.642268,-20.502227],[-54.642269,-20.502218],[-54.642278,-20.502218],[-54.642278,-20.502209],[-54.642288,-20.502209],[-54.642288,-20.5022],[-54.642298,-20.5022],[-54.642298,-20.502191],[-54.642307,-20.502191],[-54.642307,-20.502182],[-54.642317,-20.502183],[-54.642317,-20.502174],[-54.642327,-20.502174],[-54.642327,-20.502165],[-54.642336,-20.502165],[-54.642337,-20.502156],[-54.642346,-20.502156],[-54.642346,-20.502147],[-54.642356,-20.502147],[-54.642356,-20.502138],[-54.642366,-20.502138],[-54.642366,-20.502129],[-54.642375,-20.502129],[-54.642375,-20.50212],[-54.642385,-20.50212],[-54.642385,-20.502111],[-54.642395,-20.502111],[-54.642395,-20.502102],[-54.642404,-20.502103],[-54.642405,-20.502093],[-54.642414,-20.502094],[-54.642414,-20.502085],[-54.642424,-20.502085],[-54.642424,-20.502076],[-54.642683,-20.502079],[-54.642683,-20.50207],[-54.642693,-20.50207],[-54.642693,-20.502061],[-54.642741,-20.502062],[-54.642741,-20.502053],[-54.64275,-20.502053],[-54.642751,-20.502035],[-54.64276,-20.502035],[-54.64276,-20.502026],[-54.64277,-20.502026],[-54.64277,-20.502008],[-54.64278,-20.502008],[-54.64278,-20.501972],[-54.64279,-20.501972],[-54.64279,-20.501963],[-54.642819,-20.501964],[-54.642819,-20.501955],[-54.642838,-20.501955],[-54.642838,-20.501946],[-54.642867,-20.501946],[-54.642867,-20.501937],[-54.642886,-20.501937],[-54.642886,-20.501928],[-54.642915,-20.501929],[-54.642915,-20.50192],[-54.642934,-20.50192],[-54.642935,-20.501911],[-54.642963,-20.501911],[-54.642963,-20.501902],[-54.642973,-20.501903],[-54.642973,-20.501894],[-54.642983,-20.501894],[-54.642985,-20.50174],[-54.642995,-20.50174],[-54.642995,-20.501704],[-54.643005,-20.501704],[-54.643006,-20.501659],[-54.643015,-20.501659],[-54.643016,-20.501614],[-54.643025,-20.501614],[-54.643026,-20.501578],[-54.643035,-20.501578],[-54.643036,-20.50156],[-54.643045,-20.50156],[-54.643045,-20.501551],[-54.643055,-20.501551],[-54.643055,-20.501542],[-54.643065,-20.501543],[-54.643065,-20.501534],[-54.643075,-20.501534],[-54.643075,-20.501525],[-54.643084,-20.501525],[-54.643084,-20.501516],[-54.643094,-20.501516],[-54.643094,-20.501507],[-54.643104,-20.501507],[-54.643104,-20.501498],[-54.643113,-20.501498],[-54.643114,-20.501489],[-54.643123,-20.501489],[-54.643123,-20.50148],[-54.643133,-20.50148],[-54.643133,-20.501471],[-54.643143,-20.501471],[-54.643143,-20.501462],[-54.643152,-20.501462],[-54.643152,-20.501453],[-54.643162,-20.501454],[-54.643162,-20.501445],[-54.643172,-20.501445],[-54.643172,-20.501436],[-54.643181,-20.501436],[-54.643182,-20.501427],[-54.643191,-20.501427],[-54.643191,-20.501418],[-54.643201,-20.501418],[-54.643201,-20.501409],[-54.64322,-20.501409],[-54.64322,-20.5014],[-54.64323,-20.5014],[-54.64323,-20.501391],[-54.64324,-20.501391],[-54.64324,-20.501382],[-54.643249,-20.501383],[-54.643249,-20.501373],[-54.643259,-20.501374],[-54.643259,-20.501365],[-54.643269,-20.501365],[-54.643269,-20.501356],[-54.643279,-20.501356],[-54.643279,-20.50132],[-54.643289,-20.50132],[-54.643289,-20.501311],[-54.643298,-20.501311],[-54.643299,-20.501302],[-54.643481,-20.501304],[-54.643481,-20.501295],[-54.6435,-20.501296],[-54.6435,-20.501287],[-54.643519,-20.501287],[-54.643519,-20.501278],[-54.643538,-20.501278],[-54.643539,-20.501269],[-54.643548,-20.501269],[-54.643548,-20.50126],[-54.643558,-20.50126],[-54.643558,-20.501251],[-54.643568,-20.501251],[-54.643568,-20.501242],[-54.643577,-20.501242],[-54.643577,-20.501233],[-54.643587,-20.501234],[-54.643587,-20.501225],[-54.643597,-20.501225],[-54.643597,-20.501216],[-54.643607,-20.501216],[-54.643607,-20.501207],[-54.643616,-20.501207],[-54.643616,-20.501198],[-54.643626,-20.501198],[-54.643626,-20.501189],[-54.643636,-20.501189],[-54.643636,-20.50118],[-54.643645,-20.50118],[-54.643646,-20.501171],[-54.643655,-20.501171],[-54.643655,-20.501162],[-54.643665,-20.501162],[-54.643665,-20.501153],[-54.643675,-20.501154],[-54.643675,-20.501144],[-54.643684,-20.501145],[-54.643684,-20.501136],[-54.643694,-20.501136],[-54.643694,-20.501127],[-54.643704,-20.501127],[-54.643704,-20.501118],[-54.643723,-20.501118],[-54.643723,-20.501109],[-54.643733,-20.501109],[-54.643733,-20.5011],[-54.643742,-20.5011],[-54.643743,-20.501082],[-54.643752,-20.501082],[-54.643753,-20.501064],[-54.643762,-20.501064],[-54.643762,-20.501055],[-54.643772,-20.501055],[-54.643772,-20.501046],[-54.643782,-20.501047],[-54.643782,-20.501038],[-54.643791,-20.501038],[-54.643791,-20.501029],[-54.643801,-20.501029],[-54.643801,-20.501011],[-54.643811,-20.501011],[-54.643811,-20.501002],[-54.643821,-20.501002],[-54.643821,-20.500993],[-54.64383,-20.500993],[-54.643831,-20.500984],[-54.64384,-20.500984],[-54.64384,-20.500975],[-54.64385,-20.500975],[-54.64385,-20.500966],[-54.64386,-20.500966],[-54.64386,-20.500948],[-54.643879,-20.500949],[-54.643879,-20.500958],[-54.643908,-20.500958],[-54.643907,-20.500967],[-54.643965,-20.500968],[-54.643965,-20.500977],[-54.643974,-20.500977],[-54.643974,-20.500986],[-54.643984,-20.500986],[-54.643984,-20.500995],[-54.643993,-20.500995],[-54.643993,-20.501004],[-54.644003,-20.501004],[-54.644003,-20.501013],[-54.644098,-20.501015],[-54.644099,-20.501006],[-54.644108,-20.501006],[-54.644108,-20.500997],[-54.644118,-20.500997],[-54.644118,-20.500988],[-54.644128,-20.500988],[-54.644128,-20.500979],[-54.644137,-20.500979],[-54.644137,-20.50097],[-54.644147,-20.50097],[-54.644147,-20.500961],[-54.644157,-20.500961],[-54.644157,-20.500952],[-54.644166,-20.500952],[-54.644167,-20.500943],[-54.644176,-20.500944],[-54.644176,-20.500935],[-54.644186,-20.500935],[-54.644186,-20.500926],[-54.644196,-20.500926],[-54.644196,-20.500917],[-54.644205,-20.500917],[-54.644205,-20.500908],[-54.644215,-20.500908],[-54.644215,-20.500899],[-54.644225,-20.500899],[-54.644225,-20.50089],[-54.644647,-20.500896],[-54.644647,-20.500887],[-54.644685,-20.500887],[-54.644685,-20.500869],[-54.644695,-20.500869],[-54.644695,-20.50086],[-54.644705,-20.50086],[-54.644705,-20.500851],[-54.644714,-20.500852],[-54.644714,-20.500843],[-54.644724,-20.500843],[-54.644724,-20.500834],[-54.644734,-20.500834],[-54.644734,-20.500825],[-54.644753,-20.500825],[-54.644753,-20.500816],[-54.644763,-20.500816],[-54.644763,-20.500807],[-54.644782,-20.500807],[-54.644782,-20.500789],[-54.644792,-20.500789],[-54.644792,-20.50078],[-54.644802,-20.500781],[-54.644802,-20.500771],[-54.644811,-20.500772],[-54.644811,-20.500763],[-54.644821,-20.500763],[-54.644821,-20.500754],[-54.644831,-20.500754],[-54.644831,-20.500745],[-54.644841,-20.500745],[-54.644841,-20.500736],[-54.64486,-20.500736],[-54.64486,-20.500727],[-54.644889,-20.500728],[-54.644889,-20.500718],[-54.644908,-20.500719],[-54.644908,-20.50071],[-54.644937,-20.50071],[-54.644937,-20.500701],[-54.644956,-20.500701],[-54.644956,-20.500692],[-54.645129,-20.500695],[-54.645129,-20.500686],[-54.645158,-20.500686],[-54.645158,-20.500677],[-54.645187,-20.500677],[-54.645187,-20.500668],[-54.645215,-20.500669],[-54.645216,-20.50066],[-54.645244,-20.50066],[-54.645244,-20.500651],[-54.645273,-20.500651],[-54.645273,-20.500642],[-54.645293,-20.500643],[-54.645293,-20.500634],[-54.645321,-20.500634],[-54.645322,-20.500625],[-54.645379,-20.500626],[-54.645379,-20.500617],[-54.645408,-20.500617],[-54.645408,-20.500608],[-54.645437,-20.500609],[-54.645437,-20.500599],[-54.645581,-20.500601],[-54.645581,-20.500592],[-54.645619,-20.500593],[-54.645619,-20.500584],[-54.645658,-20.500584],[-54.645658,-20.500575],[-54.645687,-20.500576],[-54.645687,-20.500558],[-54.645696,-20.500558],[-54.645697,-20.500549],[-54.645706,-20.500549],[-54.645706,-20.50054],[-54.645716,-20.50054],[-54.645716,-20.500531],[-54.645726,-20.500531],[-54.645726,-20.500522],[-54.645735,-20.500522],[-54.645735,-20.500513],[-54.645745,-20.500513],[-54.645745,-20.500504],[-54.645755,-20.500504],[-54.645755,-20.500495],[-54.645764,-20.500496],[-54.645765,-20.500487],[-54.645774,-20.500487],[-54.645774,-20.500478],[-54.645784,-20.500478],[-54.645784,-20.500469],[-54.645794,-20.500469],[-54.645794,-20.500433],[-54.645804,-20.500433],[-54.645804,-20.500424],[-54.645995,-20.500426],[-54.645996,-20.500417],[-54.646015,-20.500418],[-54.646015,-20.500409],[-54.646044,-20.500409],[-54.646044,-20.5004],[-54.646073,-20.5004],[-54.646073,-20.500391],[-54.646207,-20.500393],[-54.646207,-20.500402],[-54.646216,-20.500402],[-54.646216,-20.500411],[-54.646226,-20.500412],[-54.646226,-20.500421],[-54.646235,-20.500421],[-54.646235,-20.50043],[-54.646245,-20.50043],[-54.646244,-20.500439],[-54.646273,-20.500439],[-54.646273,-20.50043],[-54.646293,-20.50043],[-54.646293,-20.500421],[-54.646312,-20.500422],[-54.646312,-20.500413],[-54.646341,-20.500413],[-54.646341,-20.500404],[-54.64636,-20.500404],[-54.64636,-20.500395],[-54.646379,-20.500396],[-54.646379,-20.500387],[-54.646399,-20.500387],[-54.646399,-20.500378],[-54.646418,-20.500378],[-54.646418,-20.500369],[-54.646456,-20.500369],[-54.646457,-20.50036],[-54.646773,-20.500365],[-54.646773,-20.500356],[-54.646878,-20.500357],[-54.646878,-20.500348],[-54.646888,-20.500348],[-54.646888,-20.500339],[-54.646898,-20.500339],[-54.646898,-20.500321],[-54.646908,-20.500321],[-54.646908,-20.500303],[-54.646917,-20.500304],[-54.646918,-20.500285],[-54.646927,-20.500286],[-54.646928,-20.500268],[-54.646937,-20.500268],[-54.646937,-20.50025],[-54.646947,-20.50025],[-54.646947,-20.500232],[-54.646957,-20.500232],[-54.646957,-20.500214],[-54.646967,-20.500214],[-54.646967,-20.500196],[-54.646977,-20.500196],[-54.646977,-20.500178],[-54.646986,-20.500178],[-54.646987,-20.500169],[-54.646996,-20.500169],[-54.646996,-20.500151],[-54.647006,-20.500151],[-54.647006,-20.500142],[-54.647016,-20.500142],[-54.647016,-20.500133],[-54.647025,-20.500133],[-54.647026,-20.500124],[-54.647035,-20.500124],[-54.647035,-20.500115],[-54.647045,-20.500116],[-54.647045,-20.500107],[-54.647055,-20.500107],[-54.647055,-20.500098],[-54.647064,-20.500098],[-54.647065,-20.500089],[-54.647074,-20.500089],[-54.647074,-20.50008],[-54.647084,-20.50008],[-54.647084,-20.500071],[-54.647094,-20.500071],[-54.647094,-20.500062],[-54.647103,-20.500062],[-54.647103,-20.500053],[-54.647113,-20.500053],[-54.647113,-20.500044],[-54.647123,-20.500044],[-54.647123,-20.500035],[-54.647132,-20.500036],[-54.647133,-20.500026],[-54.6472,-20.500027],[-54.6472,-20.500018],[-54.647401,-20.500021],[-54.647401,-20.500012],[-54.647411,-20.500012],[-54.647411,-20.500003],[-54.64742,-20.500003],[-54.647421,-20.499994],[-54.64743,-20.499994],[-54.64743,-20.499985],[-54.64744,-20.499985],[-54.64744,-20.499976],[-54.64745,-20.499977],[-54.64745,-20.499968],[-54.647459,-20.499968],[-54.64746,-20.499923],[-54.64747,-20.499923],[-54.64747,-20.499896],[-54.64748,-20.499896],[-54.64748,-20.499887],[-54.647489,-20.499887],[-54.647489,-20.499878],[-54.647499,-20.499878],[-54.6475,-20.499788],[-54.64751,-20.499788],[-54.64751,-20.499779],[-54.64752,-20.499779],[-54.64752,-20.49977],[-54.647529,-20.49977],[-54.64753,-20.499761],[-54.647539,-20.499761],[-54.647539,-20.499752],[-54.647549,-20.499752],[-54.647549,-20.499743],[-54.647559,-20.499743],[-54.647559,-20.499734],[-54.647568,-20.499734],[-54.647568,-20.499725],[-54.647578,-20.499725],[-54.647578,-20.499716],[-54.647588,-20.499717],[-54.647588,-20.499708],[-54.647597,-20.499708],[-54.647598,-20.499681],[-54.647588,-20.49968],[-54.64759,-20.499599],[-54.647609,-20.499599],[-54.647609,-20.49959],[-54.647628,-20.499591],[-54.647628,-20.499582],[-54.647647,-20.499582],[-54.647647,-20.499573],[-54.647667,-20.499573],[-54.647667,-20.499564],[-54.647686,-20.499564],[-54.647686,-20.499555],[-54.647715,-20.499556],[-54.647715,-20.499547],[-54.647763,-20.499547],[-54.647764,-20.499502],[-54.647773,-20.499502],[-54.647773,-20.499493],[-54.647783,-20.499493],[-54.647783,-20.499484],[-54.647793,-20.499485],[-54.647793,-20.499476],[-54.647802,-20.499476],[-54.647802,-20.499467],[-54.647812,-20.499467],[-54.647812,-20.499458],[-54.647822,-20.499458],[-54.647822,-20.499449],[-54.647831,-20.499449],[-54.647832,-20.49944],[-54.647841,-20.49944],[-54.647841,-20.499431],[-54.647851,-20.499431],[-54.647851,-20.499422],[-54.647861,-20.499422],[-54.647861,-20.499413],[-54.64787,-20.499413],[-54.64787,-20.499404],[-54.64788,-20.499404],[-54.64788,-20.499395],[-54.64789,-20.499396],[-54.64789,-20.499387],[-54.647899,-20.499387],[-54.6479,-20.499378],[-54.647928,-20.499378],[-54.647928,-20.499369],[-54.647976,-20.49937],[-54.647977,-20.499361],[-54.648024,-20.499361],[-54.648025,-20.499352],[-54.648226,-20.499355],[-54.648226,-20.499346],[-54.648283,-20.499347],[-54.648284,-20.499338],[-54.648293,-20.499338],[-54.648293,-20.49932],[-54.648303,-20.49932],[-54.648303,-20.499302],[-54.648313,-20.499302],[-54.648313,-20.499284],[-54.648323,-20.499284],[-54.648323,-20.499266],[-54.648333,-20.499266],[-54.648333,-20.499248],[-54.648342,-20.499248],[-54.648343,-20.499239],[-54.648352,-20.499239],[-54.648352,-20.499221],[-54.648362,-20.499221],[-54.648362,-20.499203],[-54.648372,-20.499203],[-54.648372,-20.499185],[-54.648382,-20.499186],[-54.648382,-20.499176],[-54.648391,-20.499177],[-54.648392,-20.499159],[-54.648401,-20.499159],[-54.648402,-20.499141],[-54.648411,-20.499141],[-54.648411,-20.499123],[-54.648421,-20.499123],[-54.648421,-20.499114],[-54.648431,-20.499114],[-54.648431,-20.499096],[-54.648441,-20.499096],[-54.648441,-20.499087],[-54.64845,-20.499087],[-54.64845,-20.499078],[-54.64846,-20.499078],[-54.64846,-20.499069],[-54.64847,-20.499069],[-54.64847,-20.49906],[-54.648479,-20.49906],[-54.64848,-20.499051],[-54.648489,-20.499052],[-54.648489,-20.499042],[-54.648499,-20.499043],[-54.648499,-20.499034],[-54.648509,-20.499034],[-54.648509,-20.499025],[-54.648518,-20.499025],[-54.648519,-20.499016],[-54.648566,-20.499016],[-54.648567,-20.499007],[-54.648634,-20.499008],[-54.648634,-20.49899],[-54.648643,-20.49899],[-54.648644,-20.498963],[-54.648797,-20.498965],[-54.648797,-20.498956],[-54.648817,-20.498957],[-54.648817,-20.498948],[-54.648826,-20.498948],[-54.648826,-20.498939],[-54.648836,-20.498939],[-54.648836,-20.49893],[-54.648846,-20.49893],[-54.648846,-20.498921],[-54.648865,-20.498921],[-54.648865,-20.498912],[-54.648875,-20.498912],[-54.648875,-20.498903],[-54.648884,-20.498903],[-54.648885,-20.498894],[-54.648894,-20.498894],[-54.648894,-20.498885],[-54.648913,-20.498886],[-54.648914,-20.498877],[-54.648923,-20.498877],[-54.648923,-20.498868],[-54.648933,-20.498868],[-54.648933,-20.498859],[-54.648943,-20.498859],[-54.648943,-20.49885],[-54.649134,-20.498853],[-54.649135,-20.498844],[-54.649144,-20.498844],[-54.649144,-20.498835],[-54.649154,-20.498835],[-54.649154,-20.498826],[-54.649164,-20.498826],[-54.649164,-20.498817],[-54.649173,-20.498817],[-54.649173,-20.498808],[-54.649183,-20.498808],[-54.649183,-20.498799],[-54.649193,-20.498799],[-54.649193,-20.49879],[-54.649202,-20.49879],[-54.649203,-20.498781],[-54.649212,-20.498781],[-54.649212,-20.498772],[-54.649222,-20.498772],[-54.649222,-20.498763],[-54.649232,-20.498764],[-54.649232,-20.498755],[-54.64926,-20.498755],[-54.649261,-20.498746],[-54.649539,-20.49875],[-54.649539,-20.498741],[-54.649548,-20.498741],[-54.649548,-20.498732],[-54.649558,-20.498732],[-54.649558,-20.498723],[-54.649568,-20.498723],[-54.649568,-20.498714],[-54.649577,-20.498714],[-54.649578,-20.498705],[-54.649587,-20.498705],[-54.649587,-20.498696],[-54.649597,-20.498696],[-54.649597,-20.498687],[-54.649607,-20.498687],[-54.649607,-20.498678],[-54.649616,-20.498678],[-54.649616,-20.498669],[-54.649731,-20.498671],[-54.649732,-20.498662],[-54.649808,-20.498663],[-54.649818,-20.498663],[-54.649818,-20.498654],[-54.649827,-20.498654],[-54.649828,-20.498645],[-54.649837,-20.498645],[-54.649837,-20.498627],[-54.649847,-20.498627],[-54.649847,-20.498618],[-54.649857,-20.498619],[-54.649857,-20.498609],[-54.649867,-20.49861],[-54.649867,-20.498601],[-54.649876,-20.498601],[-54.649876,-20.498592],[-54.649886,-20.498592],[-54.649886,-20.498583],[-54.649896,-20.498583],[-54.649896,-20.498574],[-54.649905,-20.498574],[-54.649906,-20.498565],[-54.649915,-20.498565],[-54.649915,-20.498556],[-54.649925,-20.498556],[-54.649925,-20.498547],[-54.649935,-20.498547],[-54.649935,-20.498538],[-54.649944,-20.498538],[-54.649944,-20.498529],[-54.649954,-20.49853],[-54.649954,-20.498521],[-54.649964,-20.498521],[-54.649964,-20.498512],[-54.65006,-20.498513],[-54.65006,-20.498504],[-54.650242,-20.498506],[-54.650242,-20.498497],[-54.650252,-20.498497],[-54.650252,-20.498488],[-54.650261,-20.498489],[-54.650261,-20.49848],[-54.650271,-20.49848],[-54.650271,-20.498471],[-54.650281,-20.498471],[-54.650281,-20.498462],[-54.65029,-20.498462],[-54.650291,-20.498453],[-54.6503,-20.498453],[-54.6503,-20.498444],[-54.65031,-20.498444],[-54.65031,-20.498435],[-54.65032,-20.498435],[-54.65032,-20.498426],[-54.650329,-20.498426],[-54.650329,-20.498417],[-54.650339,-20.498417],[-54.650339,-20.498408],[-54.650349,-20.498408],[-54.650349,-20.498399],[-54.650358,-20.4984],[-54.650359,-20.498391],[-54.650368,-20.498391],[-54.650368,-20.498382],[-54.650378,-20.498382],[-54.650378,-20.498373],[-54.650388,-20.498373],[-54.650389,-20.49831],[-54.650398,-20.49831],[-54.650399,-20.498238],[-54.650409,-20.498238],[-54.650409,-20.498202],[-54.650419,-20.498202],[-54.650419,-20.498184],[-54.650429,-20.498184],[-54.650429,-20.498175],[-54.650439,-20.498175],[-54.650439,-20.498157],[-54.650448,-20.498157],[-54.650449,-20.498148],[-54.650458,-20.498148],[-54.650459,-20.498121],[-54.650468,-20.498121],[-54.650468,-20.498112],[-54.650478,-20.498112],[-54.650478,-20.498103],[-54.650488,-20.498103],[-54.650488,-20.498076],[-54.650498,-20.498076],[-54.650498,-20.498067],[-54.650507,-20.498067],[-54.650507,-20.498058],[-54.650517,-20.498059],[-54.650517,-20.49805],[-54.650527,-20.49805],[-54.650527,-20.498041],[-54.650536,-20.498041],[-54.650537,-20.498032],[-54.650546,-20.498032],[-54.650546,-20.498023],[-54.650556,-20.498023],[-54.650556,-20.498014],[-54.650566,-20.498014],[-54.650566,-20.498005],[-54.650575,-20.498005],[-54.650576,-20.497996],[-54.650585,-20.497996],[-54.650585,-20.497987],[-54.650595,-20.497987],[-54.650595,-20.497978],[-54.650633,-20.497979],[-54.650633,-20.49797],[-54.650662,-20.49797],[-54.650662,-20.497961],[-54.650691,-20.497962],[-54.650691,-20.497953],[-54.650701,-20.497953],[-54.650701,-20.497944],[-54.65071,-20.497944],[-54.650711,-20.497935],[-54.65072,-20.497935],[-54.65072,-20.497926],[-54.65073,-20.497926],[-54.65073,-20.497908],[-54.650769,-20.497908],[-54.650769,-20.49789],[-54.650778,-20.497891],[-54.650779,-20.497872],[-54.650788,-20.497873],[-54.650791,-20.497719],[-54.6508,-20.497719],[-54.6508,-20.497701],[-54.65081,-20.497701],[-54.65081,-20.497692],[-54.65082,-20.497692],[-54.65082,-20.497683],[-54.650829,-20.497684],[-54.65083,-20.497674],[-54.650839,-20.497675],[-54.650839,-20.497666],[-54.650849,-20.497666],[-54.650849,-20.497657],[-54.650859,-20.497657],[-54.650859,-20.497648],[-54.650868,-20.497648],[-54.650868,-20.497639],[-54.650878,-20.497639],[-54.650878,-20.49763],[-54.650888,-20.49763],[-54.650888,-20.497621],[-54.650897,-20.497621],[-54.650898,-20.497612],[-54.650907,-20.497612],[-54.650907,-20.497603],[-54.650917,-20.497603],[-54.650917,-20.497594],[-54.650927,-20.497595],[-54.650927,-20.497585],[-54.650936,-20.497586],[-54.650937,-20.497577],[-54.650946,-20.497577],[-54.650946,-20.497568],[-54.650956,-20.497568],[-54.650956,-20.497559],[-54.650966,-20.497559],[-54.650966,-20.49755],[-54.650975,-20.49755],[-54.650975,-20.497541],[-54.650985,-20.497541],[-54.650985,-20.497532],[-54.650995,-20.497532],[-54.650995,-20.497523],[-54.651004,-20.497523],[-54.651005,-20.497514],[-54.651014,-20.497514],[-54.651014,-20.497505],[-54.651024,-20.497506],[-54.651024,-20.497496],[-54.651034,-20.497497],[-54.651034,-20.497488],[-54.651043,-20.497488],[-54.651043,-20.497479],[-54.651053,-20.497479],[-54.651053,-20.49747],[-54.651063,-20.49747],[-54.651063,-20.497461],[-54.651072,-20.497461],[-54.651073,-20.497452],[-54.651082,-20.497452],[-54.651082,-20.497443],[-54.651092,-20.497443],[-54.651092,-20.497434],[-54.651102,-20.497434],[-54.651102,-20.497425],[-54.651111,-20.497425],[-54.651111,-20.497416],[-54.651121,-20.497417],[-54.651121,-20.497408],[-54.651131,-20.497408],[-54.651131,-20.497399],[-54.65114,-20.497399],[-54.651141,-20.49739],[-54.65115,-20.49739],[-54.65115,-20.497381],[-54.65116,-20.497381],[-54.65116,-20.497372],[-54.65117,-20.497372],[-54.65117,-20.497363],[-54.651179,-20.497363],[-54.65118,-20.497354],[-54.651189,-20.497354],[-54.651189,-20.497345],[-54.651199,-20.497345],[-54.651199,-20.497336],[-54.651209,-20.497336],[-54.651209,-20.497327],[-54.651218,-20.497328],[-54.651218,-20.497319],[-54.651228,-20.497319],[-54.651228,-20.49731],[-54.651238,-20.49731],[-54.651238,-20.497301],[-54.651247,-20.497301],[-54.651248,-20.497292],[-54.651257,-20.497292],[-54.651257,-20.497283],[-54.651267,-20.497283],[-54.651267,-20.497274],[-54.651277,-20.497274],[-54.651277,-20.497256],[-54.651286,-20.497256],[-54.651287,-20.497247],[-54.651296,-20.497247],[-54.651296,-20.497238],[-54.651306,-20.497238],[-54.651306,-20.497229],[-54.651316,-20.49723],[-54.651316,-20.497221],[-54.651325,-20.497221],[-54.651325,-20.497212],[-54.651335,-20.497212],[-54.651335,-20.497203],[-54.651345,-20.497203],[-54.651345,-20.497194],[-54.651354,-20.497194],[-54.651355,-20.497185],[-54.651364,-20.497185],[-54.651364,-20.497176],[-54.651374,-20.497176],[-54.651374,-20.497167],[-54.651384,-20.497167],[-54.651384,-20.497158],[-54.651393,-20.497158],[-54.651394,-20.49714],[-54.651403,-20.49714],[-54.651403,-20.497131],[-54.651413,-20.497132],[-54.651413,-20.497122],[-54.651423,-20.497123],[-54.651424,-20.497059],[-54.651433,-20.49706],[-54.651435,-20.496969],[-54.651444,-20.496969],[-54.651446,-20.496879],[-54.651455,-20.496879],[-54.651456,-20.496789],[-54.651466,-20.496789],[-54.651467,-20.496699],[-54.651477,-20.496699],[-54.651479,-20.496582],[-54.651469,-20.496581],[-54.65147,-20.496509],[-54.651461,-20.496509],[-54.651461,-20.4965],[-54.651451,-20.4965],[-54.651451,-20.496491],[-54.651442,-20.496491],[-54.651442,-20.496482],[-54.651432,-20.496482],[-54.651433,-20.496473],[-54.651423,-20.496472],[-54.651423,-20.496463],[-54.651414,-20.496463],[-54.651414,-20.496454],[-54.651404,-20.496454],[-54.651404,-20.496445],[-54.651395,-20.496445],[-54.651395,-20.496436],[-54.651385,-20.496436],[-54.651385,-20.496427],[-54.651376,-20.496427],[-54.651376,-20.496418],[-54.651366,-20.496417],[-54.651366,-20.496408],[-54.651357,-20.496408],[-54.651357,-20.496399],[-54.651347,-20.496399],[-54.651348,-20.49639],[-54.651338,-20.49639],[-54.651338,-20.496381],[-54.651329,-20.496381],[-54.651329,-20.496372],[-54.651319,-20.496372],[-54.651319,-20.496363],[-54.65131,-20.496363],[-54.65131,-20.496354],[-54.6513,-20.496353],[-54.6513,-20.496344],[-54.651233,-20.496343],[-54.651233,-20.496352],[-54.651224,-20.496352],[-54.651223,-20.496361],[-54.651204,-20.496361],[-54.651204,-20.496352],[-54.651185,-20.496352],[-54.651185,-20.496343],[-54.651176,-20.496343],[-54.651176,-20.496334],[-54.651157,-20.496333],[-54.651157,-20.496324],[-54.651138,-20.496324],[-54.651143,-20.495945],[-54.651124,-20.495945],[-54.651139,-20.494988],[-54.651129,-20.494987],[-54.65113,-20.49496],[-54.65112,-20.49496],[-54.65112,-20.494942],[-54.651111,-20.494942],[-54.651111,-20.494915],[-54.651102,-20.494915],[-54.651102,-20.494897],[-54.651092,-20.494897],[-54.651093,-20.494879],[-54.651083,-20.494878],[-54.651083,-20.494851],[-54.651074,-20.494851],[-54.651074,-20.494833],[-54.651065,-20.494833],[-54.651065,-20.494806],[-54.651055,-20.494806],[-54.651056,-20.494788],[-54.651046,-20.494788],[-54.651047,-20.494752],[-54.651056,-20.494752],[-54.651057,-20.494734],[-54.651066,-20.494734],[-54.651067,-20.494707],[-54.651076,-20.494707],[-54.651076,-20.494689],[-54.651086,-20.494689],[-54.651086,-20.494671],[-54.651096,-20.494671],[-54.651096,-20.494644],[-54.651106,-20.494644],[-54.651106,-20.494626],[-54.651116,-20.494626],[-54.651116,-20.494608],[-54.651126,-20.494608],[-54.651126,-20.49459],[-54.651135,-20.49459],[-54.651136,-20.494563],[-54.651145,-20.494563],[-54.651146,-20.494545],[-54.651155,-20.494545],[-54.651156,-20.494527],[-54.651165,-20.494527],[-54.651166,-20.4945],[-54.651175,-20.4945],[-54.651175,-20.494482],[-54.651185,-20.494483],[-54.651185,-20.494464],[-54.651195,-20.494465],[-54.651195,-20.494447],[-54.651205,-20.494447],[-54.651205,-20.49442],[-54.651215,-20.49442],[-54.651215,-20.494402],[-54.651225,-20.494402],[-54.651225,-20.494384],[-54.651234,-20.494384],[-54.651235,-20.49433],[-54.651226,-20.49433],[-54.651226,-20.494321],[-54.651216,-20.49432],[-54.651216,-20.494311],[-54.651207,-20.494311],[-54.651207,-20.494302],[-54.651197,-20.494302],[-54.651197,-20.494293],[-54.651188,-20.494293],[-54.651188,-20.494284],[-54.651178,-20.494284],[-54.651179,-20.494275],[-54.651169,-20.494275],[-54.651169,-20.494266],[-54.651159,-20.494265],[-54.65116,-20.494256],[-54.65115,-20.494256],[-54.65115,-20.494247],[-54.651141,-20.494247],[-54.651141,-20.494238],[-54.651131,-20.494238],[-54.651131,-20.494229],[-54.651122,-20.494229],[-54.651122,-20.49422],[-54.651112,-20.49422],[-54.651112,-20.494211],[-54.651103,-20.49421],[-54.651103,-20.494201],[-54.651093,-20.494201],[-54.651094,-20.494192],[-54.651084,-20.494192],[-54.651084,-20.494183],[-54.651074,-20.494183],[-54.651075,-20.494174],[-54.651065,-20.494174],[-54.651065,-20.494165],[-54.651056,-20.494165],[-54.651056,-20.494156],[-54.651046,-20.494156],[-54.651046,-20.494147],[-54.651037,-20.494146],[-54.651037,-20.494137],[-54.651027,-20.494137],[-54.651027,-20.494128],[-54.651018,-20.494128],[-54.651018,-20.494119],[-54.651008,-20.494119],[-54.651009,-20.49411],[-54.650999,-20.49411],[-54.650999,-20.494101],[-54.650989,-20.494101],[-54.65099,-20.494092],[-54.65098,-20.494091],[-54.65098,-20.494082],[-54.650971,-20.494082],[-54.650971,-20.494073],[-54.650961,-20.494073],[-54.650961,-20.494064],[-54.650952,-20.494064],[-54.650952,-20.494055],[-54.650942,-20.494055],[-54.650942,-20.494046],[-54.650933,-20.494046],[-54.650933,-20.494037],[-54.650923,-20.494036],[-54.650924,-20.494027],[-54.650914,-20.494027],[-54.650914,-20.494018],[-54.650904,-20.494018],[-54.650905,-20.494009],[-54.650895,-20.494009],[-54.650895,-20.494],[-54.650886,-20.494],[-54.650886,-20.493991],[-54.650876,-20.493991],[-54.650876,-20.493982],[-54.650867,-20.493982],[-54.650867,-20.493973],[-54.650857,-20.493972],[-54.650857,-20.493963],[-54.650848,-20.493963],[-54.650848,-20.493954],[-54.650838,-20.493954],[-54.650839,-20.493945],[-54.650829,-20.493945],[-54.650829,-20.493936],[-54.65082,-20.493936],[-54.65082,-20.493927],[-54.65081,-20.493927],[-54.65081,-20.493918],[-54.650801,-20.493917],[-54.650801,-20.493908],[-54.650791,-20.493908],[-54.650791,-20.493899],[-54.650782,-20.493899],[-54.650782,-20.49389],[-54.650772,-20.49389],[-54.650772,-20.493881],[-54.650763,-20.493881],[-54.650763,-20.493872],[-54.650753,-20.493872],[-54.650754,-20.493863],[-54.650744,-20.493862],[-54.650744,-20.493853],[-54.650735,-20.493853],[-54.650735,-20.493844],[-54.650725,-20.493844],[-54.650725,-20.493835],[-54.650716,-20.493835],[-54.650716,-20.493826],[-54.650706,-20.493826],[-54.650706,-20.493817],[-54.650697,-20.493817],[-54.650697,-20.493808],[-54.650687,-20.493808],[-54.650687,-20.493799],[-54.650678,-20.493798],[-54.650678,-20.493789],[-54.650668,-20.493789],[-54.650669,-20.49378],[-54.650659,-20.49378],[-54.650659,-20.493771],[-54.65065,-20.493771],[-54.65065,-20.493762],[-54.65064,-20.493762],[-54.65064,-20.493753],[-54.650631,-20.493753],[-54.650631,-20.493744],[-54.650621,-20.493743],[-54.650621,-20.493734],[-54.650612,-20.493734],[-54.650612,-20.493725],[-54.650602,-20.493725],[-54.650602,-20.493716],[-54.650593,-20.493716],[-54.650593,-20.493707],[-54.650583,-20.493707],[-54.650584,-20.493698],[-54.650574,-20.493698],[-54.650574,-20.493689],[-54.650565,-20.493688],[-54.650565,-20.493679],[-54.650555,-20.493679],[-54.650555,-20.49367],[-54.650546,-20.49367],[-54.650546,-20.493661],[-54.650536,-20.493661],[-54.650536,-20.493652],[-54.650527,-20.493652],[-54.650527,-20.493643],[-54.650517,-20.493643],[-54.650517,-20.493634],[-54.650508,-20.493634],[-54.650508,-20.493625],[-54.650498,-20.493624],[-54.650499,-20.493615],[-54.650489,-20.493615],[-54.650489,-20.493606],[-54.65048,-20.493606],[-54.65048,-20.493597],[-54.65047,-20.493597],[-54.65047,-20.493588],[-54.650461,-20.493588],[-54.650461,-20.493579],[-54.650451,-20.493579],[-54.650451,-20.49357],[-54.650442,-20.493569],[-54.650442,-20.49356],[-54.650432,-20.49356],[-54.650432,-20.493551],[-54.650423,-20.493551],[-54.650423,-20.493542],[-54.650413,-20.493542],[-54.650414,-20.493533],[-54.650404,-20.493533],[-54.650404,-20.493524],[-54.650395,-20.493524],[-54.650395,-20.493515],[-54.650385,-20.493514],[-54.650385,-20.493505],[-54.650376,-20.493505],[-54.650376,-20.493496],[-54.650366,-20.493496],[-54.650366,-20.493478],[-54.650357,-20.493478],[-54.650357,-20.493451],[-54.650348,-20.493451],[-54.650348,-20.493433],[-54.650338,-20.493433],[-54.650339,-20.493405],[-54.650348,-20.493406],[-54.650349,-20.493397],[-54.650358,-20.493397],[-54.650358,-20.493388],[-54.650368,-20.493388],[-54.650368,-20.493379],[-54.650378,-20.493379],[-54.650378,-20.49337],[-54.650387,-20.49337],[-54.650387,-20.493361],[-54.650397,-20.493361],[-54.650397,-20.493352],[-54.650407,-20.493352],[-54.650407,-20.493343],[-54.650416,-20.493343],[-54.650417,-20.493334],[-54.650426,-20.493334],[-54.650426,-20.493325],[-54.650436,-20.493326],[-54.650436,-20.493316],[-54.650446,-20.493317],[-54.650446,-20.493308],[-54.650455,-20.493308],[-54.650455,-20.493299],[-54.650465,-20.493299],[-54.650465,-20.49329],[-54.650475,-20.49329],[-54.650475,-20.493281],[-54.650484,-20.493281],[-54.650485,-20.493272],[-54.650494,-20.493272],[-54.650494,-20.493263],[-54.650504,-20.493263],[-54.650504,-20.493254],[-54.650514,-20.493254],[-54.650514,-20.493245],[-54.650523,-20.493245],[-54.650523,-20.493236],[-54.650533,-20.493237],[-54.650533,-20.493228],[-54.650543,-20.493228],[-54.650543,-20.493219],[-54.650552,-20.493219],[-54.650553,-20.49321],[-54.650562,-20.49321],[-54.650562,-20.493201],[-54.650572,-20.493201],[-54.650572,-20.493192],[-54.650582,-20.493192],[-54.650582,-20.493183],[-54.650591,-20.493183],[-54.650592,-20.493174],[-54.650601,-20.493174],[-54.650601,-20.493165],[-54.650611,-20.493165],[-54.650611,-20.493156],[-54.650621,-20.493156],[-54.650621,-20.493147],[-54.65063,-20.493148],[-54.65063,-20.493139],[-54.65064,-20.493139],[-54.65064,-20.49313],[-54.65065,-20.49313],[-54.65065,-20.493121],[-54.650659,-20.493121],[-54.65066,-20.493112],[-54.650669,-20.493112],[-54.650669,-20.493103],[-54.650679,-20.493103],[-54.650679,-20.493094],[-54.650689,-20.493094],[-54.650689,-20.493085],[-54.650698,-20.493085],[-54.650698,-20.493076],[-54.650708,-20.493076],[-54.650708,-20.493067],[-54.650718,-20.493067],[-54.650718,-20.493058],[-54.650727,-20.493059],[-54.650728,-20.49305],[-54.650737,-20.49305],[-54.650737,-20.493041],[-54.650747,-20.493041],[-54.650747,-20.493032],[-54.650757,-20.493032],[-54.650757,-20.493023],[-54.650766,-20.493023],[-54.650766,-20.493014],[-54.650776,-20.493014],[-54.650776,-20.493005],[-54.650805,-20.493005],[-54.650805,-20.493014],[-54.650814,-20.493015],[-54.650814,-20.493024],[-54.650824,-20.493024],[-54.650824,-20.493033],[-54.650843,-20.493033],[-54.650843,-20.493042],[-54.650852,-20.493042],[-54.650852,-20.493051],[-54.650871,-20.493051],[-54.650871,-20.493061],[-54.650881,-20.493061],[-54.650881,-20.49307],[-54.6509,-20.49307],[-54.6509,-20.493079],[-54.650909,-20.493079],[-54.650909,-20.493088],[-54.650919,-20.493088],[-54.650919,-20.493097],[-54.650938,-20.493098],[-54.650938,-20.493107],[-54.650947,-20.493107],[-54.650947,-20.493116],[-54.650966,-20.493116],[-54.650966,-20.493125],[-54.650985,-20.493125],[-54.650985,-20.493134],[-54.651004,-20.493135],[-54.651004,-20.493144],[-54.651023,-20.493144],[-54.651023,-20.493153],[-54.651042,-20.493153],[-54.651042,-20.493162],[-54.651061,-20.493162],[-54.651061,-20.493171],[-54.65109,-20.493172],[-54.65109,-20.493181],[-54.651119,-20.493181],[-54.651118,-20.49319],[-54.651281,-20.493192],[-54.651281,-20.493183],[-54.651291,-20.493184],[-54.651291,-20.493175],[-54.651301,-20.493175],[-54.651301,-20.493166],[-54.65132,-20.493166],[-54.65132,-20.493157],[-54.65133,-20.493157],[-54.65133,-20.493139],[-54.65134,-20.493139],[-54.65134,-20.49313],[-54.651349,-20.49313],[-54.651349,-20.493121],[-54.651359,-20.493121],[-54.651359,-20.493112],[-54.651369,-20.493112],[-54.651369,-20.493103],[-54.651378,-20.493103],[-54.651379,-20.493094],[-54.651388,-20.493095],[-54.651388,-20.493086],[-54.651398,-20.493086],[-54.651398,-20.493077],[-54.651408,-20.493077],[-54.651408,-20.493068],[-54.651417,-20.493068],[-54.651417,-20.493059],[-54.651427,-20.493059],[-54.651427,-20.49305],[-54.651437,-20.49305],[-54.651437,-20.493041],[-54.651561,-20.493043],[-54.651562,-20.493034],[-54.651571,-20.493034],[-54.651572,-20.493007],[-54.651581,-20.493007],[-54.651582,-20.49298],[-54.651591,-20.49298],[-54.651592,-20.492944],[-54.651601,-20.492944],[-54.651602,-20.492917],[-54.651611,-20.492917],[-54.651612,-20.492881],[-54.651621,-20.492881],[-54.651622,-20.492854],[-54.651631,-20.492854],[-54.651632,-20.492827],[-54.651641,-20.492827],[-54.651642,-20.492791],[-54.651652,-20.492791],[-54.651652,-20.492764],[-54.651662,-20.492764],[-54.651662,-20.492737],[-54.651672,-20.492737],[-54.651672,-20.492701],[-54.651682,-20.492701],[-54.651682,-20.492674],[-54.651692,-20.492674],[-54.651692,-20.492638],[-54.651702,-20.492638],[-54.651702,-20.492611],[-54.651712,-20.492611],[-54.651712,-20.492593],[-54.651731,-20.492594],[-54.651731,-20.492584],[-54.651741,-20.492585],[-54.651741,-20.492576],[-54.651751,-20.492576],[-54.651751,-20.492567],[-54.65176,-20.492567],[-54.651761,-20.492558],[-54.65177,-20.492558],[-54.65177,-20.492549],[-54.65178,-20.492549],[-54.65178,-20.49254],[-54.65179,-20.49254],[-54.65179,-20.492531],[-54.651799,-20.492531],[-54.651799,-20.492522],[-54.651809,-20.492522],[-54.651809,-20.492513],[-54.651819,-20.492513],[-54.651819,-20.492504],[-54.651828,-20.492505],[-54.651829,-20.492496],[-54.651838,-20.492496],[-54.651838,-20.492487],[-54.651848,-20.492487],[-54.651848,-20.492478],[-54.651858,-20.492478],[-54.651858,-20.492469],[-54.651867,-20.492469],[-54.651867,-20.49246],[-54.651877,-20.49246],[-54.651877,-20.492451],[-54.651887,-20.492451],[-54.651887,-20.492442],[-54.651896,-20.492442],[-54.651897,-20.492433],[-54.651906,-20.492433],[-54.651906,-20.492424],[-54.651916,-20.492424],[-54.651916,-20.492415],[-54.651926,-20.492416],[-54.651926,-20.492407],[-54.651935,-20.492407],[-54.651935,-20.492398],[-54.651945,-20.492398],[-54.651945,-20.492389],[-54.651955,-20.492389],[-54.651955,-20.49238],[-54.651965,-20.49238],[-54.651965,-20.492371],[-54.651974,-20.492371],[-54.651974,-20.492362],[-54.651984,-20.492362],[-54.651984,-20.492353],[-54.651994,-20.492353],[-54.651994,-20.492344],[-54.652003,-20.492344],[-54.652004,-20.492335],[-54.652013,-20.492335],[-54.652013,-20.492326],[-54.652023,-20.492327],[-54.652023,-20.492318],[-54.652033,-20.492318],[-54.652033,-20.492309],[-54.652042,-20.492309],[-54.652042,-20.492327],[-54.652052,-20.492327],[-54.652051,-20.492354],[-54.652061,-20.492354],[-54.65206,-20.492381],[-54.65207,-20.492381],[-54.652069,-20.492417],[-54.652079,-20.492418],[-54.652079,-20.492445],[-54.652088,-20.492445],[-54.652088,-20.492463],[-54.652088,-20.492472],[-54.652097,-20.492472],[-54.652097,-20.492508],[-54.652106,-20.492508],[-54.652106,-20.492544],[-54.652115,-20.492545],[-54.652115,-20.492572],[-54.652125,-20.492572],[-54.652124,-20.492608],[-54.652134,-20.492608],[-54.652133,-20.492635],[-54.652143,-20.492635],[-54.652142,-20.492671],[-54.652152,-20.492671],[-54.652151,-20.492708],[-54.652161,-20.492708],[-54.65216,-20.492735],[-54.65217,-20.492735],[-54.652169,-20.492771],[-54.652179,-20.492771],[-54.652179,-20.492798],[-54.652188,-20.492798],[-54.652188,-20.492834],[-54.652197,-20.492835],[-54.652197,-20.492862],[-54.652206,-20.492862],[-54.652206,-20.492898],[-54.652215,-20.492898],[-54.652215,-20.492934],[-54.652224,-20.492934],[-54.652224,-20.492961],[-54.652234,-20.492962],[-54.652233,-20.492989],[-54.652262,-20.492989],[-54.652262,-20.492998],[-54.652291,-20.492998],[-54.65229,-20.493007],[-54.652329,-20.493008],[-54.652329,-20.493017],[-54.652367,-20.493018],[-54.652367,-20.493027],[-54.652386,-20.493027],[-54.652386,-20.493036],[-54.652395,-20.493036],[-54.652395,-20.493045],[-54.652405,-20.493045],[-54.652405,-20.493054],[-54.652414,-20.493054],[-54.652414,-20.493063],[-54.652424,-20.493063],[-54.652424,-20.493072],[-54.652433,-20.493073],[-54.652433,-20.493082],[-54.652443,-20.493082],[-54.652442,-20.493091],[-54.652452,-20.493091],[-54.652452,-20.4931],[-54.652461,-20.4931],[-54.652461,-20.493109],[-54.652471,-20.493109],[-54.652471,-20.493118],[-54.65248,-20.493118],[-54.65248,-20.493127],[-54.65249,-20.493128],[-54.65249,-20.493137],[-54.652499,-20.493137],[-54.652499,-20.493146],[-54.652509,-20.493146],[-54.652509,-20.493155],[-54.652518,-20.493155],[-54.652518,-20.493164],[-54.652528,-20.493164],[-54.652527,-20.493173],[-54.652537,-20.493173],[-54.652537,-20.493182],[-54.652546,-20.493182],[-54.652546,-20.493192],[-54.652575,-20.493192],[-54.652575,-20.493201],[-54.652585,-20.493201],[-54.652584,-20.49321],[-54.652604,-20.49321],[-54.652603,-20.493219],[-54.652623,-20.49322],[-54.652622,-20.493229],[-54.652632,-20.493229],[-54.652632,-20.493238],[-54.65268,-20.493238],[-54.65268,-20.493248],[-54.652718,-20.493248],[-54.652718,-20.493257],[-54.652766,-20.493258],[-54.652766,-20.493267],[-54.652804,-20.493267],[-54.652804,-20.493276],[-54.652842,-20.493277],[-54.652842,-20.493286],[-54.65288,-20.493286],[-54.652873,-20.493756],[-54.652883,-20.493756],[-54.652882,-20.493783],[-54.652892,-20.493783],[-54.652892,-20.493792],[-54.652901,-20.493792],[-54.652901,-20.493801],[-54.652911,-20.493801],[-54.652911,-20.493811],[-54.65292,-20.493811],[-54.65292,-20.49382],[-54.65293,-20.49382],[-54.652929,-20.493838],[-54.652939,-20.493838],[-54.652939,-20.493847],[-54.652948,-20.493847],[-54.652948,-20.493865],[-54.652958,-20.493865],[-54.652958,-20.493883],[-54.652967,-20.493884],[-54.652967,-20.493902],[-54.652976,-20.493902],[-54.652974,-20.494073],[-54.652993,-20.494074],[-54.652993,-20.494083],[-54.653012,-20.494083],[-54.653012,-20.494092],[-54.653021,-20.494092],[-54.653021,-20.494101],[-54.65304,-20.494101],[-54.65304,-20.49411],[-54.65305,-20.49411],[-54.65305,-20.494119],[-54.653069,-20.49412],[-54.653069,-20.494129],[-54.653078,-20.494129],[-54.653078,-20.494138],[-54.653097,-20.494138],[-54.653097,-20.494147],[-54.653116,-20.494147],[-54.653116,-20.494156],[-54.653126,-20.494157],[-54.653126,-20.494166],[-54.653145,-20.494166],[-54.653145,-20.494175],[-54.653154,-20.494175],[-54.653154,-20.494184],[-54.653212,-20.494185],[-54.653212,-20.494194],[-54.653259,-20.494195],[-54.653259,-20.494204],[-54.653307,-20.494204],[-54.653307,-20.494213],[-54.653336,-20.494214],[-54.653336,-20.494223],[-54.653345,-20.494223],[-54.653345,-20.494232],[-54.653355,-20.494232],[-54.653355,-20.494241],[-54.653364,-20.494241],[-54.653364,-20.49425],[-54.653374,-20.49425],[-54.653373,-20.494259],[-54.653383,-20.494259],[-54.653383,-20.494268],[-54.653393,-20.494269],[-54.653392,-20.494278],[-54.653402,-20.494278],[-54.653402,-20.494287],[-54.653411,-20.494287],[-54.653411,-20.494296],[-54.653421,-20.494296],[-54.653421,-20.494305],[-54.65343,-20.494305],[-54.65343,-20.494314],[-54.65344,-20.494314],[-54.65344,-20.494323],[-54.653449,-20.494324],[-54.653449,-20.494333],[-54.653459,-20.494333],[-54.653458,-20.494342],[-54.653468,-20.494342],[-54.653468,-20.494351],[-54.653478,-20.494351],[-54.653477,-20.49436],[-54.653487,-20.49436],[-54.653487,-20.494369],[-54.653496,-20.494369],[-54.653496,-20.494378],[-54.653506,-20.494378],[-54.653506,-20.494387],[-54.653515,-20.494388],[-54.653515,-20.494397],[-54.653525,-20.494397],[-54.653525,-20.494406],[-54.653534,-20.494406],[-54.653534,-20.494415],[-54.653544,-20.494415],[-54.653543,-20.494424],[-54.653553,-20.494424],[-54.653553,-20.494433],[-54.653572,-20.494434],[-54.653572,-20.494443],[-54.653582,-20.494443],[-54.653574,-20.49493],[-54.653584,-20.49493],[-54.653584,-20.494939],[-54.653593,-20.49494],[-54.653593,-20.494949],[-54.653603,-20.494949],[-54.653602,-20.494958],[-54.653622,-20.494958],[-54.653621,-20.494967],[-54.653631,-20.494967],[-54.653631,-20.494976],[-54.65364,-20.494976],[-54.65364,-20.494985],[-54.65365,-20.494985],[-54.65365,-20.494994],[-54.653659,-20.494995],[-54.653659,-20.495004],[-54.653669,-20.495004],[-54.653665,-20.495257],[-54.653675,-20.495257],[-54.653674,-20.495275],[-54.653684,-20.495275],[-54.653684,-20.495293],[-54.653693,-20.495293],[-54.653693,-20.495311],[-54.653702,-20.495311],[-54.653702,-20.495329],[-54.653712,-20.495329],[-54.653711,-20.495357],[-54.653721,-20.495357],[-54.653721,-20.495375],[-54.65373,-20.495375],[-54.65373,-20.495402],[-54.653739,-20.495402],[-54.653739,-20.49542],[-54.653749,-20.49542],[-54.653748,-20.495438],[-54.653739,-20.495438],[-54.653739,-20.495456],[-54.653729,-20.495456],[-54.653729,-20.495483],[-54.653719,-20.495483],[-54.653719,-20.495501],[-54.653709,-20.495501],[-54.653709,-20.49551],[-54.653699,-20.49551],[-54.653699,-20.495519],[-54.65369,-20.495519],[-54.65369,-20.495528],[-54.65368,-20.495528],[-54.65368,-20.495537],[-54.65367,-20.495537],[-54.65367,-20.495546],[-54.653661,-20.495545],[-54.65366,-20.495564],[-54.653651,-20.495563],[-54.653651,-20.495572],[-54.653641,-20.495572],[-54.653641,-20.495599],[-54.653631,-20.495599],[-54.653631,-20.495608],[-54.653621,-20.495608],[-54.653621,-20.495617],[-54.653612,-20.495617],[-54.653611,-20.495644],[-54.653602,-20.495644],[-54.653601,-20.495653],[-54.653592,-20.495653],[-54.653592,-20.495671],[-54.653582,-20.495671],[-54.653582,-20.49568],[-54.653572,-20.49568],[-54.653572,-20.495698],[-54.653562,-20.495698],[-54.653562,-20.495707],[-54.653553,-20.495707],[-54.653553,-20.495716],[-54.653543,-20.495715],[-54.653543,-20.495724],[-54.653533,-20.495724],[-54.653533,-20.495733],[-54.653524,-20.495733],[-54.653523,-20.495742],[-54.653514,-20.495742],[-54.653514,-20.49576],[-54.653504,-20.49576],[-54.653504,-20.495787],[-54.653494,-20.495787],[-54.653494,-20.495805],[-54.653484,-20.495805],[-54.653484,-20.495832],[-54.653474,-20.495832],[-54.653474,-20.495859],[-54.653464,-20.495859],[-54.653464,-20.495877],[-54.653454,-20.495877],[-54.653454,-20.495895],[-54.653444,-20.495895],[-54.653444,-20.495904],[-54.653435,-20.495904],[-54.653434,-20.495922],[-54.653425,-20.495922],[-54.653425,-20.49594],[-54.653415,-20.495939],[-54.653415,-20.495958],[-54.653405,-20.495957],[-54.653405,-20.495975],[-54.653395,-20.495975],[-54.653395,-20.495993],[-54.653385,-20.495993],[-54.653385,-20.496011],[-54.653376,-20.496011],[-54.653375,-20.496029],[-54.653366,-20.496029],[-54.653365,-20.496047],[-54.653356,-20.496047],[-54.653356,-20.496065],[-54.653346,-20.496065],[-54.653346,-20.496083],[-54.653336,-20.496083],[-54.653336,-20.49611],[-54.653326,-20.49611],[-54.653326,-20.496128],[-54.653316,-20.496128],[-54.653316,-20.496137],[-54.653307,-20.496137],[-54.653306,-20.496155],[-54.653297,-20.496155],[-54.653296,-20.496182],[-54.653287,-20.496182],[-54.653287,-20.496191],[-54.653277,-20.49619],[-54.653276,-20.496236],[-54.653286,-20.496236],[-54.653285,-20.496263],[-54.653295,-20.496263],[-54.653295,-20.49629],[-54.653304,-20.49629],[-54.653304,-20.496317],[-54.653313,-20.496317],[-54.653313,-20.496354],[-54.653322,-20.496354],[-54.653322,-20.496381],[-54.653332,-20.496381],[-54.653331,-20.496408],[-54.653341,-20.496408],[-54.65334,-20.496435],[-54.65335,-20.496435],[-54.65335,-20.496462],[-54.653359,-20.496462],[-54.653359,-20.496499],[-54.653368,-20.496499],[-54.653368,-20.496526],[-54.653377,-20.496526],[-54.653377,-20.496553],[-54.653386,-20.496553],[-54.653386,-20.49658],[-54.653396,-20.49658],[-54.653395,-20.496617],[-54.653405,-20.496617],[-54.653404,-20.496644],[-54.653414,-20.496644],[-54.653413,-20.496671],[-54.653423,-20.496671],[-54.653423,-20.496698],[-54.653432,-20.496698],[-54.653432,-20.496725],[-54.653441,-20.496725],[-54.653441,-20.496762],[-54.65345,-20.496762],[-54.65345,-20.496789],[-54.65346,-20.496789],[-54.653459,-20.496816],[-54.653469,-20.496816],[-54.653468,-20.496843],[-54.653478,-20.496843],[-54.653477,-20.496879],[-54.653487,-20.49688],[-54.653487,-20.496907],[-54.653496,-20.496907],[-54.653496,-20.496925],[-54.653505,-20.496925],[-54.653505,-20.496934],[-54.653524,-20.496934],[-54.653524,-20.496943],[-54.653572,-20.496944],[-54.653572,-20.496953],[-54.65361,-20.496954],[-54.65361,-20.496963],[-54.653649,-20.496963],[-54.653648,-20.496972],[-54.653687,-20.496973],[-54.653687,-20.496982],[-54.653735,-20.496982],[-54.653734,-20.496991],[-54.653773,-20.496992],[-54.653773,-20.497001],[-54.653811,-20.497001],[-54.653811,-20.49701],[-54.653849,-20.497011],[-54.653849,-20.49702],[-54.653897,-20.497021],[-54.653897,-20.49703],[-54.653935,-20.49703],[-54.653935,-20.497039],[-54.653973,-20.49704],[-54.653973,-20.497049],[-54.654011,-20.497049],[-54.654011,-20.497058],[-54.65405,-20.497059],[-54.654059,-20.497059],[-54.654059,-20.497068],[-54.654097,-20.497068],[-54.654097,-20.497078],[-54.654136,-20.497078],[-54.654135,-20.497087],[-54.654126,-20.497087],[-54.654125,-20.497114],[-54.654116,-20.497114],[-54.654115,-20.497141],[-54.654106,-20.497141],[-54.654105,-20.497168],[-54.654096,-20.497168],[-54.654096,-20.497195],[-54.654086,-20.497195],[-54.654086,-20.497222],[-54.654076,-20.497222],[-54.654076,-20.497249],[-54.654066,-20.497249],[-54.654066,-20.497276],[-54.654056,-20.497276],[-54.654056,-20.497294],[-54.654046,-20.497294],[-54.654046,-20.497321],[-54.654036,-20.497321],[-54.654036,-20.497357],[-54.654045,-20.497357],[-54.654045,-20.497366],[-54.654055,-20.497366],[-54.654054,-20.497375],[-54.654064,-20.497375],[-54.654064,-20.497384],[-54.654073,-20.497384],[-54.654073,-20.497393],[-54.654083,-20.497393],[-54.654083,-20.497402],[-54.654092,-20.497403],[-54.654092,-20.497412],[-54.654102,-20.497412],[-54.654102,-20.497421],[-54.654111,-20.497421],[-54.654111,-20.49743],[-54.654121,-20.49743],[-54.654121,-20.497439],[-54.65413,-20.497439],[-54.65413,-20.497448],[-54.65414,-20.497448],[-54.654139,-20.497457],[-54.654149,-20.497457],[-54.654149,-20.497467],[-54.654158,-20.497467],[-54.654158,-20.497476],[-54.654168,-20.497476],[-54.654168,-20.497485],[-54.654177,-20.497485],[-54.654177,-20.497494],[-54.654187,-20.497494],[-54.654187,-20.497503],[-54.654196,-20.497503],[-54.654196,-20.497512],[-54.654206,-20.497512],[-54.654206,-20.497521],[-54.654215,-20.497522],[-54.654215,-20.497531],[-54.654225,-20.497531],[-54.654224,-20.49754],[-54.654234,-20.49754],[-54.654234,-20.497549],[-54.654243,-20.497549],[-54.654243,-20.497558],[-54.654253,-20.497558],[-54.654253,-20.497567],[-54.654262,-20.497567],[-54.654262,-20.497576],[-54.654272,-20.497577],[-54.654272,-20.497586],[-54.654281,-20.497586],[-54.654281,-20.497613],[-54.65429,-20.497613],[-54.65429,-20.497631],[-54.6543,-20.497631],[-54.6543,-20.49764],[-54.654309,-20.49764],[-54.654309,-20.497658],[-54.654318,-20.497658],[-54.654318,-20.497667],[-54.654328,-20.497668],[-54.654328,-20.497677],[-54.654337,-20.497677],[-54.654337,-20.497695],[-54.654347,-20.497695],[-54.654347,-20.497704],[-54.654356,-20.497704],[-54.654356,-20.497713],[-54.654366,-20.497713],[-54.654365,-20.497731],[-54.654375,-20.497731],[-54.654375,-20.49774],[-54.654384,-20.497741],[-54.654384,-20.49775],[-54.654394,-20.49775],[-54.654393,-20.497768],[-54.654403,-20.497768],[-54.654403,-20.497777],[-54.654412,-20.497777],[-54.654412,-20.497786],[-54.654422,-20.497786],[-54.654422,-20.497804],[-54.654431,-20.497804],[-54.654431,-20.497813],[-54.654441,-20.497814],[-54.654441,-20.497823],[-54.65445,-20.497823],[-54.65445,-20.497841],[-54.654459,-20.497841],[-54.654459,-20.49785],[-54.654469,-20.49785],[-54.654469,-20.497859],[-54.654478,-20.497859],[-54.654478,-20.497877],[-54.654488,-20.497877],[-54.654488,-20.497886],[-54.654497,-20.497887],[-54.654497,-20.497896],[-54.654507,-20.497896],[-54.654506,-20.497905],[-54.654516,-20.497905],[-54.654516,-20.497914],[-54.654525,-20.497914],[-54.654525,-20.497923],[-54.654535,-20.497923],[-54.654535,-20.497932],[-54.654544,-20.497932],[-54.654544,-20.497941],[-54.654554,-20.497942],[-54.654554,-20.497951],[-54.654563,-20.497951],[-54.654563,-20.49796],[-54.654582,-20.49796],[-54.654582,-20.497969],[-54.654601,-20.497969],[-54.654601,-20.497978],[-54.65462,-20.497979],[-54.65462,-20.497988],[-54.654639,-20.497988],[-54.654639,-20.497997],[-54.654658,-20.497997],[-54.654658,-20.498006],[-54.654677,-20.498006],[-54.654677,-20.498015],[-54.654696,-20.498016],[-54.654696,-20.498025],[-54.654715,-20.498025],[-54.654715,-20.498034],[-54.654744,-20.498034],[-54.654744,-20.498043],[-54.654763,-20.498044],[-54.654763,-20.498053],[-54.654782,-20.498053],[-54.654782,-20.498062],[-54.654801,-20.498062],[-54.654801,-20.498071],[-54.65482,-20.498072],[-54.65482,-20.498081],[-54.654839,-20.498081],[-54.654839,-20.49809],[-54.654858,-20.49809],[-54.654858,-20.498099],[-54.654868,-20.498099],[-54.654877,-20.498099],[-54.654877,-20.498108],[-54.654896,-20.498109],[-54.654896,-20.498118],[-54.654915,-20.498118],[-54.654915,-20.498127],[-54.654934,-20.498127],[-54.654934,-20.498136],[-54.654953,-20.498137],[-54.654953,-20.498146],[-54.654972,-20.498146],[-54.654972,-20.498155],[-54.654991,-20.498155],[-54.654991,-20.498164],[-54.65502,-20.498165],[-54.65502,-20.498174],[-54.655039,-20.498174],[-54.655039,-20.498183],[-54.655058,-20.498183],[-54.655058,-20.498192],[-54.655077,-20.498192],[-54.655077,-20.498201],[-54.655096,-20.498202],[-54.655096,-20.498211],[-54.655115,-20.498211],[-54.655115,-20.49822],[-54.655134,-20.49822],[-54.655134,-20.498229],[-54.655153,-20.49823],[-54.655153,-20.498239],[-54.655172,-20.498239],[-54.655172,-20.498248],[-54.655191,-20.498248],[-54.655191,-20.498257],[-54.65521,-20.498257],[-54.65521,-20.498267],[-54.655229,-20.498267],[-54.655229,-20.498276],[-54.655248,-20.498276],[-54.655248,-20.498285],[-54.655277,-20.498285],[-54.655277,-20.498295],[-54.655296,-20.498295],[-54.655296,-20.498304],[-54.655315,-20.498304],[-54.655315,-20.498313],[-54.655334,-20.498313],[-54.655334,-20.498322],[-54.655353,-20.498323],[-54.655353,-20.498332],[-54.655372,-20.498332],[-54.655372,-20.498341],[-54.655391,-20.498341],[-54.655391,-20.49835],[-54.65541,-20.49835],[-54.65541,-20.49836],[-54.655429,-20.49836],[-54.655429,-20.498369],[-54.655439,-20.498369],[-54.655438,-20.498378],[-54.655448,-20.498378],[-54.655448,-20.498396],[-54.655457,-20.498396],[-54.655457,-20.498414],[-54.655467,-20.498414],[-54.655466,-20.498433],[-54.655476,-20.498433],[-54.655476,-20.498451],[-54.655485,-20.498451],[-54.655485,-20.49846],[-54.655495,-20.49846],[-54.655495,-20.498469],[-54.655504,-20.498469],[-54.655504,-20.498478],[-54.655514,-20.498478],[-54.655513,-20.498487],[-54.655523,-20.498487],[-54.655523,-20.498496],[-54.655532,-20.498497],[-54.655532,-20.498506],[-54.655542,-20.498506],[-54.655542,-20.498515],[-54.655561,-20.498515],[-54.655561,-20.498524],[-54.65558,-20.498524],[-54.65558,-20.498533],[-54.655599,-20.498534],[-54.655599,-20.498543],[-54.655618,-20.498543],[-54.655618,-20.498552],[-54.655647,-20.498552],[-54.655647,-20.498561],[-54.655666,-20.498562],[-54.655666,-20.498571],[-54.655685,-20.498571],[-54.655685,-20.49858],[-54.655704,-20.49858],[-54.655704,-20.498589],[-54.655723,-20.498589],[-54.655723,-20.498599],[-54.655732,-20.498599],[-54.655732,-20.498608],[-54.655742,-20.498608],[-54.655742,-20.498617],[-54.655751,-20.498617],[-54.655751,-20.498626],[-54.655761,-20.498626],[-54.65576,-20.498644],[-54.65577,-20.498644],[-54.65577,-20.498662],[-54.655779,-20.498663],[-54.655779,-20.498672],[-54.655789,-20.498672],[-54.655788,-20.498681],[-54.655798,-20.498681],[-54.655798,-20.49869],[-54.655807,-20.49869],[-54.655807,-20.498699],[-54.655817,-20.498699],[-54.655817,-20.498708],[-54.655826,-20.498708],[-54.655826,-20.498726],[-54.655836,-20.498726],[-54.655836,-20.498736],[-54.655845,-20.498736],[-54.655845,-20.498745],[-54.655855,-20.498745],[-54.655854,-20.498754],[-54.655864,-20.498754],[-54.655864,-20.498763],[-54.655873,-20.498763],[-54.655873,-20.498772],[-54.655883,-20.498772],[-54.655883,-20.49879],[-54.655892,-20.49879],[-54.655892,-20.498809],[-54.655902,-20.498809],[-54.655901,-20.498818],[-54.655911,-20.498818],[-54.655911,-20.498827],[-54.65594,-20.498827],[-54.655939,-20.498836],[-54.655949,-20.498836],[-54.655949,-20.498845],[-54.655958,-20.498846],[-54.655958,-20.498855],[-54.655968,-20.498855],[-54.655968,-20.498864],[-54.655977,-20.498864],[-54.655977,-20.498873],[-54.655987,-20.498873],[-54.655987,-20.498882],[-54.655996,-20.498882],[-54.655996,-20.498891],[-54.656006,-20.498891],[-54.656006,-20.4989],[-54.656015,-20.4989],[-54.656015,-20.49891],[-54.656025,-20.49891],[-54.656024,-20.498919],[-54.656034,-20.498919],[-54.656034,-20.498928],[-54.656043,-20.498928],[-54.656043,-20.498937],[-54.656053,-20.498937],[-54.656053,-20.498946],[-54.656062,-20.498946],[-54.656062,-20.498955],[-54.656072,-20.498955],[-54.656072,-20.498964],[-54.656081,-20.498965],[-54.656081,-20.498974],[-54.656091,-20.498974],[-54.656091,-20.498983],[-54.6561,-20.498983],[-54.6561,-20.498992],[-54.65611,-20.498992],[-54.656109,-20.499001],[-54.656119,-20.499001],[-54.656119,-20.49901],[-54.656128,-20.49901],[-54.656128,-20.499019],[-54.656138,-20.49902],[-54.656138,-20.499029],[-54.656147,-20.499029],[-54.656147,-20.499038],[-54.656157,-20.499038],[-54.656157,-20.499047],[-54.656166,-20.499047],[-54.656166,-20.499056],[-54.656176,-20.499056],[-54.656176,-20.499065],[-54.656185,-20.499065],[-54.656185,-20.499074],[-54.656195,-20.499074],[-54.656194,-20.499084],[-54.656204,-20.499084],[-54.656204,-20.499093],[-54.656213,-20.499093],[-54.656213,-20.499102],[-54.656223,-20.499102],[-54.656223,-20.499111],[-54.656232,-20.499111],[-54.656232,-20.49912],[-54.656242,-20.49912],[-54.656242,-20.499129],[-54.656251,-20.499129],[-54.656251,-20.499138],[-54.656261,-20.499139],[-54.656261,-20.499148],[-54.65627,-20.499148],[-54.65627,-20.499157],[-54.65628,-20.499157],[-54.656279,-20.499166],[-54.656289,-20.499166],[-54.656289,-20.499175],[-54.656298,-20.499175],[-54.656298,-20.499184],[-54.656308,-20.499184],[-54.656308,-20.499193],[-54.656317,-20.499194],[-54.656317,-20.499221],[-54.656327,-20.499221],[-54.656326,-20.499257],[-54.656336,-20.499257],[-54.656335,-20.499284],[-54.656345,-20.499284],[-54.656344,-20.499311],[-54.656354,-20.499311],[-54.656343,-20.500025],[-54.656353,-20.500025],[-54.656351,-20.500133],[-54.656361,-20.500133],[-54.656344,-20.501244],[-54.656353,-20.501244],[-54.656353,-20.501253],[-54.656372,-20.501253],[-54.656372,-20.501262],[-54.656391,-20.501263],[-54.656391,-20.501272],[-54.65641,-20.501272],[-54.65641,-20.501281],[-54.65642,-20.501281],[-54.65642,-20.50129],[-54.656439,-20.50129],[-54.656439,-20.501299],[-54.656458,-20.5013],[-54.656458,-20.501309],[-54.656477,-20.501309],[-54.656477,-20.501318],[-54.656486,-20.501318],[-54.656486,-20.501327],[-54.656505,-20.501327],[-54.656505,-20.501336],[-54.656524,-20.501337],[-54.656524,-20.501346],[-54.656543,-20.501346],[-54.656543,-20.501355],[-54.656553,-20.501355],[-54.656553,-20.501364],[-54.656572,-20.501364],[-54.656572,-20.501373],[-54.656591,-20.501374],[-54.656591,-20.501383],[-54.6566,-20.501383],[-54.6566,-20.501392],[-54.656619,-20.501392],[-54.656619,-20.501401],[-54.656638,-20.501401],[-54.656638,-20.50141],[-54.656657,-20.501411],[-54.656657,-20.50142],[-54.656667,-20.50142],[-54.656667,-20.501429],[-54.656686,-20.501429],[-54.656686,-20.501438],[-54.656705,-20.501438],[-54.656705,-20.501447],[-54.656724,-20.501448],[-54.656724,-20.501457],[-54.656733,-20.501457],[-54.656733,-20.501466],[-54.656752,-20.501466],[-54.656752,-20.501475],[-54.656771,-20.501475],[-54.656771,-20.501484],[-54.65679,-20.501485],[-54.65679,-20.501494],[-54.6568,-20.501494],[-54.6568,-20.501503],[-54.656819,-20.501503],[-54.656819,-20.501512],[-54.656838,-20.501512],[-54.656838,-20.501521],[-54.656857,-20.501522],[-54.656857,-20.501531],[-54.656866,-20.501531],[-54.656866,-20.50154],[-54.656885,-20.50154],[-54.656885,-20.501549],[-54.656905,-20.501549],[-54.656904,-20.501558],[-54.656924,-20.501559],[-54.656923,-20.501568],[-54.656933,-20.501568],[-54.656933,-20.501577],[-54.656952,-20.501577],[-54.656952,-20.501586],[-54.656971,-20.501586],[-54.656971,-20.501595],[-54.65699,-20.501596],[-54.65699,-20.501605],[-54.657,-20.501605],[-54.656999,-20.501614],[-54.657019,-20.501614],[-54.657018,-20.501623],[-54.657038,-20.501623],[-54.657037,-20.501632],[-54.657057,-20.501633],[-54.657056,-20.501642],[-54.657066,-20.501642],[-54.657066,-20.501651],[-54.657085,-20.501651],[-54.657085,-20.501669],[-54.657094,-20.501669],[-54.657094,-20.501678],[-54.657104,-20.501678],[-54.657104,-20.501688],[-54.657113,-20.501688],[-54.657113,-20.501697],[-54.657123,-20.501697],[-54.657123,-20.501706],[-54.657132,-20.501706],[-54.657132,-20.501715],[-54.657142,-20.501715],[-54.657141,-20.501724],[-54.657151,-20.501724],[-54.657151,-20.501733],[-54.65716,-20.501733],[-54.65716,-20.501742],[-54.65717,-20.501743],[-54.65717,-20.501752],[-54.657179,-20.501752],[-54.657179,-20.501761],[-54.657189,-20.501761],[-54.657189,-20.50177],[-54.657198,-20.50177],[-54.657198,-20.501779],[-54.657208,-20.501779],[-54.657208,-20.501788],[-54.657217,-20.501788],[-54.657217,-20.501797],[-54.657227,-20.501798],[-54.657226,-20.501807],[-54.657236,-20.501807],[-54.657236,-20.501816],[-54.657246,-20.501816],[-54.657245,-20.501825],[-54.657255,-20.501825],[-54.657255,-20.501834],[-54.657264,-20.501834],[-54.657264,-20.501843],[-54.657274,-20.501843],[-54.657274,-20.501852],[-54.657283,-20.501852],[-54.657283,-20.501862],[-54.657293,-20.501862],[-54.657293,-20.501871],[-54.657302,-20.501871],[-54.657302,-20.50188],[-54.657312,-20.50188],[-54.657311,-20.501889],[-54.657331,-20.501889],[-54.65733,-20.501907],[-54.65734,-20.501907],[-54.65734,-20.501926],[-54.657349,-20.501926],[-54.657349,-20.501935],[-54.657359,-20.501935],[-54.657359,-20.501944],[-54.657368,-20.501944],[-54.657368,-20.501953],[-54.657378,-20.501953],[-54.657377,-20.501962],[-54.657387,-20.501962],[-54.657387,-20.501971],[-54.657406,-20.501972],[-54.657406,-20.501981],[-54.657416,-20.501981],[-54.657415,-20.50199],[-54.657425,-20.50199],[-54.657425,-20.501999],[-54.657444,-20.501999],[-54.657444,-20.502008],[-54.657463,-20.502008],[-54.657463,-20.502017],[-54.657482,-20.502018],[-54.657482,-20.502027],[-54.657501,-20.502027],[-54.657501,-20.502036],[-54.65752,-20.502036],[-54.65752,-20.502045],[-54.657539,-20.502046],[-54.657539,-20.502055],[-54.657558,-20.502055],[-54.657558,-20.502064],[-54.657577,-20.502064],[-54.657577,-20.502073],[-54.657596,-20.502073],[-54.657596,-20.502082],[-54.657615,-20.502083],[-54.657615,-20.502092],[-54.657634,-20.502092],[-54.657634,-20.502101],[-54.657653,-20.502101],[-54.657653,-20.50211],[-54.657663,-20.50211],[-54.657663,-20.502119],[-54.657672,-20.50212],[-54.657672,-20.502129],[-54.657682,-20.502129],[-54.657681,-20.502138],[-54.657691,-20.502138],[-54.657691,-20.502147],[-54.657701,-20.502147],[-54.6577,-20.502156],[-54.65771,-20.502156],[-54.65771,-20.502165],[-54.657719,-20.502165],[-54.657719,-20.502174],[-54.657729,-20.502175],[-54.657729,-20.502166],[-54.657748,-20.502166],[-54.657748,-20.502175],[-54.657758,-20.502175],[-54.657757,-20.502184],[-54.657767,-20.502184],[-54.657767,-20.502193],[-54.657776,-20.502193],[-54.657776,-20.502202],[-54.657786,-20.502202],[-54.657786,-20.502211],[-54.657805,-20.502212],[-54.657805,-20.502221],[-54.657834,-20.502221],[-54.657833,-20.50223],[-54.657862,-20.502231],[-54.657862,-20.50224],[-54.657891,-20.50224],[-54.657891,-20.502249],[-54.657919,-20.502249],[-54.657919,-20.502258],[-54.657958,-20.502259],[-54.657957,-20.502268],[-54.657986,-20.502268],[-54.657986,-20.502277],[-54.658015,-20.502278],[-54.658015,-20.502287],[-54.658043,-20.502287],[-54.658043,-20.502296],[-54.658072,-20.502297],[-54.658072,-20.502306],[-54.658101,-20.502306],[-54.658101,-20.502315],[-54.658139,-20.502316],[-54.658139,-20.502325],[-54.658167,-20.502325],[-54.658167,-20.502334],[-54.658196,-20.502334],[-54.658196,-20.502343],[-54.658225,-20.502344],[-54.658225,-20.502353],[-54.658253,-20.502353],[-54.658253,-20.502362],[-54.658282,-20.502363],[-54.658282,-20.502372],[-54.65832,-20.502372],[-54.65832,-20.502381],[-54.658349,-20.502382],[-54.658349,-20.502391],[-54.658377,-20.502391],[-54.658377,-20.5024],[-54.658406,-20.5024],[-54.658406,-20.502409],[-54.658435,-20.50241],[-54.658434,-20.502419],[-54.658463,-20.502419],[-54.658463,-20.502428],[-54.658473,-20.502428],[-54.658473,-20.502419],[-54.658511,-20.50242],[-54.658511,-20.502429],[-54.65852,-20.502429],[-54.65852,-20.502438],[-54.65853,-20.502438],[-54.65853,-20.502447],[-54.658539,-20.502447],[-54.658539,-20.502456],[-54.658549,-20.502457],[-54.658549,-20.502466],[-54.658558,-20.502466],[-54.658558,-20.502475],[-54.658568,-20.502475],[-54.658568,-20.502484],[-54.658577,-20.502484],[-54.658577,-20.502493],[-54.658587,-20.502493],[-54.658586,-20.502502],[-54.658596,-20.502502],[-54.658596,-20.502511],[-54.658606,-20.502512],[-54.658605,-20.502521],[-54.658615,-20.502521],[-54.658615,-20.50253],[-54.658624,-20.50253],[-54.658624,-20.502539],[-54.658634,-20.502539],[-54.658634,-20.502548],[-54.658643,-20.502548],[-54.658643,-20.502557],[-54.658653,-20.502557],[-54.658653,-20.502566],[-54.658662,-20.502566],[-54.658662,-20.502575],[-54.658672,-20.502576],[-54.658671,-20.502585],[-54.658681,-20.502585],[-54.658681,-20.502594],[-54.658691,-20.502594],[-54.65869,-20.502603],[-54.6587,-20.502603],[-54.6587,-20.502612],[-54.658709,-20.502612],[-54.658709,-20.502621],[-54.658719,-20.502621],[-54.658719,-20.50263],[-54.658728,-20.502631],[-54.658728,-20.50264],[-54.658738,-20.50264],[-54.658727,-20.503326],[-54.658737,-20.503326],[-54.658737,-20.503335],[-54.658746,-20.503335],[-54.658746,-20.503344],[-54.658765,-20.503344],[-54.658765,-20.503353],[-54.658775,-20.503354],[-54.658775,-20.503363],[-54.658794,-20.503363],[-54.658794,-20.503372],[-54.658803,-20.503372],[-54.658803,-20.503381],[-54.658813,-20.503381],[-54.658813,-20.50339],[-54.658832,-20.503391],[-54.658832,-20.5034],[-54.658841,-20.5034],[-54.658841,-20.503409],[-54.65886,-20.503409],[-54.65886,-20.503418],[-54.65887,-20.503418],[-54.65887,-20.503427],[-54.658879,-20.503427],[-54.658879,-20.503436],[-54.658898,-20.503437],[-54.658898,-20.503446],[-54.658908,-20.503446],[-54.658907,-20.503455],[-54.658917,-20.503455],[-54.658917,-20.503464],[-54.658936,-20.503464],[-54.658936,-20.503473],[-54.658946,-20.503473],[-54.658945,-20.503482],[-54.658965,-20.503483],[-54.658964,-20.503492],[-54.658974,-20.503492],[-54.658974,-20.503501],[-54.658983,-20.503501],[-54.658983,-20.50351],[-54.659002,-20.50351],[-54.659002,-20.503519],[-54.659012,-20.503519],[-54.659012,-20.503528],[-54.659031,-20.503529],[-54.659031,-20.503538],[-54.65904,-20.503538],[-54.65904,-20.503547],[-54.65905,-20.503547],[-54.65905,-20.503556],[-54.659069,-20.503556],[-54.659069,-20.503565],[-54.659078,-20.503565],[-54.659078,-20.503574],[-54.659088,-20.503575],[-54.659088,-20.503584],[-54.659107,-20.503584],[-54.659107,-20.503593],[-54.659116,-20.503593],[-54.659116,-20.503602],[-54.659135,-20.503602],[-54.659135,-20.503611],[-54.659145,-20.503611],[-54.659145,-20.50362],[-54.659154,-20.503621],[-54.659154,-20.50363],[-54.659173,-20.50363],[-54.659173,-20.503639],[-54.659183,-20.503639],[-54.659182,-20.503648],[-54.659192,-20.503648],[-54.659192,-20.503657],[-54.659211,-20.503658],[-54.659211,-20.503667],[-54.659221,-20.503667],[-54.65922,-20.503676],[-54.65924,-20.503676],[-54.659239,-20.503685],[-54.659249,-20.503685],[-54.659249,-20.503694],[-54.659258,-20.503694],[-54.659258,-20.503703],[-54.659277,-20.503704],[-54.659277,-20.503713],[-54.659287,-20.503713],[-54.659287,-20.503722],[-54.659306,-20.503722],[-54.659306,-20.503731],[-54.659315,-20.503731],[-54.659315,-20.50374],[-54.659325,-20.50374],[-54.659325,-20.503749],[-54.659344,-20.50375],[-54.659344,-20.503759],[-54.659353,-20.503759],[-54.659353,-20.503768],[-54.659363,-20.503768],[-54.659362,-20.503804],[-54.659372,-20.503804],[-54.659371,-20.503831],[-54.659381,-20.503831],[-54.659381,-20.503858],[-54.65939,-20.503859],[-54.65939,-20.503886],[-54.659399,-20.503886],[-54.659399,-20.503913],[-54.659408,-20.503913],[-54.659408,-20.50394],[-54.659418,-20.50394],[-54.659417,-20.503976],[-54.659427,-20.503976],[-54.659426,-20.504004],[-54.659436,-20.504004],[-54.659435,-20.504031],[-54.659445,-20.504031],[-54.659445,-20.504058],[-54.659454,-20.504058],[-54.659454,-20.504085],[-54.659463,-20.504085],[-54.659463,-20.504112],[-54.659473,-20.504113],[-54.659472,-20.50414],[-54.659482,-20.50414],[-54.659481,-20.504176],[-54.659491,-20.504176],[-54.65949,-20.504203],[-54.6595,-20.504203],[-54.659499,-20.50423],[-54.659509,-20.50423],[-54.659509,-20.504258],[-54.659518,-20.504258],[-54.659518,-20.504285],[-54.659527,-20.504285],[-54.659527,-20.504312],[-54.659537,-20.504312],[-54.659536,-20.504339],[-54.659546,-20.504339],[-54.659545,-20.504375],[-54.659555,-20.504376],[-54.659554,-20.504403],[-54.659564,-20.504403],[-54.659564,-20.504412],[-54.659554,-20.504412],[-54.659554,-20.504421],[-54.659545,-20.504421],[-54.659544,-20.50443],[-54.659535,-20.504429],[-54.659535,-20.504438],[-54.659525,-20.504438],[-54.659525,-20.504447],[-54.659515,-20.504447],[-54.659515,-20.504456],[-54.659506,-20.504456],[-54.659505,-20.504474],[-54.659496,-20.504474],[-54.659496,-20.504483],[-54.659486,-20.504483],[-54.659486,-20.504492],[-54.659476,-20.504492],[-54.659476,-20.504501],[-54.659467,-20.504501],[-54.659466,-20.50451],[-54.659457,-20.50451],[-54.659457,-20.504519],[-54.659447,-20.504519],[-54.659447,-20.504528],[-54.659437,-20.504527],[-54.659437,-20.504537],[-54.659428,-20.504536],[-54.659428,-20.504545],[-54.659418,-20.504545],[-54.659418,-20.504554],[-54.659408,-20.504554],[-54.659408,-20.504572],[-54.659398,-20.504572],[-54.659398,-20.504581],[-54.659389,-20.504581],[-54.659389,-20.50459],[-54.659379,-20.50459],[-54.659379,-20.504599],[-54.659369,-20.504599],[-54.659369,-20.504608],[-54.65936,-20.504608],[-54.659359,-20.504617],[-54.65935,-20.504617],[-54.65935,-20.504626],[-54.65934,-20.504626],[-54.65934,-20.504635],[-54.65933,-20.504634],[-54.65933,-20.504643],[-54.659321,-20.504643],[-54.659321,-20.504652],[-54.659311,-20.504652],[-54.659311,-20.504661],[-54.659301,-20.504661],[-54.659301,-20.504679],[-54.659291,-20.504679],[-54.659291,-20.504688],[-54.659282,-20.504688],[-54.659282,-20.504697],[-54.659272,-20.504697],[-54.659272,-20.504706],[-54.659262,-20.504706],[-54.659262,-20.504715],[-54.659253,-20.504715],[-54.659252,-20.504724],[-54.659243,-20.504724],[-54.659243,-20.504733],[-54.659233,-20.504732],[-54.659233,-20.504741],[-54.659223,-20.504741],[-54.659223,-20.50475],[-54.659214,-20.50475],[-54.659214,-20.504759],[-54.659204,-20.504759],[-54.659204,-20.504777],[-54.659194,-20.504777],[-54.659194,-20.504786],[-54.659184,-20.504786],[-54.659184,-20.504795],[-54.659175,-20.504795],[-54.659174,-20.504804],[-54.659165,-20.504804],[-54.659165,-20.504813],[-54.659155,-20.504813],[-54.659155,-20.504822],[-54.659145,-20.504822],[-54.659145,-20.504831],[-54.659136,-20.50483],[-54.659135,-20.504849],[-54.659135,-20.504858],[-54.659126,-20.504857],[-54.659125,-20.504884],[-54.659116,-20.504884],[-54.659115,-20.504902],[-54.659106,-20.504902],[-54.659106,-20.50492],[-54.659096,-20.50492],[-54.659096,-20.504947],[-54.659086,-20.504947],[-54.659086,-20.504965],[-54.659076,-20.504965],[-54.659076,-20.504992],[-54.659066,-20.504992],[-54.659066,-20.50501],[-54.659056,-20.50501],[-54.659055,-20.5051],[-54.659065,-20.5051],[-54.659064,-20.505109],[-54.659093,-20.50511],[-54.659093,-20.505119],[-54.659122,-20.505119],[-54.659122,-20.505128],[-54.65915,-20.505129],[-54.65915,-20.505138],[-54.659169,-20.505138],[-54.659169,-20.505147],[-54.659188,-20.505147],[-54.659188,-20.505156],[-54.659207,-20.505157],[-54.659207,-20.505166],[-54.659226,-20.505166],[-54.659226,-20.505175],[-54.659246,-20.505175],[-54.659245,-20.505184],[-54.659255,-20.505184],[-54.659255,-20.505193],[-54.659264,-20.505193],[-54.659264,-20.505202],[-54.659274,-20.505203],[-54.659272,-20.505338],[-54.659281,-20.505338],[-54.659281,-20.505347],[-54.659291,-20.505347],[-54.659291,-20.505356],[-54.65931,-20.505357],[-54.65931,-20.505366],[-54.660028,-20.505375],[-54.660028,-20.505384],[-54.660038,-20.505384],[-54.660038,-20.505393],[-54.660047,-20.505394],[-54.660047,-20.505403],[-54.660057,-20.505403],[-54.660057,-20.505412],[-54.660066,-20.505412],[-54.660066,-20.505421],[-54.660076,-20.505421],[-54.660076,-20.50543],[-54.660085,-20.50543],[-54.660085,-20.505439],[-54.660095,-20.505439],[-54.660094,-20.505448],[-54.660104,-20.505449],[-54.660104,-20.505458],[-54.660113,-20.505458],[-54.660113,-20.505467],[-54.660123,-20.505467],[-54.660123,-20.505476],[-54.660132,-20.505476],[-54.660132,-20.505485],[-54.660161,-20.505485],[-54.660161,-20.505494],[-54.66017,-20.505495],[-54.66017,-20.505504],[-54.66018,-20.505504],[-54.66018,-20.505513],[-54.660189,-20.505513],[-54.660189,-20.505522],[-54.660199,-20.505522],[-54.660199,-20.505531],[-54.660208,-20.505531],[-54.660208,-20.50554],[-54.660218,-20.50554],[-54.660217,-20.505549],[-54.660227,-20.50555],[-54.660227,-20.505559],[-54.660236,-20.505559],[-54.660236,-20.505568],[-54.660246,-20.505568],[-54.660246,-20.505577],[-54.660255,-20.505577],[-54.660255,-20.505586],[-54.660265,-20.505586],[-54.660265,-20.505595],[-54.660274,-20.505595],[-54.660274,-20.505604],[-54.660284,-20.505604],[-54.660284,-20.505614],[-54.660293,-20.505614],[-54.660293,-20.505623],[-54.660303,-20.505623],[-54.660302,-20.505632],[-54.660312,-20.505632],[-54.660312,-20.505641],[-54.660322,-20.505641],[-54.660321,-20.50565],[-54.660331,-20.50565],[-54.660331,-20.505659],[-54.66034,-20.505659],[-54.66034,-20.505668],[-54.66035,-20.505669],[-54.66035,-20.505678],[-54.660359,-20.505678],[-54.660359,-20.505687],[-54.660369,-20.505687],[-54.660369,-20.505696],[-54.660388,-20.505696],[-54.660388,-20.505705],[-54.660397,-20.505705],[-54.660397,-20.505714],[-54.660407,-20.505715],[-54.660407,-20.505724],[-54.660416,-20.505724],[-54.660416,-20.505733],[-54.660426,-20.505733],[-54.660425,-20.505742],[-54.660416,-20.505742],[-54.660415,-20.505769],[-54.660406,-20.505769],[-54.660406,-20.505787],[-54.660396,-20.505787],[-54.660396,-20.505814],[-54.660386,-20.505814],[-54.660386,-20.505841],[-54.660376,-20.505841],[-54.660376,-20.505859],[-54.660366,-20.505858],[-54.660366,-20.505886],[-54.660356,-20.505885],[-54.660356,-20.505903],[-54.660346,-20.505903],[-54.660346,-20.50593],[-54.660336,-20.50593],[-54.660336,-20.505948],[-54.660326,-20.505948],[-54.660326,-20.505966],[-54.660317,-20.505966],[-54.660316,-20.505975],[-54.660307,-20.505975],[-54.660307,-20.505984],[-54.660297,-20.505984],[-54.660297,-20.506002],[-54.660287,-20.506002],[-54.660287,-20.506011],[-54.660278,-20.506011],[-54.660277,-20.50602],[-54.660268,-20.50602],[-54.660268,-20.506038],[-54.660258,-20.506038],[-54.660258,-20.506047],[-54.660248,-20.506047],[-54.660248,-20.506065],[-54.660238,-20.506064],[-54.660238,-20.506073],[-54.660229,-20.506073],[-54.660229,-20.506082],[-54.660219,-20.506082],[-54.660219,-20.5061],[-54.660209,-20.5061],[-54.660209,-20.506109],[-54.660199,-20.506109],[-54.660199,-20.506118],[-54.66019,-20.506118],[-54.660189,-20.506136],[-54.66018,-20.506136],[-54.66018,-20.506145],[-54.66017,-20.506145],[-54.66017,-20.506163],[-54.660189,-20.506163],[-54.660189,-20.506172],[-54.660198,-20.506172],[-54.660198,-20.506181],[-54.660217,-20.506182],[-54.660217,-20.506191],[-54.660227,-20.506191],[-54.660227,-20.5062],[-54.660236,-20.5062],[-54.660236,-20.506209],[-54.660246,-20.506209],[-54.660246,-20.506218],[-54.660265,-20.506218],[-54.660265,-20.506227],[-54.660274,-20.506227],[-54.660274,-20.506236],[-54.660284,-20.506237],[-54.660284,-20.506246],[-54.660303,-20.506246],[-54.660303,-20.506255],[-54.660322,-20.506255],[-54.660322,-20.506264],[-54.660341,-20.506264],[-54.660341,-20.506274],[-54.66036,-20.506274],[-54.66036,-20.506283],[-54.660379,-20.506283],[-54.660379,-20.506292],[-54.660398,-20.506292],[-54.660398,-20.506301],[-54.660417,-20.506302],[-54.660417,-20.506311],[-54.660484,-20.506312],[-54.660484,-20.506321],[-54.660493,-20.506321],[-54.660493,-20.506339],[-54.660503,-20.506339],[-54.660502,-20.506348],[-54.660512,-20.506348],[-54.660512,-20.506366],[-54.660521,-20.506366],[-54.660521,-20.506384],[-54.660531,-20.506384],[-54.66053,-20.506402],[-54.660521,-20.506402],[-54.660521,-20.506411],[-54.66053,-20.506412],[-54.66053,-20.506421],[-54.66054,-20.506421],[-54.66054,-20.50643],[-54.660549,-20.50643],[-54.660549,-20.506439],[-54.660559,-20.506439],[-54.660558,-20.506448],[-54.660568,-20.506448],[-54.660568,-20.506457],[-54.660577,-20.506457],[-54.660577,-20.506466],[-54.660597,-20.506467],[-54.660596,-20.506476],[-54.660606,-20.506476],[-54.660606,-20.506485],[-54.660635,-20.506485],[-54.660633,-20.506594],[-54.660643,-20.506594],[-54.660639,-20.506801],[-54.66063,-20.506801],[-54.66063,-20.50681],[-54.66062,-20.50681],[-54.660619,-20.506855],[-54.66061,-20.506855],[-54.660609,-20.506882],[-54.6606,-20.506882],[-54.660598,-20.507008],[-54.660607,-20.507009],[-54.660607,-20.507018],[-54.660617,-20.507018],[-54.660617,-20.507036],[-54.660626,-20.507036],[-54.660625,-20.507144],[-54.660634,-20.507144],[-54.660634,-20.507153],[-54.660644,-20.507154],[-54.660643,-20.507172],[-54.660653,-20.507172],[-54.660653,-20.507181],[-54.660662,-20.507181],[-54.660662,-20.50719],[-54.660672,-20.50719],[-54.660672,-20.507199],[-54.660681,-20.507199],[-54.660681,-20.507208],[-54.660691,-20.507208],[-54.66069,-20.507226],[-54.6607,-20.507227],[-54.6607,-20.507236],[-54.660709,-20.507236],[-54.660709,-20.507245],[-54.660719,-20.507245],[-54.660719,-20.507254],[-54.660728,-20.507254],[-54.660728,-20.507281],[-54.660718,-20.507281],[-54.660718,-20.50729],[-54.660709,-20.50729],[-54.660708,-20.507308],[-54.660699,-20.507308],[-54.660698,-20.507326],[-54.660689,-20.507326],[-54.660689,-20.507335],[-54.660679,-20.507335],[-54.660679,-20.507344],[-54.660689,-20.507344],[-54.660688,-20.507353],[-54.660698,-20.507353],[-54.660698,-20.507362],[-54.660708,-20.507362],[-54.660707,-20.507371],[-54.660717,-20.507371],[-54.660717,-20.50738],[-54.660726,-20.50738],[-54.660726,-20.507389],[-54.660736,-20.50739],[-54.660736,-20.507399],[-54.660745,-20.507399],[-54.660745,-20.507408],[-54.660755,-20.507408],[-54.660755,-20.507417],[-54.660764,-20.507417],[-54.660764,-20.507435],[-54.660773,-20.507435],[-54.660773,-20.507444],[-54.660783,-20.507444],[-54.660783,-20.507453],[-54.660792,-20.507454],[-54.660792,-20.507463],[-54.660802,-20.507463],[-54.660802,-20.507472],[-54.660811,-20.507472],[-54.660811,-20.507481],[-54.660821,-20.507481],[-54.66082,-20.507499],[-54.66083,-20.507499],[-54.66083,-20.507508],[-54.660839,-20.507508],[-54.660839,-20.507517],[-54.660849,-20.507518],[-54.660849,-20.507527],[-54.660858,-20.507527],[-54.660858,-20.507536],[-54.660868,-20.507536],[-54.660868,-20.507545],[-54.660877,-20.507545],[-54.660877,-20.507554],[-54.660887,-20.507554],[-54.660887,-20.507563],[-54.660896,-20.507563],[-54.660896,-20.507581],[-54.660905,-20.507582],[-54.660905,-20.5076],[-54.660915,-20.5076],[-54.660914,-20.507618],[-54.660924,-20.507618],[-54.660924,-20.507627],[-54.660934,-20.507627],[-54.660933,-20.507645],[-54.660943,-20.507645],[-54.660943,-20.507663],[-54.660952,-20.507663],[-54.660952,-20.507681],[-54.660961,-20.507682],[-54.660961,-20.507691],[-54.660971,-20.507691],[-54.660971,-20.507709],[-54.66098,-20.507709],[-54.66098,-20.507727],[-54.66099,-20.507727],[-54.660989,-20.507736],[-54.660999,-20.507736],[-54.660999,-20.507754],[-54.661008,-20.507754],[-54.661008,-20.507764],[-54.661018,-20.507764],[-54.661018,-20.507773],[-54.661027,-20.507773],[-54.661027,-20.507782],[-54.661037,-20.507782],[-54.661036,-20.507791],[-54.661046,-20.507791],[-54.661046,-20.5078],[-54.661055,-20.5078],[-54.661055,-20.507809],[-54.661065,-20.507809],[-54.661065,-20.507818],[-54.661074,-20.507819],[-54.661074,-20.507828],[-54.661084,-20.507828],[-54.661084,-20.507837],[-54.661093,-20.507837],[-54.661093,-20.507846],[-54.661103,-20.507846],[-54.661103,-20.507855],[-54.661112,-20.507855],[-54.661112,-20.507864],[-54.661122,-20.507864],[-54.661121,-20.507873],[-54.661131,-20.507874],[-54.661131,-20.507883],[-54.661141,-20.507883],[-54.66114,-20.507892],[-54.66115,-20.507892],[-54.66115,-20.507901],[-54.661159,-20.507901],[-54.661159,-20.50791],[-54.661169,-20.50791],[-54.661169,-20.507919],[-54.661178,-20.507919],[-54.661178,-20.507928],[-54.661188,-20.507928],[-54.661188,-20.507938],[-54.661197,-20.507938],[-54.661197,-20.507947],[-54.661207,-20.507947],[-54.661206,-20.507956],[-54.661216,-20.507956],[-54.661216,-20.507965],[-54.661226,-20.507965],[-54.661225,-20.507974],[-54.661235,-20.507974],[-54.661235,-20.507983],[-54.661244,-20.507983],[-54.661244,-20.507992],[-54.661254,-20.507993],[-54.661254,-20.508002],[-54.661263,-20.508002],[-54.661263,-20.508011],[-54.661273,-20.508011],[-54.661273,-20.50802],[-54.661282,-20.50802],[-54.661282,-20.508029],[-54.661292,-20.508029],[-54.661291,-20.508038],[-54.661301,-20.508038],[-54.661301,-20.508047],[-54.661311,-20.508048],[-54.66131,-20.508057],[-54.66132,-20.508057],[-54.66132,-20.508066],[-54.661329,-20.508066],[-54.661329,-20.508075],[-54.661339,-20.508075],[-54.661339,-20.508084],[-54.661348,-20.508084],[-54.661348,-20.508093],[-54.661358,-20.508093],[-54.661358,-20.508102],[-54.661367,-20.508102],[-54.661367,-20.508112],[-54.661377,-20.508112],[-54.661377,-20.508121],[-54.661386,-20.508121],[-54.661386,-20.50813],[-54.661396,-20.50813],[-54.661395,-20.508139],[-54.661405,-20.508139],[-54.661405,-20.508148],[-54.661414,-20.508148],[-54.661414,-20.508157],[-54.661424,-20.508157],[-54.661424,-20.508166],[-54.661433,-20.508167],[-54.661433,-20.508176],[-54.661443,-20.508176],[-54.661443,-20.508185],[-54.661452,-20.508185],[-54.661452,-20.508194],[-54.661462,-20.508194],[-54.661462,-20.508203],[-54.661471,-20.508203],[-54.661471,-20.508212],[-54.661481,-20.508212],[-54.66148,-20.508221],[-54.66149,-20.508222],[-54.66149,-20.508231],[-54.661499,-20.508231],[-54.661499,-20.50824],[-54.661509,-20.50824],[-54.661509,-20.508249],[-54.661518,-20.508249],[-54.661518,-20.508258],[-54.661528,-20.508258],[-54.661528,-20.508267],[-54.661537,-20.508267],[-54.661537,-20.508276],[-54.661547,-20.508276],[-54.661547,-20.508285],[-54.661556,-20.508286],[-54.661556,-20.508295],[-54.661566,-20.508295],[-54.661565,-20.508304],[-54.661575,-20.508304],[-54.661575,-20.508313],[-54.661584,-20.508313],[-54.661584,-20.508322],[-54.661594,-20.508322],[-54.661594,-20.508331],[-54.661603,-20.508331],[-54.661603,-20.50834],[-54.661613,-20.508341],[-54.661613,-20.50835],[-54.661622,-20.50835],[-54.661622,-20.508359],[-54.661632,-20.508359],[-54.661632,-20.508368],[-54.661641,-20.508368],[-54.661641,-20.508377],[-54.661651,-20.508377],[-54.66165,-20.508386],[-54.66166,-20.508386],[-54.66166,-20.508395],[-54.661669,-20.508396],[-54.661669,-20.508405],[-54.661679,-20.508405],[-54.661679,-20.508414],[-54.661688,-20.508414],[-54.661688,-20.508423],[-54.661698,-20.508423],[-54.661698,-20.508432],[-54.661707,-20.508432],[-54.661707,-20.508441],[-54.661717,-20.508441],[-54.66171,-20.508884],[-54.66172,-20.508884],[-54.661719,-20.508902],[-54.661729,-20.508902],[-54.661729,-20.50892],[-54.661738,-20.50892],[-54.661738,-20.508938],[-54.661747,-20.508938],[-54.661747,-20.508956],[-54.661757,-20.508957],[-54.661755,-20.509092],[-54.661764,-20.509092],[-54.661764,-20.509101],[-54.661774,-20.509101],[-54.661774,-20.50911],[-54.661793,-20.509111],[-54.661793,-20.50912],[-54.661812,-20.50912],[-54.661812,-20.509129],[-54.661831,-20.509129],[-54.661831,-20.509138],[-54.66184,-20.509138],[-54.66184,-20.509147],[-54.661859,-20.509148],[-54.661859,-20.509157],[-54.661878,-20.509157],[-54.661878,-20.509166],[-54.661897,-20.509166],[-54.661897,-20.509175],[-54.661916,-20.509175],[-54.661916,-20.509184],[-54.661926,-20.509185],[-54.661926,-20.509194],[-54.661945,-20.509194],[-54.661945,-20.509203],[-54.661964,-20.509203],[-54.661964,-20.509212],[-54.661983,-20.509212],[-54.661983,-20.509222],[-54.661992,-20.509222],[-54.661992,-20.509231],[-54.662011,-20.509231],[-54.662011,-20.50924],[-54.66203,-20.50924],[-54.66203,-20.509249],[-54.662049,-20.50925],[-54.662049,-20.509259],[-54.662069,-20.509259],[-54.662068,-20.509268],[-54.662078,-20.509268],[-54.662078,-20.509277],[-54.662087,-20.509277],[-54.662087,-20.509286],[-54.662097,-20.509286],[-54.662097,-20.509304],[-54.662106,-20.509304],[-54.662106,-20.509313],[-54.662116,-20.509314],[-54.662115,-20.509332],[-54.662125,-20.509332],[-54.662125,-20.509341],[-54.662134,-20.509341],[-54.662134,-20.509359],[-54.662144,-20.509359],[-54.662144,-20.509368],[-54.662153,-20.509368],[-54.662153,-20.509377],[-54.662163,-20.509377],[-54.662162,-20.509386],[-54.662172,-20.509387],[-54.662172,-20.509396],[-54.662181,-20.509396],[-54.662181,-20.509405],[-54.662191,-20.509405],[-54.662191,-20.509414],[-54.6622,-20.509414],[-54.6622,-20.509423],[-54.66221,-20.509423],[-54.66221,-20.509432],[-54.662219,-20.509432],[-54.662219,-20.509441],[-54.662229,-20.509442],[-54.662229,-20.509451],[-54.662238,-20.509451],[-54.662238,-20.50946],[-54.662248,-20.50946],[-54.662247,-20.509478],[-54.662257,-20.509478],[-54.662256,-20.509568],[-54.662265,-20.509568],[-54.662263,-20.509713],[-54.662272,-20.509713],[-54.66227,-20.509867],[-54.66228,-20.509867],[-54.662278,-20.509948],[-54.662288,-20.509948],[-54.662288,-20.509966],[-54.662297,-20.509966],[-54.662297,-20.509984],[-54.662307,-20.509984],[-54.662306,-20.510002],[-54.662316,-20.510003],[-54.662316,-20.510021],[-54.662325,-20.510021],[-54.662325,-20.510039],[-54.662335,-20.510039],[-54.662334,-20.510057],[-54.662344,-20.510057],[-54.662344,-20.510075],[-54.662353,-20.510075],[-54.662353,-20.510093],[-54.662363,-20.510094],[-54.662362,-20.510112],[-54.662372,-20.510112],[-54.662372,-20.51013],[-54.662381,-20.51013],[-54.662381,-20.510148],[-54.66239,-20.510148],[-54.66239,-20.510166],[-54.6624,-20.510166],[-54.6624,-20.510184],[-54.662409,-20.510184],[-54.662409,-20.510203],[-54.662418,-20.510203],[-54.662418,-20.510239],[-54.662427,-20.510239],[-54.662427,-20.510275],[-54.662436,-20.510275],[-54.662436,-20.510302],[-54.662446,-20.510302],[-54.662445,-20.510338],[-54.662455,-20.510339],[-54.662454,-20.510375],[-54.662464,-20.510375],[-54.662463,-20.510402],[-54.662473,-20.510402],[-54.662472,-20.510438],[-54.662482,-20.510438],[-54.662482,-20.510465],[-54.662491,-20.510466],[-54.662491,-20.510502],[-54.6625,-20.510502],[-54.6625,-20.510529],[-54.662509,-20.510529],[-54.662509,-20.510565],[-54.662518,-20.510565],[-54.662518,-20.510601],[-54.662527,-20.510601],[-54.662527,-20.510629],[-54.662537,-20.510629],[-54.662536,-20.510665],[-54.662546,-20.510665],[-54.662545,-20.510692],[-54.662555,-20.510692],[-54.662554,-20.510728],[-54.662564,-20.510728],[-54.662563,-20.510755],[-54.662573,-20.510756],[-54.662572,-20.510792],[-54.662601,-20.510792],[-54.662601,-20.510783],[-54.66262,-20.510783],[-54.662621,-20.510774],[-54.662649,-20.510775],[-54.662649,-20.510766],[-54.662678,-20.510766],[-54.662678,-20.510775],[-54.662688,-20.510775],[-54.662688,-20.510784],[-54.662697,-20.510784],[-54.662697,-20.510793],[-54.662707,-20.510794],[-54.662706,-20.510803],[-54.662716,-20.510803],[-54.662716,-20.510812],[-54.662725,-20.510812],[-54.662725,-20.510821],[-54.662735,-20.510821],[-54.662735,-20.51083],[-54.662744,-20.51083],[-54.662744,-20.510839],[-54.662754,-20.510839],[-54.662754,-20.510848],[-54.662763,-20.510848],[-54.662763,-20.510858],[-54.662773,-20.510858],[-54.662773,-20.510867],[-54.662782,-20.510867],[-54.662782,-20.510876],[-54.662792,-20.510876],[-54.662791,-20.510885],[-54.662801,-20.510885],[-54.662801,-20.510894],[-54.66281,-20.510894],[-54.66281,-20.510903],[-54.66282,-20.510903],[-54.66282,-20.510912],[-54.662829,-20.510913],[-54.662829,-20.510922],[-54.662839,-20.510922],[-54.662839,-20.510931],[-54.662848,-20.510931],[-54.662848,-20.51094],[-54.662858,-20.51094],[-54.662858,-20.510949],[-54.662867,-20.510949],[-54.662867,-20.510958],[-54.662877,-20.510958],[-54.662876,-20.510967],[-54.662886,-20.510968],[-54.662886,-20.510977],[-54.662895,-20.510977],[-54.662895,-20.510986],[-54.662905,-20.510986],[-54.662905,-20.510995],[-54.662914,-20.510995],[-54.662914,-20.511004],[-54.662924,-20.511004],[-54.662923,-20.511031],[-54.662933,-20.511031],[-54.662933,-20.51104],[-54.662942,-20.511041],[-54.662942,-20.51105],[-54.662952,-20.51105],[-54.662952,-20.511059],[-54.662961,-20.511059],[-54.662961,-20.511068],[-54.662971,-20.511068],[-54.662971,-20.511077],[-54.66298,-20.511077],[-54.66298,-20.511086],[-54.66299,-20.511086],[-54.66299,-20.511095],[-54.662999,-20.511095],[-54.662999,-20.511105],[-54.663009,-20.511105],[-54.663008,-20.511114],[-54.663018,-20.511114],[-54.663018,-20.511123],[-54.663027,-20.511123],[-54.663027,-20.511132],[-54.663037,-20.511132],[-54.663037,-20.511141],[-54.663046,-20.511141],[-54.663046,-20.51115],[-54.663056,-20.51115],[-54.663056,-20.511159],[-54.663065,-20.51116],[-54.663065,-20.511169],[-54.663075,-20.511169],[-54.663075,-20.511178],[-54.663084,-20.511178],[-54.663084,-20.511187],[-54.663094,-20.511187],[-54.663093,-20.511196],[-54.663103,-20.511196],[-54.663103,-20.511205],[-54.663112,-20.511205],[-54.663112,-20.511214],[-54.663122,-20.511215],[-54.663122,-20.511224],[-54.663131,-20.511224],[-54.663131,-20.511233],[-54.663141,-20.511233],[-54.663141,-20.511242],[-54.66315,-20.511242],[-54.66315,-20.511251],[-54.66316,-20.511251],[-54.66316,-20.51126],[-54.663169,-20.51126],[-54.663169,-20.511269],[-54.663179,-20.511269],[-54.663178,-20.511279],[-54.663188,-20.511279],[-54.663188,-20.511288],[-54.663197,-20.511288],[-54.663197,-20.511297],[-54.663207,-20.511297],[-54.663207,-20.511306],[-54.663216,-20.511306],[-54.663216,-20.511315],[-54.663226,-20.511315],[-54.663226,-20.511324],[-54.663235,-20.511324],[-54.663235,-20.511333],[-54.663216,-20.511333],[-54.663216,-20.511342],[-54.663168,-20.511342],[-54.663168,-20.511351],[-54.663139,-20.51135],[-54.663134,-20.511711],[-54.663143,-20.511711],[-54.663143,-20.511739],[-54.663152,-20.511739],[-54.663152,-20.511775],[-54.663161,-20.511775],[-54.663161,-20.511802],[-54.663171,-20.511802],[-54.66317,-20.511829],[-54.66318,-20.511829],[-54.663179,-20.511856],[-54.663189,-20.511857],[-54.663188,-20.511893],[-54.663198,-20.511893],[-54.663197,-20.51192],[-54.663207,-20.51192],[-54.663207,-20.511947],[-54.663216,-20.511947],[-54.663216,-20.511983],[-54.663225,-20.511984],[-54.663225,-20.512011],[-54.663234,-20.512011],[-54.663234,-20.512038],[-54.663244,-20.512038],[-54.663243,-20.512065],[-54.663253,-20.512065],[-54.663252,-20.512101],[-54.663262,-20.512101],[-54.663261,-20.512128],[-54.663271,-20.512129],[-54.663271,-20.512156],[-54.66328,-20.512156],[-54.66328,-20.512183],[-54.663289,-20.512183],[-54.663289,-20.512219],[-54.663298,-20.512219],[-54.663298,-20.512246],[-54.663308,-20.512247],[-54.663307,-20.512274],[-54.663317,-20.512274],[-54.663316,-20.512301],[-54.663326,-20.512301],[-54.663325,-20.512337],[-54.663335,-20.512337],[-54.663335,-20.512355],[-54.663344,-20.512355],[-54.663344,-20.512364],[-54.663354,-20.512365],[-54.663354,-20.512355],[-54.663363,-20.512356],[-54.663364,-20.512347],[-54.663373,-20.512347],[-54.663373,-20.512338],[-54.663383,-20.512338],[-54.663383,-20.512329],[-54.663393,-20.512329],[-54.663393,-20.51232],[-54.663402,-20.51232],[-54.663402,-20.512311],[-54.663422,-20.512311],[-54.663421,-20.51232],[-54.663431,-20.51232],[-54.663431,-20.512329],[-54.66344,-20.51233],[-54.66344,-20.512339],[-54.663507,-20.51234],[-54.663507,-20.512349],[-54.663517,-20.512349],[-54.663517,-20.512358],[-54.663526,-20.512358],[-54.663526,-20.512367],[-54.663536,-20.512367],[-54.663536,-20.512376],[-54.663545,-20.512376],[-54.663545,-20.512385],[-54.663555,-20.512385],[-54.663555,-20.512394],[-54.663564,-20.512394],[-54.663564,-20.512403],[-54.663574,-20.512404],[-54.663573,-20.512413],[-54.663583,-20.512413],[-54.663583,-20.512422],[-54.663592,-20.512422],[-54.663592,-20.512431],[-54.663602,-20.512431],[-54.663602,-20.51244],[-54.663611,-20.51244],[-54.663611,-20.512449],[-54.663621,-20.512449],[-54.663621,-20.512458],[-54.66363,-20.512459],[-54.66363,-20.512468],[-54.663649,-20.512468],[-54.663649,-20.512477],[-54.663659,-20.512477],[-54.663659,-20.512486],[-54.663668,-20.512486],[-54.663668,-20.512495],[-54.663678,-20.512495],[-54.663677,-20.512504],[-54.663687,-20.512504],[-54.663687,-20.512513],[-54.663696,-20.512514],[-54.663696,-20.512523],[-54.663706,-20.512523],[-54.663706,-20.512532],[-54.663715,-20.512532],[-54.663715,-20.512541],[-54.663725,-20.512541],[-54.663725,-20.51255],[-54.663734,-20.51255],[-54.663734,-20.512559],[-54.663744,-20.512559],[-54.663744,-20.512568],[-54.663753,-20.512569],[-54.663753,-20.512578],[-54.663763,-20.512578],[-54.663762,-20.512587],[-54.663772,-20.512587],[-54.663772,-20.512596],[-54.663781,-20.512596],[-54.663781,-20.512605],[-54.663848,-20.512606],[-54.663849,-20.512597],[-54.663887,-20.512597],[-54.663887,-20.512588],[-54.663916,-20.512589],[-54.663916,-20.51258],[-54.663954,-20.51258],[-54.663954,-20.512571],[-54.663993,-20.512572],[-54.663993,-20.512563],[-54.664031,-20.512563],[-54.664031,-20.512554],[-54.664156,-20.512556],[-54.664156,-20.512565],[-54.664165,-20.512565],[-54.664165,-20.512574],[-54.664175,-20.512574],[-54.664175,-20.512583],[-54.664184,-20.512583],[-54.664184,-20.512592],[-54.664194,-20.512593],[-54.664194,-20.512602],[-54.664203,-20.512602],[-54.664203,-20.512611],[-54.664213,-20.512611],[-54.664212,-20.51262],[-54.664222,-20.51262],[-54.664222,-20.512629],[-54.664231,-20.512629],[-54.664231,-20.512638],[-54.664241,-20.512638],[-54.664241,-20.512647],[-54.66425,-20.512648],[-54.66425,-20.512657],[-54.66426,-20.512657],[-54.66426,-20.512666],[-54.664269,-20.512666],[-54.664269,-20.512675],[-54.664279,-20.512675],[-54.664279,-20.512684],[-54.664288,-20.512684],[-54.664288,-20.512693],[-54.664298,-20.512693],[-54.664297,-20.512702],[-54.664307,-20.512702],[-54.664307,-20.512711],[-54.664317,-20.512712],[-54.664316,-20.512721],[-54.664326,-20.512721],[-54.664326,-20.51273],[-54.664335,-20.51273],[-54.664335,-20.512739],[-54.664345,-20.512739],[-54.664345,-20.512757],[-54.664354,-20.512757],[-54.664354,-20.512766],[-54.664364,-20.512766],[-54.664363,-20.512784],[-54.664373,-20.512785],[-54.664373,-20.512794],[-54.664382,-20.512794],[-54.664382,-20.512812],[-54.664392,-20.512812],[-54.664392,-20.512821],[-54.664401,-20.512821],[-54.664401,-20.512839],[-54.66441,-20.512839],[-54.66441,-20.512857],[-54.66442,-20.512857],[-54.66442,-20.512867],[-54.664429,-20.512867],[-54.664429,-20.512885],[-54.664438,-20.512885],[-54.664438,-20.512894],[-54.664448,-20.512894],[-54.664448,-20.512912],[-54.664457,-20.512912],[-54.664457,-20.512921],[-54.664467,-20.512921],[-54.664466,-20.512939],[-54.664476,-20.51294],[-54.664476,-20.512949],[-54.664485,-20.512949],[-54.664485,-20.512967],[-54.664495,-20.512967],[-54.664495,-20.512976],[-54.664504,-20.512976],[-54.664504,-20.512994],[-54.664514,-20.512994],[-54.664513,-20.513012],[-54.664523,-20.513012],[-54.664523,-20.513021],[-54.664532,-20.513022],[-54.664532,-20.51304],[-54.664542,-20.51304],[-54.664541,-20.513058],[-54.664551,-20.513058],[-54.664551,-20.513067],[-54.66456,-20.513067],[-54.66456,-20.513085],[-54.66457,-20.513085],[-54.664569,-20.513103],[-54.664579,-20.513103],[-54.664579,-20.513131],[-54.664588,-20.513131],[-54.664588,-20.513158],[-54.664597,-20.513158],[-54.664597,-20.513185],[-54.664606,-20.513185],[-54.664606,-20.513203],[-54.664616,-20.513203],[-54.664615,-20.51323],[-54.664625,-20.513231],[-54.664625,-20.513258],[-54.664634,-20.513258],[-54.664634,-20.513276],[-54.664643,-20.513276],[-54.664643,-20.513303],[-54.664653,-20.513303],[-54.664652,-20.51333],[-54.664662,-20.51333],[-54.664662,-20.513339],[-54.664987,-20.513344],[-54.664987,-20.513353],[-54.665006,-20.513353],[-54.665006,-20.513362],[-54.665016,-20.513362],[-54.665016,-20.513371],[-54.665035,-20.513371],[-54.665035,-20.513381],[-54.665044,-20.513381],[-54.665044,-20.51339],[-54.665063,-20.51339],[-54.665063,-20.513399],[-54.665073,-20.513399],[-54.665073,-20.513408],[-54.665092,-20.513408],[-54.665092,-20.513417],[-54.665101,-20.513418],[-54.665101,-20.513427],[-54.66512,-20.513427],[-54.66512,-20.513436],[-54.66513,-20.513436],[-54.66513,-20.513445],[-54.665149,-20.513445],[-54.665149,-20.513454],[-54.665158,-20.513454],[-54.665158,-20.513463],[-54.665168,-20.513464],[-54.665168,-20.513473],[-54.665187,-20.513473],[-54.665187,-20.513482],[-54.665196,-20.513482],[-54.665196,-20.513491],[-54.665215,-20.513491],[-54.665215,-20.5135],[-54.665225,-20.5135],[-54.665225,-20.513509],[-54.665244,-20.51351],[-54.665244,-20.513519],[-54.665253,-20.513519],[-54.665253,-20.513528],[-54.665272,-20.513528],[-54.665272,-20.513537],[-54.665282,-20.513537],[-54.665282,-20.513546],[-54.665301,-20.513547],[-54.665301,-20.513556],[-54.66531,-20.513556],[-54.66531,-20.513565],[-54.66532,-20.513565],[-54.665319,-20.513574],[-54.665339,-20.513574],[-54.665338,-20.513592],[-54.665348,-20.513592],[-54.665348,-20.51361],[-54.665357,-20.513611],[-54.665357,-20.513629],[-54.665367,-20.513629],[-54.665366,-20.513647],[-54.665376,-20.513647],[-54.665376,-20.513665],[-54.665385,-20.513665],[-54.665385,-20.513683],[-54.665394,-20.513683],[-54.665394,-20.513701],[-54.665404,-20.513702],[-54.665404,-20.51372],[-54.665413,-20.51372],[-54.665413,-20.513738],[-54.665422,-20.513738],[-54.665422,-20.513756],[-54.665432,-20.513756],[-54.665431,-20.513774],[-54.665441,-20.513774],[-54.665441,-20.513792],[-54.66545,-20.513792],[-54.66545,-20.513811],[-54.66546,-20.513811],[-54.665459,-20.513829],[-54.665469,-20.513829],[-54.665469,-20.513847],[-54.665478,-20.513847],[-54.665478,-20.513856],[-54.665593,-20.513858],[-54.665592,-20.51393],[-54.665602,-20.51393],[-54.665601,-20.513939],[-54.665611,-20.513939],[-54.665611,-20.513948],[-54.665621,-20.513948],[-54.665619,-20.514021],[-54.665629,-20.514021],[-54.665628,-20.514093],[-54.665637,-20.514093],[-54.665636,-20.514165],[-54.665646,-20.514165],[-54.665645,-20.514238],[-54.665654,-20.514238],[-54.665653,-20.51431],[-54.665663,-20.51431],[-54.665662,-20.514382],[-54.665671,-20.514382],[-54.66567,-20.514455],[-54.66568,-20.514455],[-54.66568,-20.514482],[-54.665689,-20.514482],[-54.665688,-20.514545],[-54.665698,-20.514545],[-54.665697,-20.514581],[-54.665707,-20.514582],[-54.665706,-20.514627],[-54.665716,-20.514627],[-54.665715,-20.514672],[-54.665725,-20.514672],[-54.665724,-20.514717],[-54.665733,-20.514717],[-54.665733,-20.514763],[-54.665742,-20.514763],[-54.665742,-20.514799],[-54.665751,-20.514799],[-54.665751,-20.514826],[-54.665761,-20.514826],[-54.66576,-20.514844],[-54.66577,-20.514844],[-54.66577,-20.514862],[-54.665779,-20.514862],[-54.665779,-20.514881],[-54.665788,-20.514881],[-54.665788,-20.514899],[-54.665798,-20.514899],[-54.665798,-20.514917],[-54.665807,-20.514917],[-54.665807,-20.514935],[-54.665816,-20.514935],[-54.665816,-20.514953],[-54.665826,-20.514953],[-54.665825,-20.514971],[-54.665835,-20.514972],[-54.665835,-20.51499],[-54.665844,-20.51499],[-54.665844,-20.515008],[-54.665854,-20.515008],[-54.665853,-20.515026],[-54.665863,-20.515026],[-54.665863,-20.515044],[-54.665872,-20.515044],[-54.665872,-20.515062],[-54.665882,-20.515063],[-54.665881,-20.515081],[-54.665891,-20.515081],[-54.665891,-20.515099],[-54.6659,-20.515099],[-54.6659,-20.515117],[-54.66591,-20.515117],[-54.665909,-20.515135],[-54.665919,-20.515135],[-54.665919,-20.515153],[-54.665928,-20.515153],[-54.665928,-20.515172],[-54.665937,-20.515172],[-54.665937,-20.51519],[-54.665947,-20.51519],[-54.665946,-20.515235],[-54.665936,-20.515235],[-54.665936,-20.515244],[-54.665927,-20.515244],[-54.665924,-20.515442],[-54.665933,-20.515443],[-54.665933,-20.515452],[-54.665943,-20.515452],[-54.665943,-20.515461],[-54.665952,-20.515461],[-54.665952,-20.51547],[-54.665962,-20.51547],[-54.665962,-20.515479],[-54.665971,-20.515479],[-54.665971,-20.515488],[-54.665981,-20.515488],[-54.66598,-20.515497],[-54.66599,-20.515497],[-54.66599,-20.515506],[-54.665999,-20.515507],[-54.665999,-20.515516],[-54.666009,-20.515516],[-54.666009,-20.515525],[-54.666018,-20.515525],[-54.666018,-20.515534],[-54.666028,-20.515534],[-54.666028,-20.515543],[-54.666037,-20.515543],[-54.666037,-20.515552],[-54.666047,-20.515552],[-54.666047,-20.515561],[-54.666056,-20.515562],[-54.666056,-20.515571],[-54.666066,-20.515571],[-54.666065,-20.51558],[-54.666075,-20.51558],[-54.666075,-20.515589],[-54.666084,-20.515589],[-54.666084,-20.515598],[-54.666094,-20.515598],[-54.666094,-20.515607],[-54.666103,-20.515607],[-54.666103,-20.515616],[-54.666113,-20.515617],[-54.666113,-20.515626],[-54.666122,-20.515626],[-54.666122,-20.515635],[-54.666132,-20.515635],[-54.666132,-20.515644],[-54.666141,-20.515644],[-54.666141,-20.515653],[-54.666151,-20.515653],[-54.66615,-20.515662],[-54.66616,-20.515662],[-54.66616,-20.515671],[-54.666169,-20.515671],[-54.666169,-20.51568],[-54.666179,-20.515681],[-54.666179,-20.51569],[-54.666188,-20.51569],[-54.666188,-20.515699],[-54.666198,-20.515699],[-54.666198,-20.515708],[-54.666207,-20.515708],[-54.6662,-20.516205],[-54.666209,-20.516205],[-54.666209,-20.516223],[-54.666219,-20.516223],[-54.666218,-20.516241],[-54.666228,-20.516241],[-54.666228,-20.51625],[-54.666237,-20.51625],[-54.666237,-20.516268],[-54.666247,-20.516269],[-54.666246,-20.516287],[-54.666256,-20.516287],[-54.666256,-20.516296],[-54.666265,-20.516296],[-54.666265,-20.516314],[-54.666275,-20.516314],[-54.666275,-20.516323],[-54.666284,-20.516323],[-54.666284,-20.516341],[-54.666294,-20.516341],[-54.666293,-20.516359],[-54.666303,-20.51636],[-54.666303,-20.516369],[-54.666312,-20.516369],[-54.666312,-20.516387],[-54.666322,-20.516387],[-54.666321,-20.516405],[-54.666331,-20.516405],[-54.666331,-20.516414],[-54.66634,-20.516414],[-54.66634,-20.516432],[-54.66635,-20.516432],[-54.666349,-20.516451],[-54.666359,-20.516451],[-54.666359,-20.51646],[-54.666368,-20.51646],[-54.666368,-20.516478],[-54.666378,-20.516478],[-54.666377,-20.516496],[-54.666387,-20.516496],[-54.666387,-20.516505],[-54.666396,-20.516505],[-54.666396,-20.516523],[-54.666406,-20.516524],[-54.666406,-20.516542],[-54.666415,-20.516542],[-54.666415,-20.516551],[-54.666425,-20.516551],[-54.666424,-20.516569],[-54.666434,-20.516569],[-54.666434,-20.516587],[-54.666443,-20.516587],[-54.666443,-20.516596],[-54.666453,-20.516596],[-54.666452,-20.516614],[-54.666462,-20.516615],[-54.666462,-20.516633],[-54.666471,-20.516633],[-54.666471,-20.516642],[-54.666466,-20.517003],[-54.666475,-20.517003],[-54.666474,-20.517111],[-54.666464,-20.517111],[-54.666464,-20.51712],[-54.666454,-20.51712],[-54.666454,-20.517129],[-54.666445,-20.517129],[-54.666444,-20.517138],[-54.666435,-20.517138],[-54.666435,-20.517147],[-54.666425,-20.517147],[-54.666425,-20.517156],[-54.666415,-20.517156],[-54.666415,-20.517165],[-54.666406,-20.517165],[-54.666405,-20.517183],[-54.666396,-20.517183],[-54.666396,-20.517192],[-54.666386,-20.517191],[-54.666382,-20.517462],[-54.666392,-20.517462],[-54.666386,-20.517851],[-54.666376,-20.517851],[-54.666376,-20.51786],[-54.666366,-20.517859],[-54.666366,-20.517869],[-54.666357,-20.517868],[-54.666357,-20.517877],[-54.666347,-20.517877],[-54.666347,-20.517886],[-54.666337,-20.517886],[-54.666337,-20.517895],[-54.666327,-20.517895],[-54.666327,-20.517913],[-54.666318,-20.517913],[-54.666317,-20.517922],[-54.666308,-20.517922],[-54.666308,-20.517931],[-54.666298,-20.517931],[-54.666298,-20.51794],[-54.666288,-20.51794],[-54.666288,-20.517949],[-54.666279,-20.517949],[-54.666279,-20.517958],[-54.666269,-20.517958],[-54.666269,-20.517967],[-54.666259,-20.517966],[-54.666259,-20.517975],[-54.66625,-20.517975],[-54.666249,-20.517984],[-54.66624,-20.517984],[-54.66624,-20.517993],[-54.66623,-20.517993],[-54.66623,-20.518002],[-54.66622,-20.518002],[-54.66622,-20.518011],[-54.666211,-20.518011],[-54.666211,-20.51802],[-54.666201,-20.51802],[-54.666201,-20.518029],[-54.666191,-20.518029],[-54.666191,-20.518038],[-54.666182,-20.518038],[-54.666181,-20.518047],[-54.666172,-20.518047],[-54.666172,-20.518056],[-54.666162,-20.518055],[-54.666162,-20.518064],[-54.666152,-20.518064],[-54.666152,-20.518073],[-54.666143,-20.518073],[-54.666143,-20.518082],[-54.666133,-20.518082],[-54.66613,-20.51829],[-54.66612,-20.51829],[-54.666119,-20.518353],[-54.66611,-20.518353],[-54.666109,-20.51838],[-54.6661,-20.51838],[-54.666099,-20.518407],[-54.66609,-20.518407],[-54.66609,-20.518416],[-54.66608,-20.518416],[-54.66608,-20.518425],[-54.66607,-20.518424],[-54.66607,-20.518442],[-54.66606,-20.518442],[-54.66606,-20.51846],[-54.666051,-20.51846],[-54.66605,-20.518478],[-54.666041,-20.518478],[-54.66604,-20.518496],[-54.666031,-20.518496],[-54.666031,-20.518505],[-54.666021,-20.518505],[-54.666021,-20.518514],[-54.666011,-20.518514],[-54.666011,-20.518532],[-54.666002,-20.518532],[-54.666001,-20.51855],[-54.665992,-20.51855],[-54.665991,-20.518568],[-54.665982,-20.518568],[-54.665982,-20.518586],[-54.665972,-20.518586],[-54.665972,-20.518595],[-54.665962,-20.518595],[-54.665962,-20.518613],[-54.665952,-20.518612],[-54.665952,-20.518621],[-54.665943,-20.518621],[-54.665942,-20.518639],[-54.665933,-20.518639],[-54.665933,-20.518648],[-54.665923,-20.518648],[-54.665923,-20.518666],[-54.665913,-20.518666],[-54.665913,-20.518675],[-54.665903,-20.518675],[-54.665903,-20.518693],[-54.665894,-20.518693],[-54.665893,-20.518702],[-54.665884,-20.518702],[-54.665884,-20.51872],[-54.665874,-20.51872],[-54.665874,-20.518738],[-54.665864,-20.518738],[-54.665864,-20.518747],[-54.665854,-20.518747],[-54.665854,-20.518756],[-54.665845,-20.518756],[-54.665845,-20.518765],[-54.665835,-20.518764],[-54.665835,-20.518773],[-54.665825,-20.518773],[-54.665825,-20.518782],[-54.665816,-20.518782],[-54.665815,-20.518791],[-54.665806,-20.518791],[-54.665806,-20.5188],[-54.665796,-20.5188],[-54.665796,-20.518809],[-54.665786,-20.518809],[-54.665786,-20.518818],[-54.665777,-20.518818],[-54.665777,-20.518827],[-54.665767,-20.518827],[-54.665767,-20.518836],[-54.665757,-20.518836],[-54.665757,-20.518845],[-54.665748,-20.518845],[-54.665747,-20.518854],[-54.665738,-20.518853],[-54.665738,-20.518862],[-54.665728,-20.518862],[-54.665728,-20.518871],[-54.665718,-20.518871],[-54.665718,-20.51888],[-54.665709,-20.51888],[-54.665709,-20.518889],[-54.665699,-20.518889],[-54.665699,-20.518898],[-54.665689,-20.518898],[-54.665689,-20.518907],[-54.66568,-20.518907],[-54.665679,-20.518916],[-54.66567,-20.518916],[-54.66567,-20.518934],[-54.66566,-20.518934],[-54.66566,-20.518943],[-54.66565,-20.518943],[-54.66565,-20.518952],[-54.66564,-20.518951],[-54.66564,-20.51896],[-54.665631,-20.51896],[-54.665631,-20.518969],[-54.665621,-20.518969],[-54.665621,-20.518978],[-54.665611,-20.518978],[-54.665611,-20.518987],[-54.665602,-20.518987],[-54.665601,-20.518996],[-54.665592,-20.518996],[-54.665592,-20.519005],[-54.665582,-20.519005],[-54.665582,-20.519014],[-54.665572,-20.519014],[-54.665572,-20.519023],[-54.665563,-20.519023],[-54.665563,-20.519032],[-54.665553,-20.519032],[-54.665553,-20.519041],[-54.665543,-20.51904],[-54.665543,-20.519049],[-54.665534,-20.519049],[-54.665533,-20.519058],[-54.665524,-20.519058],[-54.665524,-20.519067],[-54.665514,-20.519067],[-54.665514,-20.519076],[-54.665504,-20.519076],[-54.665504,-20.519085],[-54.665495,-20.519085],[-54.665495,-20.519094],[-54.665485,-20.519094],[-54.665485,-20.519103],[-54.665475,-20.519103],[-54.665475,-20.519112],[-54.665466,-20.519112],[-54.665465,-20.519121],[-54.665456,-20.519121],[-54.665456,-20.51913],[-54.665446,-20.519129],[-54.665446,-20.519138],[-54.665436,-20.519138],[-54.665436,-20.519147],[-54.665427,-20.519147],[-54.665426,-20.519156],[-54.665417,-20.519156],[-54.665417,-20.519165],[-54.665407,-20.519165],[-54.665407,-20.519174],[-54.665397,-20.519174],[-54.665397,-20.519183],[-54.665388,-20.519183],[-54.665388,-20.519192],[-54.665378,-20.519192],[-54.665378,-20.519201],[-54.665368,-20.519201],[-54.665368,-20.51921],[-54.665359,-20.51921],[-54.665358,-20.519219],[-54.665349,-20.519218],[-54.665349,-20.519227],[-54.665339,-20.519227],[-54.665339,-20.519236],[-54.665329,-20.519236],[-54.665329,-20.519245],[-54.66532,-20.519245],[-54.66532,-20.519254],[-54.66531,-20.519254],[-54.66531,-20.519263],[-54.6653,-20.519263],[-54.6653,-20.519272],[-54.665291,-20.519272],[-54.66529,-20.519281],[-54.665281,-20.519281],[-54.665281,-20.51929],[-54.665271,-20.51929],[-54.665271,-20.519299],[-54.665261,-20.519299],[-54.665261,-20.519308],[-54.665252,-20.519307],[-54.665252,-20.519316],[-54.665242,-20.519316],[-54.665242,-20.519325],[-54.665232,-20.519325],[-54.665232,-20.519334],[-54.665223,-20.519334],[-54.665222,-20.519343],[-54.665213,-20.519343],[-54.665213,-20.519352],[-54.665203,-20.519352],[-54.665203,-20.519361],[-54.665193,-20.519361],[-54.665188,-20.519722],[-54.665178,-20.519722],[-54.665178,-20.51974],[-54.665168,-20.51974],[-54.665168,-20.519749],[-54.665159,-20.519749],[-54.665159,-20.519758],[-54.665149,-20.519758],[-54.665149,-20.519767],[-54.665139,-20.519766],[-54.665139,-20.519775],[-54.66513,-20.519775],[-54.665129,-20.519784],[-54.66512,-20.519784],[-54.66512,-20.519793],[-54.66511,-20.519793],[-54.66511,-20.519802],[-54.6651,-20.519802],[-54.6651,-20.519811],[-54.665091,-20.519811],[-54.665091,-20.51982],[-54.665081,-20.51982],[-54.665081,-20.519829],[-54.665071,-20.519829],[-54.665071,-20.519838],[-54.665061,-20.519838],[-54.665061,-20.519847],[-54.665052,-20.519847],[-54.665052,-20.519856],[-54.665042,-20.519855],[-54.665042,-20.519864],[-54.665032,-20.519864],[-54.665032,-20.519873],[-54.665023,-20.519873],[-54.665022,-20.519882],[-54.665013,-20.519882],[-54.665013,-20.519891],[-54.665003,-20.519891],[-54.665003,-20.5199],[-54.664993,-20.5199],[-54.664993,-20.519909],[-54.664984,-20.519909],[-54.664984,-20.519918],[-54.664974,-20.519918],[-54.664974,-20.519927],[-54.664964,-20.519927],[-54.664964,-20.519936],[-54.664955,-20.519936],[-54.664954,-20.519945],[-54.664945,-20.519944],[-54.664945,-20.519953],[-54.664935,-20.519953],[-54.664935,-20.519962],[-54.664925,-20.519962],[-54.664925,-20.519971],[-54.664705,-20.519968],[-54.664705,-20.519986],[-54.664695,-20.519986],[-54.664695,-20.519995],[-54.664628,-20.519994],[-54.664628,-20.520003],[-54.664608,-20.520003],[-54.664608,-20.520012],[-54.664599,-20.520012],[-54.664599,-20.520021],[-54.664579,-20.520021],[-54.664579,-20.52003],[-54.66457,-20.52003],[-54.66457,-20.520039],[-54.66456,-20.520039],[-54.66456,-20.520048],[-54.66455,-20.520047],[-54.66455,-20.520057],[-54.664541,-20.520056],[-54.66454,-20.520065],[-54.664531,-20.520065],[-54.664531,-20.520074],[-54.664521,-20.520074],[-54.664521,-20.520083],[-54.664492,-20.520083],[-54.664492,-20.520092],[-54.664473,-20.520092],[-54.664473,-20.520101],[-54.664463,-20.520101],[-54.664463,-20.52011],[-54.664444,-20.520109],[-54.664444,-20.520118],[-54.664425,-20.520118],[-54.664424,-20.520127],[-54.664405,-20.520127],[-54.664405,-20.520136],[-54.664386,-20.520136],[-54.664386,-20.520145],[-54.663945,-20.520139],[-54.663945,-20.520157],[-54.663935,-20.520157],[-54.663935,-20.520166],[-54.663925,-20.520166],[-54.663925,-20.520175],[-54.663916,-20.520174],[-54.663916,-20.520183],[-54.663906,-20.520183],[-54.663906,-20.520192],[-54.663896,-20.520192],[-54.663896,-20.520201],[-54.663887,-20.520201],[-54.663886,-20.52021],[-54.663877,-20.52021],[-54.663877,-20.520219],[-54.663867,-20.520219],[-54.663867,-20.520228],[-54.663857,-20.520228],[-54.663857,-20.520237],[-54.663848,-20.520237],[-54.663848,-20.520246],[-54.663838,-20.520246],[-54.663838,-20.520255],[-54.663828,-20.520255],[-54.663828,-20.520264],[-54.663818,-20.520263],[-54.663818,-20.520272],[-54.663809,-20.520272],[-54.663809,-20.520281],[-54.663799,-20.520281],[-54.663799,-20.52029],[-54.663789,-20.52029],[-54.663789,-20.520299],[-54.66378,-20.520299],[-54.663779,-20.520308],[-54.66377,-20.520308],[-54.66377,-20.520317],[-54.66376,-20.520317],[-54.66376,-20.520326],[-54.66375,-20.520326],[-54.66375,-20.520335],[-54.663741,-20.520335],[-54.663741,-20.520344],[-54.663731,-20.520343],[-54.663731,-20.520353],[-54.663721,-20.520352],[-54.663721,-20.520361],[-54.663712,-20.520361],[-54.663711,-20.52037],[-54.663702,-20.52037],[-54.663702,-20.520379],[-54.663692,-20.520379],[-54.663692,-20.520388],[-54.663682,-20.520388],[-54.663682,-20.520397],[-54.663673,-20.520397],[-54.663673,-20.520406],[-54.663663,-20.520406],[-54.663663,-20.520415],[-54.663653,-20.520415],[-54.663653,-20.520424],[-54.663644,-20.520424],[-54.663643,-20.520433],[-54.663634,-20.520432],[-54.663634,-20.520442],[-54.663384,-20.520438],[-54.663384,-20.520447],[-54.663375,-20.520447],[-54.663375,-20.520456],[-54.663346,-20.520456],[-54.663346,-20.520465],[-54.663336,-20.520465],[-54.663336,-20.520474],[-54.663326,-20.520474],[-54.663326,-20.520483],[-54.663298,-20.520482],[-54.663297,-20.520491],[-54.663269,-20.520491],[-54.663269,-20.5205],[-54.663259,-20.5205],[-54.663259,-20.520509],[-54.66323,-20.520508],[-54.66323,-20.520517],[-54.663211,-20.520517],[-54.663211,-20.520526],[-54.663191,-20.520526],[-54.663191,-20.520535],[-54.663163,-20.520535],[-54.663162,-20.520544],[-54.663143,-20.520543],[-54.663143,-20.520552],[-54.663114,-20.520552],[-54.663114,-20.520561],[-54.662817,-20.520557],[-54.662817,-20.520566],[-54.662807,-20.520566],[-54.662807,-20.520575],[-54.662788,-20.520575],[-54.662788,-20.520584],[-54.662778,-20.520584],[-54.662778,-20.520593],[-54.662769,-20.520592],[-54.662769,-20.520601],[-54.662749,-20.520601],[-54.662749,-20.52061],[-54.66273,-20.52061],[-54.66273,-20.520619],[-54.66272,-20.520619],[-54.66272,-20.520628],[-54.662711,-20.520628],[-54.66271,-20.520637],[-54.662691,-20.520637],[-54.662691,-20.520646],[-54.662682,-20.520645],[-54.662681,-20.520654],[-54.662672,-20.520654],[-54.662672,-20.520672],[-54.662662,-20.520672],[-54.662662,-20.520681],[-54.662652,-20.520681],[-54.662652,-20.52069],[-54.662633,-20.52069],[-54.662633,-20.520699],[-54.662623,-20.520699],[-54.662623,-20.520708],[-54.662604,-20.520708],[-54.662604,-20.520717],[-54.662383,-20.520714],[-54.662383,-20.520723],[-54.662374,-20.520723],[-54.662374,-20.520732],[-54.662354,-20.520731],[-54.662354,-20.52074],[-54.662345,-20.52074],[-54.662345,-20.520749],[-54.662335,-20.520749],[-54.662335,-20.520758],[-54.662325,-20.520758],[-54.662325,-20.520767],[-54.662315,-20.520767],[-54.662315,-20.520776],[-54.662296,-20.520776],[-54.662296,-20.520785],[-54.662286,-20.520785],[-54.662286,-20.520794],[-54.662277,-20.520793],[-54.662277,-20.520803],[-54.662267,-20.520802],[-54.662267,-20.520811],[-54.662257,-20.520811],[-54.662257,-20.52082],[-54.662248,-20.52082],[-54.662247,-20.520829],[-54.662238,-20.520829],[-54.662238,-20.520838],[-54.662219,-20.520838],[-54.662218,-20.520847],[-54.662209,-20.520847],[-54.662209,-20.520856],[-54.662199,-20.520856],[-54.662199,-20.520865],[-54.662189,-20.520865],[-54.662189,-20.520874],[-54.661988,-20.520871],[-54.661988,-20.52088],[-54.661978,-20.52088],[-54.661978,-20.520889],[-54.661969,-20.520889],[-54.661968,-20.520898],[-54.661959,-20.520898],[-54.661959,-20.520907],[-54.661949,-20.520906],[-54.661949,-20.520915],[-54.661939,-20.520915],[-54.661939,-20.520924],[-54.66192,-20.520924],[-54.66192,-20.520933],[-54.66191,-20.520933],[-54.66191,-20.520942],[-54.661901,-20.520942],[-54.661901,-20.520951],[-54.661891,-20.520951],[-54.661891,-20.52096],[-54.661881,-20.52096],[-54.661881,-20.520969],[-54.661862,-20.520968],[-54.661862,-20.520978],[-54.661852,-20.520977],[-54.661852,-20.520986],[-54.661842,-20.520986],[-54.661842,-20.520995],[-54.661833,-20.520995],[-54.661833,-20.521004],[-54.661823,-20.521004],[-54.661823,-20.521013],[-54.661813,-20.521013],[-54.661813,-20.521022],[-54.661794,-20.521022],[-54.661794,-20.521031],[-54.661516,-20.521027],[-54.661516,-20.521036],[-54.661295,-20.521033],[-54.661295,-20.521042],[-54.66118,-20.521041],[-54.66118,-20.52105],[-54.661142,-20.521049],[-54.661142,-20.521058],[-54.661103,-20.521058],[-54.661103,-20.521067],[-54.661065,-20.521066],[-54.661065,-20.521075],[-54.661026,-20.521075],[-54.661026,-20.521084],[-54.660978,-20.521083],[-54.660978,-20.521092],[-54.66094,-20.521092],[-54.66094,-20.521101],[-54.660901,-20.5211],[-54.660901,-20.521109],[-54.660863,-20.521109],[-54.660863,-20.521118],[-54.660824,-20.521117],[-54.660824,-20.521126],[-54.660815,-20.521126],[-54.660815,-20.521135],[-54.660805,-20.521135],[-54.660805,-20.521144],[-54.660795,-20.521144],[-54.660795,-20.521153],[-54.660786,-20.521153],[-54.660785,-20.521162],[-54.660776,-20.521162],[-54.660776,-20.521171],[-54.660766,-20.52117],[-54.660766,-20.521179],[-54.660756,-20.521179],[-54.660756,-20.521188],[-54.660747,-20.521188],[-54.660746,-20.521197],[-54.660737,-20.521197],[-54.660737,-20.521206],[-54.660727,-20.521206],[-54.660727,-20.521215],[-54.660717,-20.521215],[-54.660717,-20.521224],[-54.660708,-20.521224],[-54.660708,-20.521233],[-54.660698,-20.521233],[-54.660698,-20.521242],[-54.660688,-20.521242],[-54.660688,-20.521251],[-54.660679,-20.521251],[-54.660678,-20.52126],[-54.660669,-20.521259],[-54.660669,-20.521268],[-54.660659,-20.521268],[-54.660659,-20.521277],[-54.660649,-20.521277],[-54.660649,-20.521286],[-54.66064,-20.521286],[-54.66064,-20.521295],[-54.66063,-20.521295],[-54.66063,-20.521304],[-54.66062,-20.521304],[-54.66062,-20.521313],[-54.660611,-20.521313],[-54.66061,-20.521322],[-54.660601,-20.521322],[-54.660601,-20.521331],[-54.660476,-20.521329],[-54.660476,-20.521338],[-54.660438,-20.521338],[-54.660437,-20.521347],[-54.660428,-20.521346],[-54.660428,-20.521356],[-54.660418,-20.521355],[-54.660418,-20.521364],[-54.660399,-20.521364],[-54.660399,-20.521373],[-54.660389,-20.521373],[-54.660389,-20.521382],[-54.660379,-20.521382],[-54.660379,-20.521391],[-54.66037,-20.521391],[-54.66037,-20.5214],[-54.66035,-20.5214],[-54.66035,-20.521409],[-54.660341,-20.521409],[-54.660341,-20.521418],[-54.660331,-20.521417],[-54.660331,-20.521426],[-54.660312,-20.521426],[-54.660312,-20.521435],[-54.660187,-20.521434],[-54.660187,-20.521443],[-54.660101,-20.521441],[-54.6601,-20.52145],[-54.660043,-20.52145],[-54.660043,-20.521459],[-54.660033,-20.521459],[-54.660033,-20.521468],[-54.660023,-20.521467],[-54.660023,-20.521476],[-54.660014,-20.521476],[-54.660014,-20.521485],[-54.660004,-20.521485],[-54.660004,-20.521494],[-54.659994,-20.521494],[-54.659994,-20.521503],[-54.659985,-20.521503],[-54.659984,-20.521512],[-54.659975,-20.521512],[-54.659975,-20.521521],[-54.659965,-20.521521],[-54.659965,-20.52153],[-54.659955,-20.52153],[-54.659955,-20.521539],[-54.659946,-20.521539],[-54.659946,-20.521548],[-54.659936,-20.521548],[-54.659936,-20.521557],[-54.659926,-20.521556],[-54.659926,-20.521565],[-54.659917,-20.521565],[-54.659916,-20.521574],[-54.659907,-20.521574],[-54.659907,-20.521583],[-54.659897,-20.521583],[-54.659897,-20.521592],[-54.659887,-20.521592],[-54.659887,-20.521601],[-54.659878,-20.521601],[-54.659877,-20.521619],[-54.659868,-20.521619],[-54.659868,-20.521628],[-54.659858,-20.521628],[-54.659858,-20.521637],[-54.659848,-20.521637],[-54.659848,-20.521646],[-54.659839,-20.521646],[-54.659838,-20.521655],[-54.659829,-20.521654],[-54.659829,-20.521664],[-54.659819,-20.521663],[-54.659819,-20.521672],[-54.659809,-20.521672],[-54.659809,-20.521681],[-54.6598,-20.521681],[-54.6598,-20.52169],[-54.65979,-20.52169],[-54.65979,-20.521699],[-54.65978,-20.521699],[-54.65978,-20.521708],[-54.659771,-20.521708],[-54.65977,-20.521717],[-54.659761,-20.521717],[-54.659761,-20.521726],[-54.659751,-20.521726],[-54.659751,-20.521735],[-54.659741,-20.521735],[-54.659741,-20.521744],[-54.659732,-20.521743],[-54.659732,-20.521752],[-54.659722,-20.521752],[-54.659722,-20.521761],[-54.659712,-20.521761],[-54.659712,-20.52177],[-54.659703,-20.52177],[-54.659702,-20.521779],[-54.659693,-20.521779],[-54.659693,-20.521788],[-54.659683,-20.521788],[-54.659683,-20.521797],[-54.659673,-20.521797],[-54.659673,-20.521806],[-54.659664,-20.521806],[-54.659664,-20.521815],[-54.659654,-20.521815],[-54.659654,-20.521824],[-54.659644,-20.521824],[-54.659644,-20.521833],[-54.659634,-20.521832],[-54.659634,-20.521841],[-54.659625,-20.521841],[-54.659625,-20.52185],[-54.659605,-20.52185],[-54.659605,-20.521859],[-54.659596,-20.521859],[-54.659596,-20.521868],[-54.659586,-20.521868],[-54.659586,-20.521877],[-54.659576,-20.521877],[-54.659576,-20.521886],[-54.659212,-20.521881],[-54.659212,-20.52189],[-54.659183,-20.52189],[-54.659183,-20.521899],[-54.659164,-20.521898],[-54.659164,-20.521907],[-54.659135,-20.521907],[-54.659135,-20.521916],[-54.659106,-20.521916],[-54.659106,-20.521925],[-54.659077,-20.521924],[-54.659077,-20.521933],[-54.659058,-20.521933],[-54.659058,-20.521942],[-54.659029,-20.521942],[-54.659029,-20.521951],[-54.659,-20.52195],[-54.659,-20.521959],[-54.65854,-20.521953],[-54.65854,-20.521962],[-54.65853,-20.521962],[-54.65853,-20.521971],[-54.65852,-20.521971],[-54.65852,-20.52198],[-54.658511,-20.52198],[-54.658511,-20.521989],[-54.658501,-20.521989],[-54.658501,-20.521998],[-54.658491,-20.521998],[-54.658491,-20.522007],[-54.658482,-20.522007],[-54.658481,-20.522016],[-54.658472,-20.522015],[-54.658472,-20.522024],[-54.658462,-20.522024],[-54.658462,-20.522033],[-54.658452,-20.522033],[-54.658452,-20.522042],[-54.658443,-20.522042],[-54.658443,-20.522051],[-54.658433,-20.522051],[-54.658433,-20.52206],[-54.658423,-20.52206],[-54.658423,-20.522069],[-54.658414,-20.522069],[-54.658413,-20.522078],[-54.658404,-20.522078],[-54.658404,-20.522087],[-54.658394,-20.522087],[-54.658394,-20.522096],[-54.658384,-20.522096],[-54.658384,-20.522105],[-54.658375,-20.522104],[-54.658374,-20.522113],[-54.658365,-20.522113],[-54.658365,-20.522122],[-54.658355,-20.522122],[-54.658355,-20.522131],[-54.658345,-20.522131],[-54.658345,-20.52214],[-54.658336,-20.52214],[-54.658336,-20.522149],[-54.658326,-20.522149],[-54.658326,-20.522158],[-54.658316,-20.522158],[-54.658316,-20.522167],[-54.658307,-20.522167],[-54.658306,-20.522176],[-54.658297,-20.522176],[-54.658297,-20.522185],[-54.658249,-20.522184],[-54.658249,-20.522193],[-54.658086,-20.522191],[-54.658086,-20.5222],[-54.658019,-20.522199],[-54.658018,-20.522208],[-54.658009,-20.522208],[-54.658009,-20.522217],[-54.657999,-20.522217],[-54.657999,-20.522226],[-54.657989,-20.522226],[-54.657989,-20.522235],[-54.65798,-20.522235],[-54.657979,-20.522244],[-54.65797,-20.522243],[-54.65797,-20.522252],[-54.65796,-20.522252],[-54.65796,-20.522261],[-54.65795,-20.522261],[-54.65795,-20.52227],[-54.657941,-20.52227],[-54.657941,-20.522279],[-54.657854,-20.522278],[-54.657854,-20.522296],[-54.657844,-20.522296],[-54.657844,-20.522314],[-54.657835,-20.522314],[-54.657834,-20.522323],[-54.657825,-20.522323],[-54.657825,-20.522332],[-54.657815,-20.522332],[-54.657815,-20.522341],[-54.657805,-20.522341],[-54.657805,-20.52235],[-54.657796,-20.522349],[-54.657796,-20.522358],[-54.657786,-20.522358],[-54.657786,-20.522367],[-54.657776,-20.522367],[-54.657776,-20.522376],[-54.657767,-20.522376],[-54.657766,-20.522385],[-54.657757,-20.522385],[-54.657757,-20.522394],[-54.657747,-20.522394],[-54.657747,-20.522403],[-54.657737,-20.522403],[-54.657737,-20.522412],[-54.657728,-20.522412],[-54.657728,-20.522421],[-54.657718,-20.522421],[-54.657718,-20.52243],[-54.657708,-20.52243],[-54.657708,-20.522439],[-54.657699,-20.522438],[-54.657698,-20.522447],[-54.657689,-20.522447],[-54.657689,-20.522456],[-54.657468,-20.522453],[-54.657468,-20.522444],[-54.657459,-20.522444],[-54.657459,-20.522435],[-54.657449,-20.522435],[-54.657449,-20.522426],[-54.65744,-20.522426],[-54.65744,-20.522417],[-54.657411,-20.522417],[-54.657411,-20.522407],[-54.657392,-20.522407],[-54.657392,-20.522416],[-54.657373,-20.522416],[-54.657373,-20.522425],[-54.657344,-20.522425],[-54.657344,-20.522434],[-54.657315,-20.522433],[-54.657315,-20.522442],[-54.657286,-20.522442],[-54.657286,-20.522451],[-54.657267,-20.522451],[-54.657267,-20.52246],[-54.657238,-20.522459],[-54.657238,-20.522468],[-54.6572,-20.522468],[-54.657199,-20.522477],[-54.65719,-20.522477],[-54.65719,-20.522486],[-54.657151,-20.522485],[-54.657151,-20.522494],[-54.657142,-20.522494],[-54.657142,-20.522503],[-54.657132,-20.522503],[-54.657132,-20.522512],[-54.657122,-20.522512],[-54.657122,-20.522521],[-54.657113,-20.522521],[-54.657112,-20.52253],[-54.657103,-20.52253],[-54.657103,-20.522539],[-54.656624,-20.522532],[-54.656624,-20.522523],[-54.656604,-20.522523],[-54.656605,-20.522514],[-54.656576,-20.522514],[-54.656576,-20.522505],[-54.656566,-20.522504],[-54.656567,-20.522495],[-54.656547,-20.522495],[-54.656548,-20.522486],[-54.656538,-20.522486],[-54.656538,-20.522477],[-54.656538,-20.522468],[-54.656529,-20.522468],[-54.656529,-20.522459],[-54.656519,-20.522459],[-54.656519,-20.522441],[-54.65651,-20.52244],[-54.65651,-20.522422],[-54.656501,-20.522422],[-54.656501,-20.522413],[-54.656491,-20.522413],[-54.656491,-20.522395],[-54.656482,-20.522395],[-54.656482,-20.522377],[-54.656473,-20.522377],[-54.656473,-20.522359],[-54.656463,-20.522359],[-54.656463,-20.52235],[-54.656454,-20.522349],[-54.656454,-20.522331],[-54.656444,-20.522331],[-54.656446,-20.522259],[-54.656436,-20.522259],[-54.656436,-20.52225],[-54.656427,-20.52225],[-54.656427,-20.522241],[-54.656417,-20.522241],[-54.656417,-20.522231],[-54.656408,-20.522231],[-54.656408,-20.522222],[-54.656398,-20.522222],[-54.656398,-20.522213],[-54.656389,-20.522213],[-54.656389,-20.522204],[-54.656379,-20.522204],[-54.656379,-20.522195],[-54.656341,-20.522194],[-54.656341,-20.522185],[-54.656303,-20.522185],[-54.656303,-20.522176],[-54.656265,-20.522175],[-54.656265,-20.522166],[-54.656226,-20.522166],[-54.656227,-20.522157],[-54.656198,-20.522156],[-54.656198,-20.522147],[-54.656169,-20.522147],[-54.656169,-20.522138],[-54.65616,-20.522138],[-54.65616,-20.522111],[-54.656151,-20.52211],[-54.656151,-20.522101],[-54.656112,-20.522101],[-54.656113,-20.522092],[-54.655921,-20.522089],[-54.655921,-20.522098],[-54.655873,-20.522098],[-54.655873,-20.522107],[-54.655825,-20.522106],[-54.655825,-20.522115],[-54.655566,-20.522112],[-54.655566,-20.522121],[-54.655508,-20.52212],[-54.655492,-20.523158],[-54.655483,-20.523158],[-54.655464,-20.523158],[-54.655464,-20.523167],[-54.655435,-20.523166],[-54.655435,-20.523175],[-54.655195,-20.523172],[-54.655195,-20.523163],[-54.655147,-20.523163],[-54.655147,-20.523153],[-54.65509,-20.523153],[-54.65509,-20.523144],[-54.655061,-20.523143],[-54.655061,-20.523134],[-54.655052,-20.523134],[-54.655052,-20.523125],[-54.655042,-20.523125],[-54.655043,-20.523116],[-54.655033,-20.523116],[-54.655033,-20.523107],[-54.655024,-20.523107],[-54.655024,-20.523098],[-54.655014,-20.523098],[-54.655014,-20.523088],[-54.655005,-20.523088],[-54.655005,-20.523079],[-54.654995,-20.523079],[-54.654995,-20.52307],[-54.654986,-20.52307],[-54.654986,-20.523061],[-54.654976,-20.523061],[-54.654977,-20.523007],[-54.654968,-20.523007],[-54.654968,-20.522952],[-54.654959,-20.522952],[-54.654959,-20.522943],[-54.654719,-20.52294],[-54.654719,-20.522949],[-54.65469,-20.522949],[-54.65469,-20.522958],[-54.654671,-20.522957],[-54.654671,-20.522966],[-54.654633,-20.522966],[-54.654633,-20.522975],[-54.654623,-20.522975],[-54.654623,-20.522984],[-54.654604,-20.522984],[-54.654603,-20.522993],[-54.65445,-20.522991],[-54.65445,-20.523],[-54.65444,-20.522999],[-54.65444,-20.523008],[-54.654431,-20.523008],[-54.654431,-20.523017],[-54.654421,-20.523017],[-54.654421,-20.523026],[-54.654411,-20.523026],[-54.654411,-20.523035],[-54.654402,-20.523035],[-54.654401,-20.523044],[-54.654392,-20.523044],[-54.654392,-20.523053],[-54.654382,-20.523053],[-54.654382,-20.523062],[-54.654372,-20.523062],[-54.654372,-20.523071],[-54.654296,-20.52307],[-54.654296,-20.523061],[-54.654286,-20.523061],[-54.654286,-20.523052],[-54.653913,-20.523046],[-54.653912,-20.523056],[-54.653903,-20.523055],[-54.653903,-20.523064],[-54.653893,-20.523064],[-54.653893,-20.523073],[-54.653883,-20.523073],[-54.653883,-20.523082],[-54.653874,-20.523082],[-54.653873,-20.523091],[-54.653864,-20.523091],[-54.653864,-20.5231],[-54.653854,-20.5231],[-54.653854,-20.523109],[-54.653844,-20.523109],[-54.653844,-20.523118],[-54.653835,-20.523118],[-54.653835,-20.523127],[-54.653825,-20.523127],[-54.653825,-20.523136],[-54.653815,-20.523135],[-54.653815,-20.523144],[-54.653806,-20.523144],[-54.653805,-20.523153],[-54.653796,-20.523153],[-54.653796,-20.523162],[-54.653786,-20.523162],[-54.653786,-20.523171],[-54.653776,-20.523171],[-54.653776,-20.52318],[-54.653441,-20.523176],[-54.653441,-20.523185],[-54.653431,-20.523184],[-54.653431,-20.523193],[-54.653421,-20.523193],[-54.653421,-20.523202],[-54.653412,-20.523202],[-54.653412,-20.523211],[-54.653402,-20.523211],[-54.653402,-20.52322],[-54.653383,-20.52322],[-54.653383,-20.523229],[-54.653354,-20.523229],[-54.653354,-20.523238],[-54.653334,-20.523237],[-54.653334,-20.523246],[-54.653325,-20.523246],[-54.653325,-20.523255],[-54.653315,-20.523255],[-54.653315,-20.523264],[-54.653305,-20.523264],[-54.653305,-20.523273],[-54.653296,-20.523273],[-54.653295,-20.523282],[-54.653286,-20.523282],[-54.653286,-20.523291],[-54.653276,-20.523291],[-54.653276,-20.5233],[-54.653266,-20.5233],[-54.653266,-20.523309],[-54.653257,-20.523309],[-54.653257,-20.523318],[-54.653247,-20.523317],[-54.653247,-20.523326],[-54.653237,-20.523326],[-54.653237,-20.523335],[-54.653228,-20.523335],[-54.653227,-20.523344],[-54.653218,-20.523344],[-54.653218,-20.523353],[-54.653208,-20.523353],[-54.653208,-20.523362],[-54.653198,-20.523362],[-54.653198,-20.523371],[-54.653189,-20.523371],[-54.653188,-20.52338],[-54.653179,-20.52338],[-54.653179,-20.523389],[-54.653169,-20.523389],[-54.653169,-20.523398],[-54.653159,-20.523398],[-54.653159,-20.523407],[-54.65315,-20.523406],[-54.65315,-20.523415],[-54.65314,-20.523415],[-54.65314,-20.523424],[-54.65313,-20.523424],[-54.65313,-20.523433],[-54.653121,-20.523433],[-54.65312,-20.523442],[-54.653111,-20.523442],[-54.653111,-20.523451],[-54.653101,-20.523451],[-54.653101,-20.52346],[-54.653091,-20.52346],[-54.653091,-20.523469],[-54.653072,-20.523469],[-54.653072,-20.523478],[-54.653024,-20.523477],[-54.653024,-20.523486],[-54.652976,-20.523485],[-54.652976,-20.523494],[-54.652928,-20.523494],[-54.652928,-20.523503],[-54.65288,-20.523502],[-54.65288,-20.523511],[-54.65287,-20.523511],[-54.65287,-20.52352],[-54.652774,-20.523519],[-54.652774,-20.523528],[-54.652621,-20.523526],[-54.652621,-20.523535],[-54.652611,-20.523535],[-54.652611,-20.523544],[-54.652601,-20.523543],[-54.652601,-20.523552],[-54.652592,-20.523552],[-54.652591,-20.523561],[-54.652582,-20.523561],[-54.652582,-20.52357],[-54.652572,-20.52357],[-54.652572,-20.523579],[-54.652562,-20.523579],[-54.652562,-20.523588],[-54.652553,-20.523588],[-54.652553,-20.523597],[-54.652543,-20.523597],[-54.652543,-20.523606],[-54.652533,-20.523606],[-54.652533,-20.523615],[-54.652523,-20.523615],[-54.652523,-20.523624],[-54.652514,-20.523624],[-54.652514,-20.523633],[-54.652504,-20.523632],[-54.652504,-20.523641],[-54.652494,-20.523641],[-54.652494,-20.52365],[-54.652485,-20.52365],[-54.652484,-20.523659],[-54.652475,-20.523659],[-54.652475,-20.523668],[-54.652465,-20.523668],[-54.652465,-20.523677],[-54.652455,-20.523677],[-54.652455,-20.523686],[-54.652446,-20.523686],[-54.652446,-20.523695],[-54.652436,-20.523695],[-54.652436,-20.523704],[-54.652407,-20.523703],[-54.652407,-20.523712],[-54.652378,-20.523712],[-54.652378,-20.523721],[-54.652349,-20.523721],[-54.652349,-20.52373],[-54.652301,-20.523729],[-54.652301,-20.52372],[-54.652244,-20.523719],[-54.652244,-20.52371],[-54.652196,-20.52371],[-54.652196,-20.523701],[-54.652139,-20.5237],[-54.652139,-20.523691],[-54.652024,-20.523689],[-54.652024,-20.52368],[-54.652014,-20.52368],[-54.652015,-20.523671],[-54.652005,-20.523671],[-54.652005,-20.523662],[-54.651996,-20.523662],[-54.651996,-20.523653],[-54.651986,-20.523653],[-54.651986,-20.523643],[-54.651977,-20.523643],[-54.651977,-20.523634],[-54.651967,-20.523634],[-54.651967,-20.523625],[-54.651958,-20.523625],[-54.651958,-20.523616],[-54.651948,-20.523616],[-54.651948,-20.523607],[-54.651939,-20.523607],[-54.651939,-20.523598],[-54.651757,-20.523595],[-54.651757,-20.523586],[-54.651383,-20.523581],[-54.651383,-20.52359],[-54.651374,-20.52359],[-54.651373,-20.523599],[-54.651364,-20.523599],[-54.651364,-20.523608],[-54.651354,-20.523608],[-54.651354,-20.523617],[-54.651344,-20.523617],[-54.651344,-20.523626],[-54.651335,-20.523626],[-54.651335,-20.523635],[-54.651325,-20.523635],[-54.651325,-20.523644],[-54.651315,-20.523643],[-54.651315,-20.523652],[-54.651306,-20.523652],[-54.651305,-20.523661],[-54.651296,-20.523661],[-54.651296,-20.52367],[-54.651286,-20.52367],[-54.651286,-20.523679],[-54.651276,-20.523679],[-54.651276,-20.523688],[-54.651219,-20.523687],[-54.651219,-20.523696],[-54.651161,-20.523696],[-54.651161,-20.523705],[-54.651094,-20.523704],[-54.651094,-20.523713],[-54.651027,-20.523712],[-54.651026,-20.523721],[-54.650959,-20.52372],[-54.650959,-20.523729],[-54.650892,-20.523728],[-54.650892,-20.523737],[-54.650873,-20.523737],[-54.650873,-20.523746],[-54.650834,-20.523745],[-54.650834,-20.523754],[-54.650825,-20.523754],[-54.650825,-20.523763],[-54.650815,-20.523763],[-54.650815,-20.523772],[-54.650805,-20.523772],[-54.650805,-20.523781],[-54.650796,-20.523781],[-54.650795,-20.52379],[-54.650786,-20.52379],[-54.650786,-20.523799],[-54.650776,-20.523799],[-54.650776,-20.523808],[-54.650766,-20.523808],[-54.650766,-20.523817],[-54.650757,-20.523816],[-54.650756,-20.523826],[-54.650747,-20.523825],[-54.650747,-20.523834],[-54.650737,-20.523834],[-54.650737,-20.523843],[-54.650727,-20.523843],[-54.650727,-20.523852],[-54.650718,-20.523852],[-54.650718,-20.523861],[-54.650708,-20.523861],[-54.650708,-20.52387],[-54.650698,-20.52387],[-54.650698,-20.523879],[-54.650689,-20.523879],[-54.650688,-20.523888],[-54.650669,-20.523888],[-54.650669,-20.523897],[-54.65065,-20.523896],[-54.65065,-20.523905],[-54.650631,-20.523905],[-54.650631,-20.523914],[-54.650602,-20.523914],[-54.650602,-20.523923],[-54.650592,-20.523923],[-54.650592,-20.523932],[-54.650573,-20.523931],[-54.650573,-20.52394],[-54.650333,-20.523937],[-54.650333,-20.523964],[-54.650323,-20.523964],[-54.650321,-20.524072],[-54.650312,-20.524072],[-54.650311,-20.524127],[-54.650301,-20.524126],[-54.650301,-20.524135],[-54.650292,-20.524135],[-54.650292,-20.524144],[-54.650282,-20.524144],[-54.650282,-20.524153],[-54.650272,-20.524153],[-54.650272,-20.524162],[-54.649649,-20.524154],[-54.649649,-20.524163],[-54.649639,-20.524163],[-54.649639,-20.524172],[-54.649582,-20.524171],[-54.649582,-20.52418],[-54.649572,-20.52418],[-54.649572,-20.524189],[-54.649562,-20.524189],[-54.649562,-20.524198],[-54.649553,-20.524197],[-54.649552,-20.524207],[-54.649543,-20.524206],[-54.649543,-20.524215],[-54.649533,-20.524215],[-54.649533,-20.524224],[-54.649523,-20.524224],[-54.649523,-20.524233],[-54.649514,-20.524233],[-54.649514,-20.524242],[-54.649504,-20.524242],[-54.649504,-20.524251],[-54.649485,-20.524251],[-54.649485,-20.52426],[-54.649465,-20.52426],[-54.649465,-20.524269],[-54.649446,-20.524268],[-54.649446,-20.524277],[-54.649436,-20.524277],[-54.649436,-20.524286],[-54.649427,-20.524286],[-54.649426,-20.524295],[-54.649417,-20.524295],[-54.649417,-20.524304],[-54.649407,-20.524304],[-54.649407,-20.524313],[-54.649397,-20.524313],[-54.649397,-20.524322],[-54.649388,-20.524322],[-54.649388,-20.524331],[-54.649378,-20.524331],[-54.649378,-20.52434],[-54.649368,-20.524339],[-54.649368,-20.524349],[-54.649359,-20.524348],[-54.649358,-20.524357],[-54.649349,-20.524357],[-54.649349,-20.524366],[-54.649339,-20.524366],[-54.649339,-20.524375],[-54.649329,-20.524375],[-54.649329,-20.524384],[-54.64932,-20.524384],[-54.64932,-20.524393],[-54.64931,-20.524393],[-54.64931,-20.524402],[-54.6493,-20.524402],[-54.6493,-20.524411],[-54.649291,-20.524411],[-54.64929,-20.52442],[-54.649262,-20.524419],[-54.649261,-20.524428],[-54.649242,-20.524428],[-54.649242,-20.524437],[-54.649233,-20.524437],[-54.649232,-20.524446],[-54.649223,-20.524446],[-54.649223,-20.524455],[-54.649213,-20.524455],[-54.649213,-20.524464],[-54.649203,-20.524464],[-54.649203,-20.524473],[-54.649194,-20.524473],[-54.649194,-20.524482],[-54.649184,-20.524481],[-54.649184,-20.52449],[-54.649174,-20.52449],[-54.649174,-20.524499],[-54.649165,-20.524499],[-54.649164,-20.524508],[-54.649155,-20.524508],[-54.649155,-20.524517],[-54.649145,-20.524517],[-54.649145,-20.524526],[-54.649135,-20.524526],[-54.649135,-20.524535],[-54.649126,-20.524535],[-54.649126,-20.524544],[-54.649116,-20.524544],[-54.649116,-20.524553],[-54.649106,-20.524553],[-54.649106,-20.524562],[-54.649096,-20.524562],[-54.649096,-20.524571],[-54.649087,-20.52457],[-54.649087,-20.524579],[-54.649077,-20.524579],[-54.649077,-20.524588],[-54.649067,-20.524588],[-54.649067,-20.524597],[-54.649058,-20.524597],[-54.649057,-20.524606],[-54.649048,-20.524606],[-54.649048,-20.524615],[-54.649038,-20.524615],[-54.649038,-20.524624],[-54.649028,-20.524624],[-54.649028,-20.524633],[-54.649019,-20.524633],[-54.649019,-20.524642],[-54.649009,-20.524642],[-54.649009,-20.524651],[-54.648999,-20.524651],[-54.648999,-20.52466],[-54.64899,-20.524659],[-54.648989,-20.524668],[-54.64898,-20.524668],[-54.64898,-20.524677],[-54.64897,-20.524677],[-54.64897,-20.524686],[-54.64896,-20.524686],[-54.64896,-20.524695],[-54.648951,-20.524695],[-54.648951,-20.524704],[-54.648931,-20.524704],[-54.648931,-20.524713],[-54.648912,-20.524713],[-54.648912,-20.524722],[-54.648902,-20.524721],[-54.648902,-20.524731],[-54.648893,-20.52473],[-54.648892,-20.524739],[-54.648883,-20.524739],[-54.648883,-20.524748],[-54.648873,-20.524748],[-54.648873,-20.524757],[-54.648863,-20.524757],[-54.648863,-20.524766],[-54.648854,-20.524766],[-54.648854,-20.524775],[-54.648844,-20.524775],[-54.648844,-20.524784],[-54.648834,-20.524784],[-54.648834,-20.524793],[-54.648825,-20.524793],[-54.648824,-20.524802],[-54.648815,-20.524802],[-54.648815,-20.524811],[-54.648805,-20.52481],[-54.648805,-20.524819],[-54.648795,-20.524819],[-54.648795,-20.524828],[-54.648786,-20.524828],[-54.648786,-20.524837],[-54.648776,-20.524837],[-54.648776,-20.524846],[-54.648766,-20.524846],[-54.648766,-20.524855],[-54.648757,-20.524855],[-54.648756,-20.524864],[-54.648747,-20.524864],[-54.648747,-20.524873],[-54.648737,-20.524873],[-54.648737,-20.524882],[-54.648727,-20.524882],[-54.648727,-20.524891],[-54.648718,-20.524891],[-54.648717,-20.5249],[-54.648708,-20.524899],[-54.648708,-20.524908],[-54.648698,-20.524908],[-54.648698,-20.524917],[-54.648679,-20.524917],[-54.648679,-20.524926],[-54.648669,-20.524926],[-54.648669,-20.524935],[-54.648659,-20.524935],[-54.648659,-20.524944],[-54.64865,-20.524944],[-54.64865,-20.524953],[-54.64863,-20.524953],[-54.64863,-20.524962],[-54.648621,-20.524961],[-54.648621,-20.524971],[-54.648611,-20.52497],[-54.648611,-20.524979],[-54.648601,-20.524979],[-54.648601,-20.524988],[-54.648592,-20.524988],[-54.648591,-20.524997],[-54.648582,-20.524997],[-54.648582,-20.525006],[-54.648572,-20.525006],[-54.648572,-20.525015],[-54.648562,-20.525015],[-54.648562,-20.525024],[-54.648553,-20.525024],[-54.648552,-20.525033],[-54.648543,-20.525033],[-54.648543,-20.525042],[-54.648533,-20.525042],[-54.648533,-20.525051],[-54.648523,-20.52505],[-54.648523,-20.525059],[-54.648514,-20.525059],[-54.648514,-20.525068],[-54.648504,-20.525068],[-54.648504,-20.525077],[-54.648494,-20.525077],[-54.648494,-20.525086],[-54.648485,-20.525086],[-54.648484,-20.525095],[-54.648475,-20.525095],[-54.648475,-20.525104],[-54.648465,-20.525104],[-54.648465,-20.525113],[-54.648455,-20.525113],[-54.648455,-20.525122],[-54.648446,-20.525122],[-54.648446,-20.525131],[-54.648436,-20.525131],[-54.648436,-20.52514],[-54.648426,-20.525139],[-54.648426,-20.525148],[-54.648417,-20.525148],[-54.648416,-20.525157],[-54.648407,-20.525157],[-54.648407,-20.525166],[-54.648397,-20.525166],[-54.648397,-20.525175],[-54.648387,-20.525175],[-54.648387,-20.525184],[-54.648378,-20.525184],[-54.648377,-20.525193],[-54.648368,-20.525193],[-54.648368,-20.525202],[-54.648358,-20.525202],[-54.648358,-20.525211],[-54.648348,-20.525211],[-54.648348,-20.52522],[-54.648339,-20.52522],[-54.648339,-20.525229],[-54.648329,-20.525228],[-54.648329,-20.525237],[-54.648319,-20.525237],[-54.648319,-20.525246],[-54.64831,-20.525246],[-54.648309,-20.525255],[-54.6483,-20.525255],[-54.6483,-20.525264],[-54.64829,-20.525264],[-54.64829,-20.525273],[-54.64828,-20.525273],[-54.64828,-20.525282],[-54.647954,-20.525278],[-54.647954,-20.525287],[-54.647935,-20.525286],[-54.647935,-20.525295],[-54.647906,-20.525295],[-54.647906,-20.525304],[-54.647887,-20.525304],[-54.647887,-20.525313],[-54.647868,-20.525312],[-54.647867,-20.525322],[-54.647839,-20.525321],[-54.647839,-20.52533],[-54.647819,-20.52533],[-54.647819,-20.525339],[-54.6478,-20.525339],[-54.6478,-20.525348],[-54.647771,-20.525347],[-54.647771,-20.525356],[-54.647752,-20.525356],[-54.647752,-20.525365],[-54.647723,-20.525365],[-54.647723,-20.525374],[-54.647704,-20.525373],[-54.647704,-20.525382],[-54.647684,-20.525382],[-54.647684,-20.525391],[-54.647656,-20.525391],[-54.647655,-20.5254],[-54.647636,-20.5254],[-54.647636,-20.525409],[-54.647607,-20.525408],[-54.647607,-20.525417],[-54.647588,-20.525417],[-54.647588,-20.525426],[-54.647569,-20.525426],[-54.647569,-20.525435],[-54.64754,-20.525434],[-54.64754,-20.525443],[-54.647521,-20.525443],[-54.64752,-20.525452],[-54.647492,-20.525452],[-54.647492,-20.525461],[-54.647472,-20.525461],[-54.647472,-20.52547],[-54.647453,-20.525469],[-54.647453,-20.525478],[-54.647424,-20.525478],[-54.647424,-20.525487],[-54.647405,-20.525487],[-54.647405,-20.525496],[-54.647328,-20.525495],[-54.647328,-20.525504],[-54.647318,-20.525504],[-54.647318,-20.525513],[-54.647309,-20.525513],[-54.647308,-20.525522],[-54.647299,-20.525521],[-54.647299,-20.52554],[-54.647289,-20.525539],[-54.647289,-20.525548],[-54.647279,-20.525548],[-54.647279,-20.525557],[-54.64727,-20.525557],[-54.647269,-20.525566],[-54.64726,-20.525566],[-54.64726,-20.525575],[-54.64725,-20.525575],[-54.64725,-20.525584],[-54.64724,-20.525584],[-54.64724,-20.525593],[-54.647221,-20.525593],[-54.64722,-20.525656],[-54.647211,-20.525656],[-54.64721,-20.525665],[-54.647201,-20.525665],[-54.647201,-20.525674],[-54.647191,-20.525674],[-54.647191,-20.525683],[-54.647181,-20.525682],[-54.647181,-20.525691],[-54.647172,-20.525691],[-54.647172,-20.5257],[-54.647162,-20.5257],[-54.647162,-20.525709],[-54.647152,-20.525709],[-54.647152,-20.525718],[-54.647142,-20.525718],[-54.647142,-20.525727],[-54.647133,-20.525727],[-54.647133,-20.525736],[-54.647123,-20.525736],[-54.647123,-20.525745],[-54.647113,-20.525745],[-54.647113,-20.525754],[-54.647104,-20.525754],[-54.647103,-20.525763],[-54.647094,-20.525763],[-54.647094,-20.525772],[-54.647084,-20.525771],[-54.647084,-20.52578],[-54.647074,-20.52578],[-54.647074,-20.525789],[-54.647065,-20.525789],[-54.647065,-20.525798],[-54.647055,-20.525798],[-54.647055,-20.525807],[-54.647045,-20.525807],[-54.647045,-20.525816],[-54.647026,-20.525816],[-54.647026,-20.525825],[-54.647007,-20.525825],[-54.647007,-20.525834],[-54.646987,-20.525833],[-54.646987,-20.525842],[-54.646968,-20.525842],[-54.646968,-20.525851],[-54.646958,-20.525851],[-54.646958,-20.52586],[-54.646939,-20.52586],[-54.646939,-20.525869],[-54.64692,-20.525869],[-54.64692,-20.525878],[-54.6469,-20.525877],[-54.6469,-20.525886],[-54.646872,-20.525886],[-54.646871,-20.525895],[-54.646833,-20.525894],[-54.646833,-20.525903],[-54.646804,-20.525903],[-54.646804,-20.525912],[-54.646775,-20.525912],[-54.646775,-20.525921],[-54.646746,-20.52592],[-54.646746,-20.525929],[-54.646717,-20.525929],[-54.646717,-20.525938],[-54.646689,-20.525938],[-54.646688,-20.525947],[-54.64666,-20.525946],[-54.64666,-20.525955],[-54.646621,-20.525955],[-54.646621,-20.525964],[-54.646592,-20.525963],[-54.646592,-20.525972],[-54.646563,-20.525972],[-54.646563,-20.525981],[-54.646535,-20.525981],[-54.646534,-20.52599],[-54.646506,-20.525989],[-54.646506,-20.525998],[-54.646477,-20.525998],[-54.646477,-20.526007],[-54.646448,-20.526007],[-54.646448,-20.526016],[-54.646237,-20.526013],[-54.646237,-20.526022],[-54.646218,-20.526022],[-54.646217,-20.526031],[-54.646198,-20.52603],[-54.646198,-20.526039],[-54.646169,-20.526039],[-54.646169,-20.526048],[-54.64615,-20.526048],[-54.64615,-20.526057],[-54.646102,-20.526056],[-54.646102,-20.526065],[-54.646083,-20.526065],[-54.646083,-20.526074],[-54.646063,-20.526074],[-54.646063,-20.526083],[-54.646044,-20.526082],[-54.646044,-20.526091],[-54.646025,-20.526091],[-54.646025,-20.5261],[-54.646006,-20.5261],[-54.646005,-20.526109],[-54.645986,-20.526109],[-54.64598,-20.526542],[-54.645951,-20.526542],[-54.645951,-20.526551],[-54.64573,-20.526548],[-54.64573,-20.526557],[-54.645596,-20.526555],[-54.645596,-20.526564],[-54.645567,-20.526564],[-54.645567,-20.526573],[-54.645529,-20.526572],[-54.645528,-20.526581],[-54.6455,-20.526581],[-54.6455,-20.52659],[-54.645471,-20.526589],[-54.645471,-20.526598],[-54.645432,-20.526598],[-54.645432,-20.526607],[-54.645403,-20.526606],[-54.645403,-20.526616],[-54.645375,-20.526615],[-54.645374,-20.526624],[-54.645346,-20.526624],[-54.645346,-20.526633],[-54.645307,-20.526632],[-54.645307,-20.526641],[-54.645278,-20.526641],[-54.645278,-20.52665],[-54.645249,-20.52665],[-54.645249,-20.526659],[-54.645221,-20.526658],[-54.64522,-20.526667],[-54.645182,-20.526667],[-54.645182,-20.526676],[-54.645153,-20.526675],[-54.645153,-20.526684],[-54.645124,-20.526684],[-54.645124,-20.526693],[-54.645095,-20.526693],[-54.645095,-20.526702],[-54.645066,-20.526701],[-54.645066,-20.52671],[-54.645018,-20.52671],[-54.645018,-20.526719],[-54.645009,-20.526719],[-54.645009,-20.526728],[-54.644999,-20.526727],[-54.644999,-20.526736],[-54.644989,-20.526736],[-54.644989,-20.526745],[-54.64498,-20.526745],[-54.644979,-20.526754],[-54.64497,-20.526754],[-54.64497,-20.526763],[-54.64496,-20.526763],[-54.64496,-20.526772],[-54.64495,-20.526772],[-54.64495,-20.526781],[-54.644941,-20.526781],[-54.644941,-20.52679],[-54.644931,-20.52679],[-54.644931,-20.526799],[-54.644921,-20.526799],[-54.644921,-20.526808],[-54.644911,-20.526807],[-54.644911,-20.526817],[-54.644902,-20.526816],[-54.644902,-20.526825],[-54.644892,-20.526825],[-54.644892,-20.526834],[-54.644786,-20.526833],[-54.644786,-20.526842],[-54.644575,-20.526839],[-54.644575,-20.526848],[-54.643895,-20.526839],[-54.643895,-20.52683],[-54.643876,-20.52683],[-54.643876,-20.526821],[-54.643857,-20.52682],[-54.643857,-20.526811],[-54.643847,-20.526811],[-54.642822,-20.526797],[-54.642822,-20.526806],[-54.642505,-20.526802],[-54.642505,-20.526811],[-54.642496,-20.526811],[-54.642496,-20.52682],[-54.642486,-20.52682],[-54.642486,-20.526829],[-54.642476,-20.526829],[-54.642476,-20.526838],[-54.642467,-20.526837],[-54.642466,-20.526847],[-54.642457,-20.526846],[-54.642457,-20.526855],[-54.642447,-20.526855],[-54.642447,-20.526864],[-54.642437,-20.526864],[-54.642437,-20.526873],[-54.642428,-20.526873],[-54.642428,-20.526882],[-54.642418,-20.526882],[-54.642418,-20.526891],[-54.642408,-20.526891],[-54.642408,-20.5269],[-54.642399,-20.5269],[-54.642398,-20.526909],[-54.642389,-20.526909],[-54.642389,-20.526918],[-54.642379,-20.526918],[-54.642379,-20.526927],[-54.642369,-20.526926],[-54.642369,-20.526935],[-54.64236,-20.526935],[-54.64236,-20.526944],[-54.64235,-20.526944],[-54.64235,-20.526953],[-54.64234,-20.526953],[-54.64234,-20.526962],[-54.64233,-20.526962],[-54.64233,-20.526971],[-54.642321,-20.526971],[-54.642321,-20.52698],[-54.642311,-20.52698],[-54.642311,-20.526989],[-54.642301,-20.526989],[-54.642301,-20.526998],[-54.642292,-20.526998],[-54.642291,-20.527007],[-54.642282,-20.527007],[-54.642282,-20.527016],[-54.642272,-20.527015],[-54.642272,-20.527024],[-54.642262,-20.527024],[-54.642262,-20.527033],[-54.642253,-20.527033],[-54.642253,-20.527042],[-54.642243,-20.527042],[-54.642243,-20.527051],[-54.642233,-20.527051],[-54.642233,-20.52706],[-54.642224,-20.52706],[-54.642223,-20.527069],[-54.642214,-20.527069],[-54.642214,-20.527078],[-54.641965,-20.527074],[-54.641964,-20.527083],[-54.641936,-20.527083],[-54.641935,-20.527092],[-54.641926,-20.527092],[-54.641926,-20.527101],[-54.641916,-20.527101],[-54.641916,-20.52711],[-54.641906,-20.52711],[-54.641906,-20.527119],[-54.641897,-20.527119],[-54.641897,-20.527128],[-54.641887,-20.527128],[-54.641887,-20.527137],[-54.641877,-20.527136],[-54.641877,-20.527146],[-54.641868,-20.527145],[-54.641867,-20.527154],[-54.641858,-20.527154],[-54.641858,-20.527163],[-54.641848,-20.527163],[-54.641848,-20.527172],[-54.641704,-20.52717],[-54.641704,-20.527179],[-54.64156,-20.527177],[-54.64156,-20.527186],[-54.641407,-20.527184],[-54.641407,-20.527193],[-54.640774,-20.527185],[-54.640774,-20.527176],[-54.640765,-20.527176],[-54.640765,-20.527167],[-54.640755,-20.527166],[-54.640755,-20.527157],[-54.640746,-20.527157],[-54.640746,-20.527148],[-54.640736,-20.527148],[-54.640737,-20.527139],[-54.640727,-20.527139],[-54.640727,-20.52713],[-54.640717,-20.52713],[-54.640718,-20.527121],[-54.640555,-20.527118],[-54.640555,-20.527128],[-54.640535,-20.527127],[-54.640535,-20.527136],[-54.640507,-20.527136],[-54.640506,-20.527145],[-54.640487,-20.527145],[-54.640487,-20.527154],[-54.640458,-20.527153],[-54.640458,-20.527162],[-54.640429,-20.527162],[-54.640429,-20.527171],[-54.639758,-20.527162],[-54.639759,-20.527153],[-54.639749,-20.527153],[-54.639749,-20.527144],[-54.63974,-20.527144],[-54.63974,-20.527134],[-54.63973,-20.527134],[-54.63973,-20.527125],[-54.639721,-20.527125],[-54.639721,-20.527116],[-54.639711,-20.527116],[-54.639711,-20.527107],[-54.639702,-20.527107],[-54.639702,-20.527098],[-54.639692,-20.527098],[-54.639692,-20.527089],[-54.639683,-20.527089],[-54.639683,-20.52708],[-54.639673,-20.527079],[-54.639674,-20.52707],[-54.639664,-20.52707],[-54.639664,-20.527061],[-54.639655,-20.527061],[-54.639655,-20.527052],[-54.639645,-20.527052],[-54.639645,-20.527043],[-54.639636,-20.527043],[-54.639636,-20.527034],[-54.639626,-20.527034],[-54.639626,-20.527025],[-54.639617,-20.527024],[-54.639617,-20.527015],[-54.639607,-20.527015],[-54.639607,-20.527006],[-54.639598,-20.527006],[-54.639598,-20.526997],[-54.639588,-20.526997],[-54.639589,-20.526988],[-54.63955,-20.526987],[-54.63955,-20.526978],[-54.639349,-20.526976],[-54.639349,-20.526967],[-54.639244,-20.526965],[-54.639244,-20.526956],[-54.639225,-20.526956],[-54.639225,-20.526947],[-54.639215,-20.526947],[-54.639215,-20.526938],[-54.639206,-20.526938],[-54.639206,-20.526929],[-54.639196,-20.526928],[-54.639197,-20.526919],[-54.639187,-20.526919],[-54.639187,-20.52691],[-54.639168,-20.52691],[-54.639168,-20.526901],[-54.639158,-20.526901],[-54.639159,-20.526892],[-54.639139,-20.526892],[-54.63914,-20.526883],[-54.63913,-20.526882],[-54.63913,-20.526873],[-54.639111,-20.526873],[-54.639111,-20.526864],[-54.639102,-20.526864],[-54.639102,-20.526855],[-54.639092,-20.526855],[-54.639092,-20.526846],[-54.639083,-20.526846],[-54.639083,-20.526837],[-54.639073,-20.526836],[-54.639073,-20.526827],[-54.639064,-20.526827],[-54.639064,-20.526818],[-54.639054,-20.526818],[-54.639054,-20.526809],[-54.639045,-20.526809],[-54.639045,-20.5268],[-54.639035,-20.5268],[-54.639036,-20.526791],[-54.639026,-20.526791],[-54.639026,-20.526782],[-54.639017,-20.526781],[-54.639017,-20.526772],[-54.639007,-20.526772],[-54.639007,-20.526763],[-54.638998,-20.526763],[-54.638998,-20.526754],[-54.638988,-20.526754],[-54.638988,-20.526745],[-54.638979,-20.526745],[-54.638979,-20.526736],[-54.638969,-20.526736],[-54.638969,-20.526727],[-54.63896,-20.526727],[-54.63896,-20.526718],[-54.63895,-20.526717],[-54.638951,-20.526708],[-54.638883,-20.526707],[-54.638874,-20.526707],[-54.638874,-20.526716],[-54.638749,-20.526715],[-54.638749,-20.526724],[-54.63873,-20.526723],[-54.63873,-20.526732],[-54.638711,-20.526732],[-54.63871,-20.526741],[-54.638691,-20.526741],[-54.638691,-20.52675],[-54.638682,-20.52675],[-54.638681,-20.526759],[-54.638662,-20.526759],[-54.638662,-20.526768],[-54.638643,-20.526767],[-54.638643,-20.526776],[-54.638624,-20.526776],[-54.638623,-20.526785],[-54.638604,-20.526785],[-54.638604,-20.526794],[-54.638585,-20.526794],[-54.638585,-20.526803],[-54.638566,-20.526802],[-54.638566,-20.526811],[-54.638546,-20.526811],[-54.638546,-20.52682],[-54.638527,-20.52682],[-54.638527,-20.526829],[-54.638508,-20.526829],[-54.638508,-20.526838],[-54.638488,-20.526838],[-54.638488,-20.526847],[-54.638469,-20.526846],[-54.638469,-20.526855],[-54.63845,-20.526855],[-54.63845,-20.526864],[-54.63844,-20.526864],[-54.63844,-20.526873],[-54.638421,-20.526873],[-54.638421,-20.526882],[-54.638402,-20.526881],[-54.638401,-20.526891],[-54.638382,-20.52689],[-54.638382,-20.526899],[-54.638363,-20.526899],[-54.638363,-20.526908],[-54.638344,-20.526908],[-54.638343,-20.526917],[-54.638324,-20.526917],[-54.638324,-20.526926],[-54.638305,-20.526925],[-54.638305,-20.526934],[-54.638286,-20.526934],[-54.638286,-20.526943],[-54.638266,-20.526943],[-54.638266,-20.526952],[-54.638247,-20.526952],[-54.638247,-20.526961],[-54.638228,-20.52696],[-54.638228,-20.526969],[-54.638218,-20.526969],[-54.638218,-20.526978],[-54.637633,-20.52697],[-54.637633,-20.526979],[-54.637624,-20.526979],[-54.637623,-20.526988],[-54.637604,-20.526988],[-54.637604,-20.526997],[-54.637595,-20.526997],[-54.637594,-20.527006],[-54.637585,-20.527006],[-54.637585,-20.527015],[-54.637565,-20.527015],[-54.637565,-20.527024],[-54.637556,-20.527023],[-54.637556,-20.527033],[-54.637536,-20.527032],[-54.637536,-20.527041],[-54.637527,-20.527041],[-54.637527,-20.52705],[-54.637517,-20.52705],[-54.637517,-20.527059],[-54.637498,-20.527059],[-54.637498,-20.527068],[-54.637488,-20.527068],[-54.637488,-20.527077],[-54.637478,-20.527077],[-54.637478,-20.527086],[-54.637459,-20.527085],[-54.637459,-20.527094],[-54.637449,-20.527094],[-54.637449,-20.527103],[-54.63743,-20.527103],[-54.63743,-20.527112],[-54.63742,-20.527112],[-54.63742,-20.527121],[-54.637401,-20.527121],[-54.637401,-20.52713],[-54.637391,-20.52713],[-54.637391,-20.527139],[-54.637381,-20.527138],[-54.637381,-20.527148],[-54.637362,-20.527147],[-54.637362,-20.527156],[-54.637352,-20.527156],[-54.637352,-20.527165],[-54.637333,-20.527165],[-54.637333,-20.527174],[-54.637323,-20.527174],[-54.637323,-20.527183],[-54.637304,-20.527183],[-54.637304,-20.527192],[-54.637275,-20.527191],[-54.637275,-20.527182],[-54.637266,-20.527182],[-54.637266,-20.527164],[-54.637256,-20.527164],[-54.637257,-20.527146],[-54.637247,-20.527146],[-54.637247,-20.527128],[-54.637238,-20.527128],[-54.637238,-20.527109],[-54.637229,-20.527109],[-54.637229,-20.527091],[-54.637219,-20.527091],[-54.63722,-20.527073],[-54.63721,-20.527073],[-54.63721,-20.527055],[-54.637201,-20.527055],[-54.637201,-20.527037],[-54.637191,-20.527037],[-54.637192,-20.527019],[-54.637182,-20.527018],[-54.637182,-20.527],[-54.637173,-20.527],[-54.637173,-20.526982],[-54.637163,-20.526982],[-54.637164,-20.526964],[-54.637154,-20.526964],[-54.637154,-20.526946],[-54.637145,-20.526946],[-54.637145,-20.526928],[-54.637135,-20.526927],[-54.637136,-20.526909],[-54.637126,-20.526909],[-54.637126,-20.526891],[-54.637117,-20.526891],[-54.637117,-20.526873],[-54.637108,-20.526873],[-54.637108,-20.526855],[-54.637098,-20.526855],[-54.637099,-20.526837],[-54.637089,-20.526837],[-54.637089,-20.526818],[-54.63708,-20.526818],[-54.63708,-20.526791],[-54.63707,-20.526791],[-54.637071,-20.526773],[-54.637061,-20.526773],[-54.637061,-20.526755],[-54.637042,-20.526755],[-54.637042,-20.526746],[-54.637023,-20.526745],[-54.637023,-20.526736],[-54.637004,-20.526736],[-54.637004,-20.526727],[-54.636985,-20.526727],[-54.636985,-20.526718],[-54.636966,-20.526717],[-54.636966,-20.526708],[-54.636938,-20.526708],[-54.636938,-20.526699],[-54.636919,-20.526699],[-54.636919,-20.52669],[-54.636899,-20.526689],[-54.6369,-20.52668],[-54.63688,-20.52668],[-54.636881,-20.526671],[-54.636861,-20.526671],[-54.636862,-20.526662],[-54.636833,-20.526661],[-54.636833,-20.526652],[-54.636814,-20.526652],[-54.636814,-20.526643],[-54.636795,-20.526643],[-54.636795,-20.526634],[-54.636776,-20.526634],[-54.636776,-20.526625],[-54.636757,-20.526624],[-54.636757,-20.526615],[-54.636728,-20.526615],[-54.636728,-20.526606],[-54.636709,-20.526606],[-54.636709,-20.526597],[-54.63669,-20.526596],[-54.63669,-20.526587],[-54.636671,-20.526587],[-54.636671,-20.526578],[-54.636652,-20.526578],[-54.636652,-20.526569],[-54.636633,-20.526568],[-54.636633,-20.526559],[-54.636604,-20.526559],[-54.636604,-20.52655],[-54.635704,-20.526538],[-54.635703,-20.526547],[-54.635694,-20.526547],[-54.635694,-20.526556],[-54.635684,-20.526555],[-54.635684,-20.526565],[-54.635674,-20.526564],[-54.635674,-20.526573],[-54.635665,-20.526573],[-54.635665,-20.526582],[-54.635655,-20.526582],[-54.635655,-20.526591],[-54.635645,-20.526591],[-54.635645,-20.5266],[-54.635636,-20.5266],[-54.635635,-20.526609],[-54.635626,-20.526609],[-54.635626,-20.526618],[-54.635616,-20.526618],[-54.635616,-20.526627],[-54.635606,-20.526627],[-54.635606,-20.526636],[-54.635597,-20.526636],[-54.635596,-20.526645],[-54.635587,-20.526644],[-54.635587,-20.526653],[-54.635568,-20.526653],[-54.635567,-20.526662],[-54.635203,-20.526657],[-54.635203,-20.526666],[-54.635174,-20.526666],[-54.635174,-20.526675],[-54.635145,-20.526675],[-54.635145,-20.526684],[-54.635126,-20.526683],[-54.635126,-20.526692],[-54.635097,-20.526692],[-54.635097,-20.526701],[-54.635068,-20.526701],[-54.635068,-20.52671],[-54.63504,-20.526709],[-54.635039,-20.526718],[-54.635011,-20.526718],[-54.63501,-20.526727],[-54.634982,-20.526726],[-54.634982,-20.526736],[-54.634962,-20.526735],[-54.634962,-20.526744],[-54.634934,-20.526744],[-54.634933,-20.526753],[-54.634905,-20.526753],[-54.634905,-20.526762],[-54.634876,-20.526761],[-54.634876,-20.52677],[-54.634866,-20.52677],[-54.634866,-20.526779],[-54.634856,-20.526779],[-54.634856,-20.526788],[-54.634847,-20.526788],[-54.634846,-20.526797],[-54.634837,-20.526797],[-54.634837,-20.526806],[-54.634827,-20.526806],[-54.634827,-20.526815],[-54.634817,-20.526815],[-54.634817,-20.526824],[-54.634808,-20.526823],[-54.634808,-20.526832],[-54.634798,-20.526832],[-54.634798,-20.526841],[-54.634788,-20.526841],[-54.634788,-20.52685],[-54.634779,-20.52685],[-54.634778,-20.526859],[-54.634769,-20.526859],[-54.634769,-20.526868],[-54.634759,-20.526868],[-54.634759,-20.526877],[-54.634749,-20.526877],[-54.634749,-20.526886],[-54.63474,-20.526886],[-54.63474,-20.526895],[-54.63473,-20.526895],[-54.63473,-20.526904],[-54.63472,-20.526904],[-54.63472,-20.526913],[-54.63471,-20.526912],[-54.63471,-20.526921],[-54.634701,-20.526921],[-54.634701,-20.52693],[-54.634691,-20.52693],[-54.634691,-20.526939],[-54.634681,-20.526939],[-54.634681,-20.526948],[-54.634672,-20.526948],[-54.634671,-20.526957],[-54.634662,-20.526957],[-54.634662,-20.526966],[-54.634652,-20.526966],[-54.634652,-20.526975],[-54.634642,-20.526975],[-54.634642,-20.526984],[-54.634633,-20.526984],[-54.634633,-20.526993],[-54.634623,-20.526993],[-54.634623,-20.527002],[-54.634613,-20.527001],[-54.634613,-20.52701],[-54.634604,-20.52701],[-54.634603,-20.527019],[-54.634594,-20.527019],[-54.634594,-20.527028],[-54.634584,-20.527028],[-54.634584,-20.527037],[-54.634574,-20.527037],[-54.634574,-20.527046],[-54.634565,-20.527046],[-54.634564,-20.527055],[-54.634555,-20.527055],[-54.634555,-20.527064],[-54.634545,-20.527064],[-54.634545,-20.527073],[-54.634535,-20.527073],[-54.634535,-20.527082],[-54.634526,-20.527081],[-54.634526,-20.527091],[-54.634516,-20.52709],[-54.634516,-20.527099],[-54.634506,-20.527099],[-54.634506,-20.527108],[-54.634497,-20.527108],[-54.634496,-20.527117],[-54.634487,-20.527117],[-54.634487,-20.527126],[-54.634477,-20.527126],[-54.634477,-20.527135],[-54.634467,-20.527135],[-54.634467,-20.527144],[-54.634458,-20.527144],[-54.634457,-20.527162],[-54.634448,-20.527162],[-54.634448,-20.527171],[-54.634429,-20.52717],[-54.634428,-20.527179],[-54.634409,-20.527179],[-54.634409,-20.527188],[-54.63439,-20.527188],[-54.63439,-20.527197],[-54.634371,-20.527197],[-54.63437,-20.527206],[-54.634351,-20.527206],[-54.634351,-20.527215],[-54.634332,-20.527214],[-54.634332,-20.527223],[-54.634313,-20.527223],[-54.634313,-20.527232],[-54.634293,-20.527232],[-54.634293,-20.527241],[-54.634274,-20.527241],[-54.634274,-20.52725],[-54.634255,-20.527249],[-54.634255,-20.527258],[-54.634245,-20.527258],[-54.634245,-20.527267],[-54.634226,-20.527267],[-54.634226,-20.527276],[-54.634206,-20.527276],[-54.634206,-20.527285],[-54.634187,-20.527285],[-54.634187,-20.527294],[-54.634168,-20.527293],[-54.634168,-20.527302],[-54.634148,-20.527302],[-54.634148,-20.527311],[-54.63412,-20.527311],[-54.634119,-20.52732],[-54.63411,-20.52732],[-54.63411,-20.527329],[-54.634091,-20.527328],[-54.63409,-20.527337],[-54.634071,-20.527337],[-54.634071,-20.527346],[-54.634062,-20.527346],[-54.634061,-20.527355],[-54.634042,-20.527355],[-54.634042,-20.527364],[-54.634023,-20.527364],[-54.634023,-20.527373],[-54.634013,-20.527372],[-54.634013,-20.527382],[-54.633994,-20.527381],[-54.633994,-20.52739],[-54.633975,-20.52739],[-54.633974,-20.527399],[-54.633965,-20.527399],[-54.633965,-20.527408],[-54.633946,-20.527408],[-54.633945,-20.527417],[-54.633936,-20.527417],[-54.633936,-20.527426],[-54.633917,-20.527425],[-54.633916,-20.527434],[-54.633897,-20.527434],[-54.633897,-20.527443],[-54.633888,-20.527443],[-54.633887,-20.527452],[-54.633868,-20.527452],[-54.633868,-20.527461],[-54.633849,-20.527461],[-54.633849,-20.52747],[-54.633839,-20.527469],[-54.633839,-20.527478],[-54.63382,-20.527478],[-54.63382,-20.527487],[-54.633801,-20.527487],[-54.6338,-20.527496],[-54.633791,-20.527496],[-54.633791,-20.527505],[-54.633772,-20.527505],[-54.633771,-20.527514],[-54.633762,-20.527514],[-54.633762,-20.527523],[-54.633743,-20.527522],[-54.633742,-20.527531],[-54.633723,-20.527531],[-54.633723,-20.52754],[-54.633713,-20.52754],[-54.633713,-20.527549],[-54.633694,-20.527549],[-54.633694,-20.527558],[-54.633675,-20.527558],[-54.633675,-20.527567],[-54.633665,-20.527566],[-54.633665,-20.527575],[-54.633646,-20.527575],[-54.633646,-20.527584],[-54.632639,-20.52757],[-54.632639,-20.527579],[-54.63263,-20.527579],[-54.63263,-20.527588],[-54.63262,-20.527588],[-54.63262,-20.527597],[-54.63261,-20.527597],[-54.63261,-20.527606],[-54.6326,-20.527606],[-54.6326,-20.527615],[-54.632591,-20.527615],[-54.632591,-20.527624],[-54.632581,-20.527624],[-54.632581,-20.527633],[-54.632571,-20.527633],[-54.632571,-20.527642],[-54.632562,-20.527642],[-54.632561,-20.527651],[-54.632552,-20.527651],[-54.632552,-20.52766],[-54.632542,-20.527659],[-54.632542,-20.527668],[-54.632532,-20.527668],[-54.632532,-20.527677],[-54.632523,-20.527677],[-54.632523,-20.527686],[-54.632513,-20.527686],[-54.632513,-20.527695],[-54.632503,-20.527695],[-54.632503,-20.527704],[-54.632494,-20.527704],[-54.632493,-20.527713],[-54.632484,-20.527713],[-54.632484,-20.527722],[-54.632474,-20.527722],[-54.632474,-20.527731],[-54.632464,-20.527731],[-54.632464,-20.52774],[-54.632455,-20.52774],[-54.632455,-20.527749],[-54.632445,-20.527748],[-54.632445,-20.527757],[-54.632435,-20.527757],[-54.632435,-20.527766],[-54.632425,-20.527766],[-54.632425,-20.527775],[-54.632416,-20.527775],[-54.632416,-20.527784],[-54.632406,-20.527784],[-54.632406,-20.527793],[-54.632396,-20.527793],[-54.632396,-20.527802],[-54.632387,-20.527802],[-54.632386,-20.527811],[-54.632377,-20.527811],[-54.632377,-20.52782],[-54.632367,-20.52782],[-54.632367,-20.527829],[-54.632357,-20.527828],[-54.632357,-20.527838],[-54.632348,-20.527837],[-54.632348,-20.527846],[-54.632338,-20.527846],[-54.632338,-20.527855],[-54.632328,-20.527855],[-54.632328,-20.527864],[-54.632319,-20.527864],[-54.632318,-20.527873],[-54.632309,-20.527873],[-54.632309,-20.527882],[-54.632299,-20.527882],[-54.632299,-20.527891],[-54.632289,-20.527891],[-54.632289,-20.5279],[-54.63228,-20.5279],[-54.63228,-20.527909],[-54.63227,-20.527909],[-54.63227,-20.527918],[-54.63226,-20.527917],[-54.63226,-20.527926],[-54.63225,-20.527926],[-54.63225,-20.527935],[-54.632241,-20.527935],[-54.632241,-20.527944],[-54.632231,-20.527944],[-54.632231,-20.527953],[-54.632221,-20.527953],[-54.632221,-20.527962],[-54.632212,-20.527962],[-54.632211,-20.527971],[-54.632202,-20.527971],[-54.632202,-20.52798],[-54.632192,-20.52798],[-54.632192,-20.527989],[-54.632182,-20.527989],[-54.632182,-20.527998],[-54.632173,-20.527998],[-54.632173,-20.528007],[-54.632067,-20.528005],[-54.632019,-20.528004],[-54.632019,-20.527995],[-54.631971,-20.527995],[-54.631972,-20.527986],[-54.631914,-20.527985],[-54.631914,-20.527976],[-54.631866,-20.527975],[-54.631866,-20.527966],[-54.631819,-20.527966],[-54.631819,-20.527957],[-54.631771,-20.527956],[-54.631771,-20.527947],[-54.631589,-20.527944],[-54.631589,-20.527935],[-54.631579,-20.527935],[-54.631579,-20.527926],[-54.63157,-20.527926],[-54.63157,-20.52789],[-54.631561,-20.52789],[-54.631561,-20.527881],[-54.631551,-20.527881],[-54.631552,-20.527872],[-54.631542,-20.527872],[-54.631542,-20.527863],[-54.631533,-20.527862],[-54.631533,-20.527853],[-54.631523,-20.527853],[-54.631523,-20.527844],[-54.631514,-20.527844],[-54.631514,-20.527835],[-54.631504,-20.527835],[-54.631504,-20.527826],[-54.631495,-20.527826],[-54.631495,-20.527817],[-54.631485,-20.527817],[-54.631485,-20.527808],[-54.631476,-20.527807],[-54.631476,-20.527798],[-54.631466,-20.527798],[-54.631467,-20.527789],[-54.631457,-20.527789],[-54.631457,-20.52778],[-54.631448,-20.52778],[-54.631448,-20.527762],[-54.631429,-20.527762],[-54.631429,-20.527753],[-54.631419,-20.527752],[-54.631419,-20.527743],[-54.63141,-20.527743],[-54.63141,-20.527734],[-54.6314,-20.527734],[-54.6314,-20.527725],[-54.631391,-20.527725],[-54.631391,-20.527716],[-54.631381,-20.527716],[-54.631382,-20.527707],[-54.631372,-20.527707],[-54.631372,-20.527698],[-54.631363,-20.527698],[-54.631363,-20.527688],[-54.631353,-20.527688],[-54.631353,-20.527679],[-54.631344,-20.527679],[-54.631344,-20.52767],[-54.631334,-20.52767],[-54.631334,-20.527661],[-54.631325,-20.527661],[-54.631325,-20.527652],[-54.631315,-20.527652],[-54.631315,-20.527643],[-54.631306,-20.527643],[-54.631306,-20.527634],[-54.631296,-20.527633],[-54.631297,-20.527615],[-54.631287,-20.527615],[-54.631287,-20.527597],[-54.631278,-20.527597],[-54.631278,-20.52757],[-54.631269,-20.52757],[-54.631271,-20.527443],[-54.63128,-20.527444],[-54.63128,-20.527435],[-54.63129,-20.527435],[-54.63129,-20.527426],[-54.631309,-20.527426],[-54.631309,-20.527417],[-54.631319,-20.527417],[-54.631319,-20.527408],[-54.631338,-20.527408],[-54.631338,-20.527399],[-54.631348,-20.527399],[-54.631348,-20.52739],[-54.631358,-20.52739],[-54.631358,-20.527381],[-54.631367,-20.527382],[-54.631368,-20.527372],[-54.631387,-20.527373],[-54.631387,-20.527364],[-54.631396,-20.527364],[-54.631397,-20.527355],[-54.631416,-20.527355],[-54.631416,-20.527346],[-54.631435,-20.527346],[-54.631435,-20.527337],[-54.631454,-20.527338],[-54.631454,-20.527329],[-54.631464,-20.527329],[-54.631472,-20.526823],[-54.631462,-20.526823],[-54.631462,-20.526814],[-54.631453,-20.526814],[-54.631453,-20.526805],[-54.631443,-20.526805],[-54.631443,-20.526796],[-54.631434,-20.526795],[-54.631434,-20.526786],[-54.631424,-20.526786],[-54.631425,-20.526777],[-54.631415,-20.526777],[-54.631415,-20.526768],[-54.631406,-20.526768],[-54.631406,-20.526759],[-54.631396,-20.526759],[-54.631396,-20.52675],[-54.631377,-20.52675],[-54.631377,-20.52674],[-54.631368,-20.52674],[-54.631368,-20.526731],[-54.631358,-20.526731],[-54.631358,-20.526722],[-54.631349,-20.526722],[-54.631349,-20.526713],[-54.631339,-20.526713],[-54.631339,-20.526704],[-54.63133,-20.526704],[-54.63133,-20.526695],[-54.63132,-20.526695],[-54.631321,-20.526686],[-54.631311,-20.526685],[-54.631311,-20.526676],[-54.631302,-20.526676],[-54.631302,-20.526667],[-54.631292,-20.526667],[-54.631292,-20.526658],[-54.631283,-20.526658],[-54.631283,-20.526649],[-54.631264,-20.526649],[-54.631264,-20.52664],[-54.631254,-20.526639],[-54.631254,-20.52663],[-54.631245,-20.52663],[-54.631245,-20.526621],[-54.631235,-20.526621],[-54.631235,-20.526612],[-54.631226,-20.526612],[-54.631226,-20.526603],[-54.631216,-20.526603],[-54.631217,-20.526594],[-54.631207,-20.526594],[-54.631207,-20.526585],[-54.631198,-20.526585],[-54.631198,-20.526575],[-54.631188,-20.526575],[-54.631188,-20.526566],[-54.631179,-20.526566],[-54.631179,-20.526557],[-54.631169,-20.526557],[-54.631169,-20.526548],[-54.63116,-20.526548],[-54.63116,-20.526539],[-54.631141,-20.526539],[-54.631141,-20.52653],[-54.631131,-20.526529],[-54.631131,-20.52652],[-54.631122,-20.52652],[-54.631122,-20.526511],[-54.631112,-20.526511],[-54.631113,-20.526502],[-54.631103,-20.526502],[-54.631103,-20.526493],[-54.631093,-20.526493],[-54.631094,-20.526484],[-54.631084,-20.526484],[-54.631084,-20.526475],[-54.631075,-20.526474],[-54.631075,-20.526465],[-54.631065,-20.526465],[-54.631065,-20.526456],[-54.631056,-20.526456],[-54.631056,-20.526447],[-54.631046,-20.526447],[-54.631046,-20.526438],[-54.631027,-20.526438],[-54.631027,-20.526429],[-54.631018,-20.526429],[-54.631018,-20.52642],[-54.631008,-20.526419],[-54.631008,-20.52641],[-54.630999,-20.52641],[-54.630999,-20.526401],[-54.630989,-20.526401],[-54.63099,-20.526392],[-54.63098,-20.526392],[-54.63098,-20.526383],[-54.630971,-20.526383],[-54.630971,-20.526374],[-54.630961,-20.526374],[-54.630961,-20.526365],[-54.630952,-20.526364],[-54.630952,-20.526355],[-54.630942,-20.526355],[-54.630942,-20.526346],[-54.630933,-20.526346],[-54.630933,-20.526337],[-54.630923,-20.526337],[-54.630923,-20.526328],[-54.630904,-20.526328],[-54.630904,-20.526319],[-54.630895,-20.526319],[-54.630895,-20.526309],[-54.630885,-20.526309],[-54.630886,-20.5263],[-54.630876,-20.5263],[-54.630876,-20.526291],[-54.630867,-20.526291],[-54.630867,-20.526273],[-54.630857,-20.526273],[-54.630857,-20.526264],[-54.630848,-20.526264],[-54.630848,-20.526255],[-54.630829,-20.526254],[-54.630829,-20.526245],[-54.630819,-20.526245],[-54.630819,-20.526236],[-54.63081,-20.526236],[-54.63081,-20.526227],[-54.630791,-20.526227],[-54.630791,-20.526218],[-54.630781,-20.526218],[-54.630782,-20.526209],[-54.630772,-20.526208],[-54.630772,-20.526199],[-54.630762,-20.526199],[-54.630763,-20.52619],[-54.630743,-20.52619],[-54.630744,-20.526181],[-54.630734,-20.526181],[-54.630734,-20.526172],[-54.630725,-20.526172],[-54.630725,-20.526163],[-54.630706,-20.526162],[-54.630706,-20.526153],[-54.630696,-20.526153],[-54.630696,-20.526144],[-54.630687,-20.526144],[-54.630687,-20.526135],[-54.630668,-20.526135],[-54.630668,-20.526126],[-54.630658,-20.526126],[-54.630658,-20.526117],[-54.630649,-20.526116],[-54.630649,-20.526107],[-54.63063,-20.526107],[-54.63063,-20.526098],[-54.63062,-20.526098],[-54.63062,-20.526089],[-54.630611,-20.526089],[-54.630611,-20.52608],[-54.630592,-20.52608],[-54.630592,-20.526071],[-54.630582,-20.52607],[-54.630582,-20.526061],[-54.630573,-20.526061],[-54.630573,-20.526052],[-54.630563,-20.526052],[-54.630564,-20.526043],[-54.630544,-20.526043],[-54.630545,-20.526034],[-54.630535,-20.526034],[-54.630535,-20.526025],[-54.630526,-20.526024],[-54.630526,-20.526015],[-54.630507,-20.526015],[-54.630507,-20.526006],[-54.630497,-20.526006],[-54.630497,-20.525997],[-54.630488,-20.525997],[-54.630488,-20.525988],[-54.630469,-20.525988],[-54.630469,-20.525979],[-54.630459,-20.525978],[-54.630459,-20.525969],[-54.63045,-20.525969],[-54.63045,-20.52596],[-54.630431,-20.52596],[-54.630431,-20.525951],[-54.630421,-20.525951],[-54.630421,-20.525942],[-54.630412,-20.525942],[-54.630412,-20.525933],[-54.630393,-20.525932],[-54.630393,-20.525923],[-54.630383,-20.525923],[-54.630383,-20.525914],[-54.630374,-20.525914],[-54.630374,-20.525905],[-54.630364,-20.525905],[-54.630365,-20.525896],[-54.630345,-20.525896],[-54.630346,-20.525887],[-54.630336,-20.525886],[-54.630336,-20.525877],[-54.630327,-20.525877],[-54.630327,-20.525868],[-54.630307,-20.525868],[-54.630308,-20.525859],[-54.630298,-20.525859],[-54.630298,-20.52585],[-54.630289,-20.52585],[-54.630289,-20.525841],[-54.63027,-20.52584],[-54.63027,-20.525831],[-54.63026,-20.525831],[-54.63026,-20.525822],[-54.630251,-20.525822],[-54.630251,-20.525813],[-54.630241,-20.525813],[-54.630241,-20.525804],[-54.630232,-20.525804],[-54.630232,-20.525795],[-54.630213,-20.525794],[-54.630213,-20.525785],[-54.630203,-20.525785],[-54.630203,-20.525776],[-54.630184,-20.525776],[-54.630184,-20.525767],[-54.630175,-20.525767],[-54.630175,-20.525758],[-54.630165,-20.525758],[-54.630166,-20.525749],[-54.630156,-20.525749],[-54.630156,-20.52574],[-54.630147,-20.525739],[-54.630147,-20.52573],[-54.630137,-20.52573],[-54.630137,-20.525721],[-54.630128,-20.525721],[-54.630128,-20.525712],[-54.630118,-20.525712],[-54.630118,-20.525703],[-54.630109,-20.525703],[-54.630109,-20.525694],[-54.630099,-20.525694],[-54.630099,-20.525685],[-54.63009,-20.525684],[-54.63009,-20.525675],[-54.63008,-20.525675],[-54.630081,-20.525666],[-54.630071,-20.525666],[-54.630071,-20.525657],[-54.630062,-20.525657],[-54.630062,-20.525648],[-54.630052,-20.525648],[-54.630052,-20.525639],[-54.630043,-20.525639],[-54.630043,-20.52563],[-54.630033,-20.525629],[-54.630033,-20.52562],[-54.630024,-20.52562],[-54.630024,-20.525611],[-54.630014,-20.525611],[-54.630014,-20.525602],[-54.629995,-20.525602],[-54.629995,-20.525593],[-54.629986,-20.525593],[-54.629986,-20.525584],[-54.629976,-20.525584],[-54.629976,-20.525575],[-54.629967,-20.525574],[-54.629967,-20.525565],[-54.629957,-20.525565],[-54.629958,-20.525556],[-54.629948,-20.525556],[-54.629948,-20.525547],[-54.629939,-20.525547],[-54.629939,-20.525538],[-54.629929,-20.525538],[-54.629929,-20.525529],[-54.62992,-20.525529],[-54.62992,-20.52552],[-54.62991,-20.525519],[-54.62991,-20.52551],[-54.629901,-20.52551],[-54.629901,-20.525501],[-54.629891,-20.525501],[-54.629891,-20.525492],[-54.629882,-20.525492],[-54.629882,-20.525483],[-54.629872,-20.525483],[-54.629873,-20.525474],[-54.629863,-20.525474],[-54.629863,-20.525465],[-54.629854,-20.525464],[-54.629854,-20.525455],[-54.629844,-20.525455],[-54.629844,-20.525446],[-54.629835,-20.525446],[-54.629835,-20.525437],[-54.629825,-20.525437],[-54.629825,-20.525428],[-54.629816,-20.525428],[-54.629816,-20.525419],[-54.629806,-20.525419],[-54.629806,-20.52541],[-54.629797,-20.52541],[-54.629797,-20.5254],[-54.629787,-20.5254],[-54.629788,-20.525391],[-54.629778,-20.525391],[-54.629778,-20.525382],[-54.629759,-20.525382],[-54.629759,-20.525373],[-54.62975,-20.525373],[-54.62975,-20.525364],[-54.62974,-20.525364],[-54.62974,-20.525355],[-54.629731,-20.525354],[-54.629731,-20.525345],[-54.629721,-20.525345],[-54.629721,-20.525336],[-54.629712,-20.525336],[-54.629712,-20.525327],[-54.629702,-20.525327],[-54.629702,-20.525318],[-54.629693,-20.525318],[-54.629693,-20.525309],[-54.629683,-20.525309],[-54.629684,-20.5253],[-54.629674,-20.525299],[-54.629674,-20.52529],[-54.629665,-20.52529],[-54.629665,-20.525281],[-54.629655,-20.525281],[-54.629655,-20.525272],[-54.629607,-20.525271],[-54.629607,-20.525262],[-54.629598,-20.525262],[-54.629598,-20.525253],[-54.629588,-20.525253],[-54.629589,-20.525244],[-54.629579,-20.525244],[-54.629579,-20.525235],[-54.62957,-20.525235],[-54.62957,-20.525226],[-54.62956,-20.525226],[-54.62956,-20.525217],[-54.629551,-20.525217],[-54.629551,-20.525207],[-54.629541,-20.525207],[-54.629541,-20.525198],[-54.629532,-20.525198],[-54.629532,-20.525189],[-54.629522,-20.525189],[-54.629522,-20.52518],[-54.629513,-20.52518],[-54.629513,-20.525162],[-54.629504,-20.525162],[-54.629504,-20.525153],[-54.629494,-20.525153],[-54.629494,-20.525143],[-54.629485,-20.525143],[-54.629485,-20.525134],[-54.629475,-20.525134],[-54.629476,-20.525116],[-54.629466,-20.525116],[-54.629466,-20.525107],[-54.629456,-20.525107],[-54.629457,-20.525098],[-54.629447,-20.525098],[-54.629447,-20.525089],[-54.629438,-20.525089],[-54.629438,-20.52508],[-54.629428,-20.525079],[-54.629428,-20.525061],[-54.629419,-20.525061],[-54.629419,-20.525052],[-54.629409,-20.525052],[-54.62941,-20.525043],[-54.6294,-20.525043],[-54.6294,-20.525034],[-54.629391,-20.525034],[-54.629391,-20.525016],[-54.629381,-20.525016],[-54.629381,-20.525006],[-54.629372,-20.525006],[-54.629372,-20.524997],[-54.629362,-20.524997],[-54.629362,-20.524988],[-54.629353,-20.524988],[-54.629353,-20.524979],[-54.629343,-20.524979],[-54.629344,-20.524961],[-54.629334,-20.524961],[-54.629334,-20.524952],[-54.629325,-20.524952],[-54.629325,-20.524933],[-54.629315,-20.524933],[-54.629316,-20.524924],[-54.629306,-20.524924],[-54.629306,-20.524906],[-54.629297,-20.524906],[-54.629297,-20.524888],[-54.629287,-20.524888],[-54.629287,-20.524879],[-54.629278,-20.524879],[-54.629278,-20.524861],[-54.629269,-20.52486],[-54.629269,-20.524842],[-54.629259,-20.524842],[-54.629259,-20.524833],[-54.62925,-20.524833],[-54.62925,-20.524815],[-54.629241,-20.524815],[-54.629241,-20.524797],[-54.629231,-20.524797],[-54.629231,-20.524788],[-54.629222,-20.524788],[-54.629222,-20.52477],[-54.629212,-20.524769],[-54.629213,-20.52476],[-54.629203,-20.52476],[-54.629203,-20.524742],[-54.629194,-20.524742],[-54.629194,-20.524724],[-54.629184,-20.524724],[-54.629185,-20.524715],[-54.629175,-20.524715],[-54.629175,-20.524697],[-54.629166,-20.524697],[-54.629166,-20.524678],[-54.629156,-20.524678],[-54.629156,-20.524669],[-54.629147,-20.524669],[-54.629147,-20.524651],[-54.629138,-20.524651],[-54.629138,-20.524633],[-54.629128,-20.524633],[-54.629128,-20.524624],[-54.629119,-20.524624],[-54.629119,-20.524606],[-54.62911,-20.524605],[-54.62911,-20.524596],[-54.6291,-20.524596],[-54.6291,-20.524578],[-54.629091,-20.524578],[-54.629091,-20.52456],[-54.629081,-20.52456],[-54.629082,-20.524551],[-54.629072,-20.524551],[-54.629072,-20.524533],[-54.629063,-20.524533],[-54.629063,-20.524515],[-54.629053,-20.524514],[-54.629054,-20.524505],[-54.629044,-20.524505],[-54.629044,-20.524487],[-54.629035,-20.524487],[-54.629035,-20.524469],[-54.629025,-20.524469],[-54.629026,-20.52446],[-54.629016,-20.52446],[-54.629016,-20.524442],[-54.629007,-20.524441],[-54.629007,-20.524432],[-54.628997,-20.524432],[-54.628997,-20.524414],[-54.628988,-20.524414],[-54.628988,-20.524396],[-54.628979,-20.524396],[-54.628979,-20.524378],[-54.628969,-20.524378],[-54.628969,-20.524369],[-54.62896,-20.524369],[-54.62896,-20.524351],[-54.628951,-20.52435],[-54.628951,-20.524332],[-54.628941,-20.524332],[-54.628941,-20.524314],[-54.628932,-20.524314],[-54.628932,-20.524296],[-54.628923,-20.524296],[-54.628923,-20.524287],[-54.628913,-20.524287],[-54.628913,-20.524269],[-54.628904,-20.524269],[-54.628904,-20.524259],[-54.628894,-20.524259],[-54.628895,-20.524241],[-54.628885,-20.524241],[-54.628885,-20.524232],[-54.628876,-20.524232],[-54.628876,-20.524214],[-54.628866,-20.524214],[-54.628867,-20.524196],[-54.628857,-20.524196],[-54.628857,-20.524178],[-54.628848,-20.524177],[-54.628848,-20.524159],[-54.628838,-20.524159],[-54.628839,-20.52415],[-54.628829,-20.52415],[-54.628829,-20.524132],[-54.62882,-20.524132],[-54.62882,-20.524123],[-54.62881,-20.524123],[-54.628811,-20.524105],[-54.628801,-20.524105],[-54.628801,-20.524096],[-54.628791,-20.524095],[-54.628792,-20.524077],[-54.628782,-20.524077],[-54.628782,-20.524059],[-54.628773,-20.524059],[-54.628773,-20.524041],[-54.628764,-20.524041],[-54.628764,-20.524023],[-54.628754,-20.524023],[-54.628754,-20.524014],[-54.628745,-20.524013],[-54.628745,-20.523995],[-54.628736,-20.523995],[-54.628736,-20.523986],[-54.628726,-20.523986],[-54.628726,-20.523968],[-54.628717,-20.523968],[-54.628717,-20.523959],[-54.628707,-20.523959],[-54.628708,-20.523941],[-54.628698,-20.523941],[-54.628698,-20.523923],[-54.62867,-20.523922],[-54.62867,-20.523913],[-54.62866,-20.523913],[-54.62866,-20.523904],[-54.628631,-20.523904],[-54.628632,-20.523895],[-54.628612,-20.523894],[-54.628613,-20.523885],[-54.628593,-20.523885],[-54.628594,-20.523876],[-54.628574,-20.523876],[-54.628575,-20.523867],[-54.628555,-20.523866],[-54.628556,-20.523857],[-54.628536,-20.523857],[-54.628536,-20.523848],[-54.628517,-20.523848],[-54.628517,-20.523839],[-54.628508,-20.523839],[-54.628508,-20.52383],[-54.628498,-20.52383],[-54.628499,-20.523811],[-54.628489,-20.523811],[-54.628489,-20.523793],[-54.62848,-20.523793],[-54.62848,-20.523775],[-54.628471,-20.523775],[-54.628471,-20.523748],[-54.628461,-20.523748],[-54.628462,-20.52373],[-54.628452,-20.52373],[-54.628452,-20.523702],[-54.628443,-20.523702],[-54.628443,-20.523684],[-54.628434,-20.523684],[-54.628434,-20.523666],[-54.628424,-20.523666],[-54.628425,-20.523639],[-54.628415,-20.523639],[-54.628415,-20.523621],[-54.628406,-20.523621],[-54.628406,-20.523593],[-54.628397,-20.523593],[-54.628397,-20.523575],[-54.628387,-20.523575],[-54.628388,-20.523557],[-54.628378,-20.523557],[-54.628378,-20.52353],[-54.628369,-20.52353],[-54.628369,-20.523512],[-54.62836,-20.523512],[-54.62836,-20.523493],[-54.62835,-20.523493],[-54.628351,-20.523475],[-54.628341,-20.523475],[-54.628341,-20.523466],[-54.628331,-20.523466],[-54.628332,-20.523457],[-54.628312,-20.523457],[-54.628313,-20.523448],[-54.628293,-20.523447],[-54.628294,-20.523438],[-54.628274,-20.523438],[-54.628275,-20.523429],[-54.628255,-20.523429],[-54.628256,-20.52342],[-54.628236,-20.52342],[-54.628236,-20.523411],[-54.628227,-20.52341],[-54.628227,-20.523401],[-54.628208,-20.523401],[-54.628208,-20.523392],[-54.628189,-20.523392],[-54.628189,-20.523383],[-54.62817,-20.523383],[-54.62817,-20.523374],[-54.628151,-20.523373],[-54.628151,-20.523364],[-54.628132,-20.523364],[-54.628132,-20.523355],[-54.628122,-20.523355],[-54.628122,-20.523346],[-54.628103,-20.523346],[-54.628103,-20.523336],[-54.628084,-20.523336],[-54.628084,-20.523327],[-54.628065,-20.523327],[-54.628065,-20.523318],[-54.628046,-20.523318],[-54.628046,-20.523309],[-54.628037,-20.523308],[-54.628037,-20.523299],[-54.628018,-20.523299],[-54.628018,-20.52329],[-54.627999,-20.52329],[-54.627999,-20.523281],[-54.62798,-20.523281],[-54.62798,-20.523272],[-54.627961,-20.523271],[-54.627961,-20.523262],[-54.627942,-20.523262],[-54.627942,-20.523253],[-54.627932,-20.523253],[-54.627932,-20.523244],[-54.627913,-20.523244],[-54.627913,-20.523235],[-54.627894,-20.523234],[-54.627894,-20.523225],[-54.627875,-20.523225],[-54.627875,-20.523216],[-54.627856,-20.523216],[-54.627856,-20.523207],[-54.627837,-20.523206],[-54.627837,-20.523197],[-54.627828,-20.523197],[-54.627828,-20.523188],[-54.627809,-20.523188],[-54.627809,-20.523179],[-54.62779,-20.523179],[-54.62779,-20.52317],[-54.627771,-20.523169],[-54.627771,-20.52316],[-54.627751,-20.52316],[-54.627752,-20.523151],[-54.627742,-20.523151],[-54.627742,-20.523142],[-54.627733,-20.523142],[-54.627733,-20.523133],[-54.627723,-20.523133],[-54.627723,-20.523124],[-54.627714,-20.523123],[-54.627714,-20.523114],[-54.627704,-20.523114],[-54.627704,-20.523105],[-54.627695,-20.523105],[-54.627695,-20.523096],[-54.627685,-20.523096],[-54.627686,-20.523087],[-54.627676,-20.523087],[-54.627676,-20.523078],[-54.627666,-20.523078],[-54.627667,-20.523069],[-54.627657,-20.523068],[-54.627657,-20.523059],[-54.627648,-20.523059],[-54.627648,-20.52305],[-54.627638,-20.52305],[-54.627638,-20.523041],[-54.627629,-20.523041],[-54.627629,-20.523032],[-54.627619,-20.523032],[-54.627619,-20.523023],[-54.62761,-20.523023],[-54.62761,-20.523014],[-54.6276,-20.523014],[-54.627601,-20.523005],[-54.627591,-20.523004],[-54.627591,-20.522995],[-54.627581,-20.522995],[-54.627582,-20.522986],[-54.627572,-20.522986],[-54.627572,-20.522977],[-54.627563,-20.522977],[-54.627563,-20.522968],[-54.627553,-20.522968],[-54.627553,-20.522959],[-54.627544,-20.522959],[-54.627544,-20.52295],[-54.627534,-20.522949],[-54.627534,-20.52294],[-54.627525,-20.52294],[-54.627525,-20.522931],[-54.627515,-20.522931],[-54.627516,-20.522922],[-54.627506,-20.522922],[-54.627506,-20.522913],[-54.627496,-20.522913],[-54.627497,-20.522904],[-54.627487,-20.522904],[-54.627487,-20.522895],[-54.627478,-20.522894],[-54.627478,-20.522885],[-54.627468,-20.522885],[-54.627468,-20.522876],[-54.627459,-20.522876],[-54.627459,-20.522867],[-54.627449,-20.522867],[-54.627449,-20.522858],[-54.62744,-20.522858],[-54.62744,-20.522849],[-54.62743,-20.522849],[-54.627431,-20.52284],[-54.627421,-20.52284],[-54.627421,-20.52283],[-54.627411,-20.52283],[-54.627412,-20.522821],[-54.627402,-20.522821],[-54.627402,-20.522812],[-54.627393,-20.522812],[-54.627393,-20.522803],[-54.627383,-20.522803],[-54.627383,-20.522794],[-54.627374,-20.522794],[-54.627374,-20.522785],[-54.627364,-20.522785],[-54.627364,-20.522776],[-54.627355,-20.522775],[-54.627355,-20.522766],[-54.627345,-20.522766],[-54.627346,-20.522757],[-54.627336,-20.522757],[-54.627336,-20.522748],[-54.627326,-20.522748],[-54.627327,-20.522739],[-54.627317,-20.522739],[-54.627317,-20.52273],[-54.627308,-20.52273],[-54.627308,-20.522721],[-54.627298,-20.52272],[-54.627298,-20.522711],[-54.627289,-20.522711],[-54.627289,-20.522702],[-54.627279,-20.522702],[-54.627279,-20.522693],[-54.62727,-20.522693],[-54.62727,-20.522684],[-54.62726,-20.522684],[-54.627261,-20.522675],[-54.627251,-20.522675],[-54.627251,-20.522666],[-54.627241,-20.522665],[-54.627242,-20.522656],[-54.627232,-20.522656],[-54.627232,-20.522647],[-54.627223,-20.522647],[-54.627223,-20.522638],[-54.627213,-20.522638],[-54.627213,-20.522629],[-54.627204,-20.522629],[-54.627204,-20.52262],[-54.627194,-20.52262],[-54.627194,-20.522611],[-54.627185,-20.522611],[-54.627185,-20.522601],[-54.627175,-20.522601],[-54.627176,-20.522592],[-54.627166,-20.522592],[-54.627166,-20.522583],[-54.627156,-20.522583],[-54.627157,-20.522574],[-54.627147,-20.522574],[-54.627147,-20.522565],[-54.627138,-20.522565],[-54.627138,-20.522556],[-54.627128,-20.522556],[-54.627128,-20.522547],[-54.627119,-20.522546],[-54.627119,-20.522537],[-54.627109,-20.522537],[-54.627109,-20.522528],[-54.6271,-20.522528],[-54.627104,-20.522284],[-54.627094,-20.522284],[-54.627094,-20.522266],[-54.627085,-20.522266],[-54.627085,-20.522257],[-54.627075,-20.522257],[-54.627075,-20.522248],[-54.627066,-20.522248],[-54.627066,-20.522239],[-54.627056,-20.522239],[-54.627057,-20.522229],[-54.627047,-20.522229],[-54.627047,-20.52222],[-54.627037,-20.52222],[-54.627038,-20.522211],[-54.627028,-20.522211],[-54.627028,-20.522202],[-54.627019,-20.522202],[-54.627019,-20.522193],[-54.627009,-20.522193],[-54.627009,-20.522184],[-54.627,-20.522184],[-54.627,-20.522175],[-54.62699,-20.522174],[-54.62699,-20.522165],[-54.626981,-20.522165],[-54.626981,-20.522156],[-54.626971,-20.522156],[-54.626972,-20.522147],[-54.626962,-20.522147],[-54.626962,-20.522138],[-54.626943,-20.522138],[-54.626943,-20.522129],[-54.626933,-20.522128],[-54.626934,-20.522119],[-54.626924,-20.522119],[-54.626924,-20.52211],[-54.626915,-20.52211],[-54.626915,-20.522101],[-54.626905,-20.522101],[-54.626905,-20.522092],[-54.626896,-20.522092],[-54.626896,-20.522083],[-54.626886,-20.522083],[-54.626886,-20.522074],[-54.626877,-20.522074],[-54.626877,-20.522064],[-54.626867,-20.522064],[-54.626867,-20.522055],[-54.626858,-20.522055],[-54.626858,-20.522046],[-54.626848,-20.522046],[-54.626849,-20.522037],[-54.626839,-20.522037],[-54.626839,-20.522028],[-54.62683,-20.522028],[-54.62683,-20.521992],[-54.626831,-20.521946],[-54.626821,-20.521946],[-54.626822,-20.521874],[-54.626813,-20.521874],[-54.626813,-20.521865],[-54.626803,-20.521865],[-54.626803,-20.521856],[-54.626784,-20.521856],[-54.626784,-20.521846],[-54.626765,-20.521846],[-54.626765,-20.521837],[-54.626756,-20.521837],[-54.626756,-20.521828],[-54.626737,-20.521828],[-54.626737,-20.521819],[-54.626718,-20.521818],[-54.626718,-20.521809],[-54.626708,-20.521809],[-54.626708,-20.5218],[-54.626689,-20.5218],[-54.626689,-20.521791],[-54.62667,-20.521791],[-54.62667,-20.521782],[-54.626661,-20.521782],[-54.626661,-20.521773],[-54.626642,-20.521772],[-54.626642,-20.521763],[-54.626623,-20.521763],[-54.626623,-20.521754],[-54.626613,-20.521754],[-54.626613,-20.521745],[-54.626594,-20.521745],[-54.626594,-20.521736],[-54.626575,-20.521735],[-54.626575,-20.521726],[-54.626566,-20.521726],[-54.626566,-20.521717],[-54.626547,-20.521717],[-54.626547,-20.521708],[-54.626528,-20.521708],[-54.626528,-20.521698],[-54.626518,-20.521698],[-54.626518,-20.521689],[-54.626499,-20.521689],[-54.626499,-20.52168],[-54.62648,-20.52168],[-54.62648,-20.521671],[-54.626471,-20.521671],[-54.626471,-20.521662],[-54.626452,-20.521661],[-54.626452,-20.521652],[-54.626433,-20.521652],[-54.626433,-20.521643],[-54.626423,-20.521643],[-54.626423,-20.521634],[-54.626404,-20.521634],[-54.626404,-20.521625],[-54.626385,-20.521624],[-54.626385,-20.521615],[-54.626376,-20.521615],[-54.626376,-20.521606],[-54.626357,-20.521606],[-54.626357,-20.521597],[-54.626338,-20.521597],[-54.626338,-20.521588],[-54.626328,-20.521587],[-54.626328,-20.521578],[-54.626309,-20.521578],[-54.626309,-20.521569],[-54.62629,-20.521569],[-54.62629,-20.52156],[-54.626281,-20.52156],[-54.626281,-20.521551],[-54.626262,-20.52155],[-54.626262,-20.521541],[-54.626252,-20.521541],[-54.626252,-20.521532],[-54.626233,-20.521532],[-54.626233,-20.521523],[-54.626224,-20.521523],[-54.626224,-20.521514],[-54.626214,-20.521514],[-54.626215,-20.521505],[-54.626195,-20.521504],[-54.626196,-20.521495],[-54.626186,-20.521495],[-54.626186,-20.521486],[-54.626177,-20.521486],[-54.626177,-20.521477],[-54.626167,-20.521477],[-54.626167,-20.521468],[-54.626148,-20.521468],[-54.626148,-20.521459],[-54.626139,-20.521458],[-54.626139,-20.521449],[-54.626129,-20.521449],[-54.626129,-20.52144],[-54.62611,-20.52144],[-54.62611,-20.521431],[-54.626101,-20.521431],[-54.626101,-20.521422],[-54.626091,-20.521422],[-54.626091,-20.521413],[-54.626072,-20.521412],[-54.626072,-20.521403],[-54.626063,-20.521403],[-54.626063,-20.521394],[-54.626053,-20.521394],[-54.626053,-20.521385],[-54.626034,-20.521385],[-54.626034,-20.521376],[-54.626025,-20.521376],[-54.626025,-20.521367],[-54.626015,-20.521366],[-54.626016,-20.521357],[-54.626006,-20.521357],[-54.626006,-20.521348],[-54.625987,-20.521348],[-54.625987,-20.521339],[-54.625977,-20.521339],[-54.625978,-20.52133],[-54.625968,-20.52133],[-54.625968,-20.521321],[-54.625949,-20.52132],[-54.625949,-20.521311],[-54.62594,-20.521311],[-54.62594,-20.521302],[-54.62593,-20.521302],[-54.62593,-20.521293],[-54.625911,-20.521293],[-54.625911,-20.521284],[-54.625902,-20.521284],[-54.625902,-20.521275],[-54.625892,-20.521274],[-54.625892,-20.521265],[-54.625873,-20.521265],[-54.625873,-20.521256],[-54.625864,-20.521256],[-54.625864,-20.521247],[-54.625854,-20.521247],[-54.625854,-20.521238],[-54.625835,-20.521237],[-54.625835,-20.521228],[-54.625826,-20.521228],[-54.625826,-20.521219],[-54.625816,-20.521219],[-54.625817,-20.52121],[-54.625807,-20.52121],[-54.625807,-20.521201],[-54.625797,-20.521201],[-54.625798,-20.521192],[-54.625788,-20.521192],[-54.625788,-20.521183],[-54.625779,-20.521183],[-54.625779,-20.521174],[-54.625769,-20.521173],[-54.625769,-20.521164],[-54.62576,-20.521164],[-54.62576,-20.521155],[-54.62575,-20.521155],[-54.62575,-20.521146],[-54.625722,-20.521146],[-54.625722,-20.521137],[-54.625664,-20.521136],[-54.625664,-20.521127],[-54.625607,-20.521126],[-54.625607,-20.521117],[-54.625569,-20.521116],[-54.625569,-20.521107],[-54.625511,-20.521107],[-54.625512,-20.521098],[-54.625464,-20.521097],[-54.625464,-20.521088],[-54.625406,-20.521087],[-54.625406,-20.521078],[-54.625368,-20.521078],[-54.625368,-20.521069],[-54.625311,-20.521068],[-54.625311,-20.521059],[-54.625253,-20.521058],[-54.625253,-20.521049],[-54.625215,-20.521048],[-54.625215,-20.521039],[-54.625206,-20.521039],[-54.625206,-20.52103],[-54.625196,-20.52103],[-54.625196,-20.521021],[-54.624976,-20.521018],[-54.624976,-20.521027],[-54.624966,-20.521027],[-54.624966,-20.521036],[-54.624957,-20.521036],[-54.624956,-20.521045],[-54.624947,-20.521045],[-54.624947,-20.521054],[-54.624927,-20.521053],[-54.624927,-20.521063],[-54.624918,-20.521062],[-54.624918,-20.521071],[-54.624908,-20.521071],[-54.624908,-20.52108],[-54.624898,-20.52108],[-54.624898,-20.521089],[-54.624889,-20.521089],[-54.624888,-20.521098],[-54.624879,-20.521098],[-54.624879,-20.521107],[-54.62486,-20.521107],[-54.624859,-20.521116],[-54.62485,-20.521116],[-54.62485,-20.521125],[-54.62484,-20.521125],[-54.62484,-20.521134],[-54.62483,-20.521133],[-54.62483,-20.521142],[-54.624821,-20.521142],[-54.624821,-20.521151],[-54.624811,-20.521151],[-54.624811,-20.52116],[-54.624801,-20.52116],[-54.624801,-20.521169],[-54.624782,-20.521169],[-54.624782,-20.521178],[-54.624772,-20.521178],[-54.624772,-20.521187],[-54.624762,-20.521187],[-54.624762,-20.521196],[-54.624734,-20.521195],[-54.624733,-20.521204],[-54.624714,-20.521204],[-54.624714,-20.521213],[-54.624705,-20.521213],[-54.624704,-20.521222],[-54.624407,-20.521218],[-54.624407,-20.521209],[-54.624379,-20.521209],[-54.624379,-20.521199],[-54.624341,-20.521199],[-54.62434,-20.521208],[-54.624312,-20.521208],[-54.624312,-20.521217],[-54.624292,-20.521216],[-54.624292,-20.521225],[-54.624273,-20.521225],[-54.624273,-20.521234],[-54.624254,-20.521234],[-54.624254,-20.521243],[-54.624225,-20.521243],[-54.624225,-20.521252],[-54.624206,-20.521251],[-54.624205,-20.52126],[-54.624186,-20.52126],[-54.624186,-20.521269],[-54.624157,-20.521269],[-54.624157,-20.521278],[-54.624138,-20.521277],[-54.624138,-20.521286],[-54.624119,-20.521286],[-54.624119,-20.521295],[-54.624099,-20.521295],[-54.624099,-20.521304],[-54.624071,-20.521304],[-54.62407,-20.521313],[-54.624051,-20.521312],[-54.624051,-20.521321],[-54.624032,-20.521321],[-54.624032,-20.52133],[-54.624003,-20.52133],[-54.624003,-20.521339],[-54.623984,-20.521339],[-54.623984,-20.521348],[-54.623964,-20.521347],[-54.623964,-20.521356],[-54.623945,-20.521356],[-54.623945,-20.521365],[-54.623916,-20.521365],[-54.623916,-20.521374],[-54.623897,-20.521373],[-54.623897,-20.521383],[-54.623887,-20.521382],[-54.623887,-20.521373],[-54.623849,-20.521373],[-54.623849,-20.521364],[-54.623811,-20.521363],[-54.623811,-20.521354],[-54.623773,-20.521354],[-54.623773,-20.521345],[-54.623734,-20.521344],[-54.623735,-20.521335],[-54.623696,-20.521335],[-54.623696,-20.521326],[-54.623648,-20.521325],[-54.623649,-20.521316],[-54.62362,-20.521316],[-54.62362,-20.521306],[-54.623572,-20.521306],[-54.623572,-20.521297],[-54.623534,-20.521296],[-54.623534,-20.521287],[-54.623496,-20.521287],[-54.623496,-20.521278],[-54.623477,-20.521277],[-54.623476,-20.521286],[-54.623275,-20.521284],[-54.623275,-20.521293],[-54.623266,-20.521293],[-54.623265,-20.521302],[-54.623256,-20.521301],[-54.623256,-20.521311],[-54.623246,-20.52131],[-54.623246,-20.521319],[-54.623236,-20.521319],[-54.623236,-20.521328],[-54.623227,-20.521328],[-54.623226,-20.521337],[-54.623217,-20.521337],[-54.623217,-20.521346],[-54.623207,-20.521346],[-54.623207,-20.521355],[-54.623197,-20.521355],[-54.623197,-20.521364],[-54.623188,-20.521364],[-54.623188,-20.521373],[-54.623178,-20.521373],[-54.623178,-20.521382],[-54.623168,-20.521382],[-54.623168,-20.521391],[-54.623159,-20.52139],[-54.623158,-20.521399],[-54.623149,-20.521399],[-54.623149,-20.521408],[-54.623139,-20.521408],[-54.623139,-20.521417],[-54.623129,-20.521417],[-54.623129,-20.521426],[-54.62312,-20.521426],[-54.62312,-20.521435],[-54.62311,-20.521435],[-54.62311,-20.521444],[-54.6231,-20.521444],[-54.6231,-20.521453],[-54.623091,-20.521453],[-54.62309,-20.521462],[-54.623081,-20.521462],[-54.623081,-20.521471],[-54.623061,-20.52147],[-54.623062,-20.521461],[-54.623042,-20.521461],[-54.623043,-20.521452],[-54.623033,-20.521452],[-54.623033,-20.521443],[-54.623014,-20.521443],[-54.623014,-20.521434],[-54.623005,-20.521434],[-54.623005,-20.521424],[-54.622986,-20.521424],[-54.622986,-20.521415],[-54.622976,-20.521415],[-54.622976,-20.521406],[-54.622967,-20.521406],[-54.622967,-20.521397],[-54.622948,-20.521397],[-54.622948,-20.521388],[-54.622938,-20.521387],[-54.622938,-20.521378],[-54.622919,-20.521378],[-54.622919,-20.521369],[-54.62291,-20.521369],[-54.62291,-20.52136],[-54.622891,-20.52136],[-54.622891,-20.521351],[-54.622881,-20.521351],[-54.622881,-20.521342],[-54.622872,-20.521341],[-54.622872,-20.521332],[-54.622853,-20.521332],[-54.622853,-20.521323],[-54.622843,-20.521323],[-54.622843,-20.521314],[-54.622824,-20.521314],[-54.622824,-20.521305],[-54.622815,-20.521304],[-54.622815,-20.521295],[-54.622796,-20.521295],[-54.622796,-20.521286],[-54.622786,-20.521286],[-54.622786,-20.521277],[-54.622767,-20.521277],[-54.622767,-20.521268],[-54.622758,-20.521268],[-54.622758,-20.521259],[-54.622748,-20.521258],[-54.622749,-20.521249],[-54.622739,-20.521249],[-54.622739,-20.52124],[-54.62273,-20.52124],[-54.62273,-20.521231],[-54.62272,-20.521231],[-54.62272,-20.521222],[-54.622711,-20.521222],[-54.622711,-20.521213],[-54.622701,-20.521213],[-54.622701,-20.521204],[-54.622692,-20.521203],[-54.622692,-20.521194],[-54.622682,-20.521194],[-54.622682,-20.521185],[-54.622673,-20.521185],[-54.622673,-20.521176],[-54.622663,-20.521176],[-54.622664,-20.521167],[-54.622654,-20.521167],[-54.622654,-20.521158],[-54.622645,-20.521158],[-54.622645,-20.521149],[-54.622635,-20.521148],[-54.622635,-20.521139],[-54.622626,-20.521139],[-54.622626,-20.52113],[-54.622616,-20.52113],[-54.622616,-20.521121],[-54.622607,-20.521121],[-54.622607,-20.521112],[-54.622597,-20.521112],[-54.622597,-20.521103],[-54.622588,-20.521103],[-54.622588,-20.521094],[-54.622578,-20.521094],[-54.622579,-20.521085],[-54.622569,-20.521084],[-54.622569,-20.521075],[-54.62256,-20.521075],[-54.62256,-20.521066],[-54.62255,-20.521066],[-54.62255,-20.521057],[-54.622541,-20.521057],[-54.622541,-20.521048],[-54.622531,-20.521048],[-54.622531,-20.521039],[-54.622522,-20.521039],[-54.622522,-20.52103],[-54.622512,-20.521029],[-54.622512,-20.52102],[-54.622503,-20.52102],[-54.622503,-20.521011],[-54.622493,-20.521011],[-54.622494,-20.521002],[-54.622484,-20.521002],[-54.622484,-20.520993],[-54.622475,-20.520993],[-54.622475,-20.520984],[-54.622465,-20.520984],[-54.622465,-20.520975],[-54.622456,-20.520974],[-54.622456,-20.520965],[-54.622446,-20.520965],[-54.622446,-20.520956],[-54.622437,-20.520956],[-54.622437,-20.520947],[-54.622408,-20.520947],[-54.622408,-20.520938],[-54.622399,-20.520938],[-54.622399,-20.520929],[-54.622389,-20.520928],[-54.622389,-20.520919],[-54.62238,-20.520919],[-54.62238,-20.52091],[-54.62237,-20.52091],[-54.622371,-20.520901],[-54.622361,-20.520901],[-54.622361,-20.520892],[-54.622352,-20.520892],[-54.622352,-20.520883],[-54.622342,-20.520883],[-54.622342,-20.520874],[-54.622333,-20.520873],[-54.622333,-20.520864],[-54.622323,-20.520864],[-54.622323,-20.520855],[-54.622314,-20.520855],[-54.622314,-20.520846],[-54.622304,-20.520846],[-54.622304,-20.520837],[-54.622295,-20.520837],[-54.622295,-20.520828],[-54.622285,-20.520828],[-54.622286,-20.520819],[-54.622276,-20.520818],[-54.622276,-20.520809],[-54.622267,-20.520809],[-54.622267,-20.5208],[-54.622257,-20.5208],[-54.622257,-20.520791],[-54.622248,-20.520791],[-54.622248,-20.520782],[-54.622238,-20.520782],[-54.622238,-20.520773],[-54.622229,-20.520773],[-54.622229,-20.520764],[-54.622219,-20.520764],[-54.622219,-20.520754],[-54.62221,-20.520754],[-54.62221,-20.520745],[-54.6222,-20.520745],[-54.622201,-20.520736],[-54.622191,-20.520736],[-54.622191,-20.520727],[-54.622182,-20.520727],[-54.622182,-20.520718],[-54.622172,-20.520718],[-54.622172,-20.520709],[-54.622163,-20.520709],[-54.622163,-20.5207],[-54.622153,-20.520699],[-54.622153,-20.52069],[-54.622144,-20.52069],[-54.622144,-20.520681],[-54.622134,-20.520681],[-54.622134,-20.520672],[-54.622125,-20.520672],[-54.622125,-20.520663],[-54.622115,-20.520663],[-54.622116,-20.520654],[-54.622106,-20.520654],[-54.622106,-20.520645],[-54.622097,-20.520644],[-54.622097,-20.520635],[-54.622087,-20.520635],[-54.622087,-20.520626],[-54.622078,-20.520626],[-54.622078,-20.520617],[-54.622068,-20.520617],[-54.622068,-20.520608],[-54.622059,-20.520608],[-54.622059,-20.520599],[-54.622049,-20.520599],[-54.622049,-20.52059],[-54.62204,-20.520589],[-54.62204,-20.52058],[-54.62203,-20.52058],[-54.622031,-20.520571],[-54.622021,-20.520571],[-54.622021,-20.520562],[-54.622012,-20.520562],[-54.622012,-20.520553],[-54.622002,-20.520553],[-54.622002,-20.520544],[-54.621993,-20.520544],[-54.621993,-20.520535],[-54.621983,-20.520535],[-54.621983,-20.520526],[-54.621974,-20.520525],[-54.621974,-20.520516],[-54.621964,-20.520516],[-54.621964,-20.520507],[-54.621955,-20.520507],[-54.621955,-20.520498],[-54.621945,-20.520498],[-54.621946,-20.520489],[-54.621936,-20.520489],[-54.621936,-20.52048],[-54.621927,-20.52048],[-54.621927,-20.520471],[-54.621917,-20.52047],[-54.621917,-20.520461],[-54.621908,-20.520461],[-54.621908,-20.520452],[-54.621898,-20.520452],[-54.621898,-20.520443],[-54.621889,-20.520443],[-54.621889,-20.520434],[-54.621879,-20.520434],[-54.621879,-20.520425],[-54.62187,-20.520425],[-54.62187,-20.520416],[-54.621851,-20.520415],[-54.621851,-20.520406],[-54.621841,-20.520406],[-54.621842,-20.520397],[-54.621822,-20.520397],[-54.621823,-20.520388],[-54.621803,-20.520388],[-54.621803,-20.520379],[-54.621784,-20.520378],[-54.621784,-20.520369],[-54.621756,-20.520369],[-54.621756,-20.52036],[-54.621737,-20.52036],[-54.621737,-20.520351],[-54.621718,-20.52035],[-54.621718,-20.520341],[-54.621699,-20.520341],[-54.621699,-20.520332],[-54.62168,-20.520332],[-54.62168,-20.520323],[-54.621661,-20.520322],[-54.621661,-20.520313],[-54.621642,-20.520313],[-54.621642,-20.520304],[-54.621623,-20.520304],[-54.621623,-20.520295],[-54.621603,-20.520295],[-54.621604,-20.520286],[-54.621584,-20.520285],[-54.621585,-20.520276],[-54.621565,-20.520276],[-54.621566,-20.520267],[-54.621546,-20.520267],[-54.621547,-20.520258],[-54.621527,-20.520257],[-54.621528,-20.520248],[-54.621508,-20.520248],[-54.621508,-20.520239],[-54.62147,-20.520239],[-54.62147,-20.52023],[-54.621384,-20.520228],[-54.621384,-20.520219],[-54.621355,-20.520219],[-54.621356,-20.52021],[-54.621346,-20.52021],[-54.621346,-20.520201],[-54.621337,-20.520201],[-54.621337,-20.520192],[-54.621327,-20.520191],[-54.621327,-20.520182],[-54.621318,-20.520182],[-54.621318,-20.520173],[-54.621117,-20.52017],[-54.621117,-20.520161],[-54.621107,-20.520161],[-54.621107,-20.520152],[-54.621098,-20.520152],[-54.621098,-20.520143],[-54.621088,-20.520143],[-54.621088,-20.520134],[-54.621079,-20.520134],[-54.621079,-20.520125],[-54.621069,-20.520125],[-54.621069,-20.520116],[-54.62106,-20.520116],[-54.62106,-20.520106],[-54.62105,-20.520106],[-54.621051,-20.520097],[-54.621041,-20.520097],[-54.621041,-20.520088],[-54.621032,-20.520088],[-54.621032,-20.520079],[-54.621022,-20.520079],[-54.621022,-20.52007],[-54.621013,-20.52007],[-54.621013,-20.520061],[-54.621003,-20.520061],[-54.621003,-20.520052],[-54.620994,-20.520051],[-54.620994,-20.520042],[-54.620984,-20.520042],[-54.620984,-20.520033],[-54.620975,-20.520033],[-54.620975,-20.520024],[-54.620965,-20.520024],[-54.620966,-20.520015],[-54.620956,-20.520015],[-54.620956,-20.520006],[-54.620947,-20.520006],[-54.620947,-20.519997],[-54.620937,-20.519996],[-54.620937,-20.519987],[-54.620928,-20.519987],[-54.620928,-20.519978],[-54.620918,-20.519978],[-54.620918,-20.519969],[-54.620909,-20.519969],[-54.620909,-20.51996],[-54.620899,-20.51996],[-54.620899,-20.519951],[-54.62089,-20.519951],[-54.62089,-20.519942],[-54.62088,-20.519941],[-54.620881,-20.519932],[-54.620871,-20.519932],[-54.620871,-20.519923],[-54.620862,-20.519923],[-54.620862,-20.519914],[-54.620843,-20.519914],[-54.620843,-20.519905],[-54.620814,-20.519904],[-54.620815,-20.51985],[-54.620805,-20.51985],[-54.620805,-20.519841],[-54.620796,-20.519841],[-54.620796,-20.519832],[-54.620786,-20.519832],[-54.620786,-20.519823],[-54.620777,-20.519823],[-54.620777,-20.519814],[-54.620767,-20.519813],[-54.620768,-20.519804],[-54.620758,-20.519804],[-54.620758,-20.519795],[-54.620749,-20.519795],[-54.620749,-20.519786],[-54.620739,-20.519786],[-54.620739,-20.519777],[-54.62073,-20.519777],[-54.62073,-20.519768],[-54.62072,-20.519768],[-54.62072,-20.519759],[-54.620711,-20.519759],[-54.620711,-20.51975],[-54.620701,-20.519749],[-54.620701,-20.51974],[-54.620692,-20.51974],[-54.620692,-20.519731],[-54.620682,-20.519731],[-54.620683,-20.519722],[-54.620673,-20.519722],[-54.620673,-20.519713],[-54.620664,-20.519713],[-54.620664,-20.519704],[-54.620654,-20.519704],[-54.620654,-20.519695],[-54.620645,-20.519694],[-54.620645,-20.519685],[-54.620635,-20.519685],[-54.620635,-20.519676],[-54.620626,-20.519676],[-54.620626,-20.519667],[-54.620616,-20.519667],[-54.620616,-20.519658],[-54.620607,-20.519658],[-54.620607,-20.519649],[-54.620597,-20.519649],[-54.620598,-20.51964],[-54.620588,-20.519639],[-54.620588,-20.51963],[-54.620579,-20.51963],[-54.620579,-20.519621],[-54.620569,-20.519621],[-54.620569,-20.519612],[-54.62056,-20.519612],[-54.62056,-20.519603],[-54.62055,-20.519603],[-54.62055,-20.519594],[-54.620541,-20.519594],[-54.620541,-20.519585],[-54.620531,-20.519585],[-54.620531,-20.519575],[-54.620522,-20.519575],[-54.620522,-20.519566],[-54.620512,-20.519566],[-54.620513,-20.519557],[-54.620503,-20.519557],[-54.620503,-20.519548],[-54.620494,-20.519548],[-54.620494,-20.519539],[-54.620484,-20.519539],[-54.620484,-20.51953],[-54.620475,-20.51953],[-54.620475,-20.519521],[-54.620465,-20.51952],[-54.620465,-20.519511],[-54.620456,-20.519511],[-54.620456,-20.519502],[-54.620446,-20.519502],[-54.620446,-20.519493],[-54.620437,-20.519493],[-54.62044,-20.519294],[-54.62045,-20.519294],[-54.620451,-20.519222],[-54.620441,-20.519222],[-54.620441,-20.519213],[-54.620432,-20.519213],[-54.620432,-20.519204],[-54.620422,-20.519204],[-54.620422,-20.519195],[-54.620413,-20.519195],[-54.620413,-20.519186],[-54.620403,-20.519185],[-54.620403,-20.519176],[-54.620394,-20.519176],[-54.620397,-20.518942],[-54.620388,-20.518941],[-54.620388,-20.518932],[-54.620378,-20.518932],[-54.620379,-20.518923],[-54.620369,-20.518923],[-54.620369,-20.518914],[-54.62036,-20.518914],[-54.62036,-20.518905],[-54.62035,-20.518905],[-54.62035,-20.518896],[-54.620341,-20.518896],[-54.620341,-20.518887],[-54.620331,-20.518886],[-54.620331,-20.518877],[-54.620322,-20.518877],[-54.620322,-20.518868],[-54.620312,-20.518868],[-54.620312,-20.518859],[-54.620303,-20.518859],[-54.620303,-20.51885],[-54.620293,-20.51885],[-54.620294,-20.518841],[-54.620284,-20.518841],[-54.620284,-20.518832],[-54.620275,-20.518831],[-54.620275,-20.518822],[-54.620265,-20.518822],[-54.620265,-20.518813],[-54.620256,-20.518813],[-54.620256,-20.518804],[-54.620246,-20.518804],[-54.620246,-20.518795],[-54.620237,-20.518795],[-54.620237,-20.518786],[-54.620227,-20.518786],[-54.620227,-20.518777],[-54.620218,-20.518777],[-54.620218,-20.518767],[-54.620208,-20.518767],[-54.620209,-20.518758],[-54.620199,-20.518758],[-54.620199,-20.518749],[-54.62019,-20.518749],[-54.62019,-20.51874],[-54.62018,-20.51874],[-54.62018,-20.518731],[-54.620171,-20.518731],[-54.620171,-20.518722],[-54.620161,-20.518722],[-54.620161,-20.518713],[-54.620152,-20.518712],[-54.620152,-20.518703],[-54.620142,-20.518703],[-54.620143,-20.518694],[-54.620133,-20.518694],[-54.620133,-20.518685],[-54.620123,-20.518685],[-54.620124,-20.51864],[-54.620124,-20.518622],[-54.620134,-20.518622],[-54.620134,-20.518613],[-54.620144,-20.518613],[-54.620144,-20.518604],[-54.620153,-20.518604],[-54.620154,-20.518595],[-54.620163,-20.518595],[-54.620163,-20.518586],[-54.620173,-20.518586],[-54.620173,-20.518568],[-54.620183,-20.518568],[-54.620183,-20.518559],[-54.620193,-20.518559],[-54.620193,-20.51855],[-54.620202,-20.518551],[-54.620202,-20.518542],[-54.620212,-20.518542],[-54.620212,-20.518533],[-54.620222,-20.518533],[-54.620222,-20.518515],[-54.620232,-20.518515],[-54.620232,-20.518506],[-54.620241,-20.518506],[-54.620241,-20.518497],[-54.620251,-20.518497],[-54.620251,-20.518488],[-54.620261,-20.518488],[-54.620261,-20.51847],[-54.620271,-20.51847],[-54.620273,-20.518344],[-54.620282,-20.518344],[-54.620284,-20.518245],[-54.620293,-20.518245],[-54.620295,-20.518136],[-54.620285,-20.518136],[-54.620285,-20.518127],[-54.620276,-20.518127],[-54.620276,-20.518118],[-54.620266,-20.518118],[-54.620267,-20.5181],[-54.620257,-20.5181],[-54.620257,-20.518091],[-54.620248,-20.518091],[-54.620248,-20.518082],[-54.620238,-20.518081],[-54.620238,-20.518072],[-54.620229,-20.518072],[-54.620229,-20.518063],[-54.620219,-20.518063],[-54.620219,-20.518054],[-54.62021,-20.518054],[-54.62021,-20.518036],[-54.620201,-20.518036],[-54.620201,-20.518027],[-54.620191,-20.518027],[-54.620191,-20.518018],[-54.620182,-20.518017],[-54.620182,-20.518008],[-54.620172,-20.518008],[-54.620173,-20.51799],[-54.620163,-20.51799],[-54.620163,-20.517981],[-54.620154,-20.517981],[-54.620154,-20.517972],[-54.620144,-20.517972],[-54.620144,-20.517963],[-54.620135,-20.517963],[-54.620135,-20.517954],[-54.620125,-20.517953],[-54.620125,-20.517935],[-54.620116,-20.517935],[-54.620116,-20.517926],[-54.620106,-20.517926],[-54.620107,-20.517917],[-54.620097,-20.517917],[-54.620097,-20.517908],[-54.620088,-20.517908],[-54.620088,-20.51789],[-54.620078,-20.51789],[-54.620078,-20.517881],[-54.620069,-20.51788],[-54.620069,-20.517871],[-54.620059,-20.517871],[-54.62006,-20.517862],[-54.62005,-20.517862],[-54.62005,-20.517853],[-54.62004,-20.517853],[-54.620041,-20.517844],[-54.620031,-20.517844],[-54.620031,-20.517826],[-54.620022,-20.517826],[-54.620022,-20.517817],[-54.620003,-20.517816],[-54.620003,-20.517807],[-54.619993,-20.517807],[-54.619993,-20.517798],[-54.619984,-20.517798],[-54.619984,-20.517789],[-54.619974,-20.517789],[-54.619975,-20.51778],[-54.619965,-20.51778],[-54.619965,-20.517771],[-54.619955,-20.517771],[-54.619956,-20.517762],[-54.619946,-20.517761],[-54.619946,-20.517752],[-54.619937,-20.517752],[-54.619937,-20.517743],[-54.619927,-20.517743],[-54.619927,-20.517734],[-54.619918,-20.517734],[-54.619918,-20.517725],[-54.619908,-20.517725],[-54.619908,-20.517716],[-54.619899,-20.517716],[-54.619899,-20.517707],[-54.619889,-20.517706],[-54.61989,-20.517697],[-54.61988,-20.517697],[-54.61988,-20.517688],[-54.619871,-20.517688],[-54.619871,-20.517679],[-54.619861,-20.517679],[-54.619861,-20.51767],[-54.619852,-20.51767],[-54.619852,-20.517661],[-54.619842,-20.517661],[-54.619842,-20.517652],[-54.619833,-20.517651],[-54.619833,-20.517642],[-54.619823,-20.517642],[-54.619823,-20.517633],[-54.619814,-20.517633],[-54.619814,-20.517624],[-54.619804,-20.517624],[-54.619805,-20.517615],[-54.619795,-20.517615],[-54.619795,-20.517606],[-54.619786,-20.517606],[-54.619786,-20.517597],[-54.619776,-20.517597],[-54.619776,-20.517587],[-54.619767,-20.517587],[-54.619767,-20.517578],[-54.619757,-20.517578],[-54.619757,-20.517569],[-54.619748,-20.517569],[-54.619748,-20.51756],[-54.619738,-20.51756],[-54.619738,-20.517551],[-54.619729,-20.517551],[-54.619729,-20.517542],[-54.619719,-20.517542],[-54.61972,-20.517533],[-54.61971,-20.517532],[-54.61971,-20.517523],[-54.619701,-20.517523],[-54.619701,-20.517514],[-54.619691,-20.517514],[-54.619691,-20.517505],[-54.619682,-20.517505],[-54.619682,-20.517496],[-54.619672,-20.517496],[-54.619672,-20.517487],[-54.619663,-20.517487],[-54.619663,-20.517478],[-54.619653,-20.517477],[-54.619653,-20.517468],[-54.619644,-20.517468],[-54.619644,-20.517459],[-54.619634,-20.517459],[-54.619635,-20.51745],[-54.619625,-20.51745],[-54.619625,-20.517441],[-54.619616,-20.517441],[-54.619616,-20.517432],[-54.619606,-20.517432],[-54.619606,-20.517423],[-54.619597,-20.517422],[-54.619597,-20.517413],[-54.619587,-20.517413],[-54.619587,-20.517404],[-54.619578,-20.517404],[-54.619578,-20.517395],[-54.619568,-20.517395],[-54.619568,-20.517386],[-54.619559,-20.517386],[-54.619559,-20.517377],[-54.619549,-20.517377],[-54.61955,-20.517368],[-54.61954,-20.517368],[-54.61954,-20.517358],[-54.619531,-20.517358],[-54.619531,-20.517349],[-54.619521,-20.517349],[-54.619521,-20.51734],[-54.619512,-20.51734],[-54.619512,-20.517331],[-54.619502,-20.517331],[-54.619502,-20.517322],[-54.619493,-20.517322],[-54.619493,-20.517313],[-54.619483,-20.517313],[-54.619483,-20.517304],[-54.619474,-20.517303],[-54.619474,-20.517294],[-54.619464,-20.517294],[-54.619465,-20.517285],[-54.619455,-20.517285],[-54.619455,-20.517276],[-54.619446,-20.517276],[-54.619446,-20.517267],[-54.619436,-20.517267],[-54.619436,-20.517258],[-54.619427,-20.517258],[-54.619427,-20.517249],[-54.619417,-20.517248],[-54.619417,-20.517239],[-54.619408,-20.517239],[-54.619408,-20.51723],[-54.619398,-20.51723],[-54.619398,-20.517221],[-54.619389,-20.517221],[-54.619389,-20.517212],[-54.619379,-20.517212],[-54.61938,-20.517203],[-54.61937,-20.517203],[-54.61937,-20.517194],[-54.619361,-20.517193],[-54.619361,-20.517184],[-54.619351,-20.517184],[-54.619351,-20.517175],[-54.619342,-20.517175],[-54.619342,-20.517166],[-54.619332,-20.517166],[-54.619332,-20.517157],[-54.619323,-20.517157],[-54.619323,-20.517148],[-54.619313,-20.517148],[-54.619313,-20.517139],[-54.619304,-20.517139],[-54.619304,-20.517129],[-54.619294,-20.517129],[-54.619295,-20.51712],[-54.619285,-20.51712],[-54.619285,-20.517111],[-54.619276,-20.517111],[-54.619276,-20.517102],[-54.619266,-20.517102],[-54.619266,-20.517093],[-54.619257,-20.517093],[-54.619257,-20.517084],[-54.619247,-20.517084],[-54.619247,-20.517075],[-54.619238,-20.517074],[-54.619238,-20.517065],[-54.619228,-20.517065],[-54.619228,-20.517056],[-54.619219,-20.517056],[-54.619219,-20.517047],[-54.619209,-20.517047],[-54.61921,-20.517038],[-54.6192,-20.517038],[-54.6192,-20.517029],[-54.619191,-20.517029],[-54.619191,-20.51702],[-54.619181,-20.517019],[-54.619181,-20.51701],[-54.619172,-20.51701],[-54.619172,-20.517001],[-54.619162,-20.517001],[-54.619162,-20.516992],[-54.619153,-20.516992],[-54.619153,-20.516983],[-54.619143,-20.516983],[-54.619143,-20.516974],[-54.619134,-20.516974],[-54.619134,-20.516965],[-54.619124,-20.516964],[-54.619125,-20.516955],[-54.619115,-20.516955],[-54.619115,-20.516946],[-54.619106,-20.516946],[-54.619106,-20.516937],[-54.619096,-20.516937],[-54.619096,-20.516928],[-54.619087,-20.516928],[-54.619087,-20.516919],[-54.619077,-20.516919],[-54.619077,-20.51691],[-54.619068,-20.51691],[-54.619068,-20.5169],[-54.619058,-20.5169],[-54.619059,-20.516891],[-54.619049,-20.516891],[-54.619049,-20.516882],[-54.619039,-20.516882],[-54.61904,-20.516873],[-54.61903,-20.516873],[-54.61903,-20.516864],[-54.619021,-20.516864],[-54.619021,-20.516855],[-54.619011,-20.516855],[-54.619011,-20.516846],[-54.619002,-20.516845],[-54.619002,-20.516836],[-54.618992,-20.516836],[-54.618992,-20.516827],[-54.618983,-20.516827],[-54.618983,-20.516818],[-54.618973,-20.516818],[-54.618974,-20.516809],[-54.618964,-20.516809],[-54.618964,-20.5168],[-54.618954,-20.5168],[-54.618955,-20.516791],[-54.618945,-20.51679],[-54.618945,-20.516781],[-54.618936,-20.516781],[-54.618936,-20.516772],[-54.618926,-20.516772],[-54.618926,-20.516763],[-54.618917,-20.516763],[-54.618917,-20.516754],[-54.618907,-20.516754],[-54.618907,-20.516745],[-54.618898,-20.516745],[-54.618898,-20.516736],[-54.618888,-20.516735],[-54.618889,-20.516726],[-54.618879,-20.516726],[-54.618879,-20.516717],[-54.618869,-20.516717],[-54.61887,-20.516708],[-54.61886,-20.516708],[-54.61886,-20.516699],[-54.618851,-20.516699],[-54.618851,-20.51669],[-54.618841,-20.51669],[-54.618841,-20.516681],[-54.618832,-20.516681],[-54.618832,-20.516671],[-54.618822,-20.516671],[-54.618822,-20.516662],[-54.618813,-20.516662],[-54.618813,-20.516653],[-54.618803,-20.516653],[-54.618804,-20.516644],[-54.618794,-20.516644],[-54.618794,-20.516635],[-54.618785,-20.516635],[-54.618785,-20.516626],[-54.618775,-20.516626],[-54.618775,-20.516617],[-54.618766,-20.516616],[-54.618766,-20.516607],[-54.618756,-20.516607],[-54.618756,-20.516598],[-54.618747,-20.516598],[-54.618747,-20.516589],[-54.618737,-20.516589],[-54.618737,-20.51658],[-54.618728,-20.51658],[-54.618728,-20.516571],[-54.618718,-20.516571],[-54.618719,-20.516562],[-54.618709,-20.516561],[-54.618709,-20.516552],[-54.6187,-20.516552],[-54.6187,-20.516543],[-54.61869,-20.516543],[-54.61869,-20.516534],[-54.618681,-20.516534],[-54.618681,-20.516525],[-54.618671,-20.516525],[-54.618671,-20.516516],[-54.618662,-20.516516],[-54.618662,-20.516507],[-54.618652,-20.516506],[-54.618652,-20.516497],[-54.618643,-20.516497],[-54.618643,-20.516488],[-54.618633,-20.516488],[-54.618634,-20.516479],[-54.618624,-20.516479],[-54.618624,-20.51647],[-54.618615,-20.51647],[-54.618615,-20.516461],[-54.618605,-20.516461],[-54.618605,-20.516452],[-54.618596,-20.516452],[-54.618596,-20.516443],[-54.618586,-20.516442],[-54.618586,-20.516433],[-54.618577,-20.516433],[-54.618577,-20.516424],[-54.618567,-20.516424],[-54.618567,-20.516415],[-54.618558,-20.516415],[-54.618558,-20.516406],[-54.618548,-20.516406],[-54.618549,-20.516397],[-54.618539,-20.516397],[-54.618539,-20.516388],[-54.61853,-20.516387],[-54.61853,-20.516378],[-54.61852,-20.516378],[-54.61852,-20.516369],[-54.618511,-20.516369],[-54.618511,-20.51636],[-54.618501,-20.51636],[-54.618501,-20.516351],[-54.618492,-20.516351],[-54.618492,-20.516342],[-54.618482,-20.516342],[-54.618482,-20.516333],[-54.618473,-20.516332],[-54.618473,-20.516323],[-54.618463,-20.516323],[-54.618464,-20.516314],[-54.618454,-20.516314],[-54.618454,-20.516305],[-54.618445,-20.516305],[-54.618445,-20.516296],[-54.618435,-20.516296],[-54.618435,-20.516287],[-54.618426,-20.516287],[-54.618426,-20.516278],[-54.618416,-20.516277],[-54.618416,-20.516268],[-54.618407,-20.516268],[-54.618407,-20.516259],[-54.618397,-20.516259],[-54.618397,-20.51625],[-54.618388,-20.51625],[-54.618388,-20.516241],[-54.618378,-20.516241],[-54.618379,-20.516232],[-54.618369,-20.516232],[-54.618369,-20.516223],[-54.61836,-20.516223],[-54.618361,-20.516159],[-54.618351,-20.516159],[-54.618356,-20.515825],[-54.618337,-20.515825],[-54.618337,-20.515834],[-54.618318,-20.515834],[-54.618318,-20.515843],[-54.618308,-20.515843],[-54.618308,-20.515852],[-54.61825,-20.515851],[-54.61825,-20.515842],[-54.618222,-20.515841],[-54.618222,-20.515832],[-54.618193,-20.515832],[-54.618193,-20.515823],[-54.618164,-20.515823],[-54.618165,-20.515813],[-54.618126,-20.515813],[-54.618126,-20.515804],[-54.618098,-20.515804],[-54.618098,-20.515795],[-54.618069,-20.515794],[-54.618069,-20.515785],[-54.61804,-20.515785],[-54.618041,-20.515776],[-54.618021,-20.515775],[-54.618022,-20.515766],[-54.617974,-20.515766],[-54.617974,-20.515757],[-54.617964,-20.515757],[-54.617964,-20.515766],[-54.617954,-20.515765],[-54.617954,-20.515774],[-54.617945,-20.515774],[-54.617945,-20.515783],[-54.617935,-20.515783],[-54.617935,-20.515792],[-54.617925,-20.515792],[-54.617925,-20.515801],[-54.617916,-20.515801],[-54.617915,-20.51581],[-54.617906,-20.51581],[-54.617906,-20.515819],[-54.617896,-20.515819],[-54.617896,-20.515828],[-54.617886,-20.515828],[-54.617886,-20.515837],[-54.617877,-20.515837],[-54.617877,-20.515846],[-54.617857,-20.515845],[-54.617858,-20.515836],[-54.617848,-20.515836],[-54.617848,-20.515809],[-54.617839,-20.515809],[-54.617839,-20.515791],[-54.617829,-20.515791],[-54.61783,-20.515764],[-54.61782,-20.515764],[-54.617821,-20.515746],[-54.617811,-20.515745],[-54.617811,-20.515718],[-54.617802,-20.515718],[-54.617802,-20.5157],[-54.617793,-20.5157],[-54.617793,-20.515682],[-54.617783,-20.515682],[-54.617784,-20.515655],[-54.617774,-20.515655],[-54.617774,-20.515637],[-54.617765,-20.515636],[-54.617765,-20.515609],[-54.617756,-20.515609],[-54.617756,-20.515591],[-54.617746,-20.515591],[-54.617747,-20.515564],[-54.617737,-20.515564],[-54.617737,-20.515555],[-54.617689,-20.515554],[-54.617689,-20.515545],[-54.617622,-20.515544],[-54.617623,-20.515535],[-54.617565,-20.515534],[-54.617565,-20.515525],[-54.617469,-20.515524],[-54.61747,-20.515515],[-54.61746,-20.515515],[-54.61746,-20.515506],[-54.61745,-20.515506],[-54.617451,-20.515497],[-54.617422,-20.515496],[-54.617422,-20.515478],[-54.617403,-20.515478],[-54.617403,-20.515469],[-54.617394,-20.515469],[-54.617394,-20.51546],[-54.617384,-20.51546],[-54.617384,-20.515451],[-54.617375,-20.51545],[-54.617375,-20.515441],[-54.617365,-20.515441],[-54.617365,-20.515432],[-54.617356,-20.515432],[-54.617356,-20.515423],[-54.617346,-20.515423],[-54.617346,-20.515414],[-54.617337,-20.515414],[-54.617337,-20.515405],[-54.617327,-20.515405],[-54.617328,-20.515396],[-54.617318,-20.515396],[-54.617318,-20.515386],[-54.617309,-20.515386],[-54.617309,-20.515377],[-54.617299,-20.515377],[-54.617299,-20.515368],[-54.61729,-20.515368],[-54.61729,-20.515359],[-54.61728,-20.515359],[-54.61728,-20.51535],[-54.617271,-20.51535],[-54.617271,-20.515341],[-54.617261,-20.515341],[-54.617261,-20.515332],[-54.617252,-20.515331],[-54.617252,-20.515322],[-54.617242,-20.515322],[-54.617243,-20.515313],[-54.617233,-20.515313],[-54.617233,-20.515304],[-54.617224,-20.515304],[-54.617224,-20.515295],[-54.617214,-20.515295],[-54.617214,-20.515286],[-54.617205,-20.515286],[-54.617205,-20.515277],[-54.617195,-20.515276],[-54.617195,-20.515267],[-54.617186,-20.515267],[-54.617186,-20.515258],[-54.617176,-20.515258],[-54.617176,-20.515249],[-54.617157,-20.515249],[-54.617157,-20.51524],[-54.617148,-20.51524],[-54.617148,-20.515231],[-54.617138,-20.51523],[-54.617139,-20.515221],[-54.617129,-20.515221],[-54.617129,-20.515212],[-54.61712,-20.515212],[-54.61712,-20.515203],[-54.61711,-20.515203],[-54.61711,-20.515194],[-54.617101,-20.515194],[-54.617101,-20.515185],[-54.617091,-20.515185],[-54.617091,-20.515176],[-54.617082,-20.515176],[-54.617082,-20.515148],[-54.617073,-20.515148],[-54.617073,-20.515103],[-54.617064,-20.515103],[-54.617064,-20.515067],[-54.617055,-20.515067],[-54.617055,-20.515049],[-54.617036,-20.515048],[-54.617036,-20.515039],[-54.617026,-20.515039],[-54.617027,-20.51503],[-54.617017,-20.51503],[-54.617017,-20.515021],[-54.617007,-20.515021],[-54.617008,-20.515012],[-54.616998,-20.515012],[-54.616998,-20.515003],[-54.616989,-20.515003],[-54.616989,-20.514994],[-54.616979,-20.514994],[-54.616979,-20.514984],[-54.61697,-20.514984],[-54.61697,-20.514975],[-54.61696,-20.514975],[-54.61696,-20.514966],[-54.616951,-20.514966],[-54.616951,-20.514957],[-54.616941,-20.514957],[-54.616942,-20.514948],[-54.616932,-20.514948],[-54.616932,-20.514939],[-54.616922,-20.514939],[-54.616923,-20.51493],[-54.616913,-20.514929],[-54.616913,-20.51492],[-54.616904,-20.51492],[-54.616904,-20.514911],[-54.616885,-20.514911],[-54.616885,-20.514902],[-54.616866,-20.514902],[-54.616866,-20.514893],[-54.616722,-20.514891],[-54.616722,-20.514882],[-54.616703,-20.514881],[-54.616703,-20.514872],[-54.616693,-20.514872],[-54.616694,-20.514863],[-54.616684,-20.514863],[-54.616684,-20.514854],[-54.616665,-20.514854],[-54.616665,-20.514845],[-54.616656,-20.514845],[-54.616656,-20.514836],[-54.616646,-20.514835],[-54.616646,-20.514826],[-54.616627,-20.514826],[-54.616627,-20.514817],[-54.616618,-20.514817],[-54.616618,-20.514808],[-54.616608,-20.514808],[-54.616608,-20.514799],[-54.616589,-20.514799],[-54.616589,-20.514789],[-54.61658,-20.514789],[-54.61658,-20.51478],[-54.616474,-20.514779],[-54.616475,-20.51477],[-54.616465,-20.51477],[-54.616465,-20.514761],[-54.616456,-20.514761],[-54.616456,-20.514752],[-54.616446,-20.514751],[-54.616446,-20.514742],[-54.616437,-20.514742],[-54.616437,-20.514733],[-54.616427,-20.514733],[-54.616427,-20.514724],[-54.616408,-20.514724],[-54.616408,-20.514715],[-54.616399,-20.514715],[-54.616399,-20.514706],[-54.616389,-20.514705],[-54.616389,-20.514696],[-54.61638,-20.514696],[-54.61638,-20.514687],[-54.61637,-20.514687],[-54.616371,-20.514678],[-54.616351,-20.514678],[-54.616352,-20.514669],[-54.616342,-20.514669],[-54.616342,-20.51466],[-54.616333,-20.51466],[-54.616333,-20.514651],[-54.616323,-20.51465],[-54.616323,-20.514641],[-54.616314,-20.514641],[-54.616314,-20.514632],[-54.616304,-20.514632],[-54.616304,-20.514623],[-54.616295,-20.514623],[-54.616295,-20.514614],[-54.616285,-20.514614],[-54.616285,-20.514605],[-54.616276,-20.514605],[-54.616276,-20.514596],[-54.616266,-20.514595],[-54.616267,-20.514586],[-54.616257,-20.514586],[-54.616257,-20.514577],[-54.616248,-20.514577],[-54.616248,-20.514568],[-54.616238,-20.514568],[-54.616238,-20.51455],[-54.616229,-20.51455],[-54.616229,-20.514541],[-54.616219,-20.514541],[-54.61622,-20.514532],[-54.61621,-20.514531],[-54.61621,-20.514522],[-54.6162,-20.514522],[-54.616201,-20.514513],[-54.616191,-20.514513],[-54.616191,-20.514504],[-54.616182,-20.514504],[-54.616182,-20.514486],[-54.616172,-20.514486],[-54.616172,-20.514477],[-54.616163,-20.514477],[-54.616163,-20.514468],[-54.616153,-20.514467],[-54.616154,-20.514458],[-54.616144,-20.514458],[-54.616144,-20.514449],[-54.616135,-20.514449],[-54.616135,-20.51444],[-54.616125,-20.51444],[-54.616125,-20.514431],[-54.616116,-20.514431],[-54.616116,-20.514422],[-54.616106,-20.514422],[-54.616106,-20.514413],[-54.616097,-20.514412],[-54.616097,-20.514403],[-54.616087,-20.514403],[-54.616087,-20.514394],[-54.616078,-20.514394],[-54.616078,-20.514385],[-54.616068,-20.514385],[-54.616069,-20.514376],[-54.616059,-20.514376],[-54.616059,-20.514367],[-54.61605,-20.514367],[-54.61605,-20.514358],[-54.61604,-20.514358],[-54.61604,-20.514349],[-54.616031,-20.514348],[-54.616031,-20.514339],[-54.616021,-20.514339],[-54.616021,-20.51433],[-54.616012,-20.51433],[-54.616012,-20.514312],[-54.616002,-20.514312],[-54.616003,-20.514303],[-54.615993,-20.514303],[-54.615993,-20.514294],[-54.615984,-20.514294],[-54.615986,-20.514158],[-54.615976,-20.514158],[-54.615976,-20.51414],[-54.615967,-20.51414],[-54.615967,-20.514131],[-54.615957,-20.514131],[-54.615958,-20.514113],[-54.615948,-20.514112],[-54.615948,-20.514094],[-54.615939,-20.514094],[-54.615939,-20.514076],[-54.615929,-20.514076],[-54.61593,-20.514058],[-54.615939,-20.514058],[-54.615968,-20.514059],[-54.615968,-20.51405],[-54.615997,-20.51405],[-54.615997,-20.514041],[-54.616026,-20.514041],[-54.616026,-20.514032],[-54.616055,-20.514033],[-54.616055,-20.514024],[-54.616084,-20.514024],[-54.616084,-20.514015],[-54.616112,-20.514015],[-54.616113,-20.514006],[-54.616132,-20.514007],[-54.616132,-20.513998],[-54.616161,-20.513998],[-54.616161,-20.513989],[-54.61619,-20.513989],[-54.61619,-20.51398],[-54.616218,-20.513981],[-54.616219,-20.513972],[-54.616247,-20.513972],[-54.616247,-20.513963],[-54.616276,-20.513963],[-54.616276,-20.513954],[-54.616334,-20.513955],[-54.616334,-20.513946],[-54.61643,-20.513947],[-54.61643,-20.513938],[-54.616526,-20.51394],[-54.616526,-20.513931],[-54.616593,-20.513932],[-54.616603,-20.513932],[-54.616603,-20.513923],[-54.616612,-20.513923],[-54.616612,-20.513914],[-54.616622,-20.513914],[-54.616622,-20.513905],[-54.616632,-20.513905],[-54.616632,-20.513896],[-54.616641,-20.513896],[-54.616642,-20.513887],[-54.616651,-20.513887],[-54.616651,-20.513878],[-54.616661,-20.513878],[-54.616661,-20.513869],[-54.616671,-20.51387],[-54.616671,-20.513861],[-54.61668,-20.513861],[-54.616681,-20.513852],[-54.61669,-20.513852],[-54.61669,-20.513843]]]]},"properties":{"Nome":"MB ANHA4","Bacia":"ANHANDUI"}}]}