{"type":"FeatureCollection","features":[{"type":"Feature","geometry":{"type":"MultiPolygon","coordinates":[[[[-54.636409,-20.4537],[-54.636504,-20.453701],[-54.636493,-20.454441],[-54.636503,-20.454441],[-54.636502,-20.45445],[-54.636512,-20.45445],[-54.636512,-20.454459],[-54.636521,-20.45446],[-54.636521,-20.454469],[-54.636531,-20.454469],[-54.636531,-20.454478],[-54.63654,-20.454478],[-54.63654,-20.454487],[-54.63655,-20.454487],[-54.63655,-20.454496],[-54.636559,-20.454496],[-54.636559,-20.454505],[-54.636569,-20.454505],[-54.636569,-20.454514],[-54.636578,-20.454515],[-54.636578,-20.454524],[-54.636588,-20.454524],[-54.636587,-20.454533],[-54.636597,-20.454533],[-54.636597,-20.454542],[-54.636606,-20.454542],[-54.636606,-20.454551],[-54.636616,-20.454551],[-54.636616,-20.45456],[-54.636625,-20.45456],[-54.636625,-20.454569],[-54.636635,-20.45457],[-54.636635,-20.454579],[-54.636644,-20.454579],[-54.636644,-20.454588],[-54.636654,-20.454588],[-54.636653,-20.454597],[-54.636663,-20.454597],[-54.636663,-20.454606],[-54.636673,-20.454606],[-54.636672,-20.454615],[-54.636682,-20.454615],[-54.636682,-20.454624],[-54.636691,-20.454624],[-54.636691,-20.454633],[-54.636701,-20.454634],[-54.636701,-20.454643],[-54.63671,-20.454643],[-54.63671,-20.454652],[-54.63672,-20.454652],[-54.63672,-20.454661],[-54.636729,-20.454661],[-54.636729,-20.45467],[-54.636739,-20.45467],[-54.636738,-20.454679],[-54.636748,-20.454679],[-54.636748,-20.454688],[-54.636757,-20.454689],[-54.636757,-20.454698],[-54.636767,-20.454698],[-54.636767,-20.454707],[-54.636776,-20.454707],[-54.636776,-20.454716],[-54.636786,-20.454716],[-54.636786,-20.454725],[-54.636795,-20.454725],[-54.636795,-20.454734],[-54.636805,-20.454734],[-54.636805,-20.454743],[-54.636814,-20.454744],[-54.636814,-20.454753],[-54.636824,-20.454753],[-54.636823,-20.454762],[-54.636833,-20.454762],[-54.636833,-20.454771],[-54.636842,-20.454771],[-54.636842,-20.45478],[-54.636852,-20.45478],[-54.636852,-20.454789],[-54.636861,-20.454789],[-54.636861,-20.454798],[-54.636871,-20.454798],[-54.636871,-20.454808],[-54.63688,-20.454808],[-54.63688,-20.454817],[-54.63689,-20.454817],[-54.63689,-20.454826],[-54.636899,-20.454826],[-54.636899,-20.454835],[-54.636909,-20.454835],[-54.636908,-20.454844],[-54.636918,-20.454844],[-54.636918,-20.454853],[-54.636927,-20.454853],[-54.636927,-20.454862],[-54.636937,-20.454863],[-54.636937,-20.454872],[-54.636946,-20.454872],[-54.636946,-20.454881],[-54.636956,-20.454881],[-54.636956,-20.45489],[-54.636965,-20.45489],[-54.636965,-20.454899],[-54.636975,-20.454899],[-54.636974,-20.454908],[-54.636984,-20.454908],[-54.636984,-20.454926],[-54.636993,-20.454927],[-54.636993,-20.454936],[-54.637003,-20.454936],[-54.637003,-20.454945],[-54.637012,-20.454945],[-54.637012,-20.454963],[-54.637022,-20.454963],[-54.637021,-20.454972],[-54.637031,-20.454972],[-54.637031,-20.454981],[-54.63704,-20.454981],[-54.63704,-20.454999],[-54.63705,-20.455],[-54.63705,-20.455009],[-54.637059,-20.455009],[-54.637059,-20.455018],[-54.637069,-20.455018],[-54.637068,-20.455036],[-54.637078,-20.455036],[-54.637078,-20.455045],[-54.637087,-20.455045],[-54.637087,-20.455054],[-54.637097,-20.455054],[-54.637097,-20.455072],[-54.637106,-20.455073],[-54.637106,-20.455082],[-54.637116,-20.455082],[-54.637115,-20.4551],[-54.637125,-20.4551],[-54.637125,-20.455109],[-54.637134,-20.455109],[-54.637134,-20.455118],[-54.637144,-20.455118],[-54.637143,-20.455136],[-54.637153,-20.455136],[-54.637153,-20.455145],[-54.637162,-20.455146],[-54.637156,-20.455579],[-54.637165,-20.455579],[-54.637164,-20.455706],[-54.637154,-20.455705],[-54.637154,-20.455714],[-54.637144,-20.455714],[-54.637144,-20.455723],[-54.637134,-20.455723],[-54.637134,-20.455732],[-54.637125,-20.455732],[-54.637125,-20.455741],[-54.637115,-20.455741],[-54.637115,-20.45575],[-54.637105,-20.45575],[-54.637105,-20.455759],[-54.637096,-20.455759],[-54.63709,-20.456129],[-54.6371,-20.456129],[-54.637099,-20.456138],[-54.637109,-20.456138],[-54.637109,-20.456147],[-54.637118,-20.456147],[-54.637118,-20.456156],[-54.637128,-20.456157],[-54.637128,-20.456166],[-54.637137,-20.456166],[-54.637137,-20.456175],[-54.637147,-20.456175],[-54.637147,-20.456184],[-54.637156,-20.456184],[-54.637156,-20.456193],[-54.637166,-20.456193],[-54.637165,-20.456202],[-54.637175,-20.456202],[-54.637175,-20.456211],[-54.637185,-20.456211],[-54.637184,-20.456221],[-54.637194,-20.456221],[-54.637194,-20.45623],[-54.637203,-20.45623],[-54.637203,-20.456239],[-54.637213,-20.456239],[-54.637213,-20.456248],[-54.637222,-20.456248],[-54.637222,-20.456257],[-54.637232,-20.456257],[-54.637223,-20.456835],[-54.637232,-20.456835],[-54.637232,-20.456844],[-54.637242,-20.456844],[-54.637242,-20.456853],[-54.637251,-20.456854],[-54.637251,-20.456863],[-54.637261,-20.456863],[-54.637261,-20.456872],[-54.63727,-20.456872],[-54.63727,-20.456881],[-54.637452,-20.456883],[-54.637452,-20.456892],[-54.637529,-20.456893],[-54.637528,-20.456902],[-54.637538,-20.456903],[-54.637538,-20.456912],[-54.637547,-20.456912],[-54.637547,-20.456921],[-54.637557,-20.456921],[-54.637557,-20.45693],[-54.637566,-20.45693],[-54.637566,-20.456939],[-54.637576,-20.456939],[-54.637576,-20.456948],[-54.637585,-20.456948],[-54.637585,-20.456957],[-54.637595,-20.456958],[-54.637595,-20.456967],[-54.637604,-20.456967],[-54.637604,-20.456976],[-54.637614,-20.456976],[-54.637613,-20.456985],[-54.637623,-20.456985],[-54.637623,-20.456994],[-54.637632,-20.456994],[-54.637632,-20.457003],[-54.637642,-20.457003],[-54.637642,-20.457012],[-54.637651,-20.457013],[-54.637651,-20.457022],[-54.637661,-20.457022],[-54.637661,-20.457031],[-54.63767,-20.457031],[-54.63767,-20.45704],[-54.63768,-20.45704],[-54.63768,-20.457049],[-54.637689,-20.457049],[-54.637689,-20.457058],[-54.637928,-20.457061],[-54.637928,-20.45707],[-54.637938,-20.457071],[-54.637938,-20.45708],[-54.637947,-20.45708],[-54.637947,-20.457089],[-54.637957,-20.457089],[-54.637957,-20.457098],[-54.637966,-20.457098],[-54.637966,-20.457107],[-54.637976,-20.457107],[-54.637976,-20.457116],[-54.637985,-20.457116],[-54.637985,-20.457125],[-54.637995,-20.457126],[-54.637994,-20.457135],[-54.638004,-20.457135],[-54.638004,-20.457144],[-54.638013,-20.457144],[-54.638013,-20.457153],[-54.638023,-20.457153],[-54.638023,-20.457162],[-54.638032,-20.457162],[-54.638032,-20.457171],[-54.638042,-20.457171],[-54.638042,-20.45718],[-54.638051,-20.45718],[-54.638051,-20.45719],[-54.638061,-20.45719],[-54.63806,-20.457199],[-54.63807,-20.457199],[-54.63807,-20.457208],[-54.63808,-20.457208],[-54.638079,-20.457217],[-54.638089,-20.457217],[-54.638089,-20.457226],[-54.638098,-20.457226],[-54.638098,-20.457235],[-54.638108,-20.457235],[-54.638108,-20.457244],[-54.638117,-20.457245],[-54.638117,-20.457254],[-54.638127,-20.457254],[-54.638127,-20.457263],[-54.638136,-20.457263],[-54.638136,-20.457272],[-54.638146,-20.457272],[-54.638145,-20.457281],[-54.638155,-20.457281],[-54.638155,-20.45729],[-54.638164,-20.45729],[-54.638164,-20.457299],[-54.638174,-20.4573],[-54.638174,-20.457309],[-54.638183,-20.457309],[-54.638183,-20.457318],[-54.638193,-20.457318],[-54.638193,-20.457327],[-54.638202,-20.457327],[-54.638202,-20.457336],[-54.638212,-20.457336],[-54.638212,-20.457345],[-54.638221,-20.457345],[-54.638221,-20.457354],[-54.638231,-20.457354],[-54.63823,-20.457364],[-54.63824,-20.457364],[-54.63824,-20.457373],[-54.638249,-20.457373],[-54.638249,-20.457427],[-54.638258,-20.457427],[-54.638258,-20.457436],[-54.638268,-20.457436],[-54.638268,-20.457445],[-54.638277,-20.457445],[-54.638277,-20.457454],[-54.638287,-20.457455],[-54.638286,-20.457473],[-54.638296,-20.457473],[-54.638296,-20.457482],[-54.638305,-20.457482],[-54.638305,-20.457491],[-54.638315,-20.457491],[-54.638315,-20.4575],[-54.638324,-20.4575],[-54.638324,-20.457509],[-54.638334,-20.457509],[-54.638333,-20.457518],[-54.638343,-20.457519],[-54.638343,-20.457528],[-54.638352,-20.457528],[-54.638352,-20.457537],[-54.638362,-20.457537],[-54.638362,-20.457546],[-54.638371,-20.457546],[-54.638371,-20.457555],[-54.638381,-20.457555],[-54.638381,-20.457564],[-54.63839,-20.457564],[-54.63839,-20.457573],[-54.6384,-20.457574],[-54.6384,-20.457583],[-54.638409,-20.457583],[-54.638409,-20.457592],[-54.638419,-20.457592],[-54.638418,-20.457601],[-54.638428,-20.457601],[-54.638428,-20.45761],[-54.638437,-20.45761],[-54.638437,-20.457619],[-54.638447,-20.457619],[-54.638447,-20.457628],[-54.638456,-20.457628],[-54.638456,-20.457638],[-54.638466,-20.457638],[-54.638466,-20.457647],[-54.638475,-20.457647],[-54.638475,-20.457656],[-54.638485,-20.457656],[-54.638485,-20.457665],[-54.638494,-20.457665],[-54.638494,-20.457674],[-54.638504,-20.457674],[-54.638503,-20.457683],[-54.638513,-20.457683],[-54.638513,-20.457692],[-54.638522,-20.457693],[-54.638522,-20.457702],[-54.638532,-20.457702],[-54.638532,-20.457711],[-54.638541,-20.457711],[-54.638541,-20.45772],[-54.638551,-20.45772],[-54.638551,-20.457729],[-54.63856,-20.457729],[-54.63856,-20.457738],[-54.638579,-20.457739],[-54.638579,-20.457748],[-54.639001,-20.457753],[-54.639,-20.457762],[-54.63901,-20.457762],[-54.63901,-20.457771],[-54.639019,-20.457772],[-54.639019,-20.457781],[-54.639029,-20.457781],[-54.639029,-20.45779],[-54.639038,-20.45779],[-54.639038,-20.457799],[-54.639048,-20.457799],[-54.639048,-20.457808],[-54.639057,-20.457808],[-54.639057,-20.457817],[-54.639067,-20.457817],[-54.639067,-20.457826],[-54.639076,-20.457827],[-54.639076,-20.457836],[-54.639086,-20.457836],[-54.639085,-20.457845],[-54.639095,-20.457845],[-54.639095,-20.457854],[-54.639104,-20.457854],[-54.639104,-20.457863],[-54.639114,-20.457863],[-54.639114,-20.457872],[-54.639123,-20.457872],[-54.639123,-20.457881],[-54.639133,-20.457881],[-54.639133,-20.457891],[-54.639142,-20.457891],[-54.639142,-20.4579],[-54.639152,-20.4579],[-54.639152,-20.457909],[-54.639161,-20.457909],[-54.639161,-20.457918],[-54.639171,-20.457918],[-54.63917,-20.457927],[-54.63918,-20.457927],[-54.63918,-20.457936],[-54.639189,-20.457936],[-54.639189,-20.457945],[-54.639199,-20.457946],[-54.639199,-20.457955],[-54.639208,-20.457955],[-54.639208,-20.457964],[-54.639218,-20.457964],[-54.639218,-20.457973],[-54.639227,-20.457973],[-54.639227,-20.457982],[-54.639237,-20.457982],[-54.639236,-20.457991],[-54.639246,-20.457991],[-54.639246,-20.458],[-54.639256,-20.458001],[-54.639255,-20.45801],[-54.639265,-20.45801],[-54.639265,-20.458019],[-54.639274,-20.458019],[-54.639274,-20.458028],[-54.639284,-20.458028],[-54.639284,-20.458037],[-54.639293,-20.458037],[-54.639293,-20.458046],[-54.639303,-20.458046],[-54.639303,-20.458055],[-54.639312,-20.458055],[-54.639312,-20.458065],[-54.639322,-20.458065],[-54.639321,-20.458074],[-54.639331,-20.458074],[-54.639331,-20.458083],[-54.63934,-20.458083],[-54.63934,-20.458092],[-54.63935,-20.458092],[-54.63935,-20.458101],[-54.639359,-20.458101],[-54.639359,-20.45811],[-54.639369,-20.45811],[-54.639369,-20.458119],[-54.639378,-20.45812],[-54.639378,-20.458129],[-54.639397,-20.458129],[-54.639397,-20.458138],[-54.639407,-20.458138],[-54.639407,-20.458147],[-54.639416,-20.458147],[-54.639416,-20.458156],[-54.639426,-20.458156],[-54.639425,-20.458165],[-54.639435,-20.458166],[-54.639435,-20.458175],[-54.639444,-20.458175],[-54.639444,-20.458184],[-54.639454,-20.458184],[-54.639454,-20.458193],[-54.639473,-20.458193],[-54.639473,-20.458202],[-54.639492,-20.458202],[-54.639492,-20.458211],[-54.639501,-20.458212],[-54.639501,-20.458221],[-54.639511,-20.458221],[-54.639511,-20.45823],[-54.63952,-20.45823],[-54.63952,-20.458239],[-54.63953,-20.458239],[-54.63953,-20.458248],[-54.639539,-20.458248],[-54.639539,-20.458257],[-54.639549,-20.458257],[-54.639548,-20.458266],[-54.639558,-20.458267],[-54.639558,-20.458276],[-54.639567,-20.458276],[-54.639567,-20.458285],[-54.639577,-20.458285],[-54.639577,-20.458294],[-54.639586,-20.458294],[-54.639586,-20.458303],[-54.639596,-20.458303],[-54.639596,-20.458312],[-54.639605,-20.458312],[-54.639605,-20.458321],[-54.639615,-20.458321],[-54.639615,-20.458331],[-54.639624,-20.458331],[-54.639624,-20.45834],[-54.639634,-20.45834],[-54.639633,-20.458349],[-54.639643,-20.458349],[-54.639643,-20.458358],[-54.639652,-20.458358],[-54.639652,-20.458367],[-54.639662,-20.458367],[-54.639662,-20.458376],[-54.639671,-20.458376],[-54.639671,-20.458385],[-54.639681,-20.458386],[-54.639681,-20.458395],[-54.63969,-20.458395],[-54.63969,-20.458404],[-54.6397,-20.458404],[-54.6397,-20.458413],[-54.639709,-20.458413],[-54.639709,-20.458422],[-54.639719,-20.458422],[-54.639718,-20.45844],[-54.639728,-20.45844],[-54.639728,-20.458449],[-54.639737,-20.45845],[-54.639737,-20.458459],[-54.639747,-20.458459],[-54.639747,-20.458468],[-54.639756,-20.458468],[-54.639756,-20.458477],[-54.639766,-20.458477],[-54.639765,-20.458486],[-54.639775,-20.458486],[-54.639775,-20.458495],[-54.639785,-20.458495],[-54.639784,-20.458504],[-54.639794,-20.458505],[-54.639794,-20.458514],[-54.639803,-20.458514],[-54.639803,-20.458523],[-54.639813,-20.458523],[-54.639813,-20.458541],[-54.639822,-20.458541],[-54.639822,-20.45855],[-54.639832,-20.45855],[-54.639831,-20.458559],[-54.639841,-20.458559],[-54.639841,-20.458568],[-54.63985,-20.458569],[-54.63985,-20.458578],[-54.63986,-20.458578],[-54.63986,-20.458587],[-54.639869,-20.458587],[-54.639869,-20.458596],[-54.639879,-20.458596],[-54.639879,-20.458605],[-54.639888,-20.458605],[-54.639888,-20.458614],[-54.639898,-20.458614],[-54.639898,-20.458623],[-54.639907,-20.458623],[-54.639907,-20.458632],[-54.639917,-20.458633],[-54.639916,-20.458642],[-54.639926,-20.458642],[-54.639926,-20.458651],[-54.639935,-20.458651],[-54.639935,-20.45866],[-54.639945,-20.45866],[-54.639945,-20.458669],[-54.639954,-20.458669],[-54.639954,-20.458678],[-54.639964,-20.458678],[-54.639964,-20.458687],[-54.639973,-20.458688],[-54.639973,-20.458697],[-54.639983,-20.458697],[-54.639983,-20.458706],[-54.639992,-20.458706],[-54.639992,-20.458715],[-54.640002,-20.458715],[-54.640001,-20.458724],[-54.640011,-20.458724],[-54.640011,-20.458733],[-54.64002,-20.458733],[-54.64002,-20.458751],[-54.64003,-20.458752],[-54.64003,-20.458761],[-54.640039,-20.458761],[-54.640039,-20.45877],[-54.640049,-20.45877],[-54.640048,-20.458779],[-54.640058,-20.458779],[-54.640058,-20.458788],[-54.640067,-20.458788],[-54.640067,-20.458797],[-54.640077,-20.458797],[-54.640077,-20.458806],[-54.640086,-20.458807],[-54.640086,-20.458816],[-54.640096,-20.458816],[-54.640096,-20.458825],[-54.640105,-20.458825],[-54.640105,-20.458834],[-54.640115,-20.458834],[-54.640115,-20.458843],[-54.640124,-20.458843],[-54.640124,-20.458852],[-54.640134,-20.458852],[-54.640133,-20.458861],[-54.640143,-20.458861],[-54.640143,-20.45887],[-54.640152,-20.458871],[-54.640152,-20.45888],[-54.640162,-20.45888],[-54.640162,-20.458889],[-54.640171,-20.458889],[-54.640171,-20.458898],[-54.640181,-20.458898],[-54.640181,-20.458907],[-54.6402,-20.458907],[-54.6402,-20.458916],[-54.640219,-20.458917],[-54.640219,-20.458926],[-54.640238,-20.458926],[-54.640238,-20.458935],[-54.640257,-20.458935],[-54.640257,-20.458944],[-54.640276,-20.458945],[-54.640276,-20.458954],[-54.640295,-20.458954],[-54.640295,-20.458963],[-54.640314,-20.458963],[-54.640314,-20.458972],[-54.640333,-20.458972],[-54.640333,-20.458981],[-54.640352,-20.458982],[-54.640352,-20.458991],[-54.640371,-20.458991],[-54.640371,-20.459],[-54.64039,-20.459],[-54.64039,-20.459009],[-54.640409,-20.45901],[-54.640409,-20.459019],[-54.640438,-20.459019],[-54.640438,-20.459028],[-54.640457,-20.459028],[-54.640457,-20.459037],[-54.640476,-20.459038],[-54.640476,-20.459047],[-54.640495,-20.459047],[-54.640495,-20.459056],[-54.640514,-20.459056],[-54.640514,-20.459065],[-54.640533,-20.459065],[-54.640533,-20.459074],[-54.640552,-20.459075],[-54.640552,-20.459084],[-54.640571,-20.459084],[-54.640571,-20.459093],[-54.64058,-20.459093],[-54.64058,-20.45912],[-54.640589,-20.45912],[-54.640589,-20.459129],[-54.640599,-20.45913],[-54.640599,-20.459148],[-54.640608,-20.459148],[-54.640608,-20.459157],[-54.640618,-20.459157],[-54.640617,-20.459175],[-54.640627,-20.459175],[-54.640627,-20.459184],[-54.640636,-20.459184],[-54.640636,-20.459202],[-54.640646,-20.459202],[-54.640645,-20.459211],[-54.640655,-20.459212],[-54.640655,-20.45923],[-54.640664,-20.45923],[-54.640664,-20.459248],[-54.640674,-20.459248],[-54.640674,-20.459257],[-54.640683,-20.459257],[-54.640683,-20.459275],[-54.640692,-20.459275],[-54.640692,-20.459284],[-54.640702,-20.459284],[-54.640702,-20.459302],[-54.640711,-20.459303],[-54.640711,-20.459312],[-54.640721,-20.459312],[-54.64072,-20.45933],[-54.64073,-20.45933],[-54.64073,-20.459348],[-54.640739,-20.459348],[-54.640739,-20.459375],[-54.640748,-20.459375],[-54.640748,-20.459402],[-54.640758,-20.459403],[-54.640757,-20.45943],[-54.640767,-20.45943],[-54.640766,-20.459466],[-54.640776,-20.459466],[-54.640775,-20.459493],[-54.640785,-20.459493],[-54.640785,-20.459511],[-54.640794,-20.459511],[-54.640794,-20.45952],[-54.640804,-20.459521],[-54.640804,-20.45953],[-54.640813,-20.45953],[-54.640813,-20.459539],[-54.640823,-20.459539],[-54.640822,-20.459548],[-54.640832,-20.459548],[-54.640832,-20.459557],[-54.640841,-20.459557],[-54.640841,-20.459566],[-54.640851,-20.459566],[-54.640851,-20.459575],[-54.64086,-20.459576],[-54.64086,-20.459585],[-54.64087,-20.459585],[-54.64087,-20.459594],[-54.640879,-20.459594],[-54.640879,-20.459603],[-54.640889,-20.459603],[-54.640888,-20.459612],[-54.640898,-20.459612],[-54.640898,-20.459621],[-54.640908,-20.459621],[-54.640907,-20.45963],[-54.640917,-20.459631],[-54.640917,-20.45964],[-54.640926,-20.45964],[-54.640926,-20.459649],[-54.640936,-20.459649],[-54.640936,-20.459658],[-54.640945,-20.459658],[-54.640945,-20.459667],[-54.640955,-20.459667],[-54.640955,-20.459676],[-54.640964,-20.459676],[-54.640964,-20.459685],[-54.640974,-20.459685],[-54.640973,-20.459694],[-54.641012,-20.459695],[-54.641012,-20.459704],[-54.641031,-20.459704],[-54.641031,-20.459713],[-54.64105,-20.459714],[-54.64105,-20.459723],[-54.641069,-20.459723],[-54.641069,-20.459732],[-54.641078,-20.459732],[-54.641078,-20.459741],[-54.641097,-20.459741],[-54.641097,-20.45975],[-54.641136,-20.459751],[-54.641135,-20.45976],[-54.641155,-20.45976],[-54.641154,-20.459769],[-54.641174,-20.459769],[-54.641173,-20.459778],[-54.641202,-20.459779],[-54.641202,-20.459788],[-54.641221,-20.459788],[-54.641221,-20.459797],[-54.641231,-20.459797],[-54.64123,-20.459806],[-54.64124,-20.459806],[-54.64124,-20.459816],[-54.641249,-20.459816],[-54.641249,-20.459825],[-54.641259,-20.459825],[-54.641259,-20.459834],[-54.641268,-20.459834],[-54.641268,-20.459843],[-54.641278,-20.459843],[-54.641278,-20.459852],[-54.641287,-20.459852],[-54.641287,-20.459861],[-54.641297,-20.459861],[-54.641297,-20.45987],[-54.641306,-20.459871],[-54.641306,-20.45988],[-54.641316,-20.45988],[-54.641315,-20.459889],[-54.641325,-20.459889],[-54.641325,-20.459898],[-54.641334,-20.459898],[-54.641334,-20.459907],[-54.641344,-20.459907],[-54.641344,-20.459916],[-54.641353,-20.459916],[-54.641353,-20.459925],[-54.641363,-20.459926],[-54.641363,-20.459935],[-54.641372,-20.459935],[-54.641372,-20.459944],[-54.641382,-20.459944],[-54.641382,-20.459953],[-54.641391,-20.459953],[-54.641391,-20.459962],[-54.641401,-20.459962],[-54.6414,-20.459971],[-54.64141,-20.459971],[-54.64141,-20.45998],[-54.641419,-20.45998],[-54.641419,-20.45999],[-54.641429,-20.45999],[-54.641429,-20.459999],[-54.641438,-20.459999],[-54.641438,-20.460008],[-54.641448,-20.460008],[-54.641448,-20.460017],[-54.641457,-20.460017],[-54.641457,-20.460026],[-54.641467,-20.460026],[-54.641467,-20.460035],[-54.641495,-20.460036],[-54.641495,-20.460045],[-54.641505,-20.460045],[-54.641505,-20.460054],[-54.641514,-20.460054],[-54.641514,-20.460063],[-54.641533,-20.460063],[-54.641533,-20.460072],[-54.641543,-20.460072],[-54.641542,-20.460081],[-54.641562,-20.460082],[-54.641561,-20.460091],[-54.641571,-20.460091],[-54.641571,-20.4601],[-54.641581,-20.4601],[-54.64158,-20.460109],[-54.6416,-20.460109],[-54.641599,-20.460118],[-54.641609,-20.460119],[-54.641609,-20.460128],[-54.641618,-20.460128],[-54.641618,-20.460137],[-54.641637,-20.460137],[-54.641637,-20.460146],[-54.641656,-20.460146],[-54.641656,-20.460155],[-54.641714,-20.460156],[-54.641714,-20.460165],[-54.641819,-20.460167],[-54.641819,-20.460176],[-54.641828,-20.460176],[-54.641828,-20.460185],[-54.641838,-20.460185],[-54.641838,-20.460194],[-54.641847,-20.460194],[-54.641847,-20.460203],[-54.641857,-20.460203],[-54.641857,-20.460212],[-54.641866,-20.460212],[-54.641866,-20.460221],[-54.641876,-20.460221],[-54.641876,-20.46023],[-54.641885,-20.460231],[-54.641885,-20.46024],[-54.641895,-20.46024],[-54.641894,-20.460249],[-54.641904,-20.460249],[-54.641904,-20.460258],[-54.641913,-20.460258],[-54.641913,-20.460267],[-54.641923,-20.460267],[-54.641923,-20.460276],[-54.641932,-20.460276],[-54.641932,-20.460285],[-54.641942,-20.460286],[-54.641942,-20.460295],[-54.641951,-20.460295],[-54.641951,-20.460304],[-54.641961,-20.460304],[-54.641961,-20.460313],[-54.64197,-20.460313],[-54.64197,-20.460322],[-54.64198,-20.460322],[-54.641979,-20.460331],[-54.641989,-20.460331],[-54.641989,-20.46034],[-54.641998,-20.460341],[-54.641998,-20.46035],[-54.642008,-20.46035],[-54.642008,-20.460359],[-54.642017,-20.460359],[-54.642017,-20.460368],[-54.642027,-20.460368],[-54.642027,-20.460377],[-54.642036,-20.460377],[-54.642036,-20.460386],[-54.642046,-20.460386],[-54.642046,-20.460395],[-54.642055,-20.460395],[-54.642055,-20.460405],[-54.642065,-20.460405],[-54.642064,-20.460414],[-54.642074,-20.460414],[-54.642074,-20.460423],[-54.642083,-20.460423],[-54.642083,-20.460432],[-54.642093,-20.460432],[-54.642093,-20.460441],[-54.642102,-20.460441],[-54.642102,-20.46045],[-54.642112,-20.46045],[-54.642112,-20.460459],[-54.642121,-20.46046],[-54.642121,-20.460469],[-54.642131,-20.460469],[-54.64213,-20.460478],[-54.64214,-20.460478],[-54.64214,-20.460487],[-54.64215,-20.460487],[-54.642149,-20.460496],[-54.642159,-20.460496],[-54.642159,-20.460505],[-54.642168,-20.460505],[-54.642168,-20.460514],[-54.642178,-20.460515],[-54.642178,-20.460524],[-54.642187,-20.460524],[-54.642187,-20.460533],[-54.642197,-20.460533],[-54.642197,-20.460542],[-54.642206,-20.460542],[-54.642204,-20.460668],[-54.642214,-20.460669],[-54.642191,-20.462158],[-54.642201,-20.462158],[-54.6422,-20.462185],[-54.64221,-20.462186],[-54.64221,-20.462204],[-54.642219,-20.462204],[-54.642219,-20.462231],[-54.642228,-20.462231],[-54.642228,-20.462258],[-54.642237,-20.462258],[-54.642237,-20.462276],[-54.642247,-20.462276],[-54.642246,-20.462303],[-54.642256,-20.462304],[-54.642255,-20.462331],[-54.642265,-20.462331],[-54.642265,-20.462349],[-54.642274,-20.462349],[-54.642274,-20.462376],[-54.642284,-20.462376],[-54.642283,-20.462394],[-54.642293,-20.462394],[-54.642289,-20.462638],[-54.642299,-20.462638],[-54.642298,-20.462665],[-54.642308,-20.462666],[-54.642307,-20.462693],[-54.642317,-20.462693],[-54.642317,-20.46272],[-54.642326,-20.46272],[-54.642326,-20.462747],[-54.642335,-20.462747],[-54.642335,-20.462774],[-54.642345,-20.462774],[-54.642344,-20.46282],[-54.642353,-20.46282],[-54.642353,-20.462847],[-54.642363,-20.462847],[-54.642362,-20.462856],[-54.642372,-20.462856],[-54.642372,-20.462865],[-54.642381,-20.462865],[-54.642381,-20.462874],[-54.642391,-20.462874],[-54.642391,-20.462883],[-54.6424,-20.462884],[-54.6424,-20.462893],[-54.64241,-20.462893],[-54.642408,-20.462983],[-54.642418,-20.462983],[-54.642418,-20.462992],[-54.642427,-20.462992],[-54.642427,-20.46301],[-54.642437,-20.46301],[-54.642437,-20.463019],[-54.642446,-20.46302],[-54.642446,-20.463038],[-54.642455,-20.463038],[-54.642455,-20.463047],[-54.642465,-20.463047],[-54.642465,-20.463065],[-54.642474,-20.463065],[-54.642474,-20.463083],[-54.642484,-20.463083],[-54.642483,-20.463092],[-54.642493,-20.463092],[-54.642492,-20.463138],[-54.642502,-20.463138],[-54.642498,-20.463382],[-54.642508,-20.463382],[-54.642508,-20.463391],[-54.642517,-20.463391],[-54.642517,-20.463409],[-54.642526,-20.463409],[-54.642525,-20.463508],[-54.642535,-20.463508],[-54.642532,-20.463644],[-54.642542,-20.463644],[-54.64254,-20.463752],[-54.64255,-20.463752],[-54.642549,-20.463807],[-54.642559,-20.463807],[-54.642558,-20.463843],[-54.642568,-20.463843],[-54.642567,-20.46387],[-54.642577,-20.46387],[-54.642577,-20.463897],[-54.642586,-20.463897],[-54.642586,-20.463925],[-54.642595,-20.463925],[-54.642595,-20.463952],[-54.642604,-20.463952],[-54.642604,-20.463961],[-54.642595,-20.463961],[-54.642595,-20.46397],[-54.642585,-20.46397],[-54.642585,-20.463979],[-54.642575,-20.463979],[-54.642575,-20.463988],[-54.642566,-20.463987],[-54.642565,-20.463996],[-54.642556,-20.463996],[-54.642556,-20.464005],[-54.642546,-20.464005],[-54.642546,-20.464014],[-54.642536,-20.464014],[-54.642536,-20.464023],[-54.642527,-20.464023],[-54.642527,-20.464032],[-54.642517,-20.464032],[-54.642517,-20.464041],[-54.642507,-20.464041],[-54.642507,-20.46405],[-54.642498,-20.46405],[-54.642497,-20.464059],[-54.642488,-20.464059],[-54.642488,-20.464068],[-54.642478,-20.464068],[-54.642478,-20.464077],[-54.642468,-20.464076],[-54.642468,-20.464085],[-54.642459,-20.464085],[-54.642459,-20.464094],[-54.642449,-20.464094],[-54.642449,-20.464103],[-54.642439,-20.464103],[-54.642439,-20.464112],[-54.64243,-20.464112],[-54.642429,-20.464121],[-54.64242,-20.464121],[-54.64242,-20.46413],[-54.64241,-20.46413],[-54.64241,-20.464139],[-54.6424,-20.464139],[-54.6424,-20.464148],[-54.642391,-20.464148],[-54.64239,-20.464157],[-54.642381,-20.464157],[-54.642381,-20.464166],[-54.642371,-20.464165],[-54.642371,-20.464174],[-54.642361,-20.464174],[-54.642361,-20.464183],[-54.642352,-20.464183],[-54.642352,-20.464192],[-54.642342,-20.464192],[-54.642342,-20.464201],[-54.642332,-20.464201],[-54.642332,-20.46421],[-54.642323,-20.46421],[-54.642322,-20.464219],[-54.642313,-20.464219],[-54.642313,-20.464228],[-54.642303,-20.464228],[-54.642303,-20.464237],[-54.642293,-20.464237],[-54.642293,-20.464246],[-54.642284,-20.464246],[-54.642284,-20.464255],[-54.642274,-20.464254],[-54.642274,-20.464263],[-54.642264,-20.464263],[-54.642264,-20.464272],[-54.642255,-20.464272],[-54.642254,-20.464281],[-54.642245,-20.464281],[-54.642245,-20.46429],[-54.642235,-20.46429],[-54.642235,-20.464299],[-54.642225,-20.464299],[-54.642225,-20.464308],[-54.642216,-20.464308],[-54.642215,-20.464326],[-54.642206,-20.464326],[-54.642206,-20.464335],[-54.642196,-20.464335],[-54.642196,-20.464344],[-54.642186,-20.464344],[-54.642186,-20.464362],[-54.642177,-20.464361],[-54.642176,-20.46437],[-54.642167,-20.46437],[-54.642167,-20.464379],[-54.642157,-20.464379],[-54.642157,-20.464388],[-54.642147,-20.464388],[-54.642147,-20.464397],[-54.642138,-20.464397],[-54.642138,-20.464406],[-54.642128,-20.464406],[-54.642128,-20.464415],[-54.642118,-20.464415],[-54.642118,-20.464424],[-54.642109,-20.464424],[-54.642108,-20.464433],[-54.642099,-20.464433],[-54.642099,-20.464442],[-54.642089,-20.464442],[-54.642089,-20.464451],[-54.642079,-20.46445],[-54.642079,-20.464459],[-54.64207,-20.464459],[-54.64207,-20.464468],[-54.64206,-20.464468],[-54.64206,-20.464477],[-54.64205,-20.464477],[-54.64205,-20.464486],[-54.642041,-20.464486],[-54.64204,-20.464495],[-54.642031,-20.464495],[-54.642031,-20.464504],[-54.642021,-20.464504],[-54.642021,-20.464513],[-54.642011,-20.464513],[-54.642008,-20.464747],[-54.642017,-20.464748],[-54.642017,-20.464775],[-54.642027,-20.464775],[-54.642026,-20.464793],[-54.642036,-20.464793],[-54.642035,-20.46482],[-54.642045,-20.46482],[-54.642045,-20.464838],[-54.642054,-20.464838],[-54.642054,-20.464866],[-54.642063,-20.464866],[-54.642063,-20.464884],[-54.642073,-20.464884],[-54.642072,-20.464911],[-54.642082,-20.464911],[-54.642082,-20.464929],[-54.642091,-20.464929],[-54.642091,-20.464947],[-54.642101,-20.464947],[-54.6421,-20.464974],[-54.64211,-20.464975],[-54.642109,-20.464993],[-54.642119,-20.464993],[-54.642119,-20.46502],[-54.642128,-20.46502],[-54.642128,-20.465038],[-54.642137,-20.465038],[-54.642137,-20.465065],[-54.642147,-20.465065],[-54.642146,-20.465083],[-54.642156,-20.465084],[-54.642156,-20.465102],[-54.642165,-20.465102],[-54.642165,-20.465129],[-54.642174,-20.465129],[-54.642174,-20.465147],[-54.642184,-20.465147],[-54.642183,-20.465174],[-54.642193,-20.465174],[-54.642193,-20.465192],[-54.642202,-20.465193],[-54.6422,-20.46531],[-54.642191,-20.46531],[-54.642189,-20.465418],[-54.64218,-20.465418],[-54.642179,-20.465481],[-54.642188,-20.465481],[-54.642188,-20.46549],[-54.642198,-20.465491],[-54.642198,-20.4655],[-54.642207,-20.4655],[-54.642207,-20.465509],[-54.642217,-20.465509],[-54.642216,-20.465518],[-54.642226,-20.465518],[-54.642226,-20.465527],[-54.642235,-20.465527],[-54.642235,-20.465536],[-54.642245,-20.465536],[-54.642245,-20.465545],[-54.642254,-20.465546],[-54.642254,-20.465555],[-54.642264,-20.465555],[-54.642264,-20.465564],[-54.642273,-20.465564],[-54.642273,-20.465573],[-54.642283,-20.465573],[-54.642282,-20.465582],[-54.642292,-20.465582],[-54.642292,-20.465591],[-54.642302,-20.465591],[-54.642301,-20.4656],[-54.642311,-20.4656],[-54.642311,-20.465609],[-54.64232,-20.46561],[-54.64232,-20.465619],[-54.64233,-20.465619],[-54.64233,-20.465628],[-54.642339,-20.465628],[-54.642339,-20.465637],[-54.642349,-20.465637],[-54.642348,-20.4657],[-54.642338,-20.4657],[-54.642337,-20.465809],[-54.642346,-20.465809],[-54.642346,-20.465827],[-54.642355,-20.465827],[-54.642355,-20.465836],[-54.642365,-20.465836],[-54.642364,-20.46589],[-54.642374,-20.46589],[-54.642373,-20.465926],[-54.642383,-20.465927],[-54.642382,-20.465936],[-54.642392,-20.465936],[-54.642392,-20.465945],[-54.642402,-20.465945],[-54.642401,-20.465954],[-54.642411,-20.465954],[-54.642411,-20.465972],[-54.64242,-20.465972],[-54.64242,-20.465981],[-54.64243,-20.465981],[-54.64243,-20.46599],[-54.642439,-20.465991],[-54.642439,-20.466009],[-54.642448,-20.466009],[-54.642448,-20.466018],[-54.642458,-20.466018],[-54.642458,-20.466027],[-54.642467,-20.466027],[-54.642467,-20.466036],[-54.642458,-20.466036],[-54.642451,-20.466496],[-54.642441,-20.466496],[-54.642441,-20.466505],[-54.642431,-20.466505],[-54.642431,-20.466514],[-54.642422,-20.466514],[-54.642421,-20.466523],[-54.642412,-20.466523],[-54.642412,-20.466532],[-54.642402,-20.466532],[-54.642402,-20.466541],[-54.642392,-20.466541],[-54.642392,-20.46655],[-54.642383,-20.46655],[-54.642383,-20.466559],[-54.642373,-20.466559],[-54.642373,-20.466568],[-54.642363,-20.466567],[-54.642363,-20.466576],[-54.642354,-20.466576],[-54.642353,-20.466585],[-54.642344,-20.466585],[-54.642344,-20.466594],[-54.642334,-20.466594],[-54.642334,-20.466603],[-54.642324,-20.466603],[-54.642324,-20.466612],[-54.642315,-20.466612],[-54.642315,-20.466621],[-54.642305,-20.466621],[-54.642305,-20.46663],[-54.642295,-20.46663],[-54.642295,-20.466639],[-54.642286,-20.466639],[-54.642285,-20.466648],[-54.642276,-20.466648],[-54.642276,-20.466657],[-54.642266,-20.466656],[-54.642266,-20.466665],[-54.642256,-20.466665],[-54.642256,-20.466674],[-54.642247,-20.466674],[-54.642246,-20.466683],[-54.642237,-20.466683],[-54.642237,-20.466692],[-54.642227,-20.466692],[-54.642227,-20.466701],[-54.642217,-20.466701],[-54.642217,-20.46671],[-54.642208,-20.46671],[-54.642208,-20.466719],[-54.642198,-20.466719],[-54.642198,-20.466728],[-54.642188,-20.466728],[-54.642188,-20.466737],[-54.642179,-20.466736],[-54.642178,-20.466746],[-54.642169,-20.466745],[-54.642169,-20.466754],[-54.642159,-20.466754],[-54.642159,-20.466763],[-54.642149,-20.466763],[-54.642149,-20.466772],[-54.64214,-20.466772],[-54.64214,-20.466781],[-54.64213,-20.466781],[-54.64213,-20.46679],[-54.64212,-20.46679],[-54.64212,-20.466799],[-54.642111,-20.466799],[-54.64211,-20.466808],[-54.642101,-20.466808],[-54.642101,-20.466817],[-54.642091,-20.466817],[-54.642091,-20.466826],[-54.642081,-20.466825],[-54.642081,-20.466835],[-54.642072,-20.466834],[-54.642072,-20.466843],[-54.642062,-20.466843],[-54.642062,-20.466852],[-54.642052,-20.466852],[-54.642052,-20.466861],[-54.642043,-20.466861],[-54.642042,-20.46687],[-54.642033,-20.46687],[-54.642033,-20.466879],[-54.642023,-20.466879],[-54.642023,-20.466888],[-54.642013,-20.466888],[-54.642013,-20.466897],[-54.642004,-20.466897],[-54.642004,-20.466906],[-54.641994,-20.466906],[-54.641994,-20.466915],[-54.641984,-20.466914],[-54.641984,-20.466923],[-54.641975,-20.466923],[-54.641974,-20.466932],[-54.641965,-20.466932],[-54.641965,-20.466941],[-54.641955,-20.466941],[-54.641955,-20.46695],[-54.641945,-20.46695],[-54.641945,-20.466959],[-54.641936,-20.466959],[-54.64192,-20.467952],[-54.64193,-20.467952],[-54.64193,-20.467961],[-54.64194,-20.467961],[-54.641939,-20.46797],[-54.641949,-20.467971],[-54.641949,-20.46798],[-54.641958,-20.46798],[-54.641958,-20.467989],[-54.641968,-20.467989],[-54.641968,-20.467998],[-54.641977,-20.467998],[-54.641977,-20.468007],[-54.641987,-20.468007],[-54.641987,-20.468016],[-54.641996,-20.468016],[-54.641996,-20.468043],[-54.642005,-20.468044],[-54.642005,-20.468053],[-54.642015,-20.468053],[-54.642015,-20.468062],[-54.642024,-20.468062],[-54.642024,-20.468071],[-54.642034,-20.468071],[-54.642034,-20.46808],[-54.642043,-20.46808],[-54.642043,-20.468089],[-54.642053,-20.468089],[-54.642052,-20.468098],[-54.642062,-20.468098],[-54.642062,-20.468108],[-54.642071,-20.468108],[-54.642071,-20.468117],[-54.642081,-20.468117],[-54.642081,-20.468126],[-54.64209,-20.468126],[-54.64209,-20.468135],[-54.6421,-20.468135],[-54.6421,-20.468144],[-54.642109,-20.468144],[-54.642109,-20.468153],[-54.642119,-20.468153],[-54.642118,-20.468162],[-54.642128,-20.468163],[-54.642128,-20.468172],[-54.642138,-20.468172],[-54.642137,-20.468181],[-54.642147,-20.468181],[-54.642147,-20.46819],[-54.642156,-20.46819],[-54.642156,-20.468199],[-54.642166,-20.468199],[-54.642166,-20.468208],[-54.642175,-20.468208],[-54.642175,-20.468217],[-54.642185,-20.468218],[-54.642185,-20.468227],[-54.642194,-20.468227],[-54.642194,-20.468236],[-54.642204,-20.468236],[-54.642203,-20.468245],[-54.642213,-20.468245],[-54.642213,-20.468254],[-54.642222,-20.468254],[-54.642222,-20.468263],[-54.642232,-20.468263],[-54.642232,-20.468272],[-54.642241,-20.468273],[-54.642241,-20.468282],[-54.642251,-20.468282],[-54.642251,-20.468291],[-54.64226,-20.468291],[-54.64226,-20.4683],[-54.64227,-20.4683],[-54.64227,-20.468309],[-54.642279,-20.468309],[-54.642279,-20.468318],[-54.642289,-20.468318],[-54.642288,-20.468327],[-54.642298,-20.468327],[-54.642298,-20.468336],[-54.642307,-20.468337],[-54.642307,-20.468346],[-54.642317,-20.468346],[-54.642317,-20.468355],[-54.642326,-20.468355],[-54.64232,-20.468761],[-54.64233,-20.468761],[-54.64233,-20.46877],[-54.642339,-20.468771],[-54.642339,-20.46878],[-54.642349,-20.46878],[-54.642348,-20.468789],[-54.642358,-20.468789],[-54.642358,-20.468798],[-54.642368,-20.468798],[-54.642367,-20.468807],[-54.642377,-20.468807],[-54.642377,-20.468816],[-54.642386,-20.468816],[-54.642386,-20.468825],[-54.642396,-20.468825],[-54.642396,-20.468834],[-54.642405,-20.468835],[-54.642405,-20.468844],[-54.642415,-20.468844],[-54.642415,-20.468853],[-54.642424,-20.468853],[-54.642424,-20.468862],[-54.642434,-20.468862],[-54.642433,-20.468871],[-54.642443,-20.468871],[-54.642443,-20.46888],[-54.642452,-20.46888],[-54.642452,-20.468889],[-54.642462,-20.46889],[-54.642462,-20.468899],[-54.642471,-20.468899],[-54.642471,-20.468908],[-54.642481,-20.468908],[-54.642481,-20.468917],[-54.64249,-20.468917],[-54.64249,-20.468926],[-54.6425,-20.468926],[-54.6425,-20.468935],[-54.642509,-20.468935],[-54.642509,-20.468944],[-54.642519,-20.468945],[-54.642518,-20.468954],[-54.642528,-20.468954],[-54.642528,-20.468963],[-54.642537,-20.468963],[-54.642537,-20.468972],[-54.642547,-20.468972],[-54.642547,-20.468981],[-54.642556,-20.468981],[-54.642556,-20.46899],[-54.642566,-20.46899],[-54.642566,-20.468999],[-54.642575,-20.468999],[-54.642575,-20.469008],[-54.642585,-20.469009],[-54.642585,-20.469018],[-54.642594,-20.469018],[-54.642594,-20.469027],[-54.642604,-20.469027],[-54.642603,-20.469036],[-54.642613,-20.469036],[-54.642613,-20.469045],[-54.642622,-20.469045],[-54.642622,-20.469054],[-54.642632,-20.469054],[-54.642632,-20.469063],[-54.642641,-20.469064],[-54.642641,-20.469073],[-54.642651,-20.469073],[-54.642651,-20.469082],[-54.64266,-20.469082],[-54.64266,-20.469091],[-54.64267,-20.469091],[-54.64267,-20.4691],[-54.642679,-20.4691],[-54.642679,-20.469109],[-54.642689,-20.469109],[-54.642688,-20.469118],[-54.642698,-20.469119],[-54.642698,-20.469128],[-54.642707,-20.469128],[-54.642707,-20.469137],[-54.642717,-20.469137],[-54.642717,-20.469146],[-54.642726,-20.469146],[-54.642726,-20.469155],[-54.642736,-20.469155],[-54.642736,-20.469164],[-54.642745,-20.469164],[-54.642745,-20.469173],[-54.642755,-20.469173],[-54.642755,-20.469183],[-54.642764,-20.469183],[-54.642764,-20.469192],[-54.642774,-20.469192],[-54.642773,-20.469201],[-54.642783,-20.469201],[-54.642783,-20.469219],[-54.642792,-20.469219],[-54.642792,-20.469228],[-54.642802,-20.469228],[-54.642802,-20.469237],[-54.642811,-20.469237],[-54.642811,-20.469246],[-54.642821,-20.469247],[-54.64282,-20.469256],[-54.64283,-20.469256],[-54.64283,-20.469265],[-54.642839,-20.469265],[-54.642839,-20.469274],[-54.642849,-20.469274],[-54.642849,-20.469283],[-54.642858,-20.469283],[-54.642858,-20.469292],[-54.642868,-20.469292],[-54.642868,-20.469301],[-54.642877,-20.469302],[-54.642877,-20.469311],[-54.642887,-20.469311],[-54.642887,-20.46932],[-54.642896,-20.46932],[-54.642896,-20.469329],[-54.642906,-20.469329],[-54.642905,-20.469338],[-54.642915,-20.469338],[-54.642915,-20.469347],[-54.642924,-20.469347],[-54.642924,-20.469356],[-54.642934,-20.469357],[-54.642934,-20.469366],[-54.642943,-20.469366],[-54.642943,-20.469375],[-54.642953,-20.469375],[-54.642953,-20.469384],[-54.642962,-20.469384],[-54.642962,-20.469393],[-54.642972,-20.469393],[-54.642972,-20.469402],[-54.642981,-20.469402],[-54.642981,-20.469411],[-54.642991,-20.469411],[-54.64299,-20.46942],[-54.643,-20.469421],[-54.643,-20.46943],[-54.643009,-20.46943],[-54.643009,-20.469439],[-54.643019,-20.469439],[-54.643019,-20.469448],[-54.643028,-20.469448],[-54.643028,-20.469457],[-54.643038,-20.469457],[-54.643038,-20.469466],[-54.643047,-20.469466],[-54.643047,-20.469475],[-54.643057,-20.469476],[-54.643057,-20.469485],[-54.643066,-20.469485],[-54.643066,-20.469494],[-54.643076,-20.469494],[-54.643075,-20.469503],[-54.643085,-20.469503],[-54.643085,-20.469512],[-54.643094,-20.469512],[-54.643094,-20.469521],[-54.643104,-20.469521],[-54.643104,-20.46953],[-54.643113,-20.469531],[-54.643113,-20.46954],[-54.643123,-20.46954],[-54.643123,-20.469549],[-54.643132,-20.469549],[-54.643132,-20.469558],[-54.643142,-20.469558],[-54.643142,-20.469567],[-54.643151,-20.469567],[-54.643151,-20.469576],[-54.643161,-20.469576],[-54.64316,-20.469585],[-54.64317,-20.469585],[-54.64317,-20.469595],[-54.643179,-20.469595],[-54.643179,-20.469604],[-54.643189,-20.469604],[-54.643189,-20.469613],[-54.643198,-20.469613],[-54.643198,-20.469622],[-54.643208,-20.469622],[-54.643208,-20.469631],[-54.643217,-20.469631],[-54.643217,-20.46964],[-54.643227,-20.46964],[-54.643226,-20.469649],[-54.643236,-20.46965],[-54.643236,-20.469659],[-54.643246,-20.469659],[-54.643245,-20.469668],[-54.643255,-20.469668],[-54.643255,-20.469677],[-54.643264,-20.469677],[-54.643264,-20.469686],[-54.643274,-20.469686],[-54.643273,-20.469731],[-54.643292,-20.469732],[-54.643292,-20.469759],[-54.643301,-20.469759],[-54.643301,-20.469768],[-54.643311,-20.469768],[-54.643311,-20.469777],[-54.64332,-20.469777],[-54.64332,-20.469786],[-54.64333,-20.469786],[-54.64333,-20.469795],[-54.643339,-20.469795],[-54.643339,-20.469814],[-54.643349,-20.469814],[-54.643348,-20.469841],[-54.643358,-20.469841],[-54.643357,-20.469868],[-54.643367,-20.469868],[-54.643366,-20.469895],[-54.643376,-20.469895],[-54.643376,-20.469922],[-54.643385,-20.469923],[-54.643385,-20.46995],[-54.643394,-20.46995],[-54.643394,-20.469977],[-54.643404,-20.469977],[-54.643403,-20.470004],[-54.643413,-20.470004],[-54.643412,-20.470031],[-54.643422,-20.470031],[-54.643422,-20.470049],[-54.643431,-20.47005],[-54.643431,-20.470059],[-54.643441,-20.470059],[-54.64344,-20.470068],[-54.64345,-20.470068],[-54.64345,-20.470077],[-54.64346,-20.470077],[-54.643459,-20.470086],[-54.643469,-20.470086],[-54.643469,-20.470095],[-54.643478,-20.470095],[-54.643478,-20.470104],[-54.643488,-20.470105],[-54.643488,-20.470114],[-54.643497,-20.470114],[-54.643497,-20.470123],[-54.643507,-20.470123],[-54.643507,-20.470132],[-54.643516,-20.470132],[-54.643516,-20.470141],[-54.643526,-20.470141],[-54.643525,-20.47015],[-54.643535,-20.47015],[-54.643535,-20.470159],[-54.643545,-20.470159],[-54.643544,-20.470169],[-54.643554,-20.470169],[-54.643554,-20.470178],[-54.643563,-20.470178],[-54.643563,-20.470187],[-54.643573,-20.470187],[-54.643573,-20.470196],[-54.643582,-20.470196],[-54.643582,-20.470205],[-54.643592,-20.470205],[-54.643592,-20.470214],[-54.643601,-20.470214],[-54.643601,-20.470223],[-54.643611,-20.470224],[-54.64361,-20.470233],[-54.64362,-20.470233],[-54.64362,-20.470242],[-54.643629,-20.470242],[-54.643629,-20.470251],[-54.643639,-20.470251],[-54.643639,-20.47026],[-54.643648,-20.47026],[-54.643648,-20.470269],[-54.643658,-20.470269],[-54.643658,-20.470278],[-54.643667,-20.470279],[-54.643667,-20.470288],[-54.643677,-20.470288],[-54.643677,-20.470297],[-54.643686,-20.470297],[-54.643686,-20.470306],[-54.643696,-20.470306],[-54.643695,-20.470315],[-54.643705,-20.470315],[-54.643705,-20.470324],[-54.643714,-20.470324],[-54.643714,-20.470333],[-54.643724,-20.470333],[-54.643724,-20.470343],[-54.643733,-20.470343],[-54.643733,-20.470352],[-54.643743,-20.470352],[-54.643743,-20.470361],[-54.643752,-20.470361],[-54.643752,-20.47037],[-54.643762,-20.47037],[-54.643762,-20.470379],[-54.643771,-20.470379],[-54.643771,-20.470388],[-54.643781,-20.470388],[-54.64378,-20.470397],[-54.64379,-20.470398],[-54.64379,-20.470407],[-54.643799,-20.470407],[-54.643799,-20.470416],[-54.643809,-20.470416],[-54.643807,-20.47056],[-54.643816,-20.47056],[-54.643815,-20.470633],[-54.643825,-20.470633],[-54.643811,-20.471536],[-54.643801,-20.471536],[-54.643801,-20.471554],[-54.643792,-20.471554],[-54.643791,-20.471563],[-54.643782,-20.471562],[-54.643782,-20.47158],[-54.643772,-20.47158],[-54.643772,-20.471589],[-54.643762,-20.471589],[-54.643762,-20.471598],[-54.643753,-20.471598],[-54.643752,-20.471616],[-54.643743,-20.471616],[-54.643743,-20.471625],[-54.643733,-20.471625],[-54.643733,-20.471634],[-54.643723,-20.471634],[-54.643723,-20.471652],[-54.643713,-20.471652],[-54.643713,-20.471661],[-54.643704,-20.471661],[-54.643704,-20.47167],[-54.643694,-20.47167],[-54.643694,-20.471688],[-54.643684,-20.471688],[-54.643684,-20.471697],[-54.643674,-20.471696],[-54.643674,-20.471705],[-54.643665,-20.471705],[-54.643664,-20.471714],[-54.643655,-20.471714],[-54.643655,-20.471732],[-54.643645,-20.471732],[-54.643645,-20.471741],[-54.643635,-20.471741],[-54.643635,-20.47175],[-54.643626,-20.47175],[-54.643625,-20.471768],[-54.643616,-20.471768],[-54.643616,-20.471777],[-54.643606,-20.471777],[-54.643606,-20.471786],[-54.643596,-20.471786],[-54.643596,-20.471804],[-54.643586,-20.471804],[-54.643586,-20.471813],[-54.643577,-20.471812],[-54.643577,-20.471822],[-54.643567,-20.471821],[-54.643567,-20.471839],[-54.643557,-20.471839],[-54.643557,-20.471848],[-54.643547,-20.471848],[-54.643547,-20.471857],[-54.643538,-20.471857],[-54.643537,-20.471875],[-54.643528,-20.471875],[-54.643528,-20.471884],[-54.643518,-20.471884],[-54.643518,-20.471893],[-54.643508,-20.471893],[-54.643508,-20.471902],[-54.643499,-20.471902],[-54.643498,-20.47192],[-54.643489,-20.47192],[-54.643489,-20.471929],[-54.643479,-20.471929],[-54.643479,-20.471947],[-54.643478,-20.471983],[-54.643488,-20.471983],[-54.643487,-20.472028],[-54.643497,-20.472028],[-54.643496,-20.472073],[-54.643506,-20.472073],[-54.643505,-20.472128],[-54.643514,-20.472128],[-54.643514,-20.472164],[-54.643523,-20.472164],[-54.643523,-20.472173],[-54.643533,-20.472173],[-54.643533,-20.472182],[-54.643542,-20.472182],[-54.643542,-20.472191],[-54.643552,-20.472191],[-54.643552,-20.4722],[-54.643561,-20.472201],[-54.643561,-20.47221],[-54.643571,-20.47221],[-54.64357,-20.472228],[-54.64358,-20.472228],[-54.64358,-20.472237],[-54.643589,-20.472237],[-54.643589,-20.472246],[-54.643599,-20.472246],[-54.643599,-20.472255],[-54.643608,-20.472255],[-54.643608,-20.472264],[-54.643618,-20.472265],[-54.643618,-20.472274],[-54.643627,-20.472274],[-54.643627,-20.472283],[-54.643637,-20.472283],[-54.643637,-20.472292],[-54.643646,-20.472292],[-54.643646,-20.472301],[-54.643656,-20.472301],[-54.643655,-20.47231],[-54.643665,-20.47231],[-54.643665,-20.472319],[-54.643674,-20.47232],[-54.643674,-20.472329],[-54.643684,-20.472329],[-54.643684,-20.472338],[-54.643693,-20.472338],[-54.643693,-20.472347],[-54.643703,-20.472347],[-54.643703,-20.472356],[-54.643712,-20.472356],[-54.643712,-20.472365],[-54.643722,-20.472365],[-54.643721,-20.472374],[-54.643731,-20.472374],[-54.643731,-20.472383],[-54.643741,-20.472384],[-54.64374,-20.472393],[-54.64375,-20.472393],[-54.64375,-20.472402],[-54.643759,-20.472402],[-54.643759,-20.472411],[-54.643769,-20.472411],[-54.643769,-20.47242],[-54.643778,-20.47242],[-54.643778,-20.472429],[-54.643788,-20.472429],[-54.643787,-20.472447],[-54.643797,-20.472448],[-54.643797,-20.472466],[-54.643787,-20.472466],[-54.643786,-20.472556],[-54.643776,-20.472556],[-54.643775,-20.472637],[-54.643765,-20.472637],[-54.643764,-20.472727],[-54.643754,-20.472727],[-54.643753,-20.472808],[-54.643744,-20.472808],[-54.643743,-20.472826],[-54.643734,-20.472826],[-54.643733,-20.472844],[-54.643724,-20.472844],[-54.643724,-20.472853],[-54.643714,-20.472853],[-54.643714,-20.472862],[-54.643704,-20.472862],[-54.643704,-20.472871],[-54.643695,-20.472871],[-54.643695,-20.47288],[-54.643685,-20.47288],[-54.643685,-20.472907],[-54.643694,-20.472907],[-54.643694,-20.472916],[-54.643704,-20.472916],[-54.643703,-20.472925],[-54.643713,-20.472925],[-54.643713,-20.472934],[-54.643723,-20.472934],[-54.643722,-20.472943],[-54.643732,-20.472943],[-54.643732,-20.472952],[-54.643741,-20.472953],[-54.643741,-20.472962],[-54.643751,-20.472962],[-54.643751,-20.472971],[-54.64376,-20.472971],[-54.64376,-20.472989],[-54.64377,-20.472989],[-54.643769,-20.472998],[-54.643779,-20.472998],[-54.643779,-20.473016],[-54.643788,-20.473016],[-54.643788,-20.473034],[-54.643798,-20.473035],[-54.643797,-20.473053],[-54.643807,-20.473053],[-54.643807,-20.473071],[-54.643816,-20.473071],[-54.643816,-20.47308],[-54.643826,-20.47308],[-54.643825,-20.473098],[-54.643835,-20.473098],[-54.643835,-20.473107],[-54.643844,-20.473107],[-54.643844,-20.473116],[-54.643854,-20.473117],[-54.643854,-20.473126],[-54.643863,-20.473126],[-54.643863,-20.473135],[-54.643873,-20.473135],[-54.643873,-20.473144],[-54.643882,-20.473144],[-54.643882,-20.473153],[-54.643892,-20.473153],[-54.643892,-20.473162],[-54.643901,-20.473162],[-54.643901,-20.473171],[-54.643911,-20.473172],[-54.64391,-20.473181],[-54.64392,-20.473181],[-54.64392,-20.47319],[-54.643929,-20.47319],[-54.643929,-20.473199],[-54.643939,-20.473199],[-54.643939,-20.473208],[-54.643948,-20.473208],[-54.643948,-20.473217],[-54.643958,-20.473217],[-54.643958,-20.473226],[-54.643967,-20.473227],[-54.643967,-20.473236],[-54.643977,-20.473236],[-54.643977,-20.473245],[-54.643986,-20.473245],[-54.643986,-20.473254],[-54.643996,-20.473254],[-54.643995,-20.473263],[-54.644005,-20.473263],[-54.644005,-20.473272],[-54.644014,-20.473272],[-54.644014,-20.473281],[-54.644024,-20.473281],[-54.644024,-20.47329],[-54.644033,-20.473291],[-54.644033,-20.4733],[-54.644043,-20.4733],[-54.644043,-20.473309],[-54.644052,-20.473309],[-54.644052,-20.473318],[-54.644062,-20.473318],[-54.644061,-20.473327],[-54.644071,-20.473327],[-54.644071,-20.473336],[-54.644081,-20.473336],[-54.64408,-20.473345],[-54.64409,-20.473346],[-54.64409,-20.473355],[-54.644099,-20.473355],[-54.644099,-20.473364],[-54.644109,-20.473364],[-54.644109,-20.473373],[-54.644118,-20.473373],[-54.644118,-20.473382],[-54.644128,-20.473382],[-54.644128,-20.473391],[-54.644137,-20.473391],[-54.644137,-20.4734],[-54.644147,-20.473401],[-54.644146,-20.47341],[-54.644156,-20.47341],[-54.644156,-20.473419],[-54.644166,-20.473419],[-54.644165,-20.473428],[-54.644175,-20.473428],[-54.644175,-20.473437],[-54.644184,-20.473437],[-54.644184,-20.473446],[-54.644194,-20.473446],[-54.644194,-20.473455],[-54.644203,-20.473455],[-54.644203,-20.473465],[-54.644213,-20.473465],[-54.644213,-20.473474],[-54.644222,-20.473474],[-54.644222,-20.473483],[-54.644232,-20.473483],[-54.644231,-20.473492],[-54.644241,-20.473492],[-54.644241,-20.473501],[-54.64425,-20.473501],[-54.64425,-20.47351],[-54.64426,-20.47351],[-54.64426,-20.473519],[-54.644269,-20.47352],[-54.644269,-20.473529],[-54.644279,-20.473529],[-54.644279,-20.473538],[-54.644288,-20.473538],[-54.644288,-20.473547],[-54.644298,-20.473547],[-54.644298,-20.473556],[-54.644307,-20.473556],[-54.644307,-20.473565],[-54.644317,-20.473565],[-54.644316,-20.473574],[-54.644326,-20.473575],[-54.644326,-20.473584],[-54.644335,-20.473584],[-54.644335,-20.473593],[-54.644345,-20.473593],[-54.644345,-20.473602],[-54.644354,-20.473602],[-54.644354,-20.473611],[-54.644364,-20.473611],[-54.644364,-20.47362],[-54.644373,-20.47362],[-54.644373,-20.473647],[-54.644372,-20.47372],[-54.644381,-20.47372],[-54.644381,-20.473729],[-54.644391,-20.473729],[-54.644391,-20.473738],[-54.6444,-20.473738],[-54.6444,-20.473747],[-54.64441,-20.473747],[-54.644409,-20.473756],[-54.644419,-20.473756],[-54.644419,-20.473765],[-54.644429,-20.473766],[-54.644428,-20.473775],[-54.644438,-20.473775],[-54.644438,-20.473784],[-54.644447,-20.473784],[-54.644447,-20.473793],[-54.644457,-20.473793],[-54.644457,-20.473802],[-54.644466,-20.473802],[-54.644466,-20.473811],[-54.644476,-20.473811],[-54.644476,-20.47382],[-54.644485,-20.473821],[-54.644485,-20.47383],[-54.644495,-20.47383],[-54.644494,-20.473839],[-54.644504,-20.473839],[-54.644504,-20.473848],[-54.644514,-20.473848],[-54.644513,-20.473857],[-54.644523,-20.473857],[-54.644523,-20.473866],[-54.644532,-20.473866],[-54.644532,-20.473875],[-54.644542,-20.473875],[-54.644542,-20.473884],[-54.644551,-20.473885],[-54.644551,-20.473894],[-54.644561,-20.473894],[-54.644561,-20.473903],[-54.64457,-20.473903],[-54.64457,-20.473912],[-54.64458,-20.473912],[-54.644579,-20.473921],[-54.644589,-20.473921],[-54.644589,-20.47393],[-54.644598,-20.47393],[-54.644598,-20.473939],[-54.644608,-20.47394],[-54.644608,-20.473949],[-54.644617,-20.473949],[-54.644617,-20.473958],[-54.644627,-20.473958],[-54.644627,-20.473967],[-54.644636,-20.473967],[-54.644636,-20.473976],[-54.644646,-20.473976],[-54.644646,-20.473985],[-54.644655,-20.473985],[-54.644655,-20.474003],[-54.644703,-20.474004],[-54.644703,-20.474013],[-54.64476,-20.474014],[-54.64476,-20.474023],[-54.644808,-20.474024],[-54.644808,-20.474033],[-54.644856,-20.474033],[-54.644856,-20.474042],[-54.644903,-20.474043],[-54.644903,-20.474052],[-54.644961,-20.474053],[-54.644961,-20.474062],[-54.645009,-20.474062],[-54.645008,-20.474071],[-54.645056,-20.474072],[-54.645056,-20.474081],[-54.645104,-20.474082],[-54.645104,-20.474091],[-54.645161,-20.474092],[-54.645161,-20.474101],[-54.645209,-20.474101],[-54.645209,-20.47411],[-54.645257,-20.474111],[-54.645257,-20.47412],[-54.645305,-20.474121],[-54.645305,-20.47413],[-54.645343,-20.47413],[-54.645342,-20.474184],[-54.645332,-20.474184],[-54.645331,-20.474311],[-54.645321,-20.47431],[-54.645319,-20.474428],[-54.64531,-20.474428],[-54.645308,-20.474554],[-54.645298,-20.474554],[-54.645297,-20.474635],[-54.645287,-20.474635],[-54.645287,-20.474644],[-54.645278,-20.474644],[-54.645274,-20.47487],[-54.645284,-20.47487],[-54.645283,-20.474933],[-54.645292,-20.474933],[-54.645291,-20.475014],[-54.645301,-20.475015],[-54.6453,-20.475069],[-54.645309,-20.475069],[-54.645308,-20.47515],[-54.645318,-20.47515],[-54.645316,-20.475231],[-54.645326,-20.475232],[-54.645325,-20.475295],[-54.645335,-20.475295],[-54.645334,-20.47534],[-54.645344,-20.47534],[-54.645342,-20.475412],[-54.645352,-20.475413],[-54.645352,-20.475431],[-54.645361,-20.475431],[-54.645361,-20.475449],[-54.645371,-20.475449],[-54.64537,-20.475467],[-54.64538,-20.475467],[-54.64538,-20.475494],[-54.645389,-20.475494],[-54.645389,-20.475512],[-54.645398,-20.475513],[-54.645398,-20.475531],[-54.645408,-20.475531],[-54.645407,-20.475549],[-54.645417,-20.475549],[-54.645417,-20.475576],[-54.645426,-20.475576],[-54.645426,-20.475594],[-54.645436,-20.475594],[-54.645435,-20.475612],[-54.645445,-20.475613],[-54.645444,-20.47564],[-54.645454,-20.47564],[-54.645454,-20.475658],[-54.645463,-20.475658],[-54.645463,-20.475676],[-54.645473,-20.475676],[-54.645472,-20.475694],[-54.645482,-20.475694],[-54.645482,-20.475721],[-54.645491,-20.475722],[-54.645491,-20.47574],[-54.6455,-20.47574],[-54.6455,-20.475758],[-54.64551,-20.475758],[-54.645509,-20.475785],[-54.645519,-20.475785],[-54.645519,-20.475803],[-54.645528,-20.475803],[-54.645528,-20.475821],[-54.645537,-20.475821],[-54.645537,-20.47584],[-54.645547,-20.47584],[-54.645546,-20.475867],[-54.645556,-20.475867],[-54.645556,-20.475885],[-54.645575,-20.475885],[-54.645575,-20.475894],[-54.645584,-20.475894],[-54.645584,-20.475903],[-54.645594,-20.475904],[-54.645594,-20.475913],[-54.645603,-20.475913],[-54.645603,-20.475922],[-54.645613,-20.475922],[-54.645612,-20.475931],[-54.645622,-20.475931],[-54.645622,-20.47594],[-54.645631,-20.47594],[-54.645631,-20.475949],[-54.645641,-20.475949],[-54.645641,-20.475958],[-54.64565,-20.475958],[-54.64565,-20.475967],[-54.64566,-20.475968],[-54.64566,-20.475977],[-54.645669,-20.475977],[-54.645669,-20.475986],[-54.645679,-20.475986],[-54.645679,-20.475995],[-54.645688,-20.475995],[-54.645688,-20.476004],[-54.645698,-20.476004],[-54.645697,-20.476013],[-54.645707,-20.476013],[-54.645707,-20.476022],[-54.645716,-20.476023],[-54.645716,-20.476032],[-54.645726,-20.476032],[-54.645726,-20.476041],[-54.645735,-20.476041],[-54.645735,-20.47605],[-54.645745,-20.47605],[-54.645745,-20.476059],[-54.645754,-20.476059],[-54.645754,-20.476068],[-54.645764,-20.476068],[-54.645764,-20.476077],[-54.645773,-20.476078],[-54.645773,-20.476087],[-54.645783,-20.476087],[-54.645782,-20.476096],[-54.645792,-20.476096],[-54.645792,-20.476105],[-54.645801,-20.476105],[-54.645801,-20.476114],[-54.645811,-20.476114],[-54.645811,-20.476123],[-54.64582,-20.476123],[-54.64582,-20.476132],[-54.64583,-20.476132],[-54.64583,-20.476151],[-54.645839,-20.476151],[-54.645839,-20.47616],[-54.645829,-20.47616],[-54.645829,-20.476214],[-54.645819,-20.476214],[-54.645818,-20.476277],[-54.645808,-20.476277],[-54.645807,-20.47634],[-54.645798,-20.47634],[-54.645797,-20.476394],[-54.645787,-20.476394],[-54.645787,-20.476457],[-54.645777,-20.476457],[-54.645776,-20.47652],[-54.645766,-20.47652],[-54.645766,-20.476574],[-54.645756,-20.476574],[-54.645756,-20.476601],[-54.645746,-20.476601],[-54.645746,-20.47661],[-54.645736,-20.47661],[-54.645736,-20.476619],[-54.645727,-20.476619],[-54.645726,-20.476628],[-54.645717,-20.476628],[-54.645717,-20.476637],[-54.645707,-20.476637],[-54.645707,-20.476646],[-54.645697,-20.476645],[-54.645695,-20.47679],[-54.645686,-20.47679],[-54.645685,-20.476817],[-54.645676,-20.476817],[-54.645675,-20.476862],[-54.645665,-20.476862],[-54.645665,-20.47688],[-54.645655,-20.47688],[-54.645655,-20.476898],[-54.645646,-20.476898],[-54.645645,-20.476916],[-54.645636,-20.476915],[-54.645635,-20.476934],[-54.645626,-20.476933],[-54.645626,-20.476951],[-54.645616,-20.476951],[-54.645616,-20.476969],[-54.645606,-20.476969],[-54.645606,-20.476978],[-54.645596,-20.476978],[-54.645596,-20.476996],[-54.645587,-20.476996],[-54.645586,-20.477014],[-54.645577,-20.477014],[-54.645576,-20.477032],[-54.645567,-20.477032],[-54.645567,-20.47705],[-54.645557,-20.47705],[-54.645557,-20.477068],[-54.645547,-20.477068],[-54.645547,-20.477086],[-54.645537,-20.477086],[-54.645537,-20.477104],[-54.645527,-20.477104],[-54.645527,-20.477122],[-54.645518,-20.477122],[-54.645517,-20.47714],[-54.645508,-20.47714],[-54.645507,-20.477158],[-54.645498,-20.477157],[-54.645498,-20.477175],[-54.645488,-20.477175],[-54.645488,-20.477193],[-54.645478,-20.477193],[-54.645478,-20.477211],[-54.645468,-20.477211],[-54.645468,-20.477229],[-54.645458,-20.477229],[-54.645458,-20.477247],[-54.645449,-20.477247],[-54.645448,-20.477265],[-54.645439,-20.477265],[-54.645439,-20.477283],[-54.645429,-20.477283],[-54.645429,-20.477301],[-54.645419,-20.477301],[-54.645419,-20.47731],[-54.645409,-20.47731],[-54.645409,-20.477328],[-54.645399,-20.477328],[-54.645399,-20.477346],[-54.64539,-20.477346],[-54.645389,-20.477355],[-54.645399,-20.477355],[-54.645399,-20.477373],[-54.645408,-20.477373],[-54.645408,-20.477382],[-54.645418,-20.477382],[-54.645418,-20.477391],[-54.645427,-20.477391],[-54.645427,-20.4774],[-54.645437,-20.4774],[-54.645436,-20.477418],[-54.645446,-20.477419],[-54.645446,-20.477428],[-54.645455,-20.477428],[-54.645455,-20.477437],[-54.645465,-20.477437],[-54.645465,-20.477455],[-54.645474,-20.477455],[-54.645474,-20.477464],[-54.645484,-20.477464],[-54.645484,-20.477473],[-54.645493,-20.477473],[-54.645493,-20.477482],[-54.645503,-20.477483],[-54.645502,-20.477501],[-54.645512,-20.477501],[-54.645512,-20.47751],[-54.645521,-20.47751],[-54.645521,-20.477519],[-54.645531,-20.477519],[-54.64553,-20.477537],[-54.64554,-20.477537],[-54.64554,-20.477546],[-54.645549,-20.477546],[-54.645549,-20.477555],[-54.645559,-20.477556],[-54.645559,-20.477574],[-54.645568,-20.477574],[-54.645568,-20.477583],[-54.645578,-20.477583],[-54.645578,-20.477592],[-54.645587,-20.477592],[-54.645587,-20.477601],[-54.645597,-20.477601],[-54.645596,-20.477619],[-54.645606,-20.477619],[-54.645606,-20.477628],[-54.645615,-20.477629],[-54.645615,-20.477638],[-54.645625,-20.477638],[-54.645624,-20.477656],[-54.645634,-20.477656],[-54.645634,-20.477665],[-54.645643,-20.477665],[-54.645643,-20.477674],[-54.645653,-20.477674],[-54.645653,-20.477683],[-54.645662,-20.477683],[-54.645662,-20.477701],[-54.645672,-20.477702],[-54.645672,-20.477711],[-54.645681,-20.477711],[-54.645681,-20.47772],[-54.645691,-20.47772],[-54.64569,-20.477738],[-54.6457,-20.477738],[-54.645757,-20.477739],[-54.645758,-20.47773],[-54.645805,-20.477731],[-54.645806,-20.477721],[-54.645853,-20.477722],[-54.645863,-20.477722],[-54.645862,-20.477776],[-54.645872,-20.477777],[-54.645872,-20.477786],[-54.645881,-20.477786],[-54.645881,-20.477795],[-54.645891,-20.477795],[-54.645891,-20.477804],[-54.6459,-20.477804],[-54.6459,-20.477813],[-54.64591,-20.477813],[-54.645909,-20.477822],[-54.645919,-20.477822],[-54.645919,-20.477831],[-54.645928,-20.477832],[-54.645928,-20.477841],[-54.645938,-20.477841],[-54.645938,-20.47785],[-54.645947,-20.47785],[-54.645947,-20.477859],[-54.645957,-20.477859],[-54.645957,-20.477868],[-54.645966,-20.477868],[-54.645966,-20.477877],[-54.645976,-20.477877],[-54.645976,-20.477886],[-54.645985,-20.477886],[-54.645985,-20.477895],[-54.645995,-20.477896],[-54.645994,-20.477905],[-54.646004,-20.477905],[-54.646004,-20.477914],[-54.646023,-20.477914],[-54.646023,-20.477941],[-54.646032,-20.477941],[-54.646029,-20.478122],[-54.64602,-20.478122],[-54.646017,-20.478275],[-54.646027,-20.478275],[-54.646027,-20.478293],[-54.646036,-20.478294],[-54.646036,-20.478312],[-54.646046,-20.478312],[-54.646045,-20.478339],[-54.646055,-20.478339],[-54.646055,-20.478357],[-54.646064,-20.478357],[-54.646064,-20.478375],[-54.646073,-20.478375],[-54.646073,-20.478402],[-54.646083,-20.478403],[-54.646082,-20.478421],[-54.646092,-20.478421],[-54.646092,-20.478448],[-54.646101,-20.478448],[-54.646101,-20.478475],[-54.646091,-20.478475],[-54.646091,-20.478484],[-54.646081,-20.478484],[-54.646081,-20.478502],[-54.646072,-20.478502],[-54.646071,-20.47852],[-54.646062,-20.47852],[-54.646062,-20.478529],[-54.646052,-20.478529],[-54.646052,-20.478547],[-54.646042,-20.478546],[-54.646042,-20.478565],[-54.646032,-20.478564],[-54.646032,-20.478573],[-54.646023,-20.478573],[-54.646019,-20.478817],[-54.646009,-20.478817],[-54.646009,-20.478862],[-54.645999,-20.478862],[-54.645999,-20.478889],[-54.645989,-20.478889],[-54.645988,-20.478925],[-54.645979,-20.478925],[-54.645978,-20.478961],[-54.645969,-20.478961],[-54.645968,-20.478997],[-54.645959,-20.478997],[-54.645958,-20.479033],[-54.645948,-20.479033],[-54.645948,-20.47906],[-54.645938,-20.47906],[-54.645938,-20.479096],[-54.645928,-20.479096],[-54.645928,-20.479132],[-54.645918,-20.479132],[-54.645918,-20.479159],[-54.645908,-20.479159],[-54.645908,-20.479195],[-54.645898,-20.479195],[-54.645898,-20.479231],[-54.645888,-20.479231],[-54.645888,-20.479258],[-54.645878,-20.479258],[-54.645877,-20.479294],[-54.645868,-20.479294],[-54.645867,-20.47933],[-54.645858,-20.47933],[-54.645857,-20.479348],[-54.645838,-20.479347],[-54.645819,-20.479347],[-54.645819,-20.479338],[-54.645733,-20.479337],[-54.645733,-20.479328],[-54.645724,-20.479328],[-54.645723,-20.479337],[-54.645714,-20.479337],[-54.645714,-20.479346],[-54.645704,-20.479346],[-54.645704,-20.479355],[-54.645694,-20.479354],[-54.645694,-20.479364],[-54.645685,-20.479363],[-54.645685,-20.479372],[-54.645675,-20.479372],[-54.645675,-20.479381],[-54.645665,-20.479381],[-54.645665,-20.47939],[-54.645655,-20.47939],[-54.645655,-20.479399],[-54.645646,-20.479399],[-54.645646,-20.479408],[-54.645636,-20.479408],[-54.645636,-20.479417],[-54.645626,-20.479417],[-54.645626,-20.479426],[-54.645617,-20.479426],[-54.645616,-20.479435],[-54.645607,-20.479435],[-54.645607,-20.479444],[-54.645597,-20.479443],[-54.645597,-20.479452],[-54.645587,-20.479452],[-54.645587,-20.479461],[-54.645578,-20.479461],[-54.645578,-20.47947],[-54.645568,-20.47947],[-54.645568,-20.479479],[-54.645558,-20.479479],[-54.645558,-20.479488],[-54.645549,-20.479488],[-54.645548,-20.479497],[-54.645539,-20.479497],[-54.645539,-20.479506],[-54.645529,-20.479506],[-54.645529,-20.479515],[-54.645519,-20.479515],[-54.645515,-20.479831],[-54.645524,-20.479831],[-54.645522,-20.479984],[-54.645512,-20.479984],[-54.645512,-20.479993],[-54.645503,-20.479993],[-54.6455,-20.480147],[-54.645491,-20.480146],[-54.64549,-20.480155],[-54.645481,-20.480155],[-54.645481,-20.480164],[-54.645471,-20.480164],[-54.645471,-20.480182],[-54.645461,-20.480182],[-54.645461,-20.480191],[-54.645452,-20.480191],[-54.645451,-20.480209],[-54.645442,-20.480209],[-54.645442,-20.480218],[-54.645432,-20.480218],[-54.645432,-20.480227],[-54.645422,-20.480227],[-54.645422,-20.480263],[-54.645431,-20.480263],[-54.645427,-20.480552],[-54.645437,-20.480552],[-54.645431,-20.48094],[-54.64544,-20.48094],[-54.645439,-20.48104],[-54.645429,-20.48104],[-54.645429,-20.481049],[-54.645419,-20.481048],[-54.645419,-20.481076],[-54.645429,-20.481076],[-54.645428,-20.481103],[-54.645438,-20.481103],[-54.645437,-20.48113],[-54.645447,-20.48113],[-54.645446,-20.481157],[-54.645456,-20.481157],[-54.645456,-20.481184],[-54.645465,-20.481185],[-54.645465,-20.481212],[-54.645474,-20.481212],[-54.645474,-20.481239],[-54.645484,-20.481239],[-54.645483,-20.481266],[-54.645493,-20.481266],[-54.645492,-20.481293],[-54.645502,-20.481293],[-54.645501,-20.48132],[-54.645511,-20.481321],[-54.645511,-20.481339],[-54.64552,-20.481339],[-54.64552,-20.481366],[-54.64553,-20.481366],[-54.645529,-20.481393],[-54.645539,-20.481393],[-54.645538,-20.48142],[-54.645548,-20.48142],[-54.645548,-20.481429],[-54.645557,-20.48143],[-54.645557,-20.481439],[-54.645567,-20.481439],[-54.645567,-20.481448],[-54.645576,-20.481448],[-54.645576,-20.481457],[-54.645586,-20.481457],[-54.645585,-20.481466],[-54.645595,-20.481466],[-54.645595,-20.481475],[-54.645604,-20.481475],[-54.645604,-20.481484],[-54.645614,-20.481485],[-54.645614,-20.481494],[-54.645623,-20.481494],[-54.645623,-20.481503],[-54.645633,-20.481503],[-54.645633,-20.481512],[-54.645642,-20.481512],[-54.645642,-20.481521],[-54.645652,-20.481521],[-54.645652,-20.48153],[-54.645661,-20.48153],[-54.645661,-20.481539],[-54.645671,-20.48154],[-54.64567,-20.481549],[-54.64568,-20.481549],[-54.64568,-20.481558],[-54.645689,-20.481558],[-54.645689,-20.481567],[-54.645699,-20.481567],[-54.645699,-20.481576],[-54.645708,-20.481576],[-54.645708,-20.481585],[-54.645718,-20.481585],[-54.645718,-20.481594],[-54.645727,-20.481594],[-54.645727,-20.481603],[-54.645737,-20.481604],[-54.645727,-20.482227],[-54.645718,-20.482226],[-54.645716,-20.482353],[-54.645706,-20.482353],[-54.645704,-20.48247],[-54.645695,-20.48247],[-54.645693,-20.482587],[-54.645683,-20.482587],[-54.645682,-20.482705],[-54.645672,-20.482704],[-54.64567,-20.482822],[-54.645661,-20.482822],[-54.64566,-20.482849],[-54.64567,-20.482849],[-54.64567,-20.482858],[-54.645668,-20.482939],[-54.645678,-20.482939],[-54.645676,-20.483039],[-54.645686,-20.483039],[-54.645684,-20.483147],[-54.645694,-20.483147],[-54.645692,-20.483256],[-54.645702,-20.483256],[-54.6457,-20.483364],[-54.64571,-20.483364],[-54.645709,-20.483436],[-54.645699,-20.483436],[-54.645692,-20.483933],[-54.645682,-20.483933],[-54.645681,-20.483987],[-54.645672,-20.483987],[-54.645671,-20.483996],[-54.645662,-20.483996],[-54.645662,-20.484005],[-54.645652,-20.484005],[-54.645652,-20.484014],[-54.645642,-20.484013],[-54.645642,-20.484022],[-54.645633,-20.484022],[-54.645633,-20.484031],[-54.645623,-20.484031],[-54.645623,-20.48404],[-54.645613,-20.48404],[-54.645613,-20.484049],[-54.645604,-20.484049],[-54.645603,-20.484058],[-54.645594,-20.484058],[-54.645594,-20.484067],[-54.645584,-20.484067],[-54.645584,-20.484076],[-54.645574,-20.484076],[-54.645574,-20.484085],[-54.645565,-20.484085],[-54.645565,-20.484094],[-54.645555,-20.484094],[-54.645555,-20.484103],[-54.645545,-20.484102],[-54.645545,-20.48413],[-54.645535,-20.484129],[-54.645535,-20.484147],[-54.645525,-20.484147],[-54.645525,-20.484174],[-54.645515,-20.484174],[-54.645515,-20.484201],[-54.645505,-20.484201],[-54.645505,-20.484219],[-54.645496,-20.484219],[-54.645495,-20.484246],[-54.645486,-20.484246],[-54.645485,-20.484264],[-54.645476,-20.484264],[-54.645475,-20.484291],[-54.645466,-20.484291],[-54.645465,-20.484318],[-54.645456,-20.484318],[-54.645455,-20.484336],[-54.645446,-20.484336],[-54.645445,-20.484363],[-54.645436,-20.484363],[-54.645436,-20.484381],[-54.645426,-20.484381],[-54.645426,-20.484408],[-54.645416,-20.484408],[-54.645416,-20.484426],[-54.645406,-20.484426],[-54.645406,-20.484453],[-54.645396,-20.484453],[-54.645396,-20.484471],[-54.645377,-20.48447],[-54.645377,-20.484479],[-54.645367,-20.484479],[-54.645367,-20.484488],[-54.645357,-20.484488],[-54.645357,-20.484497],[-54.645338,-20.484497],[-54.645338,-20.484506],[-54.645328,-20.484506],[-54.645328,-20.484515],[-54.645309,-20.484515],[-54.645309,-20.484524],[-54.645299,-20.484524],[-54.645299,-20.484533],[-54.64528,-20.484532],[-54.64528,-20.484541],[-54.64527,-20.484541],[-54.64527,-20.48455],[-54.645251,-20.48455],[-54.645251,-20.484559],[-54.645241,-20.484559],[-54.645241,-20.484568],[-54.645222,-20.484568],[-54.645222,-20.484577],[-54.645212,-20.484577],[-54.645212,-20.484586],[-54.645193,-20.484585],[-54.645193,-20.484594],[-54.645183,-20.484594],[-54.645183,-20.484603],[-54.645164,-20.484603],[-54.645164,-20.484612],[-54.645154,-20.484612],[-54.645154,-20.484621],[-54.645144,-20.484621],[-54.645144,-20.48463],[-54.645135,-20.48463],[-54.645135,-20.484639],[-54.645115,-20.484638],[-54.645115,-20.484647],[-54.645106,-20.484647],[-54.645106,-20.484656],[-54.645096,-20.484656],[-54.645096,-20.484665],[-54.645077,-20.484665],[-54.645076,-20.484674],[-54.645067,-20.484674],[-54.645067,-20.484683],[-54.645057,-20.484683],[-54.645057,-20.484692],[-54.645038,-20.484692],[-54.645038,-20.484701],[-54.645028,-20.4847],[-54.645028,-20.484709],[-54.645018,-20.484709],[-54.645018,-20.484718],[-54.645009,-20.484718],[-54.645009,-20.484727],[-54.644989,-20.484727],[-54.644989,-20.484736],[-54.64498,-20.484736],[-54.64498,-20.484745],[-54.64497,-20.484745],[-54.64497,-20.484754],[-54.644951,-20.484754],[-54.644951,-20.484763],[-54.644941,-20.484762],[-54.644941,-20.484772],[-54.644931,-20.484771],[-54.644931,-20.48478],[-54.644912,-20.48478],[-54.644912,-20.484789],[-54.644902,-20.484789],[-54.644902,-20.484798],[-54.644893,-20.484798],[-54.644892,-20.484807],[-54.644883,-20.484807],[-54.644883,-20.484816],[-54.644873,-20.484816],[-54.644873,-20.484825],[-54.644863,-20.484825],[-54.644863,-20.484834],[-54.644854,-20.484834],[-54.644854,-20.484843],[-54.644844,-20.484842],[-54.644844,-20.484851],[-54.644834,-20.484851],[-54.644834,-20.48486],[-54.644824,-20.48486],[-54.644824,-20.484869],[-54.644815,-20.484869],[-54.644815,-20.484878],[-54.644805,-20.484878],[-54.644805,-20.484887],[-54.644795,-20.484887],[-54.644795,-20.484896],[-54.644786,-20.484896],[-54.644785,-20.484905],[-54.644776,-20.484905],[-54.644776,-20.484914],[-54.644766,-20.484914],[-54.644766,-20.484923],[-54.644756,-20.484923],[-54.644756,-20.484932],[-54.644747,-20.484931],[-54.644747,-20.48494],[-54.644737,-20.48494],[-54.644737,-20.484949],[-54.644727,-20.484949],[-54.644727,-20.484958],[-54.644718,-20.484958],[-54.644717,-20.484967],[-54.644708,-20.484967],[-54.644708,-20.484976],[-54.644698,-20.484976],[-54.644698,-20.484985],[-54.644688,-20.484985],[-54.644688,-20.484994],[-54.644679,-20.484994],[-54.644679,-20.485003],[-54.644669,-20.485003],[-54.644669,-20.485012],[-54.644659,-20.485012],[-54.644659,-20.485021],[-54.64465,-20.48502],[-54.644649,-20.485029],[-54.64464,-20.485029],[-54.64464,-20.485038],[-54.64463,-20.485038],[-54.64463,-20.485056],[-54.64462,-20.485056],[-54.64462,-20.485065],[-54.644611,-20.485065],[-54.64461,-20.485074],[-54.644601,-20.485074],[-54.644601,-20.485083],[-54.644591,-20.485083],[-54.644591,-20.485092],[-54.644581,-20.485092],[-54.644581,-20.485101],[-54.644572,-20.485101],[-54.644572,-20.48511],[-54.644562,-20.48511],[-54.644562,-20.485119],[-54.644552,-20.485118],[-54.644552,-20.485127],[-54.644542,-20.485127],[-54.644542,-20.485136],[-54.644533,-20.485136],[-54.644533,-20.485145],[-54.644523,-20.485145],[-54.644523,-20.485154],[-54.644513,-20.485154],[-54.644513,-20.485163],[-54.644504,-20.485163],[-54.644503,-20.485172],[-54.644494,-20.485172],[-54.644494,-20.485181],[-54.644484,-20.485181],[-54.644484,-20.48519],[-54.644474,-20.48519],[-54.644474,-20.485199],[-54.644465,-20.485199],[-54.644465,-20.485208],[-54.644455,-20.485207],[-54.644455,-20.485216],[-54.644445,-20.485216],[-54.644445,-20.485225],[-54.644436,-20.485225],[-54.64443,-20.485568],[-54.644421,-20.485568],[-54.64442,-20.485586],[-54.644411,-20.485586],[-54.644411,-20.485595],[-54.644401,-20.485595],[-54.644401,-20.485604],[-54.644391,-20.485604],[-54.644391,-20.485613],[-54.644401,-20.485613],[-54.644401,-20.485622],[-54.644391,-20.485622],[-54.644391,-20.485631],[-54.644381,-20.485631],[-54.644381,-20.48564],[-54.644257,-20.485638],[-54.644257,-20.485647],[-54.644237,-20.485647],[-54.644237,-20.485656],[-54.644228,-20.485656],[-54.644228,-20.485665],[-54.644218,-20.485665],[-54.644218,-20.485674],[-54.644208,-20.485674],[-54.644208,-20.485683],[-54.644199,-20.485683],[-54.644198,-20.485692],[-54.644189,-20.485691],[-54.644189,-20.4857],[-54.644179,-20.4857],[-54.644179,-20.485709],[-54.644169,-20.485709],[-54.644167,-20.485863],[-54.644148,-20.485862],[-54.644148,-20.485872],[-54.644138,-20.485871],[-54.644138,-20.48588],[-54.644128,-20.48588],[-54.644128,-20.485889],[-54.644119,-20.485889],[-54.644119,-20.485898],[-54.644099,-20.485898],[-54.644099,-20.485907],[-54.64408,-20.485907],[-54.64408,-20.485916],[-54.64407,-20.485916],[-54.64407,-20.485925],[-54.643984,-20.485923],[-54.643984,-20.485914],[-54.643936,-20.485914],[-54.643936,-20.485923],[-54.643927,-20.485923],[-54.643926,-20.485932],[-54.643917,-20.485932],[-54.643917,-20.485941],[-54.643907,-20.48594],[-54.643907,-20.48595],[-54.643897,-20.485949],[-54.643897,-20.485958],[-54.643888,-20.485958],[-54.643888,-20.485967],[-54.643878,-20.485967],[-54.643878,-20.485976],[-54.643868,-20.485976],[-54.643868,-20.485985],[-54.643859,-20.485985],[-54.643858,-20.485994],[-54.643849,-20.485994],[-54.643849,-20.486003],[-54.643839,-20.486003],[-54.643839,-20.486012],[-54.643829,-20.486012],[-54.643829,-20.486021],[-54.64382,-20.486021],[-54.64382,-20.48603],[-54.64381,-20.486029],[-54.64381,-20.486038],[-54.6438,-20.486038],[-54.6438,-20.486047],[-54.643791,-20.486047],[-54.64379,-20.486056],[-54.643781,-20.486056],[-54.643781,-20.486065],[-54.643771,-20.486065],[-54.643771,-20.486074],[-54.643761,-20.486074],[-54.643761,-20.486083],[-54.643752,-20.486083],[-54.643751,-20.486101],[-54.643742,-20.486101],[-54.643741,-20.486137],[-54.643732,-20.486137],[-54.643731,-20.486155],[-54.643722,-20.486155],[-54.643722,-20.486164],[-54.643693,-20.486163],[-54.643693,-20.486172],[-54.643664,-20.486172],[-54.643664,-20.486181],[-54.643654,-20.486181],[-54.643654,-20.48619],[-54.643645,-20.48619],[-54.643644,-20.486199],[-54.643635,-20.486199],[-54.643635,-20.486208],[-54.643625,-20.486208],[-54.643625,-20.486217],[-54.643615,-20.486216],[-54.643615,-20.486225],[-54.643606,-20.486225],[-54.643606,-20.486234],[-54.643596,-20.486234],[-54.643596,-20.486243],[-54.643586,-20.486243],[-54.643586,-20.486252],[-54.643577,-20.486252],[-54.643576,-20.486261],[-54.643567,-20.486261],[-54.643567,-20.48627],[-54.643557,-20.48627],[-54.643557,-20.486279],[-54.643547,-20.486279],[-54.643547,-20.486288],[-54.643538,-20.486288],[-54.643538,-20.486297],[-54.643528,-20.486297],[-54.643528,-20.486306],[-54.643518,-20.486305],[-54.643518,-20.486314],[-54.643509,-20.486314],[-54.643508,-20.486323],[-54.643499,-20.486323],[-54.643499,-20.486332],[-54.643489,-20.486332],[-54.643489,-20.486341],[-54.643479,-20.486341],[-54.643479,-20.48635],[-54.64347,-20.48635],[-54.643469,-20.486359],[-54.64346,-20.486359],[-54.64346,-20.486368],[-54.64345,-20.486368],[-54.64345,-20.486377],[-54.64344,-20.486377],[-54.64344,-20.486386],[-54.643431,-20.486386],[-54.643431,-20.486395],[-54.643421,-20.486394],[-54.643421,-20.486403],[-54.643411,-20.486403],[-54.643407,-20.48671],[-54.643397,-20.48671],[-54.643397,-20.486719],[-54.643387,-20.486719],[-54.643387,-20.486728],[-54.643378,-20.486728],[-54.643377,-20.486737],[-54.643368,-20.486737],[-54.643368,-20.486746],[-54.643358,-20.486746],[-54.643358,-20.486755],[-54.643348,-20.486755],[-54.643348,-20.486764],[-54.643339,-20.486764],[-54.643339,-20.486773],[-54.643329,-20.486772],[-54.643329,-20.486781],[-54.643319,-20.486781],[-54.643319,-20.48679],[-54.64331,-20.48679],[-54.643309,-20.486799],[-54.6433,-20.486799],[-54.6433,-20.486808],[-54.64329,-20.486808],[-54.64329,-20.486817],[-54.64328,-20.486817],[-54.64328,-20.486826],[-54.643271,-20.486826],[-54.643271,-20.486835],[-54.643261,-20.486835],[-54.643261,-20.486844],[-54.643251,-20.486844],[-54.643251,-20.486853],[-54.643242,-20.486853],[-54.643241,-20.486862],[-54.643232,-20.486861],[-54.643232,-20.48687],[-54.643222,-20.48687],[-54.643222,-20.486879],[-54.643212,-20.486879],[-54.643212,-20.486888],[-54.643203,-20.486888],[-54.643203,-20.486897],[-54.643193,-20.486897],[-54.643193,-20.486906],[-54.643174,-20.486906],[-54.643173,-20.486915],[-54.643164,-20.486915],[-54.643164,-20.486924],[-54.643145,-20.486923],[-54.643144,-20.486933],[-54.643135,-20.486932],[-54.643135,-20.486941],[-54.642732,-20.486936],[-54.642732,-20.486945],[-54.642684,-20.486944],[-54.642684,-20.486935],[-54.642675,-20.486935],[-54.642675,-20.486926],[-54.642378,-20.486922],[-54.642378,-20.486931],[-54.642368,-20.486931],[-54.642368,-20.48694],[-54.642359,-20.48694],[-54.642358,-20.486949],[-54.642349,-20.486949],[-54.642349,-20.486958],[-54.642339,-20.486958],[-54.642339,-20.486967],[-54.642329,-20.486967],[-54.642329,-20.486976],[-54.64232,-20.486975],[-54.64232,-20.486985],[-54.64231,-20.486984],[-54.64231,-20.486993],[-54.6423,-20.486993],[-54.6423,-20.487002],[-54.64229,-20.487002],[-54.64229,-20.487011],[-54.642281,-20.487011],[-54.642281,-20.48702],[-54.642271,-20.48702],[-54.642271,-20.487029],[-54.642261,-20.487029],[-54.642261,-20.487038],[-54.642252,-20.487038],[-54.642251,-20.487047],[-54.642242,-20.487047],[-54.642242,-20.487056],[-54.642232,-20.487056],[-54.642232,-20.487065],[-54.642222,-20.487064],[-54.642222,-20.487074],[-54.642213,-20.487073],[-54.642213,-20.487082],[-54.642203,-20.487082],[-54.642203,-20.487091],[-54.642193,-20.487091],[-54.642193,-20.4871],[-54.642184,-20.4871],[-54.642183,-20.487109],[-54.642174,-20.487109],[-54.642174,-20.487118],[-54.642164,-20.487118],[-54.642164,-20.487127],[-54.642154,-20.487127],[-54.642154,-20.487136],[-54.642145,-20.487136],[-54.642145,-20.487145],[-54.642135,-20.487145],[-54.642135,-20.487154],[-54.642125,-20.487153],[-54.642125,-20.487162],[-54.642116,-20.487162],[-54.642115,-20.487171],[-54.642106,-20.487171],[-54.642106,-20.48718],[-54.642096,-20.48718],[-54.642096,-20.487189],[-54.642086,-20.487189],[-54.642086,-20.487198],[-54.642077,-20.487198],[-54.642077,-20.487207],[-54.642067,-20.487207],[-54.642067,-20.487216],[-54.642057,-20.487216],[-54.642057,-20.487225],[-54.642048,-20.487225],[-54.642047,-20.487234],[-54.642038,-20.487234],[-54.642038,-20.487243],[-54.642028,-20.487242],[-54.642028,-20.487251],[-54.642018,-20.487251],[-54.642018,-20.48726],[-54.642009,-20.48726],[-54.642008,-20.487269],[-54.641999,-20.487269],[-54.641999,-20.487278],[-54.641989,-20.487278],[-54.641989,-20.487287],[-54.641979,-20.487287],[-54.641979,-20.487296],[-54.64197,-20.487296],[-54.64197,-20.487305],[-54.64196,-20.487305],[-54.64196,-20.487314],[-54.64195,-20.487314],[-54.64195,-20.487323],[-54.641941,-20.487323],[-54.64194,-20.487332],[-54.641931,-20.487331],[-54.641931,-20.48734],[-54.641921,-20.48734],[-54.641921,-20.487349],[-54.641911,-20.487349],[-54.641911,-20.487358],[-54.641854,-20.487357],[-54.641854,-20.487366],[-54.641844,-20.487366],[-54.641844,-20.487375],[-54.641834,-20.487375],[-54.641834,-20.487384],[-54.641825,-20.487384],[-54.641825,-20.487393],[-54.641815,-20.487393],[-54.641815,-20.487402],[-54.641805,-20.487402],[-54.641805,-20.487411],[-54.641795,-20.487411],[-54.641795,-20.48742],[-54.641786,-20.48742],[-54.641786,-20.487429],[-54.641766,-20.487429],[-54.641766,-20.487438],[-54.641757,-20.487437],[-54.641757,-20.487446],[-54.641747,-20.487446],[-54.641747,-20.487455],[-54.641737,-20.487455],[-54.641737,-20.487464],[-54.641728,-20.487464],[-54.641727,-20.487473],[-54.641718,-20.487473],[-54.641718,-20.487482],[-54.641708,-20.487482],[-54.641708,-20.487491],[-54.641698,-20.487491],[-54.641698,-20.4875],[-54.641689,-20.4875],[-54.641689,-20.487509],[-54.641679,-20.487509],[-54.641679,-20.487518],[-54.641669,-20.487518],[-54.641669,-20.487527],[-54.64166,-20.487526],[-54.641659,-20.487535],[-54.64165,-20.487535],[-54.64165,-20.487544],[-54.64164,-20.487544],[-54.64164,-20.487553],[-54.64163,-20.487553],[-54.64163,-20.487562],[-54.641621,-20.487562],[-54.641621,-20.487571],[-54.641611,-20.487571],[-54.641611,-20.48758],[-54.641601,-20.48758],[-54.641601,-20.487589],[-54.641592,-20.487589],[-54.641591,-20.487598],[-54.641582,-20.487598],[-54.641582,-20.487607],[-54.641572,-20.487606],[-54.641572,-20.487616],[-54.641543,-20.487615],[-54.641543,-20.487624],[-54.641304,-20.487621],[-54.641303,-20.48763],[-54.641275,-20.48763],[-54.641274,-20.487639],[-54.641198,-20.487638],[-54.641198,-20.487647],[-54.64115,-20.487646],[-54.64115,-20.487655],[-54.64114,-20.487655],[-54.64114,-20.487664],[-54.64113,-20.487664],[-54.64113,-20.487673],[-54.641121,-20.487673],[-54.641121,-20.487682],[-54.641111,-20.487682],[-54.641111,-20.487691],[-54.641101,-20.48769],[-54.641101,-20.487699],[-54.641091,-20.487699],[-54.641091,-20.487708],[-54.641082,-20.487708],[-54.641082,-20.487717],[-54.641072,-20.487717],[-54.641072,-20.487726],[-54.641062,-20.487726],[-54.641062,-20.487735],[-54.641053,-20.487735],[-54.641052,-20.487744],[-54.641043,-20.487744],[-54.641043,-20.487753],[-54.641033,-20.487753],[-54.641033,-20.487762],[-54.641023,-20.487762],[-54.641023,-20.487771],[-54.641014,-20.48777],[-54.641014,-20.48778],[-54.641004,-20.487779],[-54.641004,-20.487788],[-54.640994,-20.487788],[-54.640994,-20.487797],[-54.640985,-20.487797],[-54.640984,-20.487806],[-54.640975,-20.487806],[-54.640975,-20.487815],[-54.640965,-20.487815],[-54.640965,-20.487824],[-54.640955,-20.487824],[-54.640955,-20.487833],[-54.640946,-20.487833],[-54.640946,-20.487842],[-54.640936,-20.487842],[-54.640936,-20.487851],[-54.640926,-20.487851],[-54.640926,-20.48786],[-54.640917,-20.487859],[-54.640916,-20.487868],[-54.640907,-20.487868],[-54.640907,-20.487877],[-54.640897,-20.487877],[-54.640897,-20.487886],[-54.640887,-20.487886],[-54.640887,-20.487895],[-54.640878,-20.487895],[-54.640878,-20.487904],[-54.640868,-20.487904],[-54.640868,-20.487913],[-54.640858,-20.487913],[-54.640858,-20.487922],[-54.640848,-20.487922],[-54.640848,-20.487931],[-54.640839,-20.487931],[-54.640839,-20.48794],[-54.640829,-20.48794],[-54.640829,-20.487949],[-54.640819,-20.487948],[-54.640819,-20.487957],[-54.64081,-20.487957],[-54.640809,-20.487966],[-54.6408,-20.487966],[-54.6408,-20.487984],[-54.64079,-20.487984],[-54.64079,-20.488002],[-54.64078,-20.488002],[-54.64078,-20.488011],[-54.64077,-20.488011],[-54.64077,-20.48802],[-54.640761,-20.48802],[-54.640761,-20.488029],[-54.640751,-20.488029],[-54.640751,-20.488038],[-54.640741,-20.488038],[-54.640741,-20.488047],[-54.640732,-20.488047],[-54.640731,-20.488056],[-54.640722,-20.488055],[-54.640722,-20.488065],[-54.640712,-20.488064],[-54.640712,-20.488073],[-54.640702,-20.488073],[-54.640702,-20.4881],[-54.640692,-20.4881],[-54.640692,-20.488109],[-54.640683,-20.488109],[-54.640683,-20.488118],[-54.640673,-20.488118],[-54.640673,-20.488127],[-54.640663,-20.488127],[-54.640663,-20.488136],[-54.640654,-20.488136],[-54.640653,-20.488145],[-54.640644,-20.488145],[-54.640644,-20.488154],[-54.640634,-20.488154],[-54.640634,-20.488163],[-54.640624,-20.488163],[-54.640624,-20.488172],[-54.640615,-20.488171],[-54.640615,-20.48818],[-54.640605,-20.48818],[-54.640605,-20.488189],[-54.640595,-20.488189],[-54.640595,-20.488198],[-54.640586,-20.488198],[-54.640585,-20.488207],[-54.640576,-20.488207],[-54.640576,-20.488216],[-54.640566,-20.488216],[-54.640566,-20.488225],[-54.640556,-20.488225],[-54.640556,-20.488234],[-54.640547,-20.488234],[-54.640546,-20.488243],[-54.640537,-20.488243],[-54.640537,-20.488252],[-54.640527,-20.488252],[-54.640527,-20.488261],[-54.640517,-20.48826],[-54.640517,-20.488269],[-54.640508,-20.488269],[-54.640508,-20.488278],[-54.640498,-20.488278],[-54.640498,-20.488287],[-54.640488,-20.488287],[-54.640488,-20.488296],[-54.640479,-20.488296],[-54.640478,-20.488305],[-54.640469,-20.488305],[-54.640469,-20.488314],[-54.640459,-20.488314],[-54.640459,-20.488323],[-54.640449,-20.488323],[-54.640449,-20.488332],[-54.64044,-20.488332],[-54.64044,-20.488341],[-54.64043,-20.48834],[-54.64043,-20.48835],[-54.64042,-20.488349],[-54.64042,-20.488358],[-54.640411,-20.488358],[-54.64041,-20.488367],[-54.640401,-20.488367],[-54.640401,-20.488376],[-54.640391,-20.488376],[-54.640391,-20.488385],[-54.640381,-20.488385],[-54.640381,-20.488394],[-54.640372,-20.488394],[-54.640372,-20.488403],[-54.640362,-20.488403],[-54.640362,-20.488412],[-54.640352,-20.488412],[-54.640352,-20.488421],[-54.640343,-20.488421],[-54.640342,-20.48843],[-54.640333,-20.488429],[-54.640333,-20.488439],[-54.640323,-20.488438],[-54.640323,-20.488447],[-54.640313,-20.488447],[-54.640313,-20.488456],[-54.640304,-20.488456],[-54.640303,-20.488465],[-54.640294,-20.488465],[-54.640294,-20.488474],[-54.640284,-20.488474],[-54.640284,-20.488483],[-54.640274,-20.488483],[-54.640274,-20.488492],[-54.640265,-20.488492],[-54.640265,-20.488501],[-54.640255,-20.488501],[-54.640255,-20.48851],[-54.640245,-20.48851],[-54.640245,-20.488519],[-54.640236,-20.488518],[-54.640235,-20.488527],[-54.640226,-20.488527],[-54.640226,-20.488536],[-54.640216,-20.488536],[-54.640216,-20.488545],[-54.640206,-20.488545],[-54.640206,-20.488554],[-54.640043,-20.488552],[-54.640043,-20.488561],[-54.640034,-20.488561],[-54.640033,-20.488579],[-54.640024,-20.488579],[-54.640024,-20.488588],[-54.640014,-20.488588],[-54.640014,-20.488597],[-54.640004,-20.488597],[-54.640004,-20.488606],[-54.639995,-20.488605],[-54.639994,-20.488624],[-54.639985,-20.488623],[-54.639985,-20.488632],[-54.639975,-20.488632],[-54.639975,-20.488641],[-54.639965,-20.488641],[-54.639965,-20.48865],[-54.639956,-20.48865],[-54.639956,-20.488659],[-54.639946,-20.488659],[-54.639946,-20.488677],[-54.639936,-20.488677],[-54.639936,-20.488686],[-54.639926,-20.488686],[-54.639926,-20.488695],[-54.639917,-20.488695],[-54.639917,-20.488704],[-54.639907,-20.488704],[-54.639907,-20.488713],[-54.639897,-20.488713],[-54.639897,-20.488722],[-54.639878,-20.488721],[-54.639878,-20.48873],[-54.639859,-20.48873],[-54.639859,-20.488721],[-54.63983,-20.488721],[-54.63983,-20.488712],[-54.639801,-20.488711],[-54.639802,-20.488702],[-54.639773,-20.488702],[-54.639773,-20.488693],[-54.639744,-20.488692],[-54.639744,-20.488683],[-54.639706,-20.488683],[-54.639706,-20.488674],[-54.639677,-20.488673],[-54.639678,-20.488664],[-54.639649,-20.488664],[-54.639649,-20.488655],[-54.63963,-20.488655],[-54.63963,-20.488646],[-54.639611,-20.488645],[-54.639611,-20.488636],[-54.639582,-20.488636],[-54.639582,-20.488627],[-54.639544,-20.488626],[-54.639544,-20.488617],[-54.639506,-20.488617],[-54.639506,-20.488608],[-54.639429,-20.488607],[-54.639429,-20.488616],[-54.63941,-20.488616],[-54.63941,-20.488625],[-54.6394,-20.488624],[-54.6394,-20.488634],[-54.63939,-20.488633],[-54.63939,-20.488642],[-54.639381,-20.488642],[-54.639381,-20.488651],[-54.639371,-20.488651],[-54.639371,-20.48866],[-54.639361,-20.48866],[-54.639361,-20.488669],[-54.639352,-20.488669],[-54.639351,-20.488678],[-54.639342,-20.488678],[-54.639342,-20.488687],[-54.639332,-20.488687],[-54.639332,-20.488696],[-54.639322,-20.488696],[-54.639322,-20.488705],[-54.639313,-20.488705],[-54.639313,-20.488714],[-54.639303,-20.488713],[-54.639303,-20.488723],[-54.639293,-20.488722],[-54.639293,-20.488731],[-54.639284,-20.488731],[-54.639283,-20.48874],[-54.639274,-20.48874],[-54.639274,-20.488749],[-54.639264,-20.488749],[-54.639264,-20.488758],[-54.639254,-20.488758],[-54.639254,-20.488767],[-54.639245,-20.488767],[-54.639245,-20.488776],[-54.639235,-20.488776],[-54.639235,-20.488785],[-54.639225,-20.488785],[-54.639225,-20.488794],[-54.639216,-20.488794],[-54.639215,-20.488803],[-54.639081,-20.488801],[-54.639081,-20.488828],[-54.639071,-20.488828],[-54.639071,-20.488864],[-54.639061,-20.488864],[-54.639061,-20.4889],[-54.639051,-20.4889],[-54.63905,-20.488963],[-54.63904,-20.488963],[-54.63904,-20.488972],[-54.639031,-20.488972],[-54.639031,-20.488981],[-54.639021,-20.488981],[-54.639021,-20.48899],[-54.639011,-20.488989],[-54.639011,-20.488998],[-54.639002,-20.488998],[-54.639001,-20.489007],[-54.638992,-20.489007],[-54.638992,-20.489016],[-54.638982,-20.489016],[-54.638982,-20.489025],[-54.638972,-20.489025],[-54.638972,-20.489034],[-54.638963,-20.489034],[-54.638963,-20.489043],[-54.638953,-20.489043],[-54.638953,-20.489052],[-54.638943,-20.489052],[-54.638943,-20.489061],[-54.638934,-20.489061],[-54.638933,-20.48907],[-54.638924,-20.48907],[-54.638924,-20.489079],[-54.638914,-20.489078],[-54.638914,-20.489087],[-54.638904,-20.489087],[-54.638904,-20.489096],[-54.638895,-20.489096],[-54.638895,-20.489105],[-54.638885,-20.489105],[-54.638885,-20.489114],[-54.638875,-20.489114],[-54.638875,-20.489123],[-54.638865,-20.489123],[-54.638865,-20.489132],[-54.638856,-20.489132],[-54.638856,-20.489141],[-54.638846,-20.489141],[-54.638846,-20.48915],[-54.638836,-20.48915],[-54.638836,-20.489159],[-54.638827,-20.489159],[-54.638826,-20.489168],[-54.638817,-20.489167],[-54.638817,-20.489176],[-54.638807,-20.489176],[-54.638807,-20.489185],[-54.638797,-20.489185],[-54.638797,-20.489194],[-54.638788,-20.489194],[-54.638788,-20.489203],[-54.638778,-20.489203],[-54.638778,-20.489212],[-54.638768,-20.489212],[-54.638768,-20.489221],[-54.638759,-20.489221],[-54.638758,-20.48923],[-54.638749,-20.48923],[-54.638749,-20.489239],[-54.638739,-20.489239],[-54.638739,-20.489248],[-54.638729,-20.489248],[-54.638729,-20.489257],[-54.63872,-20.489256],[-54.63872,-20.489265],[-54.63871,-20.489265],[-54.63871,-20.489274],[-54.6387,-20.489274],[-54.6387,-20.489283],[-54.638691,-20.489283],[-54.63869,-20.489292],[-54.638681,-20.489292],[-54.638681,-20.489301],[-54.638671,-20.489301],[-54.638671,-20.48931],[-54.638661,-20.48931],[-54.638661,-20.489319],[-54.638652,-20.489319],[-54.638652,-20.489328],[-54.638642,-20.489328],[-54.638642,-20.489337],[-54.638632,-20.489336],[-54.638632,-20.489346],[-54.638622,-20.489345],[-54.638622,-20.489354],[-54.638613,-20.489354],[-54.638613,-20.489363],[-54.638603,-20.489363],[-54.638603,-20.489372],[-54.638593,-20.489372],[-54.638593,-20.489381],[-54.638584,-20.489381],[-54.638583,-20.48939],[-54.638574,-20.48939],[-54.638574,-20.489399],[-54.638564,-20.489399],[-54.638564,-20.489408],[-54.638545,-20.489408],[-54.638545,-20.489417],[-54.638535,-20.489416],[-54.638535,-20.489425],[-54.638525,-20.489425],[-54.638525,-20.489434],[-54.638516,-20.489434],[-54.638516,-20.489443],[-54.638506,-20.489443],[-54.638506,-20.489452],[-54.638496,-20.489452],[-54.638496,-20.489461],[-54.638487,-20.489461],[-54.638486,-20.48947],[-54.638477,-20.48947],[-54.638477,-20.489479],[-54.638467,-20.489479],[-54.638467,-20.489488],[-54.638457,-20.489488],[-54.638457,-20.489497],[-54.638448,-20.489497],[-54.638448,-20.489506],[-54.638438,-20.489505],[-54.638438,-20.489514],[-54.638428,-20.489514],[-54.638428,-20.489523],[-54.638419,-20.489523],[-54.638418,-20.489532],[-54.638409,-20.489532],[-54.638409,-20.489541],[-54.638399,-20.489541],[-54.638399,-20.48955],[-54.63838,-20.48955],[-54.63838,-20.489559],[-54.63836,-20.489559],[-54.63836,-20.489568],[-54.638351,-20.489567],[-54.638351,-20.489576],[-54.638341,-20.489576],[-54.638341,-20.489585],[-54.638331,-20.489585],[-54.638331,-20.489594],[-54.638322,-20.489594],[-54.638321,-20.489603],[-54.638312,-20.489603],[-54.638312,-20.489612],[-54.638302,-20.489612],[-54.638302,-20.489621],[-54.638292,-20.489621],[-54.638292,-20.48963],[-54.638283,-20.48963],[-54.638283,-20.489639],[-54.638273,-20.489639],[-54.638273,-20.489648],[-54.638263,-20.489648],[-54.638263,-20.489657],[-54.638254,-20.489656],[-54.638253,-20.489665],[-54.638244,-20.489665],[-54.638244,-20.489674],[-54.638234,-20.489674],[-54.638234,-20.489683],[-54.638224,-20.489683],[-54.638224,-20.489692],[-54.638215,-20.489692],[-54.638215,-20.489701],[-54.638205,-20.489701],[-54.638205,-20.48971],[-54.638195,-20.48971],[-54.638195,-20.489719],[-54.638186,-20.489719],[-54.638185,-20.489728],[-54.638176,-20.489728],[-54.638176,-20.489737],[-54.638166,-20.489737],[-54.638166,-20.489746],[-54.638156,-20.489745],[-54.638156,-20.489754],[-54.638147,-20.489754],[-54.638146,-20.489763],[-54.638137,-20.489763],[-54.638137,-20.489772],[-54.638127,-20.489772],[-54.638127,-20.489781],[-54.638117,-20.489781],[-54.638117,-20.48979],[-54.638108,-20.48979],[-54.638108,-20.489799],[-54.638098,-20.489799],[-54.638098,-20.489808],[-54.638088,-20.489808],[-54.638088,-20.489817],[-54.638079,-20.489817],[-54.638078,-20.489826],[-54.638069,-20.489825],[-54.638069,-20.489835],[-54.638059,-20.489834],[-54.638059,-20.489843],[-54.638049,-20.489843],[-54.638049,-20.489852],[-54.63804,-20.489852],[-54.63804,-20.489861],[-54.63803,-20.489861],[-54.63803,-20.48987],[-54.63802,-20.48987],[-54.63802,-20.489879],[-54.638011,-20.489879],[-54.63801,-20.489888],[-54.638001,-20.489888],[-54.638001,-20.489897],[-54.637991,-20.489897],[-54.637991,-20.489906],[-54.637981,-20.489906],[-54.637981,-20.489915],[-54.637972,-20.489914],[-54.637972,-20.489924],[-54.637962,-20.489923],[-54.637962,-20.489932],[-54.637952,-20.489932],[-54.637952,-20.489941],[-54.637943,-20.489941],[-54.637942,-20.48995],[-54.637923,-20.48995],[-54.637923,-20.489959],[-54.637913,-20.489959],[-54.637913,-20.489968],[-54.637904,-20.489968],[-54.637904,-20.489977],[-54.63775,-20.489975],[-54.63775,-20.489984],[-54.637664,-20.489983],[-54.637664,-20.489973],[-54.637549,-20.489972],[-54.637549,-20.489981],[-54.637511,-20.48998],[-54.637511,-20.489989],[-54.637501,-20.489989],[-54.637501,-20.489998],[-54.637472,-20.489998],[-54.637472,-20.490007],[-54.637443,-20.490007],[-54.637443,-20.490016],[-54.637414,-20.490015],[-54.637414,-20.490024],[-54.637405,-20.490024],[-54.637404,-20.490033],[-54.637395,-20.490033],[-54.637395,-20.490042],[-54.637385,-20.490042],[-54.637385,-20.490051],[-54.637375,-20.490051],[-54.637375,-20.49006],[-54.637366,-20.49006],[-54.637366,-20.490069],[-54.637356,-20.490069],[-54.637356,-20.490078],[-54.637346,-20.490078],[-54.637346,-20.490087],[-54.637337,-20.490086],[-54.637336,-20.490095],[-54.637327,-20.490095],[-54.637327,-20.490104],[-54.637317,-20.490104],[-54.637317,-20.490113],[-54.637307,-20.490113],[-54.637307,-20.490122],[-54.637298,-20.490122],[-54.637297,-20.490131],[-54.637288,-20.490131],[-54.637288,-20.49014],[-54.637278,-20.49014],[-54.637278,-20.490149],[-54.637268,-20.490149],[-54.637268,-20.490158],[-54.637259,-20.490158],[-54.637259,-20.490167],[-54.637249,-20.490167],[-54.637249,-20.490176],[-54.637239,-20.490175],[-54.637239,-20.490184],[-54.63723,-20.490184],[-54.637229,-20.490193],[-54.63722,-20.490193],[-54.63722,-20.490202],[-54.63721,-20.490202],[-54.63721,-20.490211],[-54.6372,-20.490211],[-54.6372,-20.49022],[-54.637191,-20.49022],[-54.637191,-20.490229],[-54.637181,-20.490229],[-54.637181,-20.490238],[-54.637171,-20.490238],[-54.637171,-20.490247],[-54.637162,-20.490247],[-54.637161,-20.490256],[-54.637152,-20.490255],[-54.637152,-20.490265],[-54.637142,-20.490264],[-54.637142,-20.490273],[-54.637123,-20.490273],[-54.637123,-20.490264],[-54.637113,-20.490264],[-54.637114,-20.490255],[-54.637104,-20.490255],[-54.637104,-20.490246],[-54.637094,-20.490246],[-54.637095,-20.490237],[-54.637085,-20.490237],[-54.637085,-20.490228],[-54.637076,-20.490227],[-54.637076,-20.490218],[-54.637057,-20.490218],[-54.637057,-20.490209],[-54.637047,-20.490209],[-54.637047,-20.4902],[-54.637038,-20.4902],[-54.637038,-20.490191],[-54.636923,-20.490189],[-54.636923,-20.490198],[-54.636913,-20.490198],[-54.636913,-20.490216],[-54.636894,-20.490216],[-54.636894,-20.490225],[-54.636884,-20.490225],[-54.636884,-20.490234],[-54.636874,-20.490234],[-54.636874,-20.490243],[-54.636855,-20.490242],[-54.636855,-20.490251],[-54.636845,-20.490251],[-54.636845,-20.49026],[-54.636836,-20.49026],[-54.636835,-20.490269],[-54.636826,-20.490269],[-54.636826,-20.490278],[-54.636816,-20.490278],[-54.636816,-20.490287],[-54.636806,-20.490287],[-54.636806,-20.490296],[-54.636797,-20.490296],[-54.636796,-20.490305],[-54.636787,-20.490305],[-54.636787,-20.490314],[-54.636777,-20.490314],[-54.636777,-20.490323],[-54.636767,-20.490323],[-54.636767,-20.490332],[-54.636758,-20.490331],[-54.636758,-20.49034],[-54.636748,-20.49034],[-54.636748,-20.490349],[-54.636738,-20.490349],[-54.636738,-20.490358],[-54.636729,-20.490358],[-54.636728,-20.490367],[-54.636719,-20.490367],[-54.636719,-20.490376],[-54.636709,-20.490376],[-54.636709,-20.490385],[-54.636699,-20.490385],[-54.636699,-20.490394],[-54.63669,-20.490394],[-54.63669,-20.490403],[-54.63668,-20.490403],[-54.63668,-20.490412],[-54.63667,-20.490411],[-54.63667,-20.490421],[-54.636661,-20.49042],[-54.63666,-20.490429],[-54.636651,-20.490429],[-54.636651,-20.490438],[-54.636641,-20.490438],[-54.636639,-20.490592],[-54.636629,-20.490592],[-54.636629,-20.490619],[-54.636619,-20.490618],[-54.636619,-20.490646],[-54.636609,-20.490645],[-54.636609,-20.490654],[-54.636599,-20.490654],[-54.636599,-20.490663],[-54.63659,-20.490663],[-54.63659,-20.490672],[-54.63658,-20.490672],[-54.63658,-20.490681],[-54.63657,-20.490681],[-54.63657,-20.49069],[-54.636561,-20.49069],[-54.63656,-20.490699],[-54.636551,-20.490699],[-54.636551,-20.490708],[-54.636541,-20.490708],[-54.636541,-20.490717],[-54.636531,-20.490717],[-54.636531,-20.490726],[-54.636522,-20.490726],[-54.636522,-20.490735],[-54.636512,-20.490734],[-54.636512,-20.490743],[-54.636502,-20.490743],[-54.636502,-20.490761],[-54.636492,-20.490761],[-54.636492,-20.49077],[-54.636483,-20.49077],[-54.636483,-20.490779],[-54.636473,-20.490779],[-54.636473,-20.490788],[-54.636463,-20.490788],[-54.636463,-20.490797],[-54.636454,-20.490797],[-54.636453,-20.490806],[-54.636444,-20.490806],[-54.636444,-20.490815],[-54.636424,-20.490815],[-54.636424,-20.490824],[-54.636415,-20.490823],[-54.636415,-20.490832],[-54.636386,-20.490832],[-54.636386,-20.490841],[-54.636357,-20.490841],[-54.636357,-20.49085],[-54.636319,-20.490849],[-54.636318,-20.490858],[-54.63629,-20.490858],[-54.636289,-20.490885],[-54.63628,-20.490885],[-54.63628,-20.490894],[-54.636251,-20.490893],[-54.636251,-20.490902],[-54.636241,-20.490902],[-54.636241,-20.490911],[-54.636231,-20.490911],[-54.636231,-20.49092],[-54.636222,-20.49092],[-54.636221,-20.490929],[-54.636212,-20.490929],[-54.636212,-20.490938],[-54.636202,-20.490938],[-54.636202,-20.490947],[-54.636192,-20.490947],[-54.636192,-20.490956],[-54.636183,-20.490956],[-54.636182,-20.490974],[-54.636173,-20.490974],[-54.636172,-20.49101],[-54.636163,-20.49101],[-54.636162,-20.491046],[-54.636153,-20.491046],[-54.636152,-20.491082],[-54.636142,-20.491082],[-54.636142,-20.491118],[-54.636132,-20.491118],[-54.636132,-20.491154],[-54.636122,-20.491154],[-54.636122,-20.49119],[-54.636112,-20.49119],[-54.636112,-20.491199],[-54.636122,-20.491199],[-54.636121,-20.491208],[-54.636131,-20.491208],[-54.636131,-20.491217],[-54.63614,-20.491217],[-54.63614,-20.491226],[-54.63615,-20.491226],[-54.63615,-20.491235],[-54.636159,-20.491235],[-54.636159,-20.491244],[-54.636169,-20.491244],[-54.636169,-20.491254],[-54.636178,-20.491254],[-54.636178,-20.491263],[-54.636188,-20.491263],[-54.636187,-20.491272],[-54.636197,-20.491272],[-54.636197,-20.491281],[-54.636206,-20.491281],[-54.636206,-20.49129],[-54.636216,-20.49129],[-54.636216,-20.491299],[-54.636225,-20.491299],[-54.636225,-20.491308],[-54.636235,-20.491309],[-54.636235,-20.491318],[-54.636244,-20.491318],[-54.636242,-20.491462],[-54.636232,-20.491462],[-54.636232,-20.491471],[-54.636223,-20.491471],[-54.636223,-20.49148],[-54.636213,-20.49148],[-54.636213,-20.491489],[-54.636203,-20.491489],[-54.636203,-20.491498],[-54.636194,-20.491498],[-54.636193,-20.491507],[-54.636184,-20.491507],[-54.636184,-20.491516],[-54.636174,-20.491515],[-54.636174,-20.491524],[-54.636164,-20.491524],[-54.636164,-20.491533],[-54.636155,-20.491533],[-54.636155,-20.491542],[-54.636145,-20.491542],[-54.636145,-20.491551],[-54.636135,-20.491551],[-54.636135,-20.49156],[-54.636126,-20.49156],[-54.636125,-20.491569],[-54.636116,-20.491569],[-54.636116,-20.491578],[-54.636106,-20.491578],[-54.636106,-20.491587],[-54.636096,-20.491587],[-54.636096,-20.491596],[-54.635962,-20.491594],[-54.635962,-20.491603],[-54.635952,-20.491603],[-54.635952,-20.491612],[-54.635943,-20.491612],[-54.635943,-20.491621],[-54.635933,-20.491621],[-54.635933,-20.49163],[-54.635923,-20.491629],[-54.635923,-20.491638],[-54.635914,-20.491638],[-54.635913,-20.491647],[-54.635904,-20.491647],[-54.635904,-20.491656],[-54.635894,-20.491656],[-54.635894,-20.491665],[-54.635884,-20.491665],[-54.635884,-20.491674],[-54.635875,-20.491674],[-54.635874,-20.491683],[-54.635865,-20.491683],[-54.635865,-20.491692],[-54.635855,-20.491692],[-54.635855,-20.491701],[-54.635845,-20.491701],[-54.635845,-20.49171],[-54.635836,-20.49171],[-54.635836,-20.491719],[-54.635826,-20.491718],[-54.635826,-20.491727],[-54.635816,-20.491727],[-54.635816,-20.491736],[-54.635797,-20.491736],[-54.635797,-20.491745],[-54.635787,-20.491745],[-54.635787,-20.491754],[-54.635778,-20.491754],[-54.635777,-20.491763],[-54.635768,-20.491763],[-54.635768,-20.491772],[-54.635758,-20.491772],[-54.635749,-20.491772],[-54.635749,-20.491763],[-54.635739,-20.491762],[-54.635739,-20.491753],[-54.63573,-20.491753],[-54.63573,-20.491744],[-54.63572,-20.491744],[-54.63572,-20.491735],[-54.635711,-20.491735],[-54.635711,-20.491726],[-54.635701,-20.491726],[-54.635701,-20.491717],[-54.635682,-20.491716],[-54.635682,-20.491707],[-54.635673,-20.491707],[-54.635673,-20.491698],[-54.635663,-20.491698],[-54.635664,-20.491689],[-54.635654,-20.491689],[-54.635654,-20.49168],[-54.635645,-20.49168],[-54.635645,-20.491671],[-54.635635,-20.491671],[-54.635635,-20.491662],[-54.635626,-20.491662],[-54.635626,-20.491652],[-54.635616,-20.491652],[-54.635616,-20.491643],[-54.635607,-20.491643],[-54.635607,-20.491634],[-54.635597,-20.491634],[-54.635597,-20.491625],[-54.635588,-20.491625],[-54.635588,-20.491616],[-54.635578,-20.491616],[-54.635579,-20.491607],[-54.635569,-20.491607],[-54.635569,-20.491598],[-54.63556,-20.491597],[-54.63556,-20.491588],[-54.63555,-20.491588],[-54.63555,-20.491579],[-54.635541,-20.491579],[-54.635541,-20.49157],[-54.635531,-20.49157],[-54.635531,-20.491561],[-54.635522,-20.491561],[-54.635522,-20.491552],[-54.635512,-20.491552],[-54.635512,-20.491543],[-54.635503,-20.491542],[-54.635503,-20.491533],[-54.635493,-20.491533],[-54.635494,-20.491524],[-54.635484,-20.491524],[-54.635484,-20.491515],[-54.635475,-20.491515],[-54.635475,-20.491506],[-54.635465,-20.491506],[-54.635465,-20.491497],[-54.635456,-20.491497],[-54.635456,-20.491488],[-54.635446,-20.491487],[-54.635446,-20.491478],[-54.635437,-20.491478],[-54.635437,-20.491469],[-54.635427,-20.491469],[-54.635427,-20.49146],[-54.635418,-20.49146],[-54.635418,-20.491451],[-54.635361,-20.49145],[-54.63536,-20.491459],[-54.635351,-20.491459],[-54.635351,-20.491468],[-54.635341,-20.491468],[-54.635341,-20.491477],[-54.635322,-20.491477],[-54.635322,-20.491486],[-54.635312,-20.491486],[-54.635312,-20.491495],[-54.635302,-20.491495],[-54.635302,-20.491504],[-54.635293,-20.491503],[-54.635293,-20.491512],[-54.635283,-20.491512],[-54.635283,-20.491521],[-54.635273,-20.491521],[-54.635273,-20.49153],[-54.635263,-20.49153],[-54.635263,-20.491539],[-54.635254,-20.491539],[-54.635254,-20.491548],[-54.635244,-20.491548],[-54.635244,-20.491557],[-54.635234,-20.491557],[-54.635234,-20.491566],[-54.635225,-20.491566],[-54.635224,-20.491575],[-54.635215,-20.491575],[-54.635215,-20.491584],[-54.635205,-20.491584],[-54.635205,-20.491593],[-54.635195,-20.491592],[-54.635195,-20.491601],[-54.635186,-20.491601],[-54.635186,-20.49161],[-54.635176,-20.49161],[-54.635176,-20.491619],[-54.635166,-20.491619],[-54.635166,-20.491628],[-54.635157,-20.491628],[-54.635156,-20.491637],[-54.635147,-20.491637],[-54.635147,-20.491646],[-54.635137,-20.491646],[-54.635137,-20.491655],[-54.635127,-20.491655],[-54.635127,-20.491664],[-54.635118,-20.491664],[-54.635118,-20.491673],[-54.635108,-20.491673],[-54.635108,-20.491682],[-54.635098,-20.491681],[-54.635098,-20.49169],[-54.635089,-20.49169],[-54.635088,-20.491699],[-54.635079,-20.491699],[-54.635079,-20.491708],[-54.635069,-20.491708],[-54.635069,-20.491717],[-54.635059,-20.491717],[-54.635059,-20.491726],[-54.63505,-20.491726],[-54.635046,-20.491961],[-54.635036,-20.491961],[-54.635036,-20.49197],[-54.635027,-20.491969],[-54.635027,-20.491978],[-54.635017,-20.491978],[-54.635017,-20.491987],[-54.635007,-20.491987],[-54.635007,-20.491996],[-54.634998,-20.491996],[-54.634997,-20.492005],[-54.634988,-20.492005],[-54.634988,-20.492014],[-54.634978,-20.492014],[-54.634978,-20.492023],[-54.634968,-20.492023],[-54.634968,-20.492032],[-54.634959,-20.492032],[-54.634959,-20.492041],[-54.634949,-20.492041],[-54.634949,-20.49205],[-54.634939,-20.492049],[-54.634939,-20.492059],[-54.63493,-20.492058],[-54.634929,-20.492067],[-54.63492,-20.492067],[-54.63492,-20.492076],[-54.63491,-20.492076],[-54.63491,-20.492085],[-54.6349,-20.492085],[-54.6349,-20.492094],[-54.634891,-20.492094],[-54.634891,-20.492103],[-54.634881,-20.492103],[-54.634881,-20.492112],[-54.634871,-20.492112],[-54.634871,-20.492121],[-54.634861,-20.492121],[-54.634861,-20.49213],[-54.634852,-20.49213],[-54.634851,-20.492175],[-54.634861,-20.492175],[-54.63486,-20.492247],[-54.634869,-20.492247],[-54.634868,-20.492328],[-54.634877,-20.492329],[-54.634876,-20.492401],[-54.634886,-20.492401],[-54.634885,-20.492473],[-54.634894,-20.492473],[-54.634893,-20.492546],[-54.634903,-20.492546],[-54.634902,-20.492618],[-54.634892,-20.492618],[-54.63489,-20.492735],[-54.634881,-20.492735],[-54.634881,-20.492744],[-54.634871,-20.492744],[-54.634871,-20.492753],[-54.634861,-20.492753],[-54.634861,-20.492762],[-54.634852,-20.492762],[-54.634852,-20.492771],[-54.634842,-20.492771],[-54.634842,-20.49278],[-54.634832,-20.492779],[-54.634832,-20.492789],[-54.634822,-20.492788],[-54.634822,-20.492797],[-54.634813,-20.492797],[-54.634813,-20.492806],[-54.634803,-20.492806],[-54.634803,-20.492815],[-54.634784,-20.492815],[-54.634784,-20.492824],[-54.634774,-20.492824],[-54.634774,-20.492833],[-54.634764,-20.492833],[-54.634764,-20.49286],[-54.634754,-20.49286],[-54.634754,-20.492878],[-54.634744,-20.492878],[-54.634744,-20.492887],[-54.634735,-20.492887],[-54.634734,-20.492905],[-54.634725,-20.492904],[-54.634725,-20.492913],[-54.634715,-20.492913],[-54.634715,-20.492931],[-54.634705,-20.492931],[-54.634705,-20.49294],[-54.634696,-20.49294],[-54.634695,-20.492958],[-54.634686,-20.492958],[-54.634686,-20.492967],[-54.634676,-20.492967],[-54.634676,-20.492985],[-54.634666,-20.492985],[-54.634666,-20.492994],[-54.634656,-20.492994],[-54.634656,-20.493012],[-54.634647,-20.493012],[-54.634646,-20.493021],[-54.634637,-20.493021],[-54.634637,-20.49303],[-54.634627,-20.49303],[-54.634627,-20.493048],[-54.634617,-20.493047],[-54.634617,-20.493057],[-54.634608,-20.493056],[-54.634607,-20.493065],[-54.634598,-20.493065],[-54.634598,-20.493074],[-54.634588,-20.493074],[-54.634588,-20.493083],[-54.634578,-20.493083],[-54.634578,-20.493092],[-54.634569,-20.493092],[-54.634568,-20.49311],[-54.634559,-20.49311],[-54.634558,-20.493146],[-54.634549,-20.493146],[-54.634548,-20.493182],[-54.634539,-20.493182],[-54.634538,-20.493218],[-54.634528,-20.493218],[-54.634528,-20.493254],[-54.634509,-20.493254],[-54.634509,-20.493263],[-54.63447,-20.493262],[-54.63447,-20.493271],[-54.634432,-20.493271],[-54.634432,-20.49328],[-54.634422,-20.49328],[-54.634419,-20.49346],[-54.634429,-20.49346],[-54.634429,-20.493478],[-54.634438,-20.493478],[-54.634438,-20.493497],[-54.634447,-20.493497],[-54.634447,-20.493515],[-54.634457,-20.493515],[-54.634456,-20.493533],[-54.634466,-20.493533],[-54.634466,-20.49356],[-54.634475,-20.49356],[-54.634475,-20.493578],[-54.634485,-20.493578],[-54.634484,-20.493597],[-54.634494,-20.493597],[-54.634494,-20.493615],[-54.634503,-20.493615],[-54.634503,-20.493633],[-54.634512,-20.493633],[-54.634512,-20.49366],[-54.634502,-20.49366],[-54.634502,-20.493669],[-54.634493,-20.493669],[-54.634493,-20.493678],[-54.634483,-20.493678],[-54.634483,-20.493687],[-54.634473,-20.493687],[-54.634473,-20.493696],[-54.634464,-20.493696],[-54.634463,-20.493705],[-54.634454,-20.493704],[-54.634454,-20.493713],[-54.634444,-20.493713],[-54.634444,-20.493722],[-54.634434,-20.493722],[-54.634434,-20.493731],[-54.634425,-20.493731],[-54.634425,-20.49374],[-54.634415,-20.49374],[-54.634415,-20.493749],[-54.634405,-20.493749],[-54.634405,-20.493758],[-54.634396,-20.493758],[-54.634395,-20.493767],[-54.634386,-20.493767],[-54.634386,-20.493776],[-54.634376,-20.493776],[-54.634376,-20.493785],[-54.634366,-20.493785],[-54.634366,-20.493794],[-54.634357,-20.493793],[-54.634356,-20.493802],[-54.634347,-20.493802],[-54.634347,-20.493811],[-54.634337,-20.493811],[-54.634337,-20.49382],[-54.634327,-20.49382],[-54.634327,-20.493829],[-54.634318,-20.493829],[-54.634318,-20.493838],[-54.634308,-20.493838],[-54.634308,-20.493847],[-54.634298,-20.493847],[-54.634298,-20.493856],[-54.634289,-20.493856],[-54.634288,-20.493865],[-54.634279,-20.493865],[-54.634279,-20.493874],[-54.634269,-20.493874],[-54.634269,-20.493883],[-54.634259,-20.493882],[-54.634259,-20.493891],[-54.63425,-20.493891],[-54.63425,-20.4939],[-54.63424,-20.4939],[-54.63424,-20.493909],[-54.63423,-20.493909],[-54.63423,-20.493918],[-54.634221,-20.493918],[-54.63422,-20.493927],[-54.634211,-20.493927],[-54.634211,-20.493936],[-54.634201,-20.493936],[-54.634201,-20.493945],[-54.634191,-20.493945],[-54.634191,-20.493954],[-54.634182,-20.493954],[-54.634182,-20.493963],[-54.634172,-20.493963],[-54.634172,-20.493972],[-54.634162,-20.493971],[-54.634162,-20.49398],[-54.634153,-20.49398],[-54.634152,-20.493989],[-54.634143,-20.493989],[-54.634143,-20.493998],[-54.634123,-20.493998],[-54.634123,-20.494007],[-54.634037,-20.494006],[-54.634037,-20.494015],[-54.634027,-20.494015],[-54.634027,-20.494024],[-54.634018,-20.494024],[-54.634018,-20.494033],[-54.634008,-20.494033],[-54.634008,-20.494042],[-54.633998,-20.494041],[-54.633998,-20.49405],[-54.633989,-20.49405],[-54.633988,-20.494059],[-54.633979,-20.494059],[-54.633979,-20.494068],[-54.633969,-20.494068],[-54.633969,-20.494077],[-54.633959,-20.494077],[-54.633959,-20.494086],[-54.63395,-20.494086],[-54.633949,-20.494095],[-54.63394,-20.494095],[-54.63394,-20.494104],[-54.63393,-20.494104],[-54.63393,-20.494113],[-54.63392,-20.494113],[-54.63392,-20.494122],[-54.633911,-20.494121],[-54.633911,-20.494131],[-54.633901,-20.49413],[-54.633901,-20.494139],[-54.633891,-20.494139],[-54.633891,-20.494148],[-54.633882,-20.494148],[-54.633881,-20.494157],[-54.633872,-20.494157],[-54.633872,-20.494166],[-54.633862,-20.494166],[-54.633862,-20.494175],[-54.633852,-20.494175],[-54.633852,-20.494184],[-54.633843,-20.494184],[-54.633843,-20.494193],[-54.633833,-20.494193],[-54.633832,-20.494256],[-54.633822,-20.494256],[-54.633819,-20.494509],[-54.633809,-20.494508],[-54.633805,-20.494788],[-54.633795,-20.494788],[-54.633795,-20.494815],[-54.633785,-20.494815],[-54.633785,-20.494833],[-54.633766,-20.494833],[-54.633766,-20.494842],[-54.633756,-20.494842],[-54.633756,-20.494851],[-54.633746,-20.494851],[-54.633742,-20.495113],[-54.633771,-20.495113],[-54.633771,-20.495122],[-54.63379,-20.495122],[-54.63379,-20.495131],[-54.633819,-20.495132],[-54.633818,-20.495141],[-54.633847,-20.495141],[-54.633847,-20.49515],[-54.633857,-20.49515],[-54.633856,-20.495159],[-54.633876,-20.495159],[-54.633875,-20.495169],[-54.633885,-20.495169],[-54.633885,-20.495196],[-54.633894,-20.495196],[-54.633894,-20.495241],[-54.633903,-20.495241],[-54.633902,-20.495286],[-54.633912,-20.495286],[-54.633912,-20.495295],[-54.633912,-20.495304],[-54.633902,-20.495304],[-54.633902,-20.495313],[-54.633892,-20.495313],[-54.633892,-20.495322],[-54.633883,-20.495322],[-54.633877,-20.495665],[-54.633868,-20.495665],[-54.633866,-20.495755],[-54.633847,-20.495755],[-54.633847,-20.495764],[-54.633838,-20.495764],[-54.633837,-20.495773],[-54.633828,-20.495773],[-54.633828,-20.495782],[-54.633818,-20.495782],[-54.633818,-20.495791],[-54.633808,-20.495791],[-54.633808,-20.4958],[-54.633799,-20.4958],[-54.633799,-20.495809],[-54.633789,-20.495808],[-54.633789,-20.495818],[-54.633779,-20.495817],[-54.633779,-20.495826],[-54.63377,-20.495826],[-54.633769,-20.495835],[-54.63376,-20.495835],[-54.63376,-20.495844],[-54.63375,-20.495844],[-54.63375,-20.495853],[-54.63374,-20.495853],[-54.63374,-20.495862],[-54.633731,-20.495862],[-54.633731,-20.495871],[-54.633721,-20.495871],[-54.633721,-20.49588],[-54.633711,-20.49588],[-54.633711,-20.495889],[-54.633702,-20.495889],[-54.633701,-20.495898],[-54.633692,-20.495897],[-54.633692,-20.495907],[-54.633682,-20.495906],[-54.633682,-20.495915],[-54.633672,-20.495915],[-54.633672,-20.495924],[-54.633663,-20.495924],[-54.633662,-20.495933],[-54.633653,-20.495933],[-54.633653,-20.495942],[-54.633643,-20.495942],[-54.633643,-20.495951],[-54.633633,-20.495951],[-54.633633,-20.49596],[-54.633624,-20.49596],[-54.633624,-20.495969],[-54.633614,-20.495969],[-54.633614,-20.495978],[-54.633604,-20.495978],[-54.633604,-20.495987],[-54.633595,-20.495986],[-54.633594,-20.495995],[-54.633585,-20.495995],[-54.633585,-20.496004],[-54.633575,-20.496004],[-54.633575,-20.496013],[-54.633565,-20.496013],[-54.633565,-20.496022],[-54.633556,-20.496022],[-54.633556,-20.496031],[-54.633546,-20.496031],[-54.633546,-20.49604],[-54.633536,-20.49604],[-54.633536,-20.496049],[-54.633527,-20.496049],[-54.633526,-20.496058],[-54.633517,-20.496058],[-54.633517,-20.496067],[-54.633507,-20.496067],[-54.633507,-20.496076],[-54.633497,-20.496075],[-54.633497,-20.496084],[-54.633488,-20.496084],[-54.633488,-20.496093],[-54.633478,-20.496093],[-54.633478,-20.496102],[-54.633468,-20.496102],[-54.633468,-20.496111],[-54.633458,-20.496111],[-54.633458,-20.49612],[-54.633449,-20.49612],[-54.633449,-20.496129],[-54.633439,-20.496129],[-54.633439,-20.496138],[-54.633429,-20.496138],[-54.633429,-20.496147],[-54.63342,-20.496147],[-54.633419,-20.496156],[-54.63341,-20.496156],[-54.63341,-20.496165],[-54.6334,-20.496164],[-54.6334,-20.496173],[-54.63339,-20.496173],[-54.63339,-20.496182],[-54.633381,-20.496182],[-54.633381,-20.496191],[-54.633371,-20.496191],[-54.633371,-20.4962],[-54.633361,-20.4962],[-54.633361,-20.496209],[-54.633352,-20.496209],[-54.633351,-20.496218],[-54.633342,-20.496218],[-54.633342,-20.496227],[-54.633332,-20.496227],[-54.633332,-20.496236],[-54.633322,-20.496236],[-54.633322,-20.496245],[-54.633313,-20.496244],[-54.633313,-20.496254],[-54.633303,-20.496253],[-54.633303,-20.496262],[-54.633293,-20.496262],[-54.633293,-20.496271],[-54.633284,-20.496271],[-54.633283,-20.49628],[-54.633274,-20.49628],[-54.633273,-20.496334],[-54.633263,-20.496334],[-54.633263,-20.496343],[-54.633254,-20.496343],[-54.633254,-20.496352],[-54.633244,-20.496352],[-54.633244,-20.496361],[-54.633234,-20.496361],[-54.633234,-20.49637],[-54.633225,-20.49637],[-54.633224,-20.496379],[-54.633215,-20.496379],[-54.633215,-20.496388],[-54.633205,-20.496388],[-54.633205,-20.496397],[-54.633195,-20.496396],[-54.633195,-20.496405],[-54.633186,-20.496405],[-54.633185,-20.496414],[-54.633166,-20.496414],[-54.633166,-20.496423],[-54.633157,-20.496423],[-54.633156,-20.496432],[-54.633147,-20.496432],[-54.633147,-20.496441],[-54.633128,-20.496441],[-54.633127,-20.49645],[-54.633118,-20.49645],[-54.633118,-20.496459],[-54.633108,-20.496458],[-54.633108,-20.496467],[-54.633098,-20.496467],[-54.633098,-20.496476],[-54.633089,-20.496476],[-54.633089,-20.496485],[-54.633079,-20.496485],[-54.633079,-20.496494],[-54.633069,-20.496494],[-54.633069,-20.496503],[-54.63306,-20.496503],[-54.633059,-20.496512],[-54.63305,-20.496512],[-54.63305,-20.496521],[-54.63304,-20.496521],[-54.63304,-20.49653],[-54.63303,-20.49653],[-54.63303,-20.496539],[-54.633021,-20.496539],[-54.633021,-20.496548],[-54.633011,-20.496547],[-54.633011,-20.496556],[-54.633001,-20.496556],[-54.633001,-20.496565],[-54.632991,-20.496565],[-54.632991,-20.496574],[-54.632982,-20.496574],[-54.632982,-20.496583],[-54.632972,-20.496583],[-54.632972,-20.496592],[-54.632962,-20.496592],[-54.632962,-20.496601],[-54.632953,-20.496601],[-54.632952,-20.49661],[-54.632943,-20.49661],[-54.632943,-20.496619],[-54.632933,-20.496619],[-54.632933,-20.496628],[-54.632923,-20.496627],[-54.632923,-20.496637],[-54.632914,-20.496636],[-54.632914,-20.496645],[-54.632904,-20.496645],[-54.632904,-20.496654],[-54.632894,-20.496654],[-54.632894,-20.496663],[-54.632885,-20.496663],[-54.632884,-20.496672],[-54.632856,-20.496672],[-54.632856,-20.496681],[-54.632836,-20.49668],[-54.632836,-20.49669],[-54.632807,-20.496689],[-54.632807,-20.496698],[-54.632759,-20.496697],[-54.632759,-20.496707],[-54.63275,-20.496706],[-54.63275,-20.496715],[-54.63274,-20.496715],[-54.63274,-20.496724],[-54.63273,-20.496724],[-54.63273,-20.496733],[-54.632721,-20.496733],[-54.63272,-20.496742],[-54.632711,-20.496742],[-54.632711,-20.496751],[-54.632701,-20.496751],[-54.632701,-20.49676],[-54.632691,-20.49676],[-54.632691,-20.496769],[-54.632682,-20.496769],[-54.632682,-20.496778],[-54.632672,-20.496778],[-54.632672,-20.496787],[-54.632653,-20.496786],[-54.632653,-20.496795],[-54.632633,-20.496795],[-54.632633,-20.496804],[-54.632604,-20.496804],[-54.632604,-20.496813],[-54.632595,-20.496813],[-54.632595,-20.496822],[-54.632585,-20.496822],[-54.632585,-20.496831],[-54.632345,-20.496827],[-54.632345,-20.496836],[-54.632249,-20.496835],[-54.63225,-20.496826],[-54.632259,-20.496826],[-54.632259,-20.496817],[-54.63224,-20.496817],[-54.63224,-20.496808],[-54.632231,-20.496808],[-54.632231,-20.496799],[-54.632212,-20.496798],[-54.632211,-20.496807],[-54.632173,-20.496807],[-54.632173,-20.496816],[-54.632039,-20.496814],[-54.632039,-20.496823],[-54.63202,-20.496823],[-54.632019,-20.496832],[-54.63201,-20.496832],[-54.63201,-20.496841],[-54.631991,-20.496841],[-54.63199,-20.49685],[-54.631971,-20.496849],[-54.631971,-20.496858],[-54.631952,-20.496858],[-54.631952,-20.496867],[-54.631933,-20.496867],[-54.631932,-20.496876],[-54.631913,-20.496876],[-54.631913,-20.496885],[-54.631894,-20.496884],[-54.631894,-20.496893],[-54.631875,-20.496893],[-54.631875,-20.496902],[-54.631865,-20.496902],[-54.631865,-20.496911],[-54.631846,-20.496911],[-54.631846,-20.49692],[-54.631826,-20.49692],[-54.631826,-20.496929],[-54.631817,-20.496928],[-54.631817,-20.496937],[-54.631759,-20.496937],[-54.631759,-20.496946],[-54.63174,-20.496945],[-54.63174,-20.496954],[-54.63172,-20.496954],[-54.63172,-20.496963],[-54.631711,-20.496963],[-54.631711,-20.496972],[-54.631691,-20.496972],[-54.631691,-20.496981],[-54.631682,-20.496981],[-54.631682,-20.49699],[-54.631672,-20.49699],[-54.631672,-20.497008],[-54.631662,-20.497008],[-54.631662,-20.497017],[-54.631652,-20.497017],[-54.631652,-20.497026],[-54.631643,-20.497025],[-54.631643,-20.497034],[-54.631633,-20.497034],[-54.631633,-20.497043],[-54.631623,-20.497043],[-54.631623,-20.497052],[-54.631614,-20.497052],[-54.631613,-20.497061],[-54.631604,-20.497061],[-54.631604,-20.49707],[-54.631594,-20.49707],[-54.631594,-20.497079],[-54.631584,-20.497079],[-54.631584,-20.497088],[-54.631575,-20.497088],[-54.631574,-20.497097],[-54.631546,-20.497096],[-54.631546,-20.497105],[-54.631517,-20.497105],[-54.631517,-20.497114],[-54.631498,-20.497114],[-54.631497,-20.497123],[-54.631469,-20.497122],[-54.631469,-20.497131],[-54.63144,-20.497131],[-54.63144,-20.49714],[-54.631411,-20.49714],[-54.631411,-20.497149],[-54.631392,-20.497148],[-54.631391,-20.497157],[-54.631363,-20.497157],[-54.631363,-20.497166],[-54.631353,-20.497166],[-54.631353,-20.497175],[-54.631334,-20.497175],[-54.631334,-20.497184],[-54.631314,-20.497183],[-54.631314,-20.497193],[-54.631295,-20.497192],[-54.631295,-20.497201],[-54.631285,-20.497201],[-54.631285,-20.49721],[-54.631266,-20.49721],[-54.631266,-20.497219],[-54.631247,-20.497219],[-54.631247,-20.497228],[-54.631227,-20.497227],[-54.631227,-20.497236],[-54.631208,-20.497236],[-54.631208,-20.497245],[-54.631189,-20.497245],[-54.631189,-20.497254],[-54.631179,-20.497254],[-54.631179,-20.497263],[-54.63116,-20.497263],[-54.63116,-20.497272],[-54.631141,-20.497271],[-54.63114,-20.49728],[-54.631121,-20.49728],[-54.631121,-20.497289],[-54.631102,-20.497289],[-54.631102,-20.497298],[-54.631083,-20.497298],[-54.631082,-20.497307],[-54.631073,-20.497307],[-54.631073,-20.497316],[-54.631054,-20.497315],[-54.631053,-20.497324],[-54.631044,-20.497324],[-54.631044,-20.497333],[-54.631034,-20.497333],[-54.631034,-20.497351],[-54.631024,-20.497351],[-54.631024,-20.497369],[-54.631014,-20.497369],[-54.631014,-20.497387],[-54.630909,-20.497386],[-54.630909,-20.497395],[-54.63088,-20.497394],[-54.63088,-20.497403],[-54.630851,-20.497403],[-54.630851,-20.497412],[-54.630822,-20.497412],[-54.630822,-20.497421],[-54.63063,-20.497418],[-54.630631,-20.4974],[-54.630621,-20.4974],[-54.630621,-20.497373],[-54.630612,-20.497373],[-54.630612,-20.497354],[-54.630603,-20.497354],[-54.630603,-20.497336],[-54.630593,-20.497336],[-54.630594,-20.497309],[-54.630584,-20.497309],[-54.630584,-20.497291],[-54.630575,-20.497291],[-54.630575,-20.497273],[-54.630565,-20.497273],[-54.630566,-20.497255],[-54.630556,-20.497254],[-54.630556,-20.497263],[-54.630546,-20.497263],[-54.630546,-20.497272],[-54.630537,-20.497272],[-54.630537,-20.497281],[-54.630527,-20.497281],[-54.630527,-20.49729],[-54.630517,-20.49729],[-54.630517,-20.497299],[-54.630508,-20.497299],[-54.630507,-20.497308],[-54.630498,-20.497308],[-54.630498,-20.497317],[-54.630488,-20.497317],[-54.630488,-20.497326],[-54.630478,-20.497326],[-54.630478,-20.497335],[-54.63045,-20.497334],[-54.630449,-20.497343],[-54.63044,-20.497343],[-54.63044,-20.497352],[-54.630382,-20.497351],[-54.630382,-20.49736],[-54.630363,-20.49736],[-54.630363,-20.497369],[-54.630353,-20.497369],[-54.630353,-20.497378],[-54.630334,-20.497378],[-54.630334,-20.497387],[-54.630324,-20.497387],[-54.630324,-20.497396],[-54.630305,-20.497395],[-54.630305,-20.497404],[-54.630295,-20.497404],[-54.630295,-20.497413],[-54.630276,-20.497413],[-54.630276,-20.497422],[-54.630266,-20.497422],[-54.630266,-20.497431],[-54.630247,-20.497431],[-54.630247,-20.49744],[-54.630237,-20.49744],[-54.630237,-20.497449],[-54.630218,-20.497448],[-54.630218,-20.497457],[-54.630208,-20.497457],[-54.630208,-20.497466],[-54.629048,-20.497451],[-54.629049,-20.497442],[-54.629039,-20.497441],[-54.629039,-20.497432],[-54.62903,-20.497432],[-54.62903,-20.497423],[-54.62902,-20.497423],[-54.62902,-20.497414],[-54.629011,-20.497414],[-54.629011,-20.497405],[-54.629001,-20.497405],[-54.629001,-20.497396],[-54.628992,-20.497396],[-54.628992,-20.497387],[-54.628982,-20.497386],[-54.628982,-20.497377],[-54.628954,-20.497377],[-54.628954,-20.497368],[-54.628887,-20.497367],[-54.628887,-20.497358],[-54.628877,-20.497358],[-54.628877,-20.497349],[-54.628858,-20.497349],[-54.628858,-20.49734],[-54.628849,-20.497339],[-54.628849,-20.49733],[-54.628839,-20.49733],[-54.62884,-20.497321],[-54.62883,-20.497321],[-54.62883,-20.497312],[-54.628811,-20.497312],[-54.628811,-20.497303],[-54.628802,-20.497303],[-54.628802,-20.497294],[-54.628792,-20.497294],[-54.628792,-20.497284],[-54.628773,-20.497284],[-54.628773,-20.497275],[-54.628764,-20.497275],[-54.628764,-20.497266],[-54.628754,-20.497266],[-54.628754,-20.497257],[-54.628745,-20.497257],[-54.628745,-20.497248],[-54.628726,-20.497247],[-54.628726,-20.497238],[-54.628716,-20.497238],[-54.628716,-20.497229],[-54.628707,-20.497229],[-54.628707,-20.49722],[-54.628697,-20.49722],[-54.628698,-20.497211],[-54.628678,-20.497211],[-54.628679,-20.497202],[-54.628669,-20.497202],[-54.628669,-20.497193],[-54.628659,-20.497192],[-54.62866,-20.497183],[-54.62865,-20.497183],[-54.62865,-20.497174],[-54.628641,-20.497174],[-54.628641,-20.497165],[-54.628602,-20.497165],[-54.628603,-20.497155],[-54.628593,-20.497155],[-54.628593,-20.497146],[-54.628584,-20.497146],[-54.628584,-20.497137],[-54.628574,-20.497137],[-54.628574,-20.497128],[-54.628565,-20.497128],[-54.628565,-20.497119],[-54.628555,-20.497119],[-54.628555,-20.49711],[-54.628546,-20.49711],[-54.628546,-20.497101],[-54.628536,-20.4971],[-54.628536,-20.497091],[-54.628527,-20.497091],[-54.628527,-20.497082],[-54.628517,-20.497082],[-54.628518,-20.497073],[-54.628508,-20.497073],[-54.628508,-20.497064],[-54.628499,-20.497064],[-54.628499,-20.497055],[-54.62848,-20.497054],[-54.62848,-20.497045],[-54.628163,-20.497041],[-54.628164,-20.497032],[-54.628154,-20.497032],[-54.628154,-20.497023],[-54.628145,-20.497023],[-54.628145,-20.497014],[-54.628135,-20.497014],[-54.628135,-20.497005],[-54.628126,-20.497004],[-54.628126,-20.496995],[-54.628116,-20.496995],[-54.628116,-20.496986],[-54.628107,-20.496986],[-54.628107,-20.496977],[-54.628097,-20.496977],[-54.628097,-20.496968],[-54.628088,-20.496968],[-54.628088,-20.496959],[-54.628078,-20.496959],[-54.628079,-20.49695],[-54.628069,-20.49695],[-54.628069,-20.49694],[-54.62806,-20.49694],[-54.62806,-20.496931],[-54.62805,-20.496931],[-54.62805,-20.496922],[-54.628041,-20.496922],[-54.628041,-20.496913],[-54.628031,-20.496913],[-54.628031,-20.496904],[-54.628022,-20.496904],[-54.628022,-20.496895],[-54.628012,-20.496895],[-54.628012,-20.496886],[-54.628003,-20.496885],[-54.628003,-20.496876],[-54.627993,-20.496876],[-54.627994,-20.496867],[-54.627984,-20.496867],[-54.627984,-20.496858],[-54.627975,-20.496858],[-54.627975,-20.496849],[-54.627965,-20.496849],[-54.627965,-20.49684],[-54.627956,-20.49684],[-54.627956,-20.496831],[-54.627946,-20.49683],[-54.627946,-20.496821],[-54.627937,-20.496821],[-54.627937,-20.496812],[-54.627927,-20.496812],[-54.627928,-20.496803],[-54.627918,-20.496803],[-54.627918,-20.496794],[-54.627908,-20.496794],[-54.627909,-20.496785],[-54.627899,-20.496785],[-54.627899,-20.496776],[-54.627851,-20.496775],[-54.627851,-20.496766],[-54.627267,-20.496758],[-54.627267,-20.496749],[-54.627257,-20.496749],[-54.627258,-20.49674],[-54.627248,-20.49674],[-54.627248,-20.496731],[-54.627239,-20.49673],[-54.627239,-20.496712],[-54.627229,-20.496712],[-54.627229,-20.496703],[-54.62722,-20.496703],[-54.62722,-20.496694],[-54.62721,-20.496694],[-54.627211,-20.496685],[-54.627201,-20.496685],[-54.627201,-20.496676],[-54.627192,-20.496676],[-54.627192,-20.496667],[-54.627182,-20.496666],[-54.627182,-20.496657],[-54.627173,-20.496657],[-54.627173,-20.496648],[-54.627163,-20.496648],[-54.627163,-20.496639],[-54.627154,-20.496639],[-54.627154,-20.49663],[-54.627144,-20.49663],[-54.627144,-20.496621],[-54.627135,-20.496621],[-54.627135,-20.496612],[-54.627116,-20.496611],[-54.627116,-20.496602],[-54.627106,-20.496602],[-54.627107,-20.496593],[-54.627097,-20.496593],[-54.627097,-20.496584],[-54.627087,-20.496584],[-54.627088,-20.496575],[-54.627078,-20.496575],[-54.627078,-20.496566],[-54.627069,-20.496566],[-54.627069,-20.496557],[-54.627059,-20.496556],[-54.627059,-20.496547],[-54.62704,-20.496547],[-54.62704,-20.496538],[-54.627031,-20.496538],[-54.627031,-20.496529],[-54.627021,-20.496529],[-54.627021,-20.49652],[-54.627012,-20.49652],[-54.627012,-20.496511],[-54.627002,-20.496511],[-54.627003,-20.496501],[-54.626993,-20.496501],[-54.626993,-20.496492],[-54.626974,-20.496492],[-54.626974,-20.496483],[-54.626964,-20.496483],[-54.626965,-20.496474],[-54.626955,-20.496474],[-54.626955,-20.496465],[-54.626946,-20.496465],[-54.626946,-20.496456],[-54.626936,-20.496455],[-54.626936,-20.496446],[-54.626927,-20.496446],[-54.626927,-20.496437],[-54.626917,-20.496437],[-54.626917,-20.496428],[-54.626908,-20.496428],[-54.626908,-20.496419],[-54.626898,-20.496419],[-54.626898,-20.49641],[-54.626889,-20.49641],[-54.626889,-20.496401],[-54.626879,-20.4964],[-54.62688,-20.496391],[-54.62687,-20.496391],[-54.62687,-20.496382],[-54.626861,-20.496382],[-54.626861,-20.496373],[-54.626842,-20.496373],[-54.626842,-20.496346],[-54.626832,-20.496346],[-54.626833,-20.496337],[-54.626813,-20.496336],[-54.626814,-20.496327],[-54.626794,-20.496327],[-54.626794,-20.496318],[-54.626785,-20.496318],[-54.626785,-20.496309],[-54.626766,-20.496309],[-54.626766,-20.4963],[-54.626747,-20.496299],[-54.626747,-20.49629],[-54.626728,-20.49629],[-54.626728,-20.496281],[-54.626718,-20.496281],[-54.626719,-20.496272],[-54.62669,-20.496271],[-54.62669,-20.496262],[-54.626671,-20.496262],[-54.626671,-20.496253],[-54.626652,-20.496253],[-54.626652,-20.496244],[-54.626585,-20.496243],[-54.626585,-20.496234],[-54.62578,-20.496223],[-54.62578,-20.496214],[-54.625771,-20.496214],[-54.625771,-20.496205],[-54.625761,-20.496205],[-54.625761,-20.496196],[-54.625752,-20.496195],[-54.625752,-20.496186],[-54.625742,-20.496186],[-54.625742,-20.496177],[-54.625733,-20.496177],[-54.625733,-20.496168],[-54.625723,-20.496168],[-54.625724,-20.496159],[-54.625714,-20.496159],[-54.625714,-20.49615],[-54.625705,-20.49615],[-54.625705,-20.496141],[-54.625695,-20.49614],[-54.625695,-20.496131],[-54.625686,-20.496131],[-54.625686,-20.496122],[-54.625676,-20.496122],[-54.625676,-20.496113],[-54.625667,-20.496113],[-54.625667,-20.496104],[-54.625657,-20.496104],[-54.625657,-20.496095],[-54.625648,-20.496095],[-54.625648,-20.496086],[-54.625466,-20.496083],[-54.625466,-20.496092],[-54.624795,-20.496083],[-54.624795,-20.496092],[-54.624776,-20.496092],[-54.624776,-20.496101],[-54.624756,-20.496101],[-54.624756,-20.49611],[-54.624728,-20.496109],[-54.624728,-20.4961],[-54.624718,-20.4961],[-54.624718,-20.496091],[-54.624709,-20.496091],[-54.624709,-20.496082],[-54.624699,-20.496082],[-54.624699,-20.496073],[-54.62469,-20.496073],[-54.62469,-20.496063],[-54.62468,-20.496063],[-54.624681,-20.496054],[-54.624671,-20.496054],[-54.624671,-20.496045],[-54.624661,-20.496045],[-54.624662,-20.496036],[-54.624652,-20.496036],[-54.624652,-20.496027],[-54.624643,-20.496027],[-54.624643,-20.496018],[-54.624633,-20.496018],[-54.624633,-20.496009],[-54.624624,-20.496008],[-54.624624,-20.495999],[-54.624614,-20.495999],[-54.624614,-20.49599],[-54.624605,-20.49599],[-54.624605,-20.495981],[-54.624595,-20.495981],[-54.624596,-20.495972],[-54.624586,-20.495972],[-54.624586,-20.495963],[-54.624576,-20.495963],[-54.624577,-20.495954],[-54.624567,-20.495953],[-54.624567,-20.495944],[-54.624558,-20.495944],[-54.624558,-20.495935],[-54.624548,-20.495935],[-54.624548,-20.495926],[-54.624539,-20.495926],[-54.624539,-20.495917],[-54.624529,-20.495917],[-54.624529,-20.495908],[-54.62452,-20.495908],[-54.62452,-20.495899],[-54.62451,-20.495898],[-54.624511,-20.495889],[-54.624501,-20.495889],[-54.624501,-20.49588],[-54.624492,-20.49588],[-54.624492,-20.495871],[-54.624482,-20.495871],[-54.624482,-20.495862],[-54.624473,-20.495862],[-54.624473,-20.495853],[-54.624463,-20.495853],[-54.624463,-20.495844],[-54.624454,-20.495844],[-54.624454,-20.495835],[-54.624444,-20.495834],[-54.624444,-20.495825],[-54.624435,-20.495825],[-54.624435,-20.495816],[-54.624416,-20.495816],[-54.624416,-20.495825],[-54.624406,-20.495825],[-54.624406,-20.495834],[-54.624396,-20.495834],[-54.624396,-20.495843],[-54.624387,-20.495843],[-54.624387,-20.495852],[-54.624377,-20.495852],[-54.624377,-20.495861],[-54.624367,-20.49586],[-54.624367,-20.495869],[-54.624358,-20.495869],[-54.624357,-20.495878],[-54.624348,-20.495878],[-54.624348,-20.495887],[-54.624338,-20.495887],[-54.624338,-20.495896],[-54.624328,-20.495896],[-54.624328,-20.495905],[-54.624319,-20.495905],[-54.624318,-20.495914],[-54.624309,-20.495914],[-54.624309,-20.495923],[-54.62429,-20.495923],[-54.624289,-20.495932],[-54.624251,-20.495931],[-54.624251,-20.49594],[-54.623714,-20.495933],[-54.623715,-20.495924],[-54.623705,-20.495924],[-54.623705,-20.495915],[-54.623686,-20.495914],[-54.623686,-20.495905],[-54.623676,-20.495905],[-54.623677,-20.495896],[-54.623657,-20.495896],[-54.623658,-20.495887],[-54.623648,-20.495887],[-54.623648,-20.495878],[-54.623639,-20.495878],[-54.623639,-20.495868],[-54.62362,-20.495868],[-54.62362,-20.495859],[-54.62361,-20.495859],[-54.62361,-20.49585],[-54.623591,-20.49585],[-54.623591,-20.495841],[-54.623582,-20.495841],[-54.623582,-20.495832],[-54.623572,-20.495831],[-54.623572,-20.495822],[-54.623553,-20.495822],[-54.623553,-20.495813],[-54.623544,-20.495813],[-54.623544,-20.495804],[-54.623525,-20.495804],[-54.623525,-20.495795],[-54.623515,-20.495795],[-54.623515,-20.495786],[-54.623506,-20.495785],[-54.623506,-20.495776],[-54.623487,-20.495776],[-54.623487,-20.495767],[-54.623477,-20.495767],[-54.623478,-20.495758],[-54.622912,-20.49575],[-54.622912,-20.495759],[-54.622902,-20.495759],[-54.622902,-20.495768],[-54.622893,-20.495768],[-54.622893,-20.495777],[-54.622883,-20.495777],[-54.622883,-20.495786],[-54.622873,-20.495786],[-54.622873,-20.495795],[-54.622854,-20.495795],[-54.622854,-20.495804],[-54.622844,-20.495803],[-54.622844,-20.495812],[-54.622835,-20.495812],[-54.622834,-20.495821],[-54.622806,-20.495821],[-54.622806,-20.49583],[-54.622767,-20.495829],[-54.622767,-20.495838],[-54.622738,-20.495838],[-54.622738,-20.495847],[-54.622652,-20.495846],[-54.622652,-20.495837],[-54.622642,-20.495837],[-54.622643,-20.495828],[-54.622633,-20.495828],[-54.622633,-20.495819],[-54.622624,-20.495818],[-54.622624,-20.495809],[-54.622614,-20.495809],[-54.622614,-20.4958],[-54.622605,-20.4958],[-54.622605,-20.495791],[-54.622346,-20.495788],[-54.622346,-20.495779],[-54.622337,-20.495778],[-54.622337,-20.495769],[-54.622327,-20.495769],[-54.622327,-20.49576],[-54.622318,-20.49576],[-54.622318,-20.495751],[-54.622308,-20.495751],[-54.622309,-20.495742],[-54.622299,-20.495742],[-54.622299,-20.495733],[-54.62228,-20.495732],[-54.62228,-20.495723],[-54.62227,-20.495723],[-54.622271,-20.495714],[-54.622251,-20.495714],[-54.622252,-20.495705],[-54.622079,-20.495703],[-54.622079,-20.495694],[-54.62207,-20.495693],[-54.62207,-20.495684],[-54.62206,-20.495684],[-54.62206,-20.495675],[-54.622051,-20.495675],[-54.622051,-20.495666],[-54.622041,-20.495666],[-54.622041,-20.495657],[-54.622032,-20.495657],[-54.622032,-20.495648],[-54.622022,-20.495648],[-54.622023,-20.495639],[-54.622013,-20.495639],[-54.622013,-20.49563],[-54.622004,-20.495629],[-54.622004,-20.49562],[-54.621994,-20.49562],[-54.621994,-20.495611],[-54.621985,-20.495611],[-54.621985,-20.495602],[-54.621975,-20.495602],[-54.621975,-20.495593],[-54.621966,-20.495593],[-54.621966,-20.495584],[-54.621956,-20.495584],[-54.621957,-20.495575],[-54.621947,-20.495574],[-54.621947,-20.495565],[-54.621937,-20.495565],[-54.621938,-20.495556],[-54.621928,-20.495556],[-54.621928,-20.495547],[-54.621919,-20.495547],[-54.621919,-20.495538],[-54.621909,-20.495538],[-54.621909,-20.495529],[-54.621881,-20.495528],[-54.621881,-20.495519],[-54.621823,-20.495519],[-54.621823,-20.49551],[-54.621651,-20.495507],[-54.621651,-20.495498],[-54.621641,-20.495498],[-54.621642,-20.495489],[-54.621632,-20.495489],[-54.621632,-20.49548],[-54.621623,-20.49548],[-54.621623,-20.495471],[-54.621613,-20.495471],[-54.621613,-20.495452],[-54.621604,-20.495452],[-54.621604,-20.495443],[-54.621585,-20.495443],[-54.621585,-20.495434],[-54.621575,-20.495434],[-54.621575,-20.495425],[-54.621566,-20.495425],[-54.621566,-20.495416],[-54.621556,-20.495416],[-54.621557,-20.495407],[-54.621547,-20.495406],[-54.621547,-20.495397],[-54.621538,-20.495397],[-54.621538,-20.495388],[-54.621528,-20.495388],[-54.621528,-20.495379],[-54.621519,-20.495379],[-54.621519,-20.49537],[-54.621509,-20.49537],[-54.621509,-20.495361],[-54.621346,-20.495358],[-54.621347,-20.495349],[-54.621337,-20.495349],[-54.621337,-20.49534],[-54.621328,-20.49534],[-54.621328,-20.495331],[-54.621318,-20.495331],[-54.621318,-20.495322],[-54.621309,-20.495322],[-54.621309,-20.495313],[-54.621299,-20.495313],[-54.621299,-20.495304],[-54.62129,-20.495304],[-54.62129,-20.495295],[-54.62128,-20.495294],[-54.621281,-20.495285],[-54.621271,-20.495285],[-54.621271,-20.495276],[-54.621261,-20.495276],[-54.621262,-20.495267],[-54.621252,-20.495267],[-54.621252,-20.495258],[-54.620811,-20.495252],[-54.620811,-20.495261],[-54.620802,-20.495261],[-54.620802,-20.49527],[-54.620792,-20.49527],[-54.620792,-20.495279],[-54.620782,-20.495279],[-54.620782,-20.495288],[-54.620763,-20.495287],[-54.620763,-20.495296],[-54.620753,-20.495296],[-54.620753,-20.495305],[-54.620744,-20.495305],[-54.620743,-20.495314],[-54.620734,-20.495314],[-54.620734,-20.495323],[-54.620724,-20.495323],[-54.620724,-20.495332],[-54.620714,-20.495332],[-54.620714,-20.495341],[-54.620685,-20.49534],[-54.620685,-20.495349],[-54.620676,-20.495349],[-54.620676,-20.495358],[-54.620666,-20.495358],[-54.620666,-20.495367],[-54.620656,-20.495367],[-54.620656,-20.495376],[-54.620647,-20.495376],[-54.620646,-20.495385],[-54.620637,-20.495385],[-54.620637,-20.495394],[-54.620627,-20.495394],[-54.620627,-20.495403],[-54.620617,-20.495403],[-54.620617,-20.495412],[-54.620608,-20.495412],[-54.620608,-20.495421],[-54.620598,-20.49542],[-54.620598,-20.49543],[-54.620588,-20.495429],[-54.620588,-20.495438],[-54.620579,-20.495438],[-54.620578,-20.495447],[-54.620569,-20.495447],[-54.620569,-20.495465],[-54.620559,-20.495465],[-54.620559,-20.495483],[-54.620549,-20.495483],[-54.620549,-20.495501],[-54.620539,-20.495501],[-54.620539,-20.49551],[-54.62053,-20.49551],[-54.620529,-20.495519],[-54.620079,-20.495513],[-54.620079,-20.495522],[-54.620069,-20.495522],[-54.620069,-20.495531],[-54.62006,-20.49553],[-54.620059,-20.49554],[-54.62005,-20.495539],[-54.62005,-20.495548],[-54.62004,-20.495548],[-54.620038,-20.495657],[-54.620029,-20.495656],[-54.620027,-20.495792],[-54.620017,-20.495792],[-54.620015,-20.495927],[-54.620006,-20.495927],[-54.620004,-20.495999],[-54.619995,-20.495999],[-54.619995,-20.496008],[-54.619985,-20.496008],[-54.619985,-20.496017],[-54.619975,-20.496017],[-54.619975,-20.496026],[-54.619966,-20.496026],[-54.619966,-20.496035],[-54.619956,-20.496035],[-54.619956,-20.496044],[-54.619946,-20.496044],[-54.619946,-20.496053],[-54.619937,-20.496053],[-54.619936,-20.496062],[-54.619927,-20.496061],[-54.619927,-20.49607],[-54.619917,-20.49607],[-54.619917,-20.496079],[-54.619907,-20.496079],[-54.619907,-20.496088],[-54.619898,-20.496088],[-54.619897,-20.496097],[-54.619888,-20.496097],[-54.619888,-20.496106],[-54.619878,-20.496106],[-54.619878,-20.496124],[-54.619868,-20.496124],[-54.619868,-20.496133],[-54.619859,-20.496133],[-54.619858,-20.496151],[-54.619849,-20.496151],[-54.619849,-20.49616],[-54.619839,-20.49616],[-54.619839,-20.496178],[-54.619829,-20.496178],[-54.619829,-20.496187],[-54.619819,-20.496186],[-54.619819,-20.496195],[-54.61981,-20.496195],[-54.619809,-20.496213],[-54.6198,-20.496213],[-54.6198,-20.496222],[-54.61979,-20.496222],[-54.61979,-20.49624],[-54.61978,-20.49624],[-54.61978,-20.496249],[-54.619771,-20.496249],[-54.61977,-20.496258],[-54.619761,-20.496258],[-54.619761,-20.496276],[-54.619751,-20.496276],[-54.619751,-20.496285],[-54.619741,-20.496285],[-54.619741,-20.496303],[-54.619731,-20.496303],[-54.619731,-20.496312],[-54.619722,-20.496311],[-54.619721,-20.49633],[-54.619712,-20.496329],[-54.619712,-20.496338],[-54.619702,-20.496338],[-54.619702,-20.496347],[-54.619692,-20.496347],[-54.619692,-20.496365],[-54.619683,-20.496365],[-54.619682,-20.496374],[-54.619673,-20.496374],[-54.619673,-20.496383],[-54.619644,-20.496383],[-54.619644,-20.496374],[-54.619634,-20.496373],[-54.619635,-20.496364],[-54.619625,-20.496364],[-54.619625,-20.496355],[-54.619616,-20.496355],[-54.619616,-20.496346],[-54.619606,-20.496346],[-54.619606,-20.496337],[-54.619597,-20.496337],[-54.619597,-20.496328],[-54.619587,-20.496328],[-54.619587,-20.496319],[-54.619578,-20.496319],[-54.619578,-20.49631],[-54.619568,-20.496309],[-54.619568,-20.4963],[-54.619559,-20.4963],[-54.619559,-20.496291],[-54.619549,-20.496291],[-54.61955,-20.496282],[-54.61954,-20.496282],[-54.61954,-20.496273],[-54.619531,-20.496273],[-54.619531,-20.496264],[-54.619521,-20.496264],[-54.619521,-20.496255],[-54.619512,-20.496254],[-54.619512,-20.496245],[-54.619502,-20.496245],[-54.619502,-20.496236],[-54.619493,-20.496236],[-54.619493,-20.496227],[-54.619483,-20.496227],[-54.619484,-20.496218],[-54.619474,-20.496218],[-54.619474,-20.496209],[-54.619464,-20.496209],[-54.619465,-20.4962],[-54.619455,-20.496199],[-54.619455,-20.49619],[-54.619446,-20.49619],[-54.619446,-20.496181],[-54.619436,-20.496181],[-54.619436,-20.496172],[-54.619427,-20.496172],[-54.619427,-20.496163],[-54.619417,-20.496163],[-54.619417,-20.496154],[-54.619408,-20.496154],[-54.619408,-20.496145],[-54.619398,-20.496145],[-54.619399,-20.496135],[-54.619389,-20.496135],[-54.619389,-20.496126],[-54.61938,-20.496126],[-54.61938,-20.496117],[-54.61937,-20.496117],[-54.61937,-20.496108],[-54.619361,-20.496108],[-54.619361,-20.496099],[-54.619351,-20.496099],[-54.619351,-20.49609],[-54.619342,-20.49609],[-54.619342,-20.496081],[-54.619332,-20.49608],[-54.619332,-20.496071],[-54.619323,-20.496071],[-54.619323,-20.496062],[-54.619313,-20.496062],[-54.619314,-20.496053],[-54.619304,-20.496053],[-54.619304,-20.496044],[-54.619295,-20.496044],[-54.619295,-20.496035],[-54.618931,-20.49603],[-54.618931,-20.496021],[-54.618921,-20.496021],[-54.618921,-20.496012],[-54.618912,-20.496011],[-54.618912,-20.496002],[-54.618902,-20.496002],[-54.618902,-20.495993],[-54.618893,-20.495993],[-54.618893,-20.495984],[-54.618883,-20.495984],[-54.618883,-20.495975],[-54.618874,-20.495975],[-54.618874,-20.495966],[-54.618864,-20.495966],[-54.618865,-20.495957],[-54.618855,-20.495956],[-54.618855,-20.495947],[-54.618846,-20.495947],[-54.618846,-20.495938],[-54.618836,-20.495938],[-54.618836,-20.495929],[-54.618827,-20.495929],[-54.618827,-20.49592],[-54.618817,-20.49592],[-54.618817,-20.495911],[-54.618808,-20.495911],[-54.618808,-20.495902],[-54.618798,-20.495901],[-54.618799,-20.495892],[-54.618789,-20.495892],[-54.618789,-20.495883],[-54.618779,-20.495883],[-54.61878,-20.495874],[-54.61877,-20.495874],[-54.61877,-20.495865],[-54.618761,-20.495865],[-54.618761,-20.495856],[-54.618751,-20.495856],[-54.618751,-20.495847],[-54.618742,-20.495847],[-54.618742,-20.495838],[-54.618732,-20.495837],[-54.618732,-20.495828],[-54.618723,-20.495828],[-54.618723,-20.495819],[-54.618713,-20.495819],[-54.618714,-20.49581],[-54.618704,-20.49581],[-54.618704,-20.495801],[-54.618695,-20.495801],[-54.618695,-20.495792],[-54.618685,-20.495792],[-54.618685,-20.495783],[-54.618676,-20.495782],[-54.618676,-20.495773],[-54.618666,-20.495773],[-54.618666,-20.495764],[-54.618657,-20.495764],[-54.618657,-20.495755],[-54.618647,-20.495755],[-54.618647,-20.495746],[-54.618638,-20.495746],[-54.618638,-20.495737],[-54.618628,-20.495737],[-54.618629,-20.495728],[-54.618619,-20.495727],[-54.618619,-20.495718],[-54.61861,-20.495718],[-54.61861,-20.495709],[-54.6186,-20.495709],[-54.6186,-20.4957],[-54.618591,-20.4957],[-54.618591,-20.495691],[-54.618581,-20.495691],[-54.618585,-20.495438],[-54.618556,-20.495438],[-54.618556,-20.495429],[-54.618537,-20.495428],[-54.618537,-20.495419],[-54.618509,-20.495419],[-54.618509,-20.49541],[-54.61849,-20.49541],[-54.61849,-20.495401],[-54.618461,-20.4954],[-54.618461,-20.495391],[-54.618442,-20.495391],[-54.618442,-20.495382],[-54.618413,-20.495381],[-54.618414,-20.495372],[-54.618394,-20.495372],[-54.618395,-20.495363],[-54.618366,-20.495363],[-54.618366,-20.495354],[-54.618347,-20.495353],[-54.618347,-20.495344],[-54.618318,-20.495344],[-54.618318,-20.495335],[-54.618299,-20.495335],[-54.618299,-20.495326],[-54.618271,-20.495325],[-54.618271,-20.495316],[-54.618242,-20.495316],[-54.618242,-20.495325],[-54.618232,-20.495325],[-54.618232,-20.495334],[-54.618223,-20.495334],[-54.618222,-20.495343],[-54.618213,-20.495343],[-54.618213,-20.495352],[-54.618203,-20.495352],[-54.618203,-20.495361],[-54.618193,-20.49536],[-54.618193,-20.495369],[-54.618184,-20.495369],[-54.618184,-20.495378],[-54.618174,-20.495378],[-54.618174,-20.495387],[-54.618164,-20.495387],[-54.618164,-20.495396],[-54.618154,-20.495396],[-54.618154,-20.495405],[-54.618145,-20.495405],[-54.618145,-20.495414],[-54.618135,-20.495414],[-54.618135,-20.495423],[-54.618125,-20.495423],[-54.618125,-20.495432],[-54.618116,-20.495432],[-54.618115,-20.495441],[-54.618106,-20.49544],[-54.618106,-20.49545],[-54.618096,-20.495449],[-54.618096,-20.495458],[-54.618086,-20.495458],[-54.618086,-20.495467],[-54.618077,-20.495467],[-54.618077,-20.495476],[-54.618067,-20.495476],[-54.618067,-20.495485],[-54.618057,-20.495485],[-54.618057,-20.495494],[-54.618048,-20.495494],[-54.618047,-20.495503],[-54.618038,-20.495503],[-54.618038,-20.495512],[-54.618028,-20.495512],[-54.618028,-20.495521],[-54.618018,-20.495521],[-54.618018,-20.49553],[-54.618009,-20.495529],[-54.618009,-20.495538],[-54.617999,-20.495538],[-54.617999,-20.495547],[-54.617989,-20.495547],[-54.617989,-20.495556],[-54.617979,-20.495556],[-54.617979,-20.495565],[-54.61797,-20.495565],[-54.61797,-20.495574],[-54.61796,-20.495574],[-54.61796,-20.495583],[-54.61795,-20.495583],[-54.61795,-20.495592],[-54.617941,-20.495592],[-54.61794,-20.495601],[-54.617931,-20.495601],[-54.617931,-20.49561],[-54.617921,-20.49561],[-54.617921,-20.495619],[-54.617911,-20.495618],[-54.617911,-20.495627],[-54.617902,-20.495627],[-54.617902,-20.495636],[-54.617892,-20.495636],[-54.617892,-20.495645],[-54.617882,-20.495645],[-54.617882,-20.495654],[-54.617873,-20.495654],[-54.617872,-20.495663],[-54.617863,-20.495663],[-54.617863,-20.495672],[-54.617853,-20.495672],[-54.617853,-20.495681],[-54.617843,-20.495681],[-54.617843,-20.49569],[-54.617834,-20.49569],[-54.617834,-20.495699],[-54.617824,-20.495698],[-54.617824,-20.495708],[-54.617814,-20.495707],[-54.617814,-20.495716],[-54.617805,-20.495716],[-54.617804,-20.495725],[-54.617795,-20.495725],[-54.617795,-20.495734],[-54.617785,-20.495734],[-54.617785,-20.495743],[-54.617775,-20.495743],[-54.617775,-20.495752],[-54.61766,-20.49575],[-54.61766,-20.495759],[-54.617651,-20.495759],[-54.617651,-20.49575],[-54.617631,-20.49575],[-54.617632,-20.495741],[-54.617612,-20.495741],[-54.617613,-20.495732],[-54.617593,-20.495731],[-54.617594,-20.495722],[-54.617574,-20.495722],[-54.617575,-20.495713],[-54.617555,-20.495713],[-54.617556,-20.495704],[-54.617527,-20.495703],[-54.617527,-20.495694],[-54.617508,-20.495694],[-54.617508,-20.495685],[-54.617489,-20.495685],[-54.617489,-20.495676],[-54.61747,-20.495676],[-54.61747,-20.495667],[-54.617451,-20.495666],[-54.617451,-20.495657],[-54.617432,-20.495657],[-54.617432,-20.495648],[-54.617403,-20.495648],[-54.617403,-20.495639],[-54.617384,-20.495638],[-54.617384,-20.495629],[-54.617365,-20.495629],[-54.617365,-20.49562],[-54.617346,-20.49562],[-54.617346,-20.495611],[-54.617327,-20.49561],[-54.617327,-20.495601],[-54.617308,-20.495601],[-54.617308,-20.495592],[-54.617289,-20.495592],[-54.617289,-20.495583],[-54.61726,-20.495582],[-54.61726,-20.495573],[-54.617241,-20.495573],[-54.617241,-20.495564],[-54.617222,-20.495564],[-54.617222,-20.495555],[-54.617203,-20.495555],[-54.617203,-20.495545],[-54.617184,-20.495545],[-54.617184,-20.495536],[-54.617165,-20.495536],[-54.617165,-20.495527],[-54.617137,-20.495527],[-54.617137,-20.495517],[-54.617118,-20.495517],[-54.617118,-20.495508],[-54.617099,-20.495508],[-54.617099,-20.495499],[-54.61708,-20.495499],[-54.61708,-20.49549],[-54.61706,-20.495489],[-54.617061,-20.49548],[-54.617041,-20.49548],[-54.617042,-20.495471],[-54.617022,-20.495471],[-54.617023,-20.495462],[-54.617003,-20.495461],[-54.617004,-20.495452],[-54.616984,-20.495452],[-54.616985,-20.495443],[-54.616975,-20.495443],[-54.616975,-20.495434],[-54.616965,-20.495434],[-54.616966,-20.495425],[-54.616946,-20.495425],[-54.616947,-20.495416],[-54.616927,-20.495415],[-54.616928,-20.495406],[-54.616918,-20.495406],[-54.616918,-20.495397],[-54.616899,-20.495397],[-54.616899,-20.495388],[-54.61688,-20.495388],[-54.61688,-20.495378],[-54.616871,-20.495378],[-54.616871,-20.49536],[-54.616861,-20.49536],[-54.616861,-20.495351],[-54.616852,-20.495351],[-54.616852,-20.495342],[-54.616842,-20.495342],[-54.616842,-20.495333],[-54.616833,-20.495333],[-54.616833,-20.495324],[-54.616823,-20.495324],[-54.616824,-20.495315],[-54.616814,-20.495314],[-54.616814,-20.495305],[-54.616805,-20.495305],[-54.616805,-20.495296],[-54.616795,-20.495296],[-54.616795,-20.495287],[-54.616786,-20.495287],[-54.616786,-20.495278],[-54.616776,-20.495278],[-54.616776,-20.495269],[-54.616767,-20.495269],[-54.616767,-20.49526],[-54.616757,-20.495259],[-54.616757,-20.49525],[-54.616748,-20.49525],[-54.616748,-20.495241],[-54.616738,-20.495241],[-54.616739,-20.495232],[-54.616729,-20.495232],[-54.616729,-20.495223],[-54.61672,-20.495223],[-54.61672,-20.495214],[-54.61671,-20.495214],[-54.61671,-20.495205],[-54.616701,-20.495204],[-54.616701,-20.495195],[-54.616691,-20.495195],[-54.616691,-20.495186],[-54.616682,-20.495186],[-54.616682,-20.495177],[-54.616672,-20.495177],[-54.616673,-20.495168],[-54.616663,-20.495168],[-54.616663,-20.495159],[-54.616653,-20.495159],[-54.616654,-20.49515],[-54.615945,-20.49514],[-54.615945,-20.495131],[-54.615935,-20.495131],[-54.615935,-20.495122],[-54.615926,-20.495122],[-54.615926,-20.495113],[-54.615916,-20.495112],[-54.615916,-20.495103],[-54.615907,-20.495103],[-54.615907,-20.495094],[-54.615897,-20.495094],[-54.615898,-20.495085],[-54.615888,-20.495085],[-54.615888,-20.495076],[-54.615878,-20.495076],[-54.615879,-20.495067],[-54.615869,-20.495067],[-54.615869,-20.495058],[-54.61586,-20.495057],[-54.61586,-20.495048],[-54.61585,-20.495048],[-54.61585,-20.495039],[-54.615841,-20.495039],[-54.615841,-20.49503],[-54.615831,-20.49503],[-54.615831,-20.495021],[-54.615822,-20.495021],[-54.615822,-20.495012],[-54.615812,-20.495012],[-54.615813,-20.495003],[-54.615803,-20.495002],[-54.615803,-20.494993],[-54.615794,-20.494993],[-54.615794,-20.494984],[-54.615784,-20.494984],[-54.615784,-20.494975],[-54.615775,-20.494975],[-54.615775,-20.494966],[-54.615765,-20.494966],[-54.615765,-20.494957],[-54.615756,-20.494957],[-54.615756,-20.494948],[-54.615737,-20.494947],[-54.615737,-20.494938],[-54.615689,-20.494938],[-54.615641,-20.494937],[-54.615641,-20.494946],[-54.615593,-20.494945],[-54.615593,-20.494954],[-54.615545,-20.494954],[-54.615545,-20.494963],[-54.615497,-20.494962],[-54.615497,-20.494971],[-54.615449,-20.494971],[-54.615449,-20.49498],[-54.615439,-20.494979],[-54.61543,-20.494979],[-54.61543,-20.49497],[-54.615411,-20.49497],[-54.61541,-20.494979],[-54.615362,-20.494978],[-54.615362,-20.494987],[-54.615324,-20.494987],[-54.615324,-20.494996],[-54.615276,-20.494995],[-54.615276,-20.495004],[-54.615228,-20.495004],[-54.615228,-20.495013],[-54.61518,-20.495012],[-54.61518,-20.495021],[-54.615132,-20.49502],[-54.615132,-20.495029],[-54.615084,-20.495029],[-54.615084,-20.495038],[-54.615045,-20.495037],[-54.615045,-20.495046],[-54.614959,-20.495045],[-54.614959,-20.495054],[-54.614767,-20.495051],[-54.614767,-20.495061],[-54.614432,-20.495056],[-54.614432,-20.495038],[-54.614422,-20.495038],[-54.614425,-20.494893],[-54.614415,-20.494893],[-54.614415,-20.494884],[-54.614406,-20.494884],[-54.614406,-20.494875],[-54.614396,-20.494875],[-54.614396,-20.494866],[-54.614387,-20.494866],[-54.614389,-20.494694],[-54.61437,-20.494694],[-54.61437,-20.494685],[-54.614361,-20.494685],[-54.614361,-20.494676],[-54.614351,-20.494676],[-54.614351,-20.494666],[-54.614342,-20.494666],[-54.614342,-20.494657],[-54.614332,-20.494657],[-54.614333,-20.494648],[-54.614323,-20.494648],[-54.614323,-20.494639],[-54.614314,-20.494639],[-54.614314,-20.49463],[-54.614304,-20.49463],[-54.614304,-20.494621],[-54.614295,-20.494621],[-54.614295,-20.494612],[-54.614285,-20.494611],[-54.614285,-20.494602],[-54.614276,-20.494602],[-54.614276,-20.494593],[-54.614266,-20.494593],[-54.614266,-20.494584],[-54.614257,-20.494584],[-54.614257,-20.494575],[-54.614247,-20.494575],[-54.614248,-20.494566],[-54.614238,-20.494566],[-54.614238,-20.494557],[-54.614229,-20.494556],[-54.614229,-20.494547],[-54.614219,-20.494547],[-54.614219,-20.494538],[-54.61421,-20.494538],[-54.61421,-20.494529],[-54.6142,-20.494529],[-54.6142,-20.49452],[-54.614191,-20.49452],[-54.614191,-20.494511],[-54.614181,-20.494511],[-54.614181,-20.494502],[-54.614172,-20.494501],[-54.614172,-20.494492],[-54.614162,-20.494492],[-54.614163,-20.494483],[-54.614153,-20.494483],[-54.614153,-20.494474],[-54.614144,-20.494474],[-54.614144,-20.494465],[-54.614134,-20.494465],[-54.614134,-20.494456],[-54.614125,-20.494456],[-54.614125,-20.494447],[-54.614115,-20.494447],[-54.614115,-20.494437],[-54.614106,-20.494437],[-54.614106,-20.494428],[-54.614058,-20.494428],[-54.614058,-20.494419],[-54.61401,-20.494418],[-54.61401,-20.494409],[-54.613982,-20.494409],[-54.613982,-20.494391],[-54.613972,-20.49439],[-54.613974,-20.494255],[-54.613965,-20.494255],[-54.613967,-20.494137],[-54.613957,-20.494137],[-54.613957,-20.494128],[-54.613948,-20.494128],[-54.613948,-20.494119],[-54.613938,-20.494119],[-54.613938,-20.49411],[-54.613929,-20.49411],[-54.613929,-20.494101],[-54.613919,-20.494101],[-54.613919,-20.494092],[-54.613881,-20.494091],[-54.613881,-20.494082],[-54.613824,-20.494081],[-54.613824,-20.494072],[-54.613766,-20.494071],[-54.613767,-20.494062],[-54.613709,-20.494062],[-54.613709,-20.494053],[-54.6137,-20.494053],[-54.6137,-20.494043],[-54.613681,-20.494043],[-54.613682,-20.493971],[-54.613672,-20.493971],[-54.613672,-20.493953],[-54.613663,-20.493953],[-54.613663,-20.493935],[-54.613654,-20.493934],[-54.613654,-20.493925],[-54.613644,-20.493925],[-54.613644,-20.493907],[-54.613635,-20.493907],[-54.613635,-20.493889],[-54.613626,-20.493889],[-54.613626,-20.493871],[-54.613616,-20.493871],[-54.613616,-20.493853],[-54.613607,-20.493853],[-54.613607,-20.493835],[-54.613588,-20.493834],[-54.613588,-20.493825],[-54.613569,-20.493825],[-54.613569,-20.493816],[-54.61355,-20.493816],[-54.61355,-20.493807],[-54.613531,-20.493806],[-54.613531,-20.493797],[-54.613512,-20.493797],[-54.613512,-20.493788],[-54.613493,-20.493788],[-54.613493,-20.493779],[-54.613474,-20.493778],[-54.613474,-20.493769],[-54.613445,-20.493769],[-54.613445,-20.49376],[-54.613426,-20.49376],[-54.613426,-20.493751],[-54.613407,-20.49375],[-54.613407,-20.493741],[-54.613388,-20.493741],[-54.613388,-20.493732],[-54.613369,-20.493732],[-54.613369,-20.493723],[-54.61335,-20.493723],[-54.61335,-20.493714],[-54.613331,-20.493713],[-54.613331,-20.493704],[-54.613312,-20.493704],[-54.613312,-20.493695],[-54.613293,-20.493695],[-54.613293,-20.493686],[-54.613274,-20.493685],[-54.613274,-20.493676],[-54.613265,-20.493676],[-54.613265,-20.493667],[-54.613255,-20.493667],[-54.613255,-20.493658],[-54.613246,-20.493658],[-54.613246,-20.493649],[-54.613236,-20.493649],[-54.613236,-20.49364],[-54.613227,-20.49364],[-54.613227,-20.493631],[-54.613217,-20.49363],[-54.613218,-20.493621],[-54.613208,-20.493621],[-54.613208,-20.493612],[-54.613199,-20.493612],[-54.613199,-20.493603],[-54.613189,-20.493603],[-54.613189,-20.493594],[-54.61318,-20.493594],[-54.61318,-20.493585],[-54.61317,-20.493585],[-54.61317,-20.493576],[-54.613161,-20.493576],[-54.613161,-20.493566],[-54.613151,-20.493566],[-54.613151,-20.493557],[-54.613142,-20.493557],[-54.613142,-20.493548],[-54.613132,-20.493548],[-54.613133,-20.493539],[-54.613123,-20.493539],[-54.613123,-20.49353],[-54.613114,-20.49353],[-54.613114,-20.493521],[-54.613104,-20.493521],[-54.613104,-20.493512],[-54.613095,-20.493511],[-54.613095,-20.493502],[-54.613085,-20.493502],[-54.613085,-20.493493],[-54.613076,-20.493493],[-54.613076,-20.493484],[-54.613066,-20.493484],[-54.613066,-20.493475],[-54.613057,-20.493475],[-54.613057,-20.493466],[-54.613047,-20.493466],[-54.613048,-20.493457],[-54.613038,-20.493456],[-54.613038,-20.493447],[-54.613029,-20.493447],[-54.613029,-20.493438],[-54.613019,-20.493438],[-54.613019,-20.493429],[-54.61301,-20.493429],[-54.61301,-20.49342],[-54.613,-20.49342],[-54.613,-20.493411],[-54.612991,-20.493411],[-54.612991,-20.493402],[-54.612981,-20.493401],[-54.612982,-20.493392],[-54.612972,-20.493392],[-54.612972,-20.493383],[-54.612962,-20.493383],[-54.612963,-20.493374],[-54.612953,-20.493374],[-54.612953,-20.493365],[-54.612944,-20.493365],[-54.612944,-20.493356],[-54.612934,-20.493356],[-54.612934,-20.493347],[-54.612925,-20.493347],[-54.612925,-20.493337],[-54.612915,-20.493337],[-54.612915,-20.493328],[-54.612906,-20.493328],[-54.612906,-20.493319],[-54.612896,-20.493319],[-54.612897,-20.49331],[-54.612877,-20.49331],[-54.612878,-20.493301],[-54.612868,-20.493301],[-54.612868,-20.493292],[-54.612858,-20.493291],[-54.612859,-20.493282],[-54.612849,-20.493282],[-54.612849,-20.493273],[-54.61284,-20.493273],[-54.61284,-20.493264],[-54.61283,-20.493264],[-54.61283,-20.493255],[-54.612811,-20.493255],[-54.612811,-20.493246],[-54.612802,-20.493246],[-54.612802,-20.493236],[-54.612792,-20.493236],[-54.612792,-20.493227],[-54.612783,-20.493227],[-54.612783,-20.493218],[-54.612773,-20.493218],[-54.612774,-20.493209],[-54.612764,-20.493209],[-54.612764,-20.4932],[-54.612754,-20.4932],[-54.612755,-20.493191],[-54.612745,-20.493191],[-54.612745,-20.493182],[-54.612716,-20.493181],[-54.612717,-20.493172],[-54.61265,-20.493171],[-54.61265,-20.493162],[-54.612592,-20.493161],[-54.612592,-20.493152],[-54.612525,-20.493151],[-54.612525,-20.493142],[-54.612142,-20.493137],[-54.612142,-20.493128],[-54.611606,-20.493121],[-54.611606,-20.49313],[-54.611596,-20.49313],[-54.611596,-20.493139],[-54.611577,-20.493138],[-54.611577,-20.493147],[-54.611548,-20.493147],[-54.611548,-20.493138],[-54.61149,-20.493137],[-54.611491,-20.493128],[-54.611443,-20.493127],[-54.611443,-20.493118],[-54.611385,-20.493118],[-54.611385,-20.493109],[-54.611338,-20.493108],[-54.611338,-20.493099],[-54.61128,-20.493098],[-54.61128,-20.493089],[-54.611232,-20.493088],[-54.611233,-20.493079],[-54.611185,-20.493079],[-54.611185,-20.49307],[-54.611137,-20.493069],[-54.611137,-20.49306],[-54.611127,-20.49306],[-54.611128,-20.493051],[-54.611118,-20.493051],[-54.611118,-20.493042],[-54.611109,-20.493042],[-54.611109,-20.493033],[-54.611099,-20.493032],[-54.611099,-20.493023],[-54.61109,-20.493023],[-54.61109,-20.493014],[-54.61108,-20.493014],[-54.61108,-20.493005],[-54.611071,-20.493005],[-54.611071,-20.492996],[-54.611061,-20.492996],[-54.611061,-20.492987],[-54.611052,-20.492987],[-54.611052,-20.492978],[-54.611042,-20.492977],[-54.611043,-20.492968],[-54.611033,-20.492968],[-54.611033,-20.492959],[-54.611024,-20.492959],[-54.611024,-20.49295],[-54.611014,-20.49295],[-54.611014,-20.492941],[-54.611005,-20.492941],[-54.611005,-20.492932],[-54.610995,-20.492932],[-54.610995,-20.492923],[-54.610986,-20.492923],[-54.610986,-20.492913],[-54.610976,-20.492913],[-54.610977,-20.492904],[-54.610967,-20.492904],[-54.610967,-20.492895],[-54.610957,-20.492895],[-54.610958,-20.492886],[-54.610948,-20.492886],[-54.610948,-20.492877],[-54.610939,-20.492877],[-54.610939,-20.492868],[-54.610929,-20.492868],[-54.610929,-20.492859],[-54.61092,-20.492858],[-54.61092,-20.492849],[-54.61091,-20.492849],[-54.61091,-20.49284],[-54.610901,-20.49284],[-54.610901,-20.492831],[-54.610891,-20.492831],[-54.610892,-20.492822],[-54.610882,-20.492822],[-54.610882,-20.492813],[-54.610873,-20.492813],[-54.610873,-20.492804],[-54.610863,-20.492803],[-54.610863,-20.492794],[-54.610854,-20.492794],[-54.610854,-20.492785],[-54.610844,-20.492785],[-54.610844,-20.492776],[-54.610835,-20.492776],[-54.610835,-20.492767],[-54.610825,-20.492767],[-54.610825,-20.492758],[-54.610816,-20.492758],[-54.610816,-20.492749],[-54.610806,-20.492748],[-54.610807,-20.492739],[-54.610797,-20.492739],[-54.610797,-20.49273],[-54.610788,-20.49273],[-54.610788,-20.492721],[-54.610778,-20.492721],[-54.610778,-20.492712],[-54.610769,-20.492712],[-54.610769,-20.492703],[-54.610759,-20.492703],[-54.610759,-20.492694],[-54.61075,-20.492694],[-54.61075,-20.492684],[-54.61074,-20.492684],[-54.61074,-20.492675],[-54.610731,-20.492675],[-54.610731,-20.492666],[-54.610721,-20.492666],[-54.610722,-20.492657],[-54.610712,-20.492657],[-54.610712,-20.49263],[-54.610693,-20.49263],[-54.610693,-20.492639],[-54.610674,-20.492638],[-54.610674,-20.492647],[-54.610664,-20.492647],[-54.610664,-20.492656],[-54.610645,-20.492656],[-54.610645,-20.492665],[-54.610329,-20.492661],[-54.610329,-20.492652],[-54.610319,-20.492651],[-54.610319,-20.492642],[-54.61031,-20.492642],[-54.61031,-20.492633],[-54.6103,-20.492633],[-54.6103,-20.492624],[-54.610291,-20.492624],[-54.610291,-20.492615],[-54.610281,-20.492615],[-54.610282,-20.492606],[-54.610272,-20.492606],[-54.610272,-20.492597],[-54.610263,-20.492597],[-54.610263,-20.492587],[-54.610253,-20.492587],[-54.610253,-20.492578],[-54.610244,-20.492578],[-54.610244,-20.492569],[-54.610234,-20.492569],[-54.610234,-20.49256],[-54.610225,-20.49256],[-54.610225,-20.492551],[-54.610215,-20.492551],[-54.610215,-20.492542],[-54.610206,-20.492542],[-54.610207,-20.492496],[-54.610197,-20.492496],[-54.610198,-20.492406],[-54.610189,-20.492406],[-54.61019,-20.492316],[-54.610181,-20.492315],[-54.610182,-20.492198],[-54.610173,-20.492198],[-54.610173,-20.49218],[-54.610164,-20.49218],[-54.610164,-20.492153],[-54.610154,-20.492153],[-54.610155,-20.492125],[-54.610145,-20.492125],[-54.610146,-20.492098],[-54.610136,-20.492098],[-54.610136,-20.492071],[-54.610127,-20.492071],[-54.610132,-20.491746],[-54.610122,-20.491746],[-54.610123,-20.491737],[-54.610113,-20.491737],[-54.610113,-20.491728],[-54.610094,-20.491727],[-54.610094,-20.491718],[-54.610084,-20.491718],[-54.610085,-20.491709],[-54.610065,-20.491709],[-54.610066,-20.4917],[-54.610056,-20.4917],[-54.610056,-20.491691],[-54.610037,-20.49169],[-54.610037,-20.491681],[-54.610028,-20.491681],[-54.610028,-20.491672],[-54.610009,-20.491672],[-54.610009,-20.491663],[-54.609999,-20.491663],[-54.609999,-20.491654],[-54.60999,-20.491654],[-54.60999,-20.491645],[-54.60998,-20.491644],[-54.60998,-20.491635],[-54.609971,-20.491635],[-54.609971,-20.491626],[-54.609961,-20.491626],[-54.609961,-20.491617],[-54.609952,-20.491617],[-54.609952,-20.491608],[-54.609942,-20.491608],[-54.609943,-20.491599],[-54.609933,-20.491599],[-54.609933,-20.49159],[-54.609924,-20.491589],[-54.609924,-20.49158],[-54.609914,-20.49158],[-54.609914,-20.491562],[-54.609905,-20.491562],[-54.609905,-20.491553],[-54.609895,-20.491553],[-54.609895,-20.491544],[-54.609886,-20.491544],[-54.609886,-20.491535],[-54.609876,-20.491535],[-54.609877,-20.491526],[-54.609867,-20.491525],[-54.609867,-20.491516],[-54.609858,-20.491516],[-54.609858,-20.491498],[-54.609848,-20.491498],[-54.609848,-20.491489],[-54.609839,-20.491489],[-54.609839,-20.49148],[-54.609829,-20.49148],[-54.60983,-20.491471],[-54.60982,-20.491471],[-54.60982,-20.491462],[-54.609811,-20.491462],[-54.609811,-20.491407],[-54.609802,-20.491407],[-54.609802,-20.491398],[-54.609792,-20.491398],[-54.609792,-20.491389],[-54.609783,-20.491389],[-54.609783,-20.49138],[-54.609773,-20.49138],[-54.609774,-20.491371],[-54.609764,-20.491371],[-54.609764,-20.491362],[-54.609745,-20.491361],[-54.609745,-20.491352],[-54.609736,-20.491352],[-54.609736,-20.491343],[-54.609726,-20.491343],[-54.609726,-20.491334],[-54.609717,-20.491334],[-54.609717,-20.491325],[-54.609707,-20.491325],[-54.609707,-20.491316],[-54.609698,-20.491315],[-54.609698,-20.491306],[-54.609688,-20.491306],[-54.609688,-20.491297],[-54.609679,-20.491297],[-54.609679,-20.491288],[-54.609669,-20.491288],[-54.60967,-20.491279],[-54.60966,-20.491279],[-54.60966,-20.49127],[-54.609651,-20.49127],[-54.609651,-20.491261],[-54.609641,-20.491261],[-54.609641,-20.491251],[-54.609632,-20.491251],[-54.609632,-20.491242],[-54.609622,-20.491242],[-54.609622,-20.491233],[-54.609613,-20.491233],[-54.609613,-20.491224],[-54.609603,-20.491224],[-54.609604,-20.491215],[-54.609594,-20.491215],[-54.609594,-20.491206],[-54.609584,-20.491206],[-54.609585,-20.491197],[-54.609575,-20.491196],[-54.609575,-20.491187],[-54.609566,-20.491187],[-54.609566,-20.491178],[-54.609556,-20.491178],[-54.609557,-20.491133],[-54.609547,-20.491133],[-54.609549,-20.491043],[-54.609539,-20.491042],[-54.609541,-20.490943],[-54.609531,-20.490943],[-54.609531,-20.490916],[-54.609522,-20.490916],[-54.609522,-20.490907],[-54.609512,-20.490907],[-54.609513,-20.490898],[-54.609503,-20.490897],[-54.609503,-20.490888],[-54.609494,-20.490888],[-54.609494,-20.490879],[-54.609484,-20.490879],[-54.609484,-20.49087],[-54.609475,-20.49087],[-54.609475,-20.490861],[-54.609465,-20.490861],[-54.609465,-20.490852],[-54.609456,-20.490852],[-54.609456,-20.490834],[-54.609446,-20.490833],[-54.609447,-20.490815],[-54.609437,-20.490815],[-54.609437,-20.490806],[-54.609428,-20.490806],[-54.609428,-20.490788],[-54.609418,-20.490788],[-54.609419,-20.49077],[-54.609409,-20.49077],[-54.609409,-20.490761],[-54.6094,-20.490761],[-54.6094,-20.490742],[-54.60939,-20.490742],[-54.609391,-20.490724],[-54.609381,-20.490724],[-54.609381,-20.490715],[-54.609372,-20.490715],[-54.609372,-20.490688],[-54.609363,-20.490688],[-54.609363,-20.490643],[-54.609354,-20.490642],[-54.609354,-20.490597],[-54.609345,-20.490597],[-54.609345,-20.490552],[-54.609336,-20.490552],[-54.609337,-20.490498],[-54.609327,-20.490498],[-54.609328,-20.490453],[-54.609318,-20.490452],[-54.609319,-20.490407],[-54.609309,-20.490407],[-54.60931,-20.490362],[-54.6093,-20.490362],[-54.609301,-20.490353],[-54.609281,-20.490353],[-54.609282,-20.490344],[-54.609262,-20.490343],[-54.609263,-20.490334],[-54.609234,-20.490334],[-54.609234,-20.490325],[-54.609215,-20.490325],[-54.609215,-20.490316],[-54.609186,-20.490315],[-54.609186,-20.490306],[-54.609158,-20.490306],[-54.609158,-20.490297],[-54.609139,-20.490296],[-54.609139,-20.490287],[-54.60912,-20.490287],[-54.60912,-20.490278],[-54.609081,-20.490278],[-54.609082,-20.490269],[-54.609072,-20.490268],[-54.609072,-20.490259],[-54.609053,-20.490259],[-54.609053,-20.49025],[-54.609043,-20.49025],[-54.609044,-20.490241],[-54.609034,-20.490241],[-54.609034,-20.490232],[-54.609025,-20.490232],[-54.609025,-20.490223],[-54.609015,-20.490222],[-54.609015,-20.490213],[-54.609006,-20.490213],[-54.609006,-20.490204],[-54.608996,-20.490204],[-54.608996,-20.490195],[-54.608987,-20.490195],[-54.608987,-20.490186],[-54.608977,-20.490186],[-54.608978,-20.490177],[-54.608968,-20.490177],[-54.608968,-20.490168],[-54.608958,-20.490167],[-54.608959,-20.490158],[-54.608949,-20.490158],[-54.608949,-20.490149],[-54.60894,-20.490149],[-54.60894,-20.49014],[-54.60893,-20.49014],[-54.60893,-20.490131],[-54.608921,-20.490131],[-54.608921,-20.490122],[-54.608911,-20.490122],[-54.608911,-20.490113],[-54.608902,-20.490113],[-54.608902,-20.490103],[-54.608892,-20.490103],[-54.608893,-20.490094],[-54.608883,-20.490094],[-54.608883,-20.490076],[-54.608874,-20.490076],[-54.608874,-20.490058],[-54.608864,-20.490058],[-54.608865,-20.490031],[-54.608855,-20.490031],[-54.608855,-20.490013],[-54.608846,-20.490012],[-54.608846,-20.489994],[-54.608837,-20.489994],[-54.608837,-20.489967],[-54.608827,-20.489967],[-54.608828,-20.48994],[-54.608818,-20.48994],[-54.608819,-20.489922],[-54.608809,-20.489922],[-54.608809,-20.489904],[-54.60879,-20.489903],[-54.60879,-20.489894],[-54.608781,-20.489894],[-54.608781,-20.489885],[-54.608771,-20.489885],[-54.608771,-20.489876],[-54.608762,-20.489876],[-54.608762,-20.489867],[-54.608752,-20.489867],[-54.608752,-20.489858],[-54.608743,-20.489857],[-54.608743,-20.489848],[-54.608733,-20.489848],[-54.608734,-20.489839],[-54.608724,-20.489839],[-54.608724,-20.48983],[-54.608715,-20.48983],[-54.608715,-20.489812],[-54.608705,-20.489812],[-54.608706,-20.489794],[-54.608696,-20.489794],[-54.608696,-20.489776],[-54.608687,-20.489775],[-54.608687,-20.489739],[-54.608678,-20.489739],[-54.608678,-20.489712],[-54.608668,-20.489712],[-54.608669,-20.489694],[-54.608659,-20.489694],[-54.60866,-20.489667],[-54.60864,-20.489666],[-54.608641,-20.489657],[-54.608631,-20.489657],[-54.608631,-20.489648],[-54.608622,-20.489648],[-54.608622,-20.489639],[-54.608612,-20.489639],[-54.608612,-20.48963],[-54.608603,-20.48963],[-54.608603,-20.489621],[-54.608593,-20.489621],[-54.608593,-20.489612],[-54.608584,-20.489611],[-54.608584,-20.489602],[-54.608574,-20.489602],[-54.608574,-20.489593],[-54.608565,-20.489593],[-54.608565,-20.489584],[-54.608555,-20.489584],[-54.608556,-20.489575],[-54.608546,-20.489575],[-54.60855,-20.489304],[-54.608541,-20.489304],[-54.608541,-20.489295],[-54.608531,-20.489295],[-54.608531,-20.489286],[-54.608522,-20.489286],[-54.608522,-20.489277],[-54.608512,-20.489276],[-54.608512,-20.489267],[-54.608503,-20.489267],[-54.608503,-20.489258],[-54.608493,-20.489258],[-54.608494,-20.489249],[-54.608484,-20.489249],[-54.608484,-20.48924],[-54.608475,-20.48924],[-54.608475,-20.489231],[-54.608465,-20.489231],[-54.608465,-20.489222],[-54.608456,-20.489221],[-54.608456,-20.489212],[-54.608446,-20.489212],[-54.608446,-20.489203],[-54.608437,-20.489203],[-54.608437,-20.489194],[-54.608427,-20.489194],[-54.608427,-20.489185],[-54.608418,-20.489185],[-54.608418,-20.489176],[-54.608408,-20.489176],[-54.608409,-20.489167],[-54.608399,-20.489166],[-54.608399,-20.489157],[-54.60839,-20.489157],[-54.60839,-20.489148],[-54.60838,-20.489148],[-54.60838,-20.489139],[-54.608371,-20.489139],[-54.608371,-20.48913],[-54.608361,-20.48913],[-54.608361,-20.489121],[-54.608352,-20.489121],[-54.608352,-20.489112],[-54.608323,-20.489111],[-54.608323,-20.489102],[-54.608285,-20.489102],[-54.608285,-20.489093],[-54.608276,-20.489093],[-54.608276,-20.489083],[-54.608266,-20.489083],[-54.608266,-20.489074],[-54.608257,-20.489074],[-54.608257,-20.489065],[-54.608247,-20.489065],[-54.608247,-20.489056],[-54.608238,-20.489056],[-54.608238,-20.489047],[-54.608228,-20.489047],[-54.608229,-20.489038],[-54.608219,-20.489038],[-54.608219,-20.489029],[-54.608209,-20.489028],[-54.60821,-20.489019],[-54.6082,-20.489019],[-54.6082,-20.48901],[-54.608047,-20.489008],[-54.608047,-20.488999],[-54.60797,-20.488998],[-54.607971,-20.488989],[-54.607961,-20.488989],[-54.607961,-20.48898],[-54.607942,-20.48898],[-54.607942,-20.488971],[-54.607932,-20.48897],[-54.607933,-20.488961],[-54.607923,-20.488961],[-54.607923,-20.488952],[-54.607914,-20.488952],[-54.607914,-20.488943],[-54.607904,-20.488943],[-54.607904,-20.488934],[-54.607885,-20.488934],[-54.607885,-20.488925],[-54.607876,-20.488924],[-54.607876,-20.488915],[-54.607866,-20.488915],[-54.607866,-20.488906],[-54.607857,-20.488906],[-54.607857,-20.488897],[-54.607838,-20.488897],[-54.607838,-20.488888],[-54.607828,-20.488888],[-54.607828,-20.488879],[-54.607819,-20.488879],[-54.607819,-20.48887],[-54.607809,-20.488869],[-54.60781,-20.48886],[-54.6078,-20.48886],[-54.6078,-20.488851],[-54.607781,-20.488851],[-54.607781,-20.488842],[-54.607772,-20.488842],[-54.607772,-20.488833],[-54.607762,-20.488833],[-54.607762,-20.488824],[-54.607753,-20.488823],[-54.607753,-20.488814],[-54.607734,-20.488814],[-54.607734,-20.488805],[-54.607724,-20.488805],[-54.607724,-20.488796],[-54.607715,-20.488796],[-54.607715,-20.488787],[-54.607705,-20.488787],[-54.607705,-20.488778],[-54.607696,-20.488778],[-54.607696,-20.488768],[-54.607677,-20.488768],[-54.607677,-20.488759],[-54.607667,-20.488759],[-54.607668,-20.48875],[-54.607658,-20.48875],[-54.607658,-20.488741],[-54.607649,-20.488741],[-54.607649,-20.488732],[-54.607639,-20.488732],[-54.607639,-20.488723],[-54.60762,-20.488722],[-54.60762,-20.488713],[-54.607611,-20.488713],[-54.607611,-20.488704],[-54.607601,-20.488704],[-54.607601,-20.488695],[-54.607592,-20.488695],[-54.607592,-20.488686],[-54.607582,-20.488686],[-54.607582,-20.488677],[-54.607563,-20.488676],[-54.607565,-20.488586],[-54.607555,-20.488586],[-54.607555,-20.488577],[-54.607546,-20.488577],[-54.607546,-20.488568],[-54.607536,-20.488568],[-54.607536,-20.488559],[-54.607527,-20.488558],[-54.607527,-20.488549],[-54.607517,-20.488549],[-54.607517,-20.48854],[-54.607508,-20.48854],[-54.607508,-20.488531],[-54.607498,-20.488531],[-54.607499,-20.488522],[-54.607489,-20.488522],[-54.607489,-20.488513],[-54.60748,-20.488513],[-54.60748,-20.488504],[-54.60747,-20.488503],[-54.60747,-20.488494],[-54.607461,-20.488494],[-54.607461,-20.488485],[-54.607451,-20.488485],[-54.607451,-20.488476],[-54.607442,-20.488476],[-54.607442,-20.488467],[-54.607432,-20.488467],[-54.607433,-20.488458],[-54.607423,-20.488458],[-54.607423,-20.488449],[-54.607413,-20.488449],[-54.607414,-20.488439],[-54.607404,-20.488439],[-54.607404,-20.48843],[-54.607395,-20.48843],[-54.607395,-20.488421],[-54.607376,-20.488421],[-54.607376,-20.488412],[-54.607366,-20.488412],[-54.607366,-20.488394],[-54.607357,-20.488394],[-54.607357,-20.488376],[-54.607348,-20.488375],[-54.607348,-20.488366],[-54.607338,-20.488366],[-54.607338,-20.488348],[-54.607329,-20.488348],[-54.607329,-20.48833],[-54.607319,-20.48833],[-54.60732,-20.488312],[-54.60731,-20.488312],[-54.60731,-20.488294],[-54.607301,-20.488293],[-54.607301,-20.488275],[-54.607292,-20.488275],[-54.607292,-20.488257],[-54.607282,-20.488257],[-54.607282,-20.488248],[-54.607273,-20.488248],[-54.607273,-20.488239],[-54.607244,-20.488238],[-54.607244,-20.488229],[-54.607235,-20.488229],[-54.607235,-20.48822],[-54.607225,-20.48822],[-54.607226,-20.488211],[-54.607216,-20.488211],[-54.607216,-20.488202],[-54.607206,-20.488202],[-54.607207,-20.488193],[-54.607197,-20.488193],[-54.607197,-20.488184],[-54.607188,-20.488184],[-54.607188,-20.488175],[-54.607178,-20.488174],[-54.607178,-20.488165],[-54.607169,-20.488165],[-54.607169,-20.488156],[-54.607159,-20.488156],[-54.607159,-20.488147],[-54.60715,-20.488147],[-54.60715,-20.488138],[-54.60714,-20.488138],[-54.607141,-20.488129],[-54.607131,-20.488129],[-54.607131,-20.48812],[-54.607122,-20.488119],[-54.607122,-20.48811],[-54.607112,-20.48811],[-54.607112,-20.488101],[-54.607103,-20.488101],[-54.607103,-20.488092],[-54.607093,-20.488092],[-54.607095,-20.487984],[-54.607104,-20.487984],[-54.607105,-20.487921],[-54.607096,-20.48792],[-54.607096,-20.487911],[-54.607086,-20.487911],[-54.607087,-20.487902],[-54.607067,-20.487902],[-54.607068,-20.487884],[-54.607049,-20.487884],[-54.607049,-20.487875],[-54.607039,-20.487874],[-54.607039,-20.487865],[-54.60702,-20.487865],[-54.60702,-20.487856],[-54.607011,-20.487856],[-54.607011,-20.487847],[-54.607001,-20.487847],[-54.607001,-20.487838],[-54.606992,-20.487838],[-54.606992,-20.487829],[-54.606982,-20.487829],[-54.606982,-20.487819],[-54.606973,-20.487819],[-54.606973,-20.48781],[-54.606963,-20.48781],[-54.606964,-20.487801],[-54.606954,-20.487801],[-54.606954,-20.487792],[-54.606945,-20.487792],[-54.606945,-20.487783],[-54.606935,-20.487783],[-54.606935,-20.487774],[-54.606926,-20.487774],[-54.606926,-20.487765],[-54.606916,-20.487764],[-54.606916,-20.487755],[-54.606907,-20.487755],[-54.606907,-20.487746],[-54.606897,-20.487746],[-54.606897,-20.487737],[-54.606888,-20.487737],[-54.606888,-20.487728],[-54.606878,-20.487728],[-54.606879,-20.487719],[-54.606869,-20.487719],[-54.606869,-20.48771],[-54.60686,-20.487709],[-54.60686,-20.4877],[-54.60685,-20.4877],[-54.60685,-20.487691],[-54.606841,-20.487691],[-54.606841,-20.487682],[-54.606831,-20.487682],[-54.606831,-20.487673],[-54.606822,-20.487673],[-54.606822,-20.487664],[-54.606812,-20.487664],[-54.606812,-20.487655],[-54.606803,-20.487654],[-54.606803,-20.487645],[-54.606793,-20.487645],[-54.606794,-20.487636],[-54.606784,-20.487636],[-54.606784,-20.487627],[-54.606775,-20.487627],[-54.606775,-20.487618],[-54.606765,-20.487618],[-54.606765,-20.487609],[-54.606756,-20.487609],[-54.606756,-20.4876],[-54.606622,-20.487598],[-54.606622,-20.487589],[-54.606593,-20.487588],[-54.606593,-20.487579],[-54.606574,-20.487579],[-54.606574,-20.48757],[-54.606555,-20.48757],[-54.606555,-20.487561],[-54.606536,-20.487561],[-54.606536,-20.487551],[-54.606507,-20.487551],[-54.606508,-20.487542],[-54.606488,-20.487542],[-54.606489,-20.487533],[-54.606469,-20.487532],[-54.60647,-20.487523],[-54.60645,-20.487523],[-54.60645,-20.487514],[-54.606422,-20.487514],[-54.606422,-20.487505],[-54.606403,-20.487504],[-54.606403,-20.487495],[-54.606374,-20.487495],[-54.606374,-20.487486],[-54.606365,-20.487486],[-54.606365,-20.487477],[-54.606346,-20.487477],[-54.606346,-20.487468],[-54.606336,-20.487467],[-54.606336,-20.487458],[-54.606327,-20.487458],[-54.606327,-20.487449],[-54.606317,-20.487449],[-54.606317,-20.48744],[-54.606308,-20.48744],[-54.606308,-20.487431],[-54.606289,-20.487431],[-54.606289,-20.487422],[-54.606279,-20.487422],[-54.60628,-20.487412],[-54.60627,-20.487412],[-54.60627,-20.487403],[-54.606261,-20.487403],[-54.606261,-20.487394],[-54.606251,-20.487394],[-54.606251,-20.487385],[-54.606242,-20.487385],[-54.606242,-20.487376],[-54.606232,-20.487376],[-54.606232,-20.487367],[-54.606223,-20.487367],[-54.606223,-20.487358],[-54.606213,-20.487357],[-54.606213,-20.487348],[-54.606204,-20.487348],[-54.606204,-20.487339],[-54.606194,-20.487339],[-54.606195,-20.48733],[-54.606185,-20.48733],[-54.606185,-20.487321],[-54.606176,-20.487321],[-54.606176,-20.487312],[-54.606166,-20.487312],[-54.606166,-20.487303],[-54.606157,-20.487302],[-54.606157,-20.487293],[-54.606147,-20.487293],[-54.606147,-20.487284],[-54.606138,-20.487284],[-54.606138,-20.487275],[-54.606128,-20.487275],[-54.606129,-20.487266],[-54.606119,-20.487266],[-54.606119,-20.487257],[-54.606109,-20.487257],[-54.60611,-20.487248],[-54.606043,-20.487247],[-54.606043,-20.487238],[-54.606033,-20.487238],[-54.606033,-20.487228],[-54.606024,-20.487228],[-54.606024,-20.487219],[-54.606014,-20.487219],[-54.606014,-20.48721],[-54.606005,-20.48721],[-54.606005,-20.487201],[-54.605718,-20.487197],[-54.605718,-20.487188],[-54.605708,-20.487188],[-54.605708,-20.487179],[-54.605699,-20.487179],[-54.605699,-20.48717],[-54.605689,-20.48717],[-54.605689,-20.487161],[-54.60568,-20.48716],[-54.60568,-20.487151],[-54.60567,-20.487151],[-54.60567,-20.487142],[-54.605661,-20.487142],[-54.605661,-20.487133],[-54.605651,-20.487133],[-54.605652,-20.487124],[-54.605642,-20.487124],[-54.605642,-20.487115],[-54.605633,-20.487115],[-54.605633,-20.487106],[-54.605623,-20.487105],[-54.605623,-20.487096],[-54.605614,-20.487096],[-54.605614,-20.487087],[-54.605604,-20.487087],[-54.605604,-20.487078],[-54.605595,-20.487078],[-54.605595,-20.487069],[-54.605585,-20.487069],[-54.605585,-20.48706],[-54.605576,-20.48706],[-54.605576,-20.487051],[-54.605566,-20.48705],[-54.605567,-20.487041],[-54.605538,-20.487041],[-54.605538,-20.487032],[-54.605519,-20.487032],[-54.605519,-20.487023],[-54.605509,-20.487023],[-54.60551,-20.487014],[-54.6055,-20.487013],[-54.6055,-20.487004],[-54.605491,-20.487004],[-54.605491,-20.486995],[-54.605481,-20.486995],[-54.605481,-20.486986],[-54.605472,-20.486986],[-54.605472,-20.486977],[-54.605462,-20.486977],[-54.605462,-20.486968],[-54.605453,-20.486968],[-54.605453,-20.486959],[-54.605443,-20.486958],[-54.605443,-20.486949],[-54.605434,-20.486949],[-54.605434,-20.48694],[-54.605424,-20.48694],[-54.605425,-20.486931],[-54.605415,-20.486931],[-54.605415,-20.486922],[-54.605406,-20.486922],[-54.605406,-20.486913],[-54.605396,-20.486913],[-54.605396,-20.486904],[-54.605387,-20.486904],[-54.605387,-20.486894],[-54.605377,-20.486894],[-54.605377,-20.486885],[-54.605368,-20.486885],[-54.605368,-20.486876],[-54.605358,-20.486876],[-54.605358,-20.486867],[-54.605349,-20.486867],[-54.605349,-20.486858],[-54.605339,-20.486858],[-54.60534,-20.486849],[-54.60533,-20.486849],[-54.60533,-20.48684],[-54.605321,-20.486839],[-54.605321,-20.48683],[-54.605311,-20.48683],[-54.605311,-20.486821],[-54.605302,-20.486821],[-54.605302,-20.486812],[-54.605292,-20.486812],[-54.605292,-20.486803],[-54.605283,-20.486803],[-54.605283,-20.486794],[-54.605273,-20.486794],[-54.605274,-20.486785],[-54.605264,-20.486784],[-54.605264,-20.486775],[-54.605254,-20.486775],[-54.605255,-20.486766],[-54.605245,-20.486766],[-54.605245,-20.486757],[-54.605236,-20.486757],[-54.605236,-20.486748],[-54.605217,-20.486748],[-54.605217,-20.486739],[-54.605198,-20.486738],[-54.605198,-20.486729],[-54.605035,-20.486727],[-54.605035,-20.486718],[-54.604738,-20.486714],[-54.604738,-20.486705],[-54.604661,-20.486704],[-54.604662,-20.486695],[-54.604652,-20.486695],[-54.604652,-20.486686],[-54.604643,-20.486686],[-54.604643,-20.486677],[-54.604633,-20.486676],[-54.604633,-20.486667],[-54.604624,-20.486667],[-54.604624,-20.486658],[-54.604614,-20.486658],[-54.604614,-20.486649],[-54.604605,-20.486649],[-54.604605,-20.48664],[-54.604595,-20.48664],[-54.604595,-20.486631],[-54.604586,-20.486631],[-54.604586,-20.486622],[-54.604576,-20.486621],[-54.604577,-20.486612],[-54.604567,-20.486612],[-54.604567,-20.486603],[-54.604558,-20.486603],[-54.604558,-20.486594],[-54.604328,-20.486591],[-54.604328,-20.486582],[-54.603993,-20.486577],[-54.603993,-20.486568],[-54.603964,-20.486568],[-54.603964,-20.486559],[-54.603945,-20.486559],[-54.603945,-20.48655],[-54.603936,-20.486549],[-54.603936,-20.48654],[-54.603926,-20.48654],[-54.603926,-20.486531],[-54.603917,-20.486531],[-54.603917,-20.486522],[-54.603907,-20.486522],[-54.603907,-20.486513],[-54.603898,-20.486513],[-54.603898,-20.486504],[-54.603888,-20.486504],[-54.603888,-20.486495],[-54.603879,-20.486494],[-54.603879,-20.486485],[-54.603841,-20.486485],[-54.603841,-20.486476],[-54.603726,-20.486474],[-54.603726,-20.486465],[-54.603343,-20.48646],[-54.603343,-20.486451],[-54.603333,-20.486451],[-54.603333,-20.486442],[-54.603314,-20.486441],[-54.603314,-20.486432],[-54.603305,-20.486432],[-54.603305,-20.486423],[-54.603295,-20.486423],[-54.603296,-20.486414],[-54.603276,-20.486414],[-54.603277,-20.486405],[-54.603257,-20.486405],[-54.603257,-20.486396],[-54.603248,-20.486395],[-54.603248,-20.486386],[-54.603229,-20.486386],[-54.603229,-20.486377],[-54.6032,-20.486377],[-54.6032,-20.486368],[-54.603181,-20.486367],[-54.603181,-20.486358],[-54.603162,-20.486358],[-54.603162,-20.486349],[-54.603134,-20.486349],[-54.603134,-20.48634],[-54.603115,-20.486339],[-54.603115,-20.48633],[-54.603096,-20.48633],[-54.603096,-20.486321],[-54.603067,-20.486321],[-54.603067,-20.486312],[-54.603048,-20.486311],[-54.603048,-20.486302],[-54.603029,-20.486302],[-54.603029,-20.486293],[-54.602991,-20.486293],[-54.602991,-20.486283],[-54.602962,-20.486283],[-54.602962,-20.486274],[-54.602953,-20.486274],[-54.602953,-20.486265],[-54.602943,-20.486265],[-54.602943,-20.486256],[-54.602934,-20.486256],[-54.602934,-20.486247],[-54.602924,-20.486246],[-54.602925,-20.486237],[-54.602915,-20.486237],[-54.602915,-20.486228],[-54.602906,-20.486228],[-54.602906,-20.486219],[-54.602896,-20.486219],[-54.602896,-20.48621],[-54.602887,-20.48621],[-54.602887,-20.486201],[-54.602877,-20.486201],[-54.602877,-20.486192],[-54.602868,-20.486191],[-54.602868,-20.486182],[-54.602676,-20.48618],[-54.602676,-20.486171],[-54.602667,-20.486171],[-54.602667,-20.486153],[-54.602658,-20.486152],[-54.602658,-20.486134],[-54.602648,-20.486134],[-54.602649,-20.486116],[-54.602639,-20.486116],[-54.602639,-20.486098],[-54.60263,-20.486098],[-54.602629,-20.486107],[-54.60262,-20.486107],[-54.60262,-20.486116],[-54.602601,-20.486116],[-54.6026,-20.486125],[-54.602591,-20.486124],[-54.602591,-20.486133],[-54.602572,-20.486133],[-54.602571,-20.486142],[-54.602552,-20.486142],[-54.602552,-20.486151],[-54.602533,-20.486151],[-54.602533,-20.48616],[-54.602514,-20.48616],[-54.602514,-20.486169],[-54.602494,-20.486168],[-54.602494,-20.486177],[-54.602475,-20.486177],[-54.602475,-20.486186],[-54.602456,-20.486186],[-54.602456,-20.486195],[-54.602436,-20.486195],[-54.602436,-20.486204],[-54.602417,-20.486203],[-54.602417,-20.486212],[-54.602398,-20.486212],[-54.602398,-20.486221],[-54.602379,-20.486221],[-54.602378,-20.48623],[-54.602359,-20.48623],[-54.602359,-20.486239],[-54.60234,-20.486238],[-54.60234,-20.486247],[-54.602321,-20.486247],[-54.602321,-20.486256],[-54.602301,-20.486256],[-54.602301,-20.486265],[-54.602282,-20.486265],[-54.602282,-20.486274],[-54.602234,-20.486273],[-54.602234,-20.486264],[-54.602225,-20.486264],[-54.602225,-20.486255],[-54.602215,-20.486255],[-54.602215,-20.486246],[-54.602206,-20.486246],[-54.602206,-20.486237],[-54.602196,-20.486236],[-54.602196,-20.486227],[-54.602187,-20.486227],[-54.602187,-20.486218],[-54.602177,-20.486218],[-54.602177,-20.486209],[-54.602168,-20.486209],[-54.602168,-20.4862],[-54.602158,-20.4862],[-54.602159,-20.486191],[-54.602149,-20.486191],[-54.602149,-20.486182],[-54.60214,-20.486181],[-54.60214,-20.486172],[-54.60213,-20.486172],[-54.60213,-20.486163],[-54.602121,-20.486163],[-54.602121,-20.486154],[-54.602111,-20.486154],[-54.602111,-20.486145],[-54.602102,-20.486145],[-54.602102,-20.486136],[-54.602092,-20.486136],[-54.602093,-20.486127],[-54.602083,-20.486126],[-54.602083,-20.486117],[-54.602074,-20.486117],[-54.602074,-20.486108],[-54.602064,-20.486108],[-54.602064,-20.486099],[-54.602055,-20.486099],[-54.602055,-20.48609],[-54.602045,-20.48609],[-54.602045,-20.486081],[-54.602036,-20.486081],[-54.602036,-20.486072],[-54.602026,-20.486072],[-54.602026,-20.486062],[-54.602017,-20.486062],[-54.602017,-20.486053],[-54.602007,-20.486053],[-54.602008,-20.486044],[-54.601998,-20.486044],[-54.601998,-20.486035],[-54.601921,-20.486034],[-54.601922,-20.486025],[-54.601893,-20.486025],[-54.601893,-20.485997],[-54.601884,-20.485997],[-54.601884,-20.485988],[-54.601874,-20.485988],[-54.601875,-20.48597],[-54.601865,-20.48597],[-54.601865,-20.485961],[-54.601856,-20.485961],[-54.601857,-20.485852],[-54.601848,-20.485852],[-54.601848,-20.485843],[-54.601838,-20.485843],[-54.601838,-20.485834],[-54.601829,-20.485834],[-54.601829,-20.485825],[-54.601819,-20.485825],[-54.60182,-20.485807],[-54.601829,-20.485807],[-54.601831,-20.485717],[-54.601821,-20.485716],[-54.601821,-20.485707],[-54.601812,-20.485707],[-54.601812,-20.485698],[-54.601802,-20.485698],[-54.601802,-20.485689],[-54.601793,-20.485689],[-54.601793,-20.48568],[-54.601783,-20.48568],[-54.601783,-20.485671],[-54.601774,-20.485671],[-54.601774,-20.485662],[-54.601764,-20.485662],[-54.601764,-20.485653],[-54.601755,-20.485652],[-54.601755,-20.485643],[-54.601745,-20.485643],[-54.601746,-20.485634],[-54.601736,-20.485634],[-54.601736,-20.485625],[-54.601727,-20.485625],[-54.601727,-20.485616],[-54.601717,-20.485616],[-54.601717,-20.485607],[-54.601708,-20.485607],[-54.601708,-20.485598],[-54.601698,-20.485597],[-54.601698,-20.485588],[-54.601689,-20.485588],[-54.601689,-20.485579],[-54.601679,-20.485579],[-54.60168,-20.48557],[-54.60167,-20.48557],[-54.60167,-20.485561],[-54.601661,-20.485561],[-54.601661,-20.485552],[-54.601651,-20.485552],[-54.601651,-20.485543],[-54.601642,-20.485542],[-54.601642,-20.485533],[-54.601632,-20.485533],[-54.601632,-20.485524],[-54.601623,-20.485524],[-54.601623,-20.485515],[-54.601613,-20.485515],[-54.601613,-20.485506],[-54.601604,-20.485506],[-54.601604,-20.485497],[-54.601594,-20.485497],[-54.601595,-20.485488],[-54.601575,-20.485487],[-54.601576,-20.485478],[-54.601566,-20.485478],[-54.601566,-20.485469],[-54.601547,-20.485469],[-54.601547,-20.48546],[-54.601538,-20.48546],[-54.601538,-20.485451],[-54.601518,-20.48545],[-54.601519,-20.485441],[-54.601509,-20.485441],[-54.601509,-20.485432],[-54.6015,-20.485432],[-54.6015,-20.485423],[-54.601481,-20.485423],[-54.601481,-20.485414],[-54.601462,-20.485414],[-54.601467,-20.485052],[-54.601458,-20.485052],[-54.601458,-20.485034],[-54.601448,-20.485034],[-54.601449,-20.485016],[-54.601439,-20.485016],[-54.601439,-20.484998],[-54.60143,-20.484998],[-54.60143,-20.484989],[-54.60142,-20.484989],[-54.601421,-20.48497],[-54.601411,-20.48497],[-54.601411,-20.484952],[-54.601402,-20.484952],[-54.601402,-20.484943],[-54.601392,-20.484943],[-54.601392,-20.484934],[-54.601383,-20.484934],[-54.601383,-20.484925],[-54.601373,-20.484925],[-54.601373,-20.484916],[-54.601364,-20.484916],[-54.601364,-20.484906],[-54.601354,-20.484906],[-54.601355,-20.484897],[-54.601345,-20.484897],[-54.601345,-20.484888],[-54.601336,-20.484888],[-54.601336,-20.484879],[-54.601326,-20.484879],[-54.601326,-20.48487],[-54.601317,-20.48487],[-54.601317,-20.484861],[-54.601307,-20.484861],[-54.601307,-20.484852],[-54.601298,-20.484851],[-54.601298,-20.484842],[-54.601288,-20.484842],[-54.601289,-20.484833],[-54.601279,-20.484833],[-54.601279,-20.484824],[-54.601269,-20.484824],[-54.60127,-20.484815],[-54.60126,-20.484815],[-54.60126,-20.484806],[-54.601251,-20.484806],[-54.601251,-20.484797],[-54.601241,-20.484796],[-54.601241,-20.484787],[-54.601232,-20.484787],[-54.601232,-20.484778],[-54.601222,-20.484778],[-54.601222,-20.484769],[-54.601213,-20.484769],[-54.601213,-20.48476],[-54.601203,-20.48476],[-54.601204,-20.484751],[-54.601194,-20.484751],[-54.601194,-20.484742],[-54.601185,-20.484741],[-54.601185,-20.484732],[-54.601175,-20.484732],[-54.601175,-20.484723],[-54.601166,-20.484723],[-54.601166,-20.484714],[-54.601156,-20.484714],[-54.601156,-20.484705],[-54.601147,-20.484705],[-54.601147,-20.484696],[-54.601137,-20.484696],[-54.601137,-20.484687],[-54.601128,-20.484687],[-54.601128,-20.484677],[-54.601118,-20.484677],[-54.601119,-20.484668],[-54.601109,-20.484668],[-54.601109,-20.484659],[-54.6011,-20.484659],[-54.6011,-20.48465],[-54.60109,-20.48465],[-54.601091,-20.484623],[-54.601081,-20.484623],[-54.601081,-20.484605],[-54.601072,-20.484604],[-54.601072,-20.484586],[-54.601062,-20.484586],[-54.601063,-20.484559],[-54.601053,-20.484559],[-54.601053,-20.48455],[-54.601044,-20.48455],[-54.601044,-20.484541],[-54.601034,-20.484541],[-54.601034,-20.484532],[-54.601025,-20.484532],[-54.601025,-20.484523],[-54.601015,-20.484522],[-54.601016,-20.484513],[-54.601006,-20.484513],[-54.601006,-20.484504],[-54.600997,-20.484504],[-54.600997,-20.484495],[-54.600987,-20.484495],[-54.600987,-20.484486],[-54.600978,-20.484486],[-54.600978,-20.484477],[-54.600968,-20.484477],[-54.600968,-20.484468],[-54.600959,-20.484467],[-54.600959,-20.484458],[-54.600949,-20.484458],[-54.600949,-20.484449],[-54.60094,-20.484449],[-54.60094,-20.48444],[-54.60093,-20.48444],[-54.600931,-20.484431],[-54.600911,-20.484431],[-54.600912,-20.484422],[-54.600902,-20.484422],[-54.600902,-20.484412],[-54.600893,-20.484412],[-54.600893,-20.484403],[-54.600883,-20.484403],[-54.600883,-20.484394],[-54.600874,-20.484394],[-54.600874,-20.484385],[-54.600864,-20.484385],[-54.600864,-20.484376],[-54.600855,-20.484376],[-54.600855,-20.484367],[-54.600845,-20.484367],[-54.600846,-20.484358],[-54.600836,-20.484357],[-54.600836,-20.484348],[-54.600826,-20.484348],[-54.600827,-20.48433],[-54.600817,-20.48433],[-54.600817,-20.484312],[-54.600808,-20.484312],[-54.600808,-20.484294],[-54.600569,-20.48429],[-54.600569,-20.484281],[-54.600492,-20.48428],[-54.600492,-20.484271],[-54.600473,-20.484271],[-54.600473,-20.484262],[-54.600464,-20.484262],[-54.600464,-20.484253],[-54.600454,-20.484253],[-54.600454,-20.484244],[-54.600445,-20.484244],[-54.600445,-20.484235],[-54.600435,-20.484234],[-54.600435,-20.484225],[-54.600426,-20.484225],[-54.600426,-20.484216],[-54.600416,-20.484216],[-54.600417,-20.484207],[-54.600407,-20.484207],[-54.600407,-20.484198],[-54.600398,-20.484198],[-54.600398,-20.484189],[-54.600388,-20.484189],[-54.600388,-20.48418],[-54.600379,-20.48418],[-54.600379,-20.48417],[-54.600369,-20.48417],[-54.600369,-20.484161],[-54.600312,-20.484161],[-54.600312,-20.484151],[-54.600255,-20.484151],[-54.600255,-20.484142],[-54.600178,-20.484141],[-54.600178,-20.484132],[-54.600169,-20.484131],[-54.600169,-20.484122],[-54.600159,-20.484122],[-54.600159,-20.484113],[-54.60015,-20.484113],[-54.60015,-20.484104],[-54.60014,-20.484104],[-54.60014,-20.484095],[-54.600131,-20.484095],[-54.600131,-20.484086],[-54.600121,-20.484086],[-54.600122,-20.484077],[-54.600112,-20.484076],[-54.600112,-20.484067],[-54.600103,-20.484067],[-54.600103,-20.484058],[-54.600093,-20.484058],[-54.600093,-20.484049],[-54.600084,-20.484049],[-54.600084,-20.48404],[-54.600074,-20.48404],[-54.600074,-20.484031],[-54.600065,-20.484031],[-54.600067,-20.483868],[-54.600077,-20.483868],[-54.600077,-20.483841],[-54.600068,-20.483841],[-54.600068,-20.483832],[-54.600058,-20.483832],[-54.600059,-20.483814],[-54.600049,-20.483814],[-54.600049,-20.483805],[-54.60003,-20.483804],[-54.60003,-20.483795],[-54.600021,-20.483795],[-54.600021,-20.483786],[-54.600011,-20.483786],[-54.600011,-20.483777],[-54.600002,-20.483777],[-54.600002,-20.483768],[-54.599992,-20.483768],[-54.599992,-20.483759],[-54.599983,-20.483759],[-54.599983,-20.48375],[-54.599973,-20.483749],[-54.599973,-20.48374],[-54.599868,-20.483739],[-54.599868,-20.48373],[-54.599859,-20.48373],[-54.599859,-20.483721],[-54.599849,-20.483721],[-54.599849,-20.483712],[-54.59984,-20.483712],[-54.59984,-20.483702],[-54.59983,-20.483702],[-54.59983,-20.483693],[-54.599821,-20.483693],[-54.599821,-20.483684],[-54.599811,-20.483684],[-54.599812,-20.483675],[-54.599802,-20.483675],[-54.599802,-20.483666],[-54.599793,-20.483666],[-54.599793,-20.483657],[-54.599783,-20.483657],[-54.599783,-20.483648],[-54.599774,-20.483647],[-54.599774,-20.483638],[-54.599764,-20.483638],[-54.599764,-20.483629],[-54.599755,-20.483629],[-54.599755,-20.48362],[-54.599745,-20.48362],[-54.599745,-20.483611],[-54.599736,-20.483611],[-54.599736,-20.483602],[-54.599726,-20.483602],[-54.599727,-20.483593],[-54.599717,-20.483592],[-54.599717,-20.483583],[-54.599708,-20.483583],[-54.599708,-20.483574],[-54.599698,-20.483574],[-54.599698,-20.483565],[-54.599689,-20.483565],[-54.599689,-20.483556],[-54.599679,-20.483556],[-54.599679,-20.483547],[-54.59967,-20.483547],[-54.59967,-20.483538],[-54.59966,-20.483537],[-54.599661,-20.483528],[-54.599651,-20.483528],[-54.599651,-20.483519],[-54.599642,-20.483519],[-54.599642,-20.48351],[-54.599632,-20.48351],[-54.599632,-20.483501],[-54.599623,-20.483501],[-54.599623,-20.483492],[-54.599613,-20.483492],[-54.599613,-20.483483],[-54.599604,-20.483482],[-54.599604,-20.483473],[-54.599594,-20.483473],[-54.599594,-20.483464],[-54.599585,-20.483464],[-54.599585,-20.483455],[-54.599575,-20.483455],[-54.599576,-20.483446],[-54.599566,-20.483446],[-54.599566,-20.483437],[-54.599557,-20.483437],[-54.599557,-20.483428],[-54.599528,-20.483427],[-54.599528,-20.483418],[-54.599499,-20.483418],[-54.599499,-20.483409],[-54.599471,-20.483408],[-54.599471,-20.483399],[-54.599423,-20.483399],[-54.599423,-20.48339],[-54.599414,-20.48339],[-54.599414,-20.483381],[-54.599404,-20.48338],[-54.599404,-20.483371],[-54.599395,-20.483371],[-54.599395,-20.483362],[-54.599385,-20.483362],[-54.599385,-20.483353],[-54.599376,-20.483353],[-54.599376,-20.483344],[-54.599366,-20.483344],[-54.599366,-20.483335],[-54.599357,-20.483335],[-54.599357,-20.483326],[-54.599347,-20.483325],[-54.599348,-20.483316],[-54.599338,-20.483316],[-54.599338,-20.483307],[-54.599329,-20.483307],[-54.599329,-20.483298],[-54.599319,-20.483298],[-54.599319,-20.483289],[-54.59931,-20.483289],[-54.59931,-20.48328],[-54.5993,-20.48328],[-54.5993,-20.483271],[-54.599291,-20.48327],[-54.599291,-20.483261],[-54.599281,-20.483261],[-54.599282,-20.483252],[-54.599272,-20.483252],[-54.599272,-20.483243],[-54.599262,-20.483243],[-54.599263,-20.483234],[-54.599253,-20.483234],[-54.599253,-20.483225],[-54.599244,-20.483225],[-54.599244,-20.483216],[-54.599234,-20.483216],[-54.599234,-20.483206],[-54.599225,-20.483206],[-54.599225,-20.483197],[-54.599215,-20.483197],[-54.599215,-20.483188],[-54.599206,-20.483188],[-54.599206,-20.483179],[-54.599196,-20.483179],[-54.599197,-20.483152],[-54.599187,-20.483152],[-54.599187,-20.483143],[-54.599178,-20.483142],[-54.599178,-20.483133],[-54.599168,-20.483133],[-54.599169,-20.483124],[-54.599159,-20.483124],[-54.599159,-20.483115],[-54.59914,-20.483115],[-54.59914,-20.483106],[-54.59913,-20.483106],[-54.599131,-20.483097],[-54.599121,-20.483097],[-54.599121,-20.483088],[-54.599112,-20.483087],[-54.599112,-20.483078],[-54.599102,-20.483078],[-54.599102,-20.483069],[-54.599093,-20.483069],[-54.599093,-20.48306],[-54.599083,-20.48306],[-54.599083,-20.483051],[-54.599074,-20.483051],[-54.599074,-20.483042],[-54.599064,-20.483042],[-54.599065,-20.483033],[-54.599055,-20.483032],[-54.599055,-20.483023],[-54.599046,-20.483023],[-54.599046,-20.483014],[-54.599036,-20.483014],[-54.599036,-20.483005],[-54.599027,-20.483005],[-54.599027,-20.482996],[-54.599017,-20.482996],[-54.599017,-20.482987],[-54.599008,-20.482987],[-54.599008,-20.482978],[-54.598998,-20.482977],[-54.598998,-20.482968],[-54.598989,-20.482968],[-54.598989,-20.482959],[-54.598979,-20.482959],[-54.59898,-20.48295],[-54.59897,-20.48295],[-54.59897,-20.482941],[-54.598961,-20.482941],[-54.598961,-20.482932],[-54.598932,-20.482931],[-54.598932,-20.482922],[-54.598894,-20.482922],[-54.598894,-20.482913],[-54.598884,-20.482913],[-54.598884,-20.482904],[-54.598856,-20.482903],[-54.598856,-20.482894],[-54.598798,-20.482893],[-54.598799,-20.482884],[-54.598751,-20.482884],[-54.598751,-20.482875],[-54.598703,-20.482874],[-54.598703,-20.482865],[-54.598645,-20.482864],[-54.598646,-20.482855],[-54.598598,-20.482855],[-54.598598,-20.482846],[-54.598569,-20.482845],[-54.598569,-20.482836],[-54.598502,-20.482835],[-54.598502,-20.482826],[-54.598493,-20.482826],[-54.598493,-20.482817],[-54.598483,-20.482817],[-54.598483,-20.482808],[-54.598474,-20.482808],[-54.598474,-20.482799],[-54.598464,-20.482799],[-54.598465,-20.482789],[-54.598455,-20.482789],[-54.598455,-20.48278],[-54.598446,-20.48278],[-54.598446,-20.482771],[-54.598436,-20.482771],[-54.598436,-20.482762],[-54.598427,-20.482762],[-54.598427,-20.482753],[-54.598417,-20.482753],[-54.598417,-20.482744],[-54.598408,-20.482744],[-54.598408,-20.482735],[-54.598398,-20.482734],[-54.598401,-20.482545],[-54.598411,-20.482545],[-54.598412,-20.482464],[-54.598403,-20.482464],[-54.598403,-20.482455],[-54.598393,-20.482454],[-54.598393,-20.482445],[-54.598384,-20.482445],[-54.598384,-20.482436],[-54.598374,-20.482436],[-54.598374,-20.482427],[-54.598365,-20.482427],[-54.598365,-20.482418],[-54.598355,-20.482418],[-54.598356,-20.482409],[-54.598346,-20.482409],[-54.598346,-20.4824],[-54.598336,-20.482399],[-54.598337,-20.48239],[-54.598327,-20.48239],[-54.598327,-20.482381],[-54.598318,-20.482381],[-54.598318,-20.482372],[-54.598308,-20.482372],[-54.598308,-20.482363],[-54.598299,-20.482363],[-54.598299,-20.482354],[-54.598289,-20.482354],[-54.598289,-20.482345],[-54.59828,-20.482344],[-54.59828,-20.482335],[-54.59827,-20.482335],[-54.598271,-20.482326],[-54.598261,-20.482326],[-54.598261,-20.482317],[-54.598252,-20.482317],[-54.598252,-20.482308],[-54.598242,-20.482308],[-54.598242,-20.482299],[-54.598233,-20.482299],[-54.598233,-20.48229],[-54.598223,-20.482289],[-54.598223,-20.48228],[-54.598214,-20.48228],[-54.598214,-20.482271],[-54.598204,-20.482271],[-54.598204,-20.482262],[-54.598195,-20.482262],[-54.598195,-20.482253],[-54.598214,-20.482253],[-54.598214,-20.482262],[-54.598243,-20.482263],[-54.598243,-20.482272],[-54.598271,-20.482272],[-54.598271,-20.482281],[-54.5983,-20.482282],[-54.5983,-20.482291],[-54.598329,-20.482291],[-54.598328,-20.4823],[-54.598357,-20.4823],[-54.598357,-20.482309],[-54.598386,-20.48231],[-54.598386,-20.482319],[-54.598414,-20.482319],[-54.598414,-20.482328],[-54.598453,-20.482329],[-54.598452,-20.482338],[-54.598481,-20.482338],[-54.598481,-20.482347],[-54.5985,-20.482348],[-54.5985,-20.482357],[-54.59851,-20.482357],[-54.59851,-20.482366],[-54.598519,-20.482366],[-54.598519,-20.482375],[-54.598529,-20.482375],[-54.598528,-20.482384],[-54.598538,-20.482384],[-54.598538,-20.482393],[-54.598547,-20.482393],[-54.598547,-20.482402],[-54.598586,-20.482403],[-54.598585,-20.482412],[-54.598614,-20.482412],[-54.598614,-20.482421],[-54.598652,-20.482422],[-54.598652,-20.482431],[-54.598681,-20.482431],[-54.598681,-20.48244],[-54.59871,-20.482441],[-54.598709,-20.48245],[-54.598748,-20.48245],[-54.598748,-20.482459],[-54.598776,-20.48246],[-54.598776,-20.482469],[-54.598949,-20.482471],[-54.598949,-20.48248],[-54.598977,-20.482481],[-54.598977,-20.48249],[-54.599006,-20.48249],[-54.599006,-20.482499],[-54.59937,-20.482504],[-54.59937,-20.482513],[-54.599379,-20.482513],[-54.599379,-20.482522],[-54.599398,-20.482522],[-54.599398,-20.482531],[-54.599408,-20.482532],[-54.599408,-20.482541],[-54.599417,-20.482541],[-54.599417,-20.48255],[-54.599436,-20.48255],[-54.599436,-20.482559],[-54.599446,-20.482559],[-54.599445,-20.482568],[-54.599455,-20.482568],[-54.599455,-20.482577],[-54.599474,-20.482578],[-54.599474,-20.482587],[-54.599484,-20.482587],[-54.599483,-20.482605],[-54.599493,-20.482605],[-54.599493,-20.482623],[-54.599502,-20.482623],[-54.599502,-20.482659],[-54.599511,-20.482659],[-54.599511,-20.482669],[-54.599521,-20.482669],[-54.59952,-20.482678],[-54.59953,-20.482678],[-54.59953,-20.482687],[-54.599539,-20.482687],[-54.599539,-20.482696],[-54.599549,-20.482696],[-54.599549,-20.482705],[-54.599558,-20.482705],[-54.599558,-20.482714],[-54.599625,-20.482715],[-54.599625,-20.482724],[-54.599663,-20.482725],[-54.599663,-20.482734],[-54.599702,-20.482734],[-54.599701,-20.482743],[-54.59974,-20.482744],[-54.59974,-20.482753],[-54.599778,-20.482753],[-54.599778,-20.482762],[-54.600104,-20.482767],[-54.600103,-20.482776],[-54.600132,-20.482776],[-54.600132,-20.482785],[-54.600161,-20.482786],[-54.600161,-20.482795],[-54.600391,-20.482798],[-54.600391,-20.482789],[-54.600544,-20.482791],[-54.600544,-20.4828],[-54.600611,-20.482801],[-54.600611,-20.48281],[-54.60062,-20.48281],[-54.60062,-20.482819],[-54.60063,-20.482819],[-54.60063,-20.482828],[-54.600639,-20.482829],[-54.600639,-20.482838],[-54.600649,-20.482838],[-54.600649,-20.482847],[-54.600658,-20.482847],[-54.600658,-20.482856],[-54.600668,-20.482856],[-54.600667,-20.482865],[-54.600677,-20.482865],[-54.600677,-20.482874],[-54.600687,-20.482874],[-54.600686,-20.482883],[-54.600696,-20.482884],[-54.600696,-20.482893],[-54.600705,-20.482893],[-54.600705,-20.482902],[-54.600715,-20.482902],[-54.600715,-20.482911],[-54.600724,-20.482911],[-54.600724,-20.48292],[-54.600734,-20.48292],[-54.600734,-20.482929],[-54.600743,-20.482929],[-54.600743,-20.482938],[-54.600753,-20.482939],[-54.600752,-20.482948],[-54.600762,-20.482948],[-54.600762,-20.482957],[-54.600771,-20.482957],[-54.600771,-20.482966],[-54.600781,-20.482966],[-54.600781,-20.482975],[-54.60079,-20.482975],[-54.60079,-20.482984],[-54.6008,-20.482984],[-54.6008,-20.482993],[-54.600809,-20.482993],[-54.600809,-20.483002],[-54.600819,-20.483003],[-54.600819,-20.483012],[-54.600828,-20.483012],[-54.600828,-20.483021],[-54.600838,-20.483021],[-54.600837,-20.48303],[-54.600847,-20.48303],[-54.600847,-20.483039],[-54.600856,-20.483039],[-54.600856,-20.483048],[-54.600866,-20.483048],[-54.600866,-20.483057],[-54.600971,-20.483059],[-54.600971,-20.483068],[-54.600981,-20.483068],[-54.60098,-20.483077],[-54.60099,-20.483077],[-54.60099,-20.483086],[-54.601009,-20.483087],[-54.601009,-20.483096],[-54.601018,-20.483096],[-54.601018,-20.483114],[-54.601028,-20.483114],[-54.601027,-20.483132],[-54.601037,-20.483132],[-54.601037,-20.483141],[-54.601047,-20.483141],[-54.601046,-20.483159],[-54.601056,-20.483159],[-54.601056,-20.483177],[-54.601065,-20.483178],[-54.601065,-20.483187],[-54.601075,-20.483187],[-54.601074,-20.483205],[-54.601084,-20.483205],[-54.601084,-20.483223],[-54.601093,-20.483223],[-54.601093,-20.483232],[-54.601103,-20.483232],[-54.601102,-20.483241],[-54.601093,-20.483241],[-54.601093,-20.483259],[-54.601083,-20.483259],[-54.601082,-20.483349],[-54.601091,-20.48335],[-54.601091,-20.483359],[-54.601101,-20.483359],[-54.6011,-20.483368],[-54.60111,-20.483368],[-54.60111,-20.483377],[-54.601119,-20.483377],[-54.601119,-20.483386],[-54.601129,-20.483386],[-54.601129,-20.483395],[-54.601196,-20.483396],[-54.601196,-20.483405],[-54.601234,-20.483406],[-54.601234,-20.483415],[-54.601263,-20.483415],[-54.601263,-20.483424],[-54.601301,-20.483425],[-54.601301,-20.483434],[-54.60131,-20.483434],[-54.60131,-20.483443],[-54.60132,-20.483443],[-54.60132,-20.483452],[-54.601329,-20.483452],[-54.601329,-20.483461],[-54.601339,-20.483461],[-54.601338,-20.48347],[-54.601348,-20.48347],[-54.601348,-20.48348],[-54.601357,-20.48348],[-54.601357,-20.483489],[-54.601367,-20.483489],[-54.601367,-20.483498],[-54.601376,-20.483498],[-54.601376,-20.483507],[-54.601386,-20.483507],[-54.601386,-20.483516],[-54.601395,-20.483516],[-54.601395,-20.483525],[-54.601405,-20.483525],[-54.601405,-20.483534],[-54.601424,-20.483535],[-54.601424,-20.483544],[-54.601481,-20.483545],[-54.601481,-20.483554],[-54.601519,-20.483554],[-54.601519,-20.483563],[-54.601548,-20.483564],[-54.601548,-20.483573],[-54.601586,-20.483573],[-54.601586,-20.483582],[-54.601624,-20.483583],[-54.601624,-20.483592],[-54.601634,-20.483592],[-54.601633,-20.483601],[-54.601643,-20.483601],[-54.601643,-20.48361],[-54.601653,-20.48361],[-54.601652,-20.483619],[-54.601662,-20.483619],[-54.601662,-20.483628],[-54.601671,-20.483628],[-54.601671,-20.483637],[-54.601681,-20.483638],[-54.601681,-20.483647],[-54.60169,-20.483647],[-54.60169,-20.483656],[-54.6017,-20.483656],[-54.6017,-20.483665],[-54.601709,-20.483665],[-54.601709,-20.483674],[-54.601719,-20.483674],[-54.601718,-20.483683],[-54.601728,-20.483683],[-54.601728,-20.483692],[-54.601737,-20.483693],[-54.601737,-20.483702],[-54.601747,-20.483702],[-54.601747,-20.483711],[-54.601756,-20.483711],[-54.601756,-20.48372],[-54.601766,-20.48372],[-54.601766,-20.483729],[-54.601775,-20.483729],[-54.601775,-20.483738],[-54.601785,-20.483738],[-54.601785,-20.483747],[-54.601794,-20.483748],[-54.601794,-20.483757],[-54.601813,-20.483757],[-54.601813,-20.483784],[-54.601822,-20.483784],[-54.601822,-20.483793],[-54.601832,-20.483793],[-54.601832,-20.483802],[-54.601841,-20.483802],[-54.601841,-20.483829],[-54.60185,-20.48383],[-54.60185,-20.483839],[-54.60186,-20.483839],[-54.60186,-20.483848],[-54.601869,-20.483848],[-54.601869,-20.483866],[-54.601879,-20.483866],[-54.601878,-20.483902],[-54.601888,-20.483902],[-54.601887,-20.483929],[-54.601897,-20.48393],[-54.601896,-20.483957],[-54.601906,-20.483957],[-54.601905,-20.483984],[-54.601915,-20.483984],[-54.601915,-20.484011],[-54.601924,-20.484011],[-54.601924,-20.484038],[-54.601933,-20.484038],[-54.601933,-20.484066],[-54.601943,-20.484066],[-54.601942,-20.484093],[-54.601952,-20.484093],[-54.601951,-20.48412],[-54.601961,-20.48412],[-54.60196,-20.484147],[-54.60197,-20.484147],[-54.60197,-20.484165],[-54.601989,-20.484166],[-54.601989,-20.484175],[-54.602027,-20.484175],[-54.602027,-20.484184],[-54.602056,-20.484185],[-54.602056,-20.484194],[-54.602084,-20.484194],[-54.602084,-20.484203],[-54.602113,-20.484203],[-54.602113,-20.484212],[-54.602122,-20.484213],[-54.602122,-20.484222],[-54.602132,-20.484222],[-54.602132,-20.484231],[-54.602141,-20.484231],[-54.602141,-20.48424],[-54.602151,-20.48424],[-54.60215,-20.484249],[-54.60216,-20.484249],[-54.60216,-20.484258],[-54.60217,-20.484258],[-54.602169,-20.484267],[-54.602179,-20.484268],[-54.602179,-20.484277],[-54.602188,-20.484277],[-54.602188,-20.484286],[-54.602198,-20.484286],[-54.602198,-20.484295],[-54.602246,-20.484296],[-54.602245,-20.484305],[-54.602274,-20.484305],[-54.602274,-20.484314],[-54.602322,-20.484315],[-54.602322,-20.484324],[-54.602331,-20.484324],[-54.602331,-20.484333],[-54.602341,-20.484333],[-54.602341,-20.484342],[-54.60235,-20.484342],[-54.60235,-20.484351],[-54.60236,-20.484351],[-54.60236,-20.48436],[-54.602369,-20.484361],[-54.602369,-20.48437],[-54.602379,-20.48437],[-54.602378,-20.484379],[-54.602388,-20.484379],[-54.602388,-20.484388],[-54.602397,-20.484388],[-54.602397,-20.484397],[-54.602407,-20.484397],[-54.602406,-20.484424],[-54.602416,-20.484424],[-54.602416,-20.484433],[-54.602426,-20.484434],[-54.602425,-20.484452],[-54.602435,-20.484452],[-54.602435,-20.484461],[-54.602444,-20.484461],[-54.602444,-20.484479],[-54.602454,-20.484479],[-54.602453,-20.484515],[-54.602463,-20.484515],[-54.602462,-20.484524],[-54.602472,-20.484524],[-54.602472,-20.484534],[-54.602481,-20.484534],[-54.602481,-20.484543],[-54.602491,-20.484543],[-54.602491,-20.484552],[-54.6025,-20.484552],[-54.6025,-20.484561],[-54.602615,-20.484563],[-54.602615,-20.484572],[-54.602644,-20.484572],[-54.602663,-20.484572],[-54.602663,-20.484581],[-54.602711,-20.484582],[-54.602711,-20.484591],[-54.602758,-20.484592],[-54.602758,-20.484601],[-54.602806,-20.484601],[-54.602806,-20.48461],[-54.602854,-20.484611],[-54.602854,-20.48462],[-54.602863,-20.48462],[-54.602863,-20.484629],[-54.602873,-20.484629],[-54.602873,-20.484638],[-54.603237,-20.484643],[-54.603237,-20.484634],[-54.603247,-20.484634],[-54.603247,-20.484625],[-54.603256,-20.484626],[-54.603256,-20.484617],[-54.603266,-20.484617],[-54.603266,-20.484608],[-54.603276,-20.484608],[-54.603276,-20.484599],[-54.603285,-20.484599],[-54.603286,-20.48459],[-54.603295,-20.48459],[-54.603295,-20.484581],[-54.603305,-20.484581],[-54.603305,-20.484572],[-54.603315,-20.484572],[-54.603315,-20.484563],[-54.603324,-20.484563],[-54.603324,-20.484554],[-54.603334,-20.484554],[-54.603334,-20.484545],[-54.603344,-20.484546],[-54.603344,-20.484537],[-54.603353,-20.484537],[-54.603354,-20.484528],[-54.603363,-20.484528],[-54.603363,-20.484519],[-54.603373,-20.484519],[-54.603373,-20.48451],[-54.603383,-20.48451],[-54.603383,-20.484501],[-54.603469,-20.484502],[-54.603469,-20.484511],[-54.603938,-20.484518],[-54.603938,-20.484509],[-54.603967,-20.484509],[-54.603967,-20.4845],[-54.603996,-20.4845],[-54.603996,-20.484491],[-54.604015,-20.484492],[-54.604016,-20.484483],[-54.604044,-20.484483],[-54.604044,-20.484474],[-54.604073,-20.484474],[-54.604073,-20.484465],[-54.604246,-20.484468],[-54.604246,-20.484477],[-54.604255,-20.484477],[-54.604255,-20.484486],[-54.604284,-20.484486],[-54.604284,-20.484495],[-54.604303,-20.484496],[-54.604303,-20.484505],[-54.604312,-20.484505],[-54.604312,-20.484514],[-54.604944,-20.484522],[-54.604944,-20.484531],[-54.604964,-20.484532],[-54.604963,-20.484541],[-54.604983,-20.484541],[-54.604982,-20.48455],[-54.605988,-20.484564],[-54.605988,-20.484573],[-54.606027,-20.484574],[-54.606026,-20.484583],[-54.606074,-20.484583],[-54.606074,-20.484592],[-54.606113,-20.484593],[-54.606112,-20.484602],[-54.60616,-20.484602],[-54.60616,-20.484611],[-54.606198,-20.484612],[-54.606198,-20.484621],[-54.606246,-20.484622],[-54.606246,-20.484631],[-54.606284,-20.484631],[-54.606284,-20.48464],[-54.606323,-20.484641],[-54.606322,-20.48465],[-54.60637,-20.48465],[-54.60637,-20.48466],[-54.606399,-20.48466],[-54.606399,-20.484669],[-54.606408,-20.484669],[-54.606408,-20.484678],[-54.606427,-20.484678],[-54.606427,-20.484687],[-54.606446,-20.484688],[-54.606446,-20.484697],[-54.606456,-20.484697],[-54.606456,-20.484706],[-54.606465,-20.484706],[-54.606465,-20.484715],[-54.606475,-20.484715],[-54.606475,-20.484724],[-54.606484,-20.484724],[-54.606484,-20.484733],[-54.606494,-20.484733],[-54.606494,-20.484742],[-54.606503,-20.484743],[-54.606503,-20.484752],[-54.606513,-20.484752],[-54.606512,-20.484761],[-54.606522,-20.484761],[-54.606522,-20.48477],[-54.606531,-20.48477],[-54.606531,-20.484779],[-54.606541,-20.484779],[-54.606541,-20.484788],[-54.60655,-20.484788],[-54.60655,-20.484797],[-54.60656,-20.484798],[-54.60656,-20.484807],[-54.606569,-20.484807],[-54.606569,-20.484816],[-54.606579,-20.484816],[-54.606578,-20.484825],[-54.606588,-20.484825],[-54.606588,-20.484834],[-54.606598,-20.484834],[-54.606597,-20.484843],[-54.606607,-20.484843],[-54.606607,-20.484852],[-54.606626,-20.484853],[-54.606626,-20.484862],[-54.606635,-20.484862],[-54.606635,-20.484871],[-54.606645,-20.484871],[-54.606645,-20.48488],[-54.606654,-20.48488],[-54.606654,-20.484889],[-54.606664,-20.484889],[-54.606664,-20.484898],[-54.606673,-20.484898],[-54.606673,-20.484908],[-54.606683,-20.484908],[-54.606682,-20.484917],[-54.606692,-20.484917],[-54.606692,-20.484926],[-54.606702,-20.484926],[-54.606701,-20.484935],[-54.606711,-20.484935],[-54.606711,-20.484944],[-54.60672,-20.484944],[-54.60672,-20.484953],[-54.60673,-20.484953],[-54.60673,-20.484962],[-54.606739,-20.484963],[-54.606739,-20.484972],[-54.606749,-20.484972],[-54.606749,-20.484981],[-54.606758,-20.484981],[-54.606758,-20.48499],[-54.606768,-20.48499],[-54.606767,-20.484999],[-54.606777,-20.484999],[-54.606777,-20.485008],[-54.606786,-20.485008],[-54.606786,-20.485017],[-54.606796,-20.485018],[-54.606796,-20.485027],[-54.606805,-20.485027],[-54.606805,-20.485036],[-54.606815,-20.485036],[-54.606815,-20.485045],[-54.606824,-20.485045],[-54.606824,-20.485054],[-54.606834,-20.485054],[-54.606834,-20.485063],[-54.606843,-20.485063],[-54.606843,-20.485072],[-54.606853,-20.485073],[-54.606852,-20.485082],[-54.607638,-20.485092],[-54.607638,-20.485101],[-54.607657,-20.485102],[-54.607657,-20.485111],[-54.607676,-20.485111],[-54.607676,-20.48512],[-54.607695,-20.48512],[-54.607695,-20.485129],[-54.607714,-20.48513],[-54.607714,-20.485139],[-54.607733,-20.485139],[-54.607733,-20.485148],[-54.607752,-20.485148],[-54.607752,-20.485157],[-54.607771,-20.485157],[-54.607771,-20.485166],[-54.607924,-20.485169],[-54.607924,-20.485178],[-54.608413,-20.485184],[-54.608413,-20.485193],[-54.608422,-20.485193],[-54.608422,-20.485203],[-54.608432,-20.485203],[-54.608432,-20.485212],[-54.608441,-20.485212],[-54.608441,-20.485221],[-54.608451,-20.485221],[-54.60845,-20.48523],[-54.60846,-20.48523],[-54.60846,-20.485239],[-54.60847,-20.485239],[-54.608466,-20.485465],[-54.608476,-20.485465],[-54.608475,-20.485474],[-54.608485,-20.485474],[-54.608485,-20.485483],[-54.608504,-20.485484],[-54.608504,-20.485493],[-54.608514,-20.485493],[-54.608513,-20.485502],[-54.608523,-20.485502],[-54.608523,-20.485511],[-54.608532,-20.485511],[-54.608532,-20.48552],[-54.608542,-20.48552],[-54.608542,-20.485529],[-54.60857,-20.48553],[-54.60857,-20.485539],[-54.609049,-20.485545],[-54.609049,-20.485554],[-54.609059,-20.485554],[-54.609059,-20.485563],[-54.609068,-20.485564],[-54.609068,-20.485573],[-54.609078,-20.485573],[-54.609078,-20.485582],[-54.609087,-20.485582],[-54.609087,-20.485591],[-54.609097,-20.485591],[-54.609096,-20.4856],[-54.609106,-20.4856],[-54.609106,-20.485609],[-54.609115,-20.485609],[-54.609115,-20.485618],[-54.609125,-20.485619],[-54.609125,-20.485628],[-54.609134,-20.485628],[-54.609134,-20.485637],[-54.609144,-20.485637],[-54.609144,-20.485646],[-54.609153,-20.485646],[-54.609153,-20.485655],[-54.609163,-20.485655],[-54.609162,-20.485664],[-54.609172,-20.485664],[-54.609172,-20.485673],[-54.609182,-20.485674],[-54.609181,-20.485683],[-54.609191,-20.485683],[-54.609191,-20.485692],[-54.6092,-20.485692],[-54.6092,-20.485701],[-54.60921,-20.485701],[-54.60921,-20.48571],[-54.609219,-20.48571],[-54.609219,-20.485719],[-54.609229,-20.485719],[-54.609229,-20.485728],[-54.609238,-20.485728],[-54.609238,-20.485738],[-54.609248,-20.485738],[-54.609247,-20.485747],[-54.609257,-20.485747],[-54.609257,-20.485756],[-54.609266,-20.485756],[-54.609266,-20.485765],[-54.609276,-20.485765],[-54.609276,-20.485774],[-54.609285,-20.485774],[-54.609285,-20.485783],[-54.609295,-20.485783],[-54.609295,-20.485792],[-54.609429,-20.485794],[-54.609429,-20.485803],[-54.609438,-20.485803],[-54.609438,-20.485813],[-54.609448,-20.485813],[-54.609448,-20.485822],[-54.609457,-20.485822],[-54.609457,-20.485831],[-54.609467,-20.485831],[-54.609466,-20.48584],[-54.609476,-20.48584],[-54.609476,-20.485849],[-54.609485,-20.485849],[-54.609485,-20.485858],[-54.609495,-20.485858],[-54.609495,-20.485867],[-54.609504,-20.485868],[-54.609504,-20.485877],[-54.609514,-20.485877],[-54.609514,-20.485886],[-54.609523,-20.485886],[-54.609523,-20.485895],[-54.609533,-20.485895],[-54.609533,-20.485904],[-54.609542,-20.485904],[-54.609542,-20.485913],[-54.609552,-20.485913],[-54.609551,-20.485922],[-54.609561,-20.485923],[-54.609561,-20.485932],[-54.60957,-20.485932],[-54.60957,-20.485941],[-54.60958,-20.485941],[-54.60958,-20.48595],[-54.609589,-20.48595],[-54.609589,-20.485959],[-54.609599,-20.485959],[-54.609599,-20.485968],[-54.609608,-20.485968],[-54.609608,-20.485977],[-54.609618,-20.485978],[-54.609617,-20.485987],[-54.609627,-20.485987],[-54.609627,-20.485996],[-54.609637,-20.485996],[-54.609636,-20.486005],[-54.609646,-20.486005],[-54.609646,-20.486014],[-54.609655,-20.486014],[-54.609655,-20.486023],[-54.609665,-20.486023],[-54.609665,-20.486032],[-54.610307,-20.486041],[-54.610393,-20.486042],[-54.610393,-20.486033],[-54.610412,-20.486034],[-54.610412,-20.486025],[-54.610422,-20.486025],[-54.610422,-20.486016],[-54.610432,-20.486016],[-54.610432,-20.486007],[-54.610528,-20.486008],[-54.610527,-20.486017],[-54.610547,-20.486017],[-54.610546,-20.486026],[-54.610556,-20.486027],[-54.610556,-20.486036],[-54.610565,-20.486036],[-54.610565,-20.486045],[-54.610575,-20.486045],[-54.610575,-20.486054],[-54.610584,-20.486054],[-54.610584,-20.486063],[-54.610594,-20.486063],[-54.610593,-20.48609],[-54.610613,-20.486091],[-54.610612,-20.4861],[-54.610622,-20.4861],[-54.610622,-20.486109],[-54.610631,-20.486109],[-54.610631,-20.486118],[-54.610641,-20.486118],[-54.610641,-20.486127],[-54.61065,-20.486127],[-54.61065,-20.486136],[-54.61066,-20.486136],[-54.61066,-20.486145],[-54.610669,-20.486146],[-54.610669,-20.486155],[-54.610679,-20.486155],[-54.610678,-20.486164],[-54.610688,-20.486164],[-54.610688,-20.486173],[-54.610698,-20.486173],[-54.610697,-20.486182],[-54.610707,-20.486182],[-54.610707,-20.486191],[-54.610716,-20.486191],[-54.610716,-20.4862],[-54.610726,-20.4862],[-54.610726,-20.486209],[-54.610735,-20.48621],[-54.610735,-20.486219],[-54.610745,-20.486219],[-54.610745,-20.486228],[-54.610754,-20.486228],[-54.610754,-20.486237],[-54.610764,-20.486237],[-54.610763,-20.486246],[-54.610773,-20.486246],[-54.610773,-20.486255],[-54.610782,-20.486255],[-54.610782,-20.486264],[-54.610792,-20.486265],[-54.610792,-20.486274],[-54.610801,-20.486274],[-54.610801,-20.486283],[-54.610811,-20.486283],[-54.610811,-20.486292],[-54.61082,-20.486292],[-54.61082,-20.486301],[-54.61083,-20.486301],[-54.61083,-20.48631],[-54.610839,-20.48631],[-54.610839,-20.486319],[-54.610849,-20.48632],[-54.610848,-20.486329],[-54.610858,-20.486329],[-54.610858,-20.486338],[-54.610867,-20.486338],[-54.610867,-20.486347],[-54.610877,-20.486347],[-54.610877,-20.486356],[-54.610886,-20.486356],[-54.610886,-20.486365],[-54.610896,-20.486365],[-54.610896,-20.486374],[-54.610905,-20.486375],[-54.610905,-20.486384],[-54.610915,-20.486384],[-54.610915,-20.486393],[-54.610924,-20.486393],[-54.610924,-20.486402],[-54.610934,-20.486402],[-54.610933,-20.486411],[-54.610943,-20.486411],[-54.610943,-20.48642],[-54.610952,-20.48642],[-54.610952,-20.486429],[-54.610962,-20.486429],[-54.610962,-20.486438],[-54.610971,-20.486439],[-54.610971,-20.486448],[-54.61099,-20.486448],[-54.61099,-20.486439],[-54.611019,-20.486439],[-54.611077,-20.48644],[-54.611077,-20.486449],[-54.611086,-20.486449],[-54.611086,-20.486458],[-54.611096,-20.486458],[-54.611095,-20.486467],[-54.611105,-20.486468],[-54.611105,-20.486477],[-54.611114,-20.486477],[-54.611114,-20.486486],[-54.611124,-20.486486],[-54.611124,-20.486495],[-54.611133,-20.486495],[-54.611133,-20.486504],[-54.611143,-20.486504],[-54.611143,-20.486513],[-54.611152,-20.486513],[-54.611152,-20.486522],[-54.611162,-20.486523],[-54.611162,-20.486532],[-54.611171,-20.486532],[-54.611171,-20.486541],[-54.611267,-20.486542],[-54.611267,-20.486551],[-54.611286,-20.486551],[-54.611286,-20.48656],[-54.611295,-20.48656],[-54.611295,-20.48657],[-54.611305,-20.48657],[-54.611305,-20.486579],[-54.611314,-20.486579],[-54.611314,-20.486588],[-54.611324,-20.486588],[-54.611323,-20.486597],[-54.611343,-20.486597],[-54.611342,-20.486606],[-54.611352,-20.486606],[-54.611352,-20.486615],[-54.611361,-20.486616],[-54.611361,-20.486625],[-54.611371,-20.486625],[-54.611371,-20.486634],[-54.61139,-20.486634],[-54.61139,-20.486643],[-54.611399,-20.486643],[-54.611399,-20.486652],[-54.611409,-20.486652],[-54.611409,-20.486661],[-54.611418,-20.486662],[-54.611418,-20.486671],[-54.611437,-20.486671],[-54.611437,-20.48668],[-54.611447,-20.48668],[-54.611447,-20.486689],[-54.611456,-20.486689],[-54.611456,-20.486698],[-54.611466,-20.486698],[-54.611465,-20.486707],[-54.611475,-20.486707],[-54.611475,-20.486716],[-54.611494,-20.486717],[-54.611494,-20.486726],[-54.611513,-20.486726],[-54.611513,-20.486735],[-54.611542,-20.486735],[-54.611542,-20.486744],[-54.611561,-20.486745],[-54.611561,-20.486754],[-54.61158,-20.486754],[-54.61158,-20.486763],[-54.611608,-20.486763],[-54.611608,-20.486772],[-54.611627,-20.486773],[-54.611857,-20.486776],[-54.611857,-20.486767],[-54.611867,-20.486767],[-54.611867,-20.486758],[-54.611877,-20.486758],[-54.611877,-20.486749],[-54.611886,-20.486749],[-54.611887,-20.48674],[-54.611896,-20.48674],[-54.611896,-20.486731],[-54.611906,-20.486731],[-54.611906,-20.486722],[-54.611916,-20.486723],[-54.611916,-20.486713],[-54.611925,-20.486714],[-54.611926,-20.486705],[-54.611935,-20.486705],[-54.611935,-20.486696],[-54.611945,-20.486696],[-54.611945,-20.486687],[-54.611955,-20.486687],[-54.611955,-20.486678],[-54.611964,-20.486678],[-54.611964,-20.486669],[-54.611974,-20.486669],[-54.611974,-20.48666],[-54.611984,-20.48666],[-54.611984,-20.486651],[-54.611993,-20.486651],[-54.611994,-20.486642],[-54.612003,-20.486642],[-54.612003,-20.486633],[-54.612013,-20.486634],[-54.612013,-20.486625],[-54.612023,-20.486625],[-54.612023,-20.486616],[-54.612032,-20.486616],[-54.612032,-20.486607],[-54.612042,-20.486607],[-54.612042,-20.486598],[-54.612052,-20.486598],[-54.612052,-20.486589],[-54.612061,-20.486589],[-54.612062,-20.48658],[-54.612071,-20.48658],[-54.612071,-20.486571],[-54.612081,-20.486571],[-54.612081,-20.486562],[-54.612091,-20.486562],[-54.612091,-20.486553],[-54.6121,-20.486553],[-54.6121,-20.486544],[-54.61211,-20.486545],[-54.61211,-20.486536],[-54.61212,-20.486536],[-54.61212,-20.486527],[-54.61213,-20.486527],[-54.61213,-20.486518],[-54.612139,-20.486518],[-54.612139,-20.486509],[-54.612149,-20.486509],[-54.612149,-20.4865],[-54.612159,-20.4865],[-54.612159,-20.486491],[-54.612168,-20.486491],[-54.612169,-20.486482],[-54.612178,-20.486482],[-54.612178,-20.486473],[-54.612188,-20.486473],[-54.612188,-20.486464],[-54.612198,-20.486465],[-54.612198,-20.486455],[-54.612207,-20.486456],[-54.612207,-20.486447],[-54.612217,-20.486447],[-54.612217,-20.486438],[-54.612227,-20.486438],[-54.612227,-20.486429],[-54.612236,-20.486429],[-54.612237,-20.48642],[-54.612246,-20.48642],[-54.612246,-20.486411],[-54.612256,-20.486411],[-54.612256,-20.48642],[-54.612371,-20.486422],[-54.612371,-20.486431],[-54.612409,-20.486431],[-54.612409,-20.48644],[-54.612437,-20.486441],[-54.612437,-20.48645],[-54.612476,-20.48645],[-54.612476,-20.486459],[-54.612504,-20.48646],[-54.612504,-20.486469],[-54.612542,-20.486469],[-54.612542,-20.486478],[-54.612571,-20.486479],[-54.612571,-20.486488],[-54.612609,-20.486488],[-54.612609,-20.486497],[-54.612638,-20.486498],[-54.612638,-20.486507],[-54.612676,-20.486507],[-54.612676,-20.486516],[-54.612714,-20.486517],[-54.612714,-20.486526],[-54.612743,-20.486526],[-54.612743,-20.486535],[-54.612781,-20.486536],[-54.612781,-20.486545],[-54.61281,-20.486545],[-54.61281,-20.486536],[-54.612819,-20.486536],[-54.612819,-20.486527],[-54.612829,-20.486527],[-54.612829,-20.486518],[-54.612839,-20.486518],[-54.612839,-20.486509],[-54.612849,-20.48651],[-54.612849,-20.486501],[-54.612858,-20.486501],[-54.612858,-20.486492],[-54.612868,-20.486492],[-54.612868,-20.486483],[-54.612878,-20.486483],[-54.612878,-20.486474],[-54.613769,-20.486486],[-54.613769,-20.486495],[-54.613951,-20.486498],[-54.613951,-20.486507],[-54.614497,-20.486514],[-54.614497,-20.486523],[-54.614506,-20.486523],[-54.614506,-20.486532],[-54.614516,-20.486533],[-54.614516,-20.486542],[-54.614525,-20.486542],[-54.614525,-20.486551],[-54.614535,-20.486551],[-54.614534,-20.48656],[-54.614544,-20.48656],[-54.614544,-20.486569],[-54.614553,-20.486569],[-54.614553,-20.486578],[-54.614563,-20.486578],[-54.614563,-20.486587],[-54.614879,-20.486592],[-54.614879,-20.486601],[-54.614936,-20.486601],[-54.614936,-20.486611],[-54.614994,-20.486611],[-54.614993,-20.48662],[-54.615051,-20.486621],[-54.615051,-20.48663],[-54.615108,-20.486631],[-54.615108,-20.48664],[-54.615156,-20.486641],[-54.615156,-20.48665],[-54.615213,-20.48665],[-54.615213,-20.486659],[-54.615271,-20.48666],[-54.615271,-20.486669],[-54.615338,-20.48667],[-54.615338,-20.486679],[-54.615385,-20.48668],[-54.615385,-20.486689],[-54.615414,-20.486689],[-54.615433,-20.48669],[-54.615433,-20.486699],[-54.615481,-20.486699],[-54.615481,-20.486708],[-54.615529,-20.486709],[-54.615529,-20.486718],[-54.615567,-20.486719],[-54.615567,-20.486728],[-54.615615,-20.486728],[-54.615615,-20.486737],[-54.615662,-20.486738],[-54.615662,-20.486747],[-54.615701,-20.486747],[-54.6157,-20.486756],[-54.615748,-20.486757],[-54.615748,-20.486766],[-54.615796,-20.486767],[-54.615796,-20.486776],[-54.615834,-20.486776],[-54.615834,-20.486785],[-54.615853,-20.486786],[-54.615853,-20.486795],[-54.615863,-20.486795],[-54.615863,-20.486804],[-54.615872,-20.486804],[-54.615872,-20.486813],[-54.615882,-20.486813],[-54.615882,-20.486822],[-54.615891,-20.486822],[-54.615891,-20.486831],[-54.615901,-20.486831],[-54.6159,-20.48684],[-54.61592,-20.486841],[-54.615919,-20.48685],[-54.615948,-20.48685],[-54.615948,-20.486859],[-54.615958,-20.486859],[-54.615958,-20.486868],[-54.615986,-20.486869],[-54.615986,-20.486878],[-54.616005,-20.486878],[-54.616005,-20.486887],[-54.616024,-20.486887],[-54.616024,-20.486896],[-54.616043,-20.486897],[-54.616043,-20.486906],[-54.616062,-20.486906],[-54.616062,-20.486915],[-54.616081,-20.486915],[-54.616081,-20.486924],[-54.6161,-20.486925],[-54.6161,-20.486934],[-54.616119,-20.486934],[-54.616119,-20.486943],[-54.616148,-20.486943],[-54.616148,-20.486952],[-54.616167,-20.486953],[-54.616167,-20.486962],[-54.616186,-20.486962],[-54.616186,-20.486971],[-54.616205,-20.486971],[-54.616205,-20.48698],[-54.616224,-20.48698],[-54.616224,-20.486989],[-54.616253,-20.48699],[-54.616253,-20.486999],[-54.616272,-20.486999],[-54.616272,-20.487008],[-54.616291,-20.487008],[-54.616291,-20.487017],[-54.61631,-20.487018],[-54.61631,-20.487027],[-54.616329,-20.487027],[-54.616329,-20.487036],[-54.616348,-20.487036],[-54.616348,-20.487045],[-54.616367,-20.487046],[-54.616367,-20.487055],[-54.616386,-20.487055],[-54.616386,-20.487064],[-54.616405,-20.487064],[-54.616405,-20.487073],[-54.616721,-20.487078],[-54.616721,-20.487087],[-54.616759,-20.487087],[-54.616759,-20.487096],[-54.616778,-20.487096],[-54.616778,-20.487087],[-54.616788,-20.487087],[-54.616788,-20.487096],[-54.616807,-20.487097],[-54.616807,-20.487106],[-54.616826,-20.487106],[-54.616826,-20.487115],[-54.616845,-20.487115],[-54.616845,-20.487124],[-54.616864,-20.487125],[-54.616864,-20.487134],[-54.616883,-20.487134],[-54.616883,-20.487143],[-54.616902,-20.487143],[-54.616902,-20.487152],[-54.616921,-20.487153],[-54.616921,-20.487162],[-54.61694,-20.487162],[-54.61694,-20.487171],[-54.616959,-20.487171],[-54.616959,-20.48718],[-54.616978,-20.48718],[-54.616978,-20.487189],[-54.616997,-20.48719],[-54.616997,-20.487199],[-54.617007,-20.487199],[-54.617006,-20.487208],[-54.617016,-20.487208],[-54.617016,-20.487217],[-54.617025,-20.487217],[-54.617025,-20.487226],[-54.617035,-20.487226],[-54.617035,-20.487235],[-54.617044,-20.487235],[-54.617044,-20.487244],[-54.617054,-20.487245],[-54.617054,-20.487254],[-54.617063,-20.487254],[-54.617063,-20.487263],[-54.617073,-20.487263],[-54.617073,-20.487272],[-54.617082,-20.487272],[-54.617082,-20.487281],[-54.617092,-20.487281],[-54.617091,-20.48729],[-54.617101,-20.48729],[-54.617101,-20.487299],[-54.61711,-20.4873],[-54.61711,-20.487309],[-54.61712,-20.487309],[-54.61712,-20.487318],[-54.617129,-20.487318],[-54.617129,-20.487327],[-54.617139,-20.487327],[-54.617139,-20.487336],[-54.617148,-20.487336],[-54.617148,-20.487345],[-54.617158,-20.487345],[-54.617157,-20.487354],[-54.617167,-20.487355],[-54.617167,-20.487364],[-54.617177,-20.487364],[-54.617176,-20.487373],[-54.617186,-20.487373],[-54.617186,-20.487382],[-54.617195,-20.487382],[-54.617195,-20.487391],[-54.617205,-20.487391],[-54.617205,-20.4874],[-54.617214,-20.4874],[-54.617214,-20.487409],[-54.617224,-20.48741],[-54.617224,-20.487419],[-54.617233,-20.487419],[-54.617233,-20.487428],[-54.617243,-20.487428],[-54.617242,-20.487437],[-54.617252,-20.487437],[-54.617252,-20.487446],[-54.617261,-20.487446],[-54.617261,-20.487455],[-54.617271,-20.487455],[-54.617271,-20.487464],[-54.61728,-20.487464],[-54.61728,-20.487473],[-54.61729,-20.487474],[-54.61729,-20.487483],[-54.617299,-20.487483],[-54.617338,-20.487483],[-54.617338,-20.487474],[-54.617357,-20.487475],[-54.617357,-20.487466],[-54.617376,-20.487466],[-54.617376,-20.487457],[-54.617395,-20.487457],[-54.617396,-20.487448],[-54.617415,-20.487448],[-54.617415,-20.487439],[-54.617434,-20.487439],[-54.617434,-20.48743],[-54.617453,-20.487431],[-54.617454,-20.487422],[-54.617473,-20.487422],[-54.617473,-20.487413],[-54.617492,-20.487413],[-54.617492,-20.487404],[-54.617511,-20.487404],[-54.617511,-20.487395],[-54.617521,-20.487396],[-54.617521,-20.487386],[-54.61754,-20.487387],[-54.61754,-20.487378],[-54.61756,-20.487378],[-54.61756,-20.487369],[-54.617579,-20.487369],[-54.617579,-20.48736],[-54.617598,-20.48736],[-54.617598,-20.487351],[-54.617618,-20.487352],[-54.617618,-20.487343],[-54.617637,-20.487343],[-54.617637,-20.487334],[-54.617656,-20.487334],[-54.617656,-20.487325],[-54.617675,-20.487325],[-54.617676,-20.487316],[-54.617695,-20.487317],[-54.617695,-20.487308],[-54.617724,-20.487308],[-54.617724,-20.487299],[-54.617733,-20.487299],[-54.617733,-20.48729],[-54.617743,-20.48729],[-54.617743,-20.487281],[-54.617753,-20.487281],[-54.617753,-20.487272],[-54.617763,-20.487272],[-54.617763,-20.487263],[-54.617772,-20.487264],[-54.617772,-20.487254],[-54.618079,-20.487259],[-54.618079,-20.48725],[-54.618089,-20.48725],[-54.618089,-20.487241],[-54.618127,-20.487241],[-54.618127,-20.487232],[-54.618271,-20.487234],[-54.618271,-20.487243],[-54.61828,-20.487243],[-54.61828,-20.487252],[-54.61829,-20.487253],[-54.61829,-20.487262],[-54.618299,-20.487262],[-54.618299,-20.487271],[-54.618309,-20.487271],[-54.618309,-20.48728],[-54.618318,-20.48728],[-54.618318,-20.487289],[-54.618328,-20.487289],[-54.618328,-20.487298],[-54.618337,-20.487298],[-54.618337,-20.487307],[-54.618347,-20.487308],[-54.618346,-20.487317],[-54.618356,-20.487317],[-54.618356,-20.487326],[-54.618365,-20.487326],[-54.618365,-20.487335],[-54.618375,-20.487335],[-54.618375,-20.487344],[-54.618384,-20.487344],[-54.618384,-20.487353],[-54.618394,-20.487353],[-54.618394,-20.487362],[-54.618557,-20.487365],[-54.618556,-20.487374],[-54.618585,-20.487374],[-54.618585,-20.487383],[-54.618681,-20.487384],[-54.618681,-20.487393],[-54.61869,-20.487394],[-54.61869,-20.487403],[-54.6187,-20.487403],[-54.6187,-20.487412],[-54.618709,-20.487412],[-54.618709,-20.487421],[-54.618719,-20.487421],[-54.618718,-20.48743],[-54.618728,-20.48743],[-54.618728,-20.487439],[-54.618737,-20.487439],[-54.618737,-20.487448],[-54.618747,-20.487448],[-54.618747,-20.487457],[-54.618756,-20.487458],[-54.618756,-20.487467],[-54.618766,-20.487467],[-54.618766,-20.487476],[-54.618775,-20.487476],[-54.618775,-20.487485],[-54.618785,-20.487485],[-54.618785,-20.487494],[-54.618794,-20.487494],[-54.618794,-20.487503],[-54.618804,-20.487503],[-54.618803,-20.487512],[-54.618823,-20.487513],[-54.618822,-20.487522],[-54.618832,-20.487522],[-54.618832,-20.487531],[-54.618841,-20.487531],[-54.618841,-20.48754],[-54.61886,-20.48754],[-54.61886,-20.487549],[-54.61887,-20.487549],[-54.61887,-20.487559],[-54.618879,-20.487559],[-54.618879,-20.487568],[-54.618889,-20.487568],[-54.618889,-20.487577],[-54.618898,-20.487577],[-54.618898,-20.487586],[-54.618908,-20.487586],[-54.618908,-20.487595],[-54.618917,-20.487595],[-54.618917,-20.487604],[-54.618927,-20.487604],[-54.618926,-20.487613],[-54.618936,-20.487614],[-54.618936,-20.487623],[-54.618945,-20.487623],[-54.618945,-20.487632],[-54.618955,-20.487632],[-54.618955,-20.487641],[-54.618964,-20.487641],[-54.618964,-20.48765],[-54.618974,-20.48765],[-54.618974,-20.487659],[-54.618983,-20.487659],[-54.618983,-20.487668],[-54.618993,-20.487669],[-54.618993,-20.487678],[-54.619002,-20.487678],[-54.619002,-20.487687],[-54.619012,-20.487687],[-54.619011,-20.487696],[-54.619021,-20.487696],[-54.619021,-20.487705],[-54.619356,-20.48771],[-54.619356,-20.487719],[-54.619404,-20.487719],[-54.619404,-20.487728],[-54.619433,-20.487729],[-54.619432,-20.487738],[-54.619471,-20.487738],[-54.619471,-20.487729],[-54.61948,-20.487729],[-54.619481,-20.48772],[-54.619509,-20.487721],[-54.619509,-20.487712],[-54.619529,-20.487712],[-54.619529,-20.487703],[-54.619548,-20.487703],[-54.619548,-20.487694],[-54.619567,-20.487695],[-54.619567,-20.487685],[-54.619587,-20.487686],[-54.619587,-20.487677],[-54.619606,-20.487677],[-54.619606,-20.487668],[-54.619625,-20.487668],[-54.619625,-20.487659],[-54.619644,-20.487659],[-54.619645,-20.48765],[-54.619664,-20.487651],[-54.619664,-20.487642],[-54.619683,-20.487642],[-54.619683,-20.487633],[-54.619702,-20.487633],[-54.619702,-20.487624],[-54.619722,-20.487624],[-54.619722,-20.487615],[-54.619827,-20.487617],[-54.619827,-20.487608],[-54.620115,-20.487612],[-54.620115,-20.487621],[-54.620565,-20.487627],[-54.620565,-20.487618],[-54.621226,-20.487627],[-54.621226,-20.487636],[-54.621284,-20.487637],[-54.621283,-20.487646],[-54.621408,-20.487647],[-54.621408,-20.487638],[-54.621418,-20.487639],[-54.621418,-20.48763],[-54.621427,-20.48763],[-54.621428,-20.487621],[-54.621437,-20.487621],[-54.621437,-20.487612],[-54.621447,-20.487612],[-54.621447,-20.487603],[-54.621457,-20.487603],[-54.621457,-20.487594],[-54.621466,-20.487594],[-54.621466,-20.487585],[-54.621476,-20.487585],[-54.621476,-20.487576],[-54.621486,-20.487576],[-54.621486,-20.487567],[-54.621745,-20.487571],[-54.621745,-20.487562],[-54.621754,-20.487562],[-54.621754,-20.487553],[-54.621764,-20.487553],[-54.621764,-20.487544],[-54.621774,-20.487544],[-54.621774,-20.487535],[-54.621783,-20.487535],[-54.621784,-20.487526],[-54.621793,-20.487526],[-54.621793,-20.487517],[-54.621803,-20.487517],[-54.621803,-20.487508],[-54.621813,-20.487509],[-54.621813,-20.4875],[-54.621822,-20.4875],[-54.621822,-20.487491],[-54.621842,-20.487491],[-54.621842,-20.487482],[-54.621851,-20.487482],[-54.621851,-20.487473],[-54.621861,-20.487473],[-54.621861,-20.487455],[-54.621871,-20.487455],[-54.621871,-20.487446],[-54.621881,-20.487446],[-54.621881,-20.487428],[-54.621891,-20.487428],[-54.621891,-20.487419],[-54.621929,-20.48742],[-54.621929,-20.487429],[-54.622523,-20.487437],[-54.622523,-20.487428],[-54.622542,-20.487428],[-54.622542,-20.487419],[-54.622571,-20.48742],[-54.622571,-20.487411],[-54.62259,-20.487411],[-54.622591,-20.487402],[-54.62261,-20.487402],[-54.62261,-20.487393],[-54.622619,-20.487393],[-54.62262,-20.487384],[-54.622629,-20.487384],[-54.622629,-20.487375],[-54.622639,-20.487375],[-54.622639,-20.487366],[-54.622649,-20.487366],[-54.622649,-20.487357],[-54.622658,-20.487358],[-54.622658,-20.487349],[-54.622668,-20.487349],[-54.622668,-20.48734],[-54.622678,-20.48734],[-54.622678,-20.487331],[-54.622687,-20.487331],[-54.622688,-20.487322],[-54.622697,-20.487322],[-54.622697,-20.487313],[-54.622707,-20.487313],[-54.622707,-20.487304],[-54.622717,-20.487304],[-54.622717,-20.487295],[-54.622726,-20.487295],[-54.622726,-20.487286],[-54.622736,-20.487286],[-54.622736,-20.487277],[-54.622746,-20.487278],[-54.622746,-20.487268],[-54.622755,-20.487269],[-54.622756,-20.48726],[-54.622765,-20.48726],[-54.622765,-20.487251],[-54.622775,-20.487251],[-54.622775,-20.487242],[-54.622785,-20.487242],[-54.622785,-20.487233],[-54.622794,-20.487233],[-54.622795,-20.487224],[-54.622804,-20.487224],[-54.622804,-20.487215],[-54.622814,-20.487215],[-54.622814,-20.487206],[-54.622824,-20.487206],[-54.622824,-20.487197],[-54.622833,-20.487197],[-54.622833,-20.487188],[-54.622843,-20.487189],[-54.622843,-20.48718],[-54.622853,-20.48718],[-54.622853,-20.487171],[-54.622862,-20.487171],[-54.622863,-20.487162],[-54.622901,-20.487162],[-54.622901,-20.487153],[-54.62292,-20.487153],[-54.62292,-20.487144],[-54.622939,-20.487145],[-54.62294,-20.487136],[-54.622959,-20.487136],[-54.622959,-20.487127],[-54.622978,-20.487127],[-54.622978,-20.487118],[-54.622988,-20.487118],[-54.622988,-20.487109],[-54.623007,-20.48711],[-54.623007,-20.4871],[-54.623026,-20.487101],[-54.623027,-20.487092],[-54.623036,-20.487092],[-54.623036,-20.487083],[-54.623055,-20.487083],[-54.623056,-20.487074],[-54.623075,-20.487074],[-54.623075,-20.487065],[-54.623084,-20.487065],[-54.623085,-20.487056],[-54.623094,-20.487057],[-54.623094,-20.487047],[-54.623104,-20.487048],[-54.623104,-20.487039],[-54.623114,-20.487039],[-54.623114,-20.48703],[-54.623123,-20.48703],[-54.623123,-20.487021],[-54.623133,-20.487021],[-54.623133,-20.487012],[-54.623143,-20.487012],[-54.623143,-20.487003],[-54.623152,-20.487003],[-54.623153,-20.486994],[-54.623162,-20.486994],[-54.623162,-20.486985],[-54.623182,-20.486985],[-54.623182,-20.486976],[-54.623392,-20.486979],[-54.623393,-20.48697],[-54.623402,-20.48697],[-54.623402,-20.486961],[-54.623412,-20.486962],[-54.623412,-20.486953],[-54.623422,-20.486953],[-54.623422,-20.486944],[-54.623431,-20.486944],[-54.623431,-20.486935],[-54.623441,-20.486935],[-54.623441,-20.486926],[-54.623451,-20.486926],[-54.623451,-20.486917],[-54.62346,-20.486917],[-54.623461,-20.486908],[-54.62347,-20.486908],[-54.62347,-20.486899],[-54.62348,-20.486899],[-54.62348,-20.48689],[-54.62349,-20.48689],[-54.62349,-20.486881],[-54.623499,-20.486881],[-54.6235,-20.486872],[-54.623509,-20.486873],[-54.623509,-20.486864],[-54.623519,-20.486864],[-54.623519,-20.486855],[-54.623529,-20.486855],[-54.623529,-20.486846],[-54.623548,-20.486846],[-54.623548,-20.486837],[-54.623558,-20.486837],[-54.623558,-20.486828],[-54.623577,-20.486828],[-54.623577,-20.486819],[-54.623587,-20.486819],[-54.623587,-20.48681],[-54.623596,-20.486811],[-54.623596,-20.486802],[-54.623606,-20.486802],[-54.623606,-20.486793],[-54.623616,-20.486793],[-54.623616,-20.486784],[-54.623625,-20.486784],[-54.623626,-20.486775],[-54.623635,-20.486775],[-54.623635,-20.486766],[-54.623645,-20.486766],[-54.623645,-20.486757],[-54.623655,-20.486757],[-54.623655,-20.486748],[-54.623664,-20.486748],[-54.623664,-20.486739],[-54.623674,-20.486739],[-54.623674,-20.48673],[-54.623684,-20.48673],[-54.623684,-20.486721],[-54.623693,-20.486722],[-54.623694,-20.486713],[-54.623703,-20.486713],[-54.623703,-20.486704],[-54.623713,-20.486704],[-54.623713,-20.486695],[-54.623723,-20.486695],[-54.623723,-20.486686],[-54.623732,-20.486686],[-54.623733,-20.486677],[-54.623742,-20.486677],[-54.623742,-20.486668],[-54.623819,-20.486669],[-54.623819,-20.48666],[-54.623838,-20.48666],[-54.623838,-20.486651],[-54.623867,-20.486652],[-54.623867,-20.486643],[-54.623886,-20.486643],[-54.623887,-20.486634],[-54.623906,-20.486634],[-54.623906,-20.486625],[-54.623925,-20.486625],[-54.623925,-20.486616],[-54.623944,-20.486617],[-54.623944,-20.486608],[-54.623973,-20.486608],[-54.623973,-20.486599],[-54.623992,-20.486599],[-54.623993,-20.48659],[-54.624012,-20.48659],[-54.624012,-20.486581],[-54.624031,-20.486582],[-54.624031,-20.486573],[-54.62405,-20.486573],[-54.624051,-20.486564],[-54.624213,-20.486566],[-54.624214,-20.486557],[-54.624309,-20.486558],[-54.624309,-20.486549],[-54.624319,-20.48655],[-54.624319,-20.48654],[-54.624329,-20.486541],[-54.624329,-20.486532],[-54.624339,-20.486532],[-54.624339,-20.486514],[-54.624348,-20.486514],[-54.624349,-20.486487],[-54.624358,-20.486487],[-54.624359,-20.486469],[-54.624368,-20.486469],[-54.624368,-20.48646],[-54.624378,-20.48646],[-54.624378,-20.486451],[-54.624388,-20.486451],[-54.624388,-20.486442],[-54.624397,-20.486442],[-54.624398,-20.486433],[-54.624407,-20.486433],[-54.624407,-20.486424],[-54.624417,-20.486424],[-54.624417,-20.486415],[-54.624522,-20.486417],[-54.624522,-20.486408],[-54.624532,-20.486408],[-54.624532,-20.486399],[-54.624551,-20.486399],[-54.624552,-20.48639],[-54.624571,-20.48639],[-54.624571,-20.486381],[-54.62459,-20.486382],[-54.62459,-20.486373],[-54.624609,-20.486373],[-54.624609,-20.486364],[-54.624629,-20.486364],[-54.624629,-20.486355],[-54.624657,-20.486355],[-54.624658,-20.486346],[-54.624677,-20.486347],[-54.624677,-20.486338],[-54.624696,-20.486338],[-54.624696,-20.486329],[-54.624715,-20.486329],[-54.624716,-20.48632],[-54.624735,-20.48632],[-54.624735,-20.486311],[-54.624754,-20.486312],[-54.624754,-20.486303],[-54.624773,-20.486303],[-54.624773,-20.486294],[-54.624793,-20.486294],[-54.624793,-20.486285],[-54.624821,-20.486285],[-54.624822,-20.486276],[-54.625186,-20.486281],[-54.625186,-20.486272],[-54.625195,-20.486273],[-54.625196,-20.486264],[-54.625205,-20.486264],[-54.625205,-20.486255],[-54.625215,-20.486255],[-54.625215,-20.486246],[-54.625225,-20.486246],[-54.625225,-20.486237],[-54.625234,-20.486237],[-54.625234,-20.486228],[-54.625244,-20.486228],[-54.625244,-20.486219],[-54.625263,-20.486219],[-54.625263,-20.48621],[-54.625273,-20.48621],[-54.625273,-20.486201],[-54.625283,-20.486201],[-54.625283,-20.486192],[-54.625292,-20.486193],[-54.625293,-20.486184],[-54.625302,-20.486184],[-54.625302,-20.486175],[-54.625312,-20.486175],[-54.625312,-20.486166],[-54.625322,-20.486166],[-54.625322,-20.486157],[-54.625331,-20.486157],[-54.625331,-20.486148],[-54.625341,-20.486148],[-54.625341,-20.486139],[-54.625351,-20.486139],[-54.625351,-20.48613],[-54.625361,-20.48613],[-54.625361,-20.486121],[-54.62537,-20.486121],[-54.62537,-20.486112],[-54.62538,-20.486113],[-54.62538,-20.486103],[-54.62539,-20.486104],[-54.62539,-20.486095],[-54.625399,-20.486095],[-54.6254,-20.486086],[-54.625409,-20.486086],[-54.625409,-20.486077],[-54.625419,-20.486077],[-54.625419,-20.486068],[-54.625429,-20.486068],[-54.625429,-20.486059],[-54.625438,-20.486059],[-54.625438,-20.48605],[-54.625448,-20.48605],[-54.625448,-20.486041],[-54.625458,-20.486041],[-54.625458,-20.486032],[-54.625467,-20.486032],[-54.625468,-20.486023],[-54.625477,-20.486024],[-54.625477,-20.486015],[-54.625487,-20.486015],[-54.625487,-20.486006],[-54.625506,-20.486006],[-54.625506,-20.485997],[-54.625545,-20.485997],[-54.625545,-20.485988],[-54.625736,-20.485991],[-54.625737,-20.485982],[-54.625756,-20.485982],[-54.625756,-20.485973],[-54.625765,-20.485973],[-54.625766,-20.485964],[-54.626063,-20.485968],[-54.626062,-20.485977],[-54.626628,-20.485985],[-54.626628,-20.485976],[-54.626647,-20.485976],[-54.626647,-20.485967],[-54.626666,-20.485968],[-54.626666,-20.485959],[-54.626686,-20.485959],[-54.626686,-20.48595],[-54.62681,-20.485951],[-54.62681,-20.485942],[-54.62682,-20.485943],[-54.62682,-20.485934],[-54.62683,-20.485934],[-54.62683,-20.485925],[-54.62684,-20.485925],[-54.62684,-20.485916],[-54.626849,-20.485916],[-54.626849,-20.485907],[-54.626859,-20.485907],[-54.626859,-20.485898],[-54.626869,-20.485898],[-54.626869,-20.485889],[-54.626898,-20.485889],[-54.626898,-20.48588],[-54.626907,-20.485881],[-54.626907,-20.485872],[-54.626917,-20.485872],[-54.626917,-20.485863],[-54.626927,-20.485863],[-54.626927,-20.485854],[-54.626936,-20.485854],[-54.626937,-20.485845],[-54.626946,-20.485845],[-54.626946,-20.485836],[-54.626956,-20.485836],[-54.626956,-20.485827],[-54.626966,-20.485827],[-54.626966,-20.485818],[-54.626975,-20.485818],[-54.626975,-20.485809],[-54.626985,-20.485809],[-54.626985,-20.4858],[-54.626995,-20.4858],[-54.626995,-20.485791],[-54.627004,-20.485792],[-54.627005,-20.485783],[-54.627014,-20.485783],[-54.627014,-20.485774],[-54.627024,-20.485774],[-54.627024,-20.485765],[-54.627034,-20.485765],[-54.627034,-20.485756],[-54.627043,-20.485756],[-54.627043,-20.485747],[-54.627053,-20.485747],[-54.627053,-20.485738],[-54.627063,-20.485738],[-54.627063,-20.485729],[-54.627073,-20.485729],[-54.627073,-20.48572],[-54.627082,-20.48572],[-54.627082,-20.485711],[-54.627092,-20.485712],[-54.627092,-20.485702],[-54.627102,-20.485703],[-54.627102,-20.485694],[-54.627111,-20.485694],[-54.627112,-20.485685],[-54.627121,-20.485685],[-54.627121,-20.485676],[-54.627131,-20.485676],[-54.627131,-20.485667],[-54.627141,-20.485667],[-54.627141,-20.485658],[-54.62715,-20.485658],[-54.62715,-20.485649],[-54.62717,-20.485649],[-54.62717,-20.48564],[-54.627179,-20.48564],[-54.627179,-20.485631],[-54.627189,-20.485632],[-54.627189,-20.485623],[-54.627199,-20.485623],[-54.627199,-20.485614],[-54.627208,-20.485614],[-54.627209,-20.485605],[-54.627218,-20.485605],[-54.627218,-20.485596],[-54.627228,-20.485596],[-54.627228,-20.485587],[-54.627238,-20.485587],[-54.627238,-20.485578],[-54.627247,-20.485578],[-54.627247,-20.485569],[-54.627257,-20.485569],[-54.627257,-20.48556],[-54.627267,-20.48556],[-54.627267,-20.485551],[-54.627276,-20.485551],[-54.627277,-20.485542],[-54.627286,-20.485543],[-54.627286,-20.485534],[-54.627296,-20.485534],[-54.627296,-20.485525],[-54.627306,-20.485525],[-54.627306,-20.485516],[-54.627315,-20.485516],[-54.627316,-20.485507],[-54.627335,-20.485507],[-54.627335,-20.485498],[-54.627344,-20.485498],[-54.627345,-20.485489],[-54.627354,-20.485489],[-54.627354,-20.48548],[-54.627364,-20.48548],[-54.627364,-20.485471],[-54.627374,-20.485472],[-54.627374,-20.485463],[-54.627383,-20.485463],[-54.627383,-20.485454],[-54.627393,-20.485454],[-54.627393,-20.485445],[-54.627403,-20.485445],[-54.627403,-20.485436],[-54.627412,-20.485436],[-54.627413,-20.485427],[-54.627422,-20.485427],[-54.627422,-20.485418],[-54.627432,-20.485418],[-54.627432,-20.485409],[-54.627442,-20.485409],[-54.627442,-20.4854],[-54.627451,-20.4854],[-54.627451,-20.485391],[-54.627461,-20.485391],[-54.627461,-20.485382],[-54.627471,-20.485383],[-54.627471,-20.485374],[-54.62748,-20.485374],[-54.627481,-20.485365],[-54.62749,-20.485365],[-54.62749,-20.485356],[-54.6275,-20.485356],[-54.6275,-20.485347],[-54.62751,-20.485347],[-54.62751,-20.485338],[-54.627519,-20.485338],[-54.627519,-20.485329],[-54.627529,-20.485329],[-54.627531,-20.485203],[-54.627541,-20.485203],[-54.627541,-20.485194],[-54.62755,-20.485194],[-54.62755,-20.485185],[-54.62756,-20.485185],[-54.62756,-20.485176],[-54.62757,-20.485176],[-54.62757,-20.485158],[-54.62758,-20.485158],[-54.62758,-20.485149],[-54.627589,-20.485149],[-54.627589,-20.48514],[-54.627599,-20.48514],[-54.627599,-20.485131],[-54.627609,-20.485132],[-54.627609,-20.485114],[-54.627619,-20.485114],[-54.627619,-20.485105],[-54.627628,-20.485105],[-54.627629,-20.485096],[-54.627638,-20.485096],[-54.627638,-20.485087],[-54.627648,-20.485087],[-54.627648,-20.485069],[-54.627658,-20.485069],[-54.627658,-20.485051],[-54.627668,-20.485051],[-54.627668,-20.485042],[-54.627677,-20.485042],[-54.627677,-20.485033],[-54.627687,-20.485033],[-54.627687,-20.485024],[-54.627697,-20.485024],[-54.627697,-20.485015],[-54.627706,-20.485016],[-54.627707,-20.485007],[-54.627716,-20.485007],[-54.627716,-20.484998],[-54.627726,-20.484998],[-54.627726,-20.484989],[-54.627736,-20.484989],[-54.627736,-20.48498],[-54.627745,-20.48498],[-54.627745,-20.484971],[-54.627755,-20.484971],[-54.627755,-20.484962],[-54.627765,-20.484962],[-54.627765,-20.484953],[-54.627774,-20.484953],[-54.627775,-20.484944],[-54.627794,-20.484944],[-54.627794,-20.484935],[-54.627803,-20.484936],[-54.627804,-20.484927],[-54.627813,-20.484927],[-54.627813,-20.484918],[-54.627823,-20.484918],[-54.627823,-20.484909],[-54.627833,-20.484909],[-54.627833,-20.4849],[-54.627842,-20.4849],[-54.627842,-20.484891],[-54.627852,-20.484891],[-54.627852,-20.484882],[-54.627862,-20.484882],[-54.627862,-20.484873],[-54.627872,-20.484873],[-54.627872,-20.484864],[-54.627881,-20.484864],[-54.627881,-20.484855],[-54.627891,-20.484856],[-54.627891,-20.484846],[-54.627901,-20.484847],[-54.627901,-20.484838],[-54.62791,-20.484838],[-54.627911,-20.484829],[-54.62792,-20.484829],[-54.62792,-20.48482],[-54.62793,-20.48482],[-54.62793,-20.484811],[-54.62794,-20.484811],[-54.62794,-20.484802],[-54.627949,-20.484802],[-54.627949,-20.484793],[-54.627959,-20.484793],[-54.62796,-20.484757],[-54.627998,-20.484758],[-54.627998,-20.484749],[-54.628008,-20.484749],[-54.628008,-20.48474],[-54.628017,-20.48474],[-54.628017,-20.484731],[-54.628027,-20.484731],[-54.628027,-20.484722],[-54.628037,-20.484722],[-54.628037,-20.484713],[-54.628046,-20.484713],[-54.628047,-20.484695],[-54.628056,-20.484695],[-54.628056,-20.484686],[-54.628066,-20.484686],[-54.628066,-20.484677],[-54.628076,-20.484677],[-54.628076,-20.484668],[-54.628085,-20.484669],[-54.628086,-20.48466],[-54.628095,-20.48466],[-54.628095,-20.484651],[-54.628105,-20.484651],[-54.628105,-20.484642],[-54.628115,-20.484642],[-54.628115,-20.484633],[-54.628124,-20.484633],[-54.628125,-20.484624],[-54.628134,-20.484624],[-54.628134,-20.484615],[-54.628144,-20.484615],[-54.628144,-20.484606],[-54.628154,-20.484606],[-54.628154,-20.484597],[-54.628163,-20.484597],[-54.628163,-20.484588],[-54.628173,-20.484588],[-54.628173,-20.484579],[-54.628183,-20.48458],[-54.628184,-20.484525],[-54.628193,-20.484526],[-54.628193,-20.484516],[-54.628203,-20.484517],[-54.628203,-20.484508],[-54.628213,-20.484508],[-54.628213,-20.484499],[-54.628232,-20.484499],[-54.628232,-20.48449],[-54.628242,-20.48449],[-54.628242,-20.484481],[-54.628251,-20.484481],[-54.628251,-20.484472],[-54.628261,-20.484472],[-54.628264,-20.484265],[-54.628274,-20.484265],[-54.628275,-20.484156],[-54.628266,-20.484156],[-54.628266,-20.484138],[-54.628257,-20.484138],[-54.628257,-20.484129],[-54.628247,-20.484129],[-54.628247,-20.48412],[-54.628228,-20.48412],[-54.628228,-20.484111],[-54.628219,-20.48411],[-54.628219,-20.484101],[-54.628209,-20.484101],[-54.628209,-20.484092],[-54.62819,-20.484092],[-54.62819,-20.484083],[-54.628181,-20.484083],[-54.628181,-20.484074],[-54.628162,-20.484074],[-54.628162,-20.484065],[-54.628152,-20.484064],[-54.628152,-20.484055],[-54.628133,-20.484055],[-54.628133,-20.484046],[-54.628124,-20.484046],[-54.628124,-20.484037],[-54.628114,-20.484037],[-54.628115,-20.484028],[-54.628095,-20.484028],[-54.628096,-20.484009],[-54.628086,-20.484009],[-54.628086,-20.483982],[-54.628077,-20.483982],[-54.628077,-20.483964],[-54.628068,-20.483964],[-54.628068,-20.483946],[-54.628058,-20.483946],[-54.628059,-20.483919],[-54.628049,-20.483919],[-54.62805,-20.483873],[-54.62804,-20.483873],[-54.628041,-20.483837],[-54.628031,-20.483837],[-54.628032,-20.483792],[-54.628022,-20.483792],[-54.628023,-20.483756],[-54.628013,-20.483755],[-54.628014,-20.48371],[-54.628004,-20.48371],[-54.628005,-20.483692],[-54.628014,-20.483692],[-54.628015,-20.483674],[-54.628024,-20.483674],[-54.628024,-20.483665],[-54.628034,-20.483665],[-54.628034,-20.483647],[-54.628044,-20.483648],[-54.628044,-20.483639],[-54.628053,-20.483639],[-54.628054,-20.483621],[-54.628044,-20.48362],[-54.628045,-20.483584],[-54.628035,-20.483584],[-54.628036,-20.483539],[-54.628026,-20.483539],[-54.628026,-20.483521],[-54.628017,-20.483521],[-54.628017,-20.483485],[-54.628008,-20.483485],[-54.628008,-20.483475],[-54.627998,-20.483475],[-54.627999,-20.483439],[-54.627989,-20.483439],[-54.62799,-20.48343],[-54.62798,-20.48343],[-54.62798,-20.483421],[-54.627971,-20.483421],[-54.627971,-20.483403],[-54.627961,-20.483403],[-54.627961,-20.483394],[-54.627952,-20.483393],[-54.627952,-20.483357],[-54.627943,-20.483357],[-54.627943,-20.483312],[-54.627934,-20.483312],[-54.627934,-20.483285],[-54.627925,-20.483285],[-54.627925,-20.483258],[-54.627916,-20.483257],[-54.627916,-20.483221],[-54.627907,-20.483221],[-54.627908,-20.483149],[-54.627898,-20.483149],[-54.627898,-20.48314],[-54.627908,-20.48314],[-54.627908,-20.483113],[-54.627918,-20.483113],[-54.627918,-20.483086],[-54.627928,-20.483086],[-54.627928,-20.483059],[-54.627938,-20.483059],[-54.627938,-20.483032],[-54.627948,-20.483032],[-54.627948,-20.483023],[-54.627957,-20.483023],[-54.627958,-20.483005],[-54.627967,-20.483005],[-54.627967,-20.482996],[-54.627977,-20.482996],[-54.627977,-20.482978],[-54.627987,-20.482979],[-54.627987,-20.482969],[-54.627997,-20.48297],[-54.627997,-20.482952],[-54.628006,-20.482952],[-54.628007,-20.482943],[-54.628016,-20.482943],[-54.628016,-20.482934],[-54.628026,-20.482934],[-54.628026,-20.482925],[-54.628036,-20.482925],[-54.628036,-20.482889],[-54.628027,-20.482889],[-54.628027,-20.482844],[-54.628018,-20.482843],[-54.628018,-20.482807],[-54.628009,-20.482807],[-54.62801,-20.482753],[-54.628019,-20.482753],[-54.628019,-20.482735],[-54.628029,-20.482735],[-54.628029,-20.482708],[-54.628039,-20.482708],[-54.628039,-20.482681],[-54.628049,-20.482681],[-54.628049,-20.482672],[-54.628087,-20.482673],[-54.628088,-20.482664],[-54.628107,-20.482664],[-54.628107,-20.482655],[-54.628116,-20.482655],[-54.628117,-20.482646],[-54.628126,-20.482646],[-54.628126,-20.482637],[-54.628136,-20.482637],[-54.628136,-20.482628],[-54.628155,-20.482629],[-54.628155,-20.482638],[-54.628165,-20.482638],[-54.628174,-20.482638],[-54.628179,-20.482295],[-54.628189,-20.482295],[-54.628196,-20.481862],[-54.628205,-20.481862],[-54.628205,-20.481853],[-54.628215,-20.481853],[-54.628215,-20.481844],[-54.628225,-20.481844],[-54.628225,-20.481835],[-54.628302,-20.481836],[-54.628302,-20.481827],[-54.628311,-20.481827],[-54.628312,-20.4818],[-54.628321,-20.4818],[-54.628322,-20.481764],[-54.628331,-20.481764],[-54.628332,-20.481755],[-54.628341,-20.481755],[-54.628341,-20.481737],[-54.628351,-20.481737],[-54.628351,-20.481728],[-54.628361,-20.481728],[-54.628361,-20.481719],[-54.62837,-20.48172],[-54.628371,-20.48171],[-54.62838,-20.481711],[-54.62838,-20.481702],[-54.62839,-20.481702],[-54.62839,-20.481666],[-54.6284,-20.481666],[-54.6284,-20.481657],[-54.62841,-20.481657],[-54.62841,-20.481639],[-54.62842,-20.481639],[-54.62842,-20.481621],[-54.628429,-20.481621],[-54.62843,-20.481603],[-54.628439,-20.481603],[-54.62844,-20.481585],[-54.628449,-20.481585],[-54.628449,-20.481576],[-54.628459,-20.481576],[-54.628459,-20.481558],[-54.628469,-20.481558],[-54.628469,-20.48154],[-54.628479,-20.48154],[-54.628479,-20.481504],[-54.628489,-20.481504],[-54.628489,-20.481495],[-54.628498,-20.481496],[-54.628499,-20.481486],[-54.628508,-20.481487],[-54.628508,-20.481478],[-54.628518,-20.481478],[-54.628518,-20.481469],[-54.628528,-20.481469],[-54.628528,-20.48146],[-54.628537,-20.48146],[-54.628537,-20.481451],[-54.628547,-20.481451],[-54.628547,-20.481442],[-54.628557,-20.481442],[-54.628557,-20.481433],[-54.628566,-20.481433],[-54.628567,-20.481424],[-54.628576,-20.481424],[-54.628576,-20.481415],[-54.628586,-20.481415],[-54.628586,-20.481406],[-54.628596,-20.481407],[-54.628596,-20.481398],[-54.628605,-20.481398],[-54.628606,-20.481389],[-54.628615,-20.481389],[-54.628615,-20.48138],[-54.628625,-20.48138],[-54.628625,-20.481371],[-54.628635,-20.481371],[-54.628635,-20.481362],[-54.628644,-20.481362],[-54.628644,-20.481353],[-54.628654,-20.481353],[-54.628654,-20.481344],[-54.628664,-20.481344],[-54.628664,-20.481335],[-54.628673,-20.481335],[-54.628674,-20.481326],[-54.628683,-20.481326],[-54.628683,-20.481317],[-54.628693,-20.481318],[-54.628693,-20.481309],[-54.628703,-20.481309],[-54.628703,-20.4813],[-54.628712,-20.4813],[-54.628712,-20.481291],[-54.628722,-20.481291],[-54.628722,-20.481282],[-54.628732,-20.481282],[-54.628732,-20.481273],[-54.628741,-20.481273],[-54.628742,-20.481264],[-54.628751,-20.481264],[-54.628751,-20.481255],[-54.628761,-20.481255],[-54.628761,-20.481246],[-54.628771,-20.481246],[-54.628771,-20.481237],[-54.62878,-20.481237],[-54.62878,-20.481228],[-54.62879,-20.481229],[-54.62879,-20.48122],[-54.6288,-20.48122],[-54.6288,-20.481211],[-54.628809,-20.481211],[-54.62881,-20.481202],[-54.628819,-20.481202],[-54.628819,-20.481193],[-54.628829,-20.481193],[-54.628829,-20.481184],[-54.628839,-20.481184],[-54.628839,-20.481175],[-54.628848,-20.481175],[-54.628849,-20.481166],[-54.628858,-20.481166],[-54.628858,-20.481157],[-54.628868,-20.481157],[-54.62887,-20.481031],[-54.628879,-20.481031],[-54.62888,-20.481013],[-54.628889,-20.481013],[-54.628889,-20.481004],[-54.628899,-20.481004],[-54.628899,-20.480995],[-54.628909,-20.480995],[-54.628909,-20.480986],[-54.628918,-20.480987],[-54.628918,-20.480977],[-54.628928,-20.480978],[-54.628928,-20.480969],[-54.628938,-20.480969],[-54.628938,-20.48096],[-54.628948,-20.48096],[-54.628948,-20.480951],[-54.628957,-20.480951],[-54.628958,-20.480933],[-54.628967,-20.480933],[-54.628967,-20.480924],[-54.628977,-20.480924],[-54.628977,-20.480915],[-54.628987,-20.480915],[-54.628987,-20.48087],[-54.628997,-20.48087],[-54.628997,-20.480825],[-54.629007,-20.480825],[-54.629008,-20.480789],[-54.629017,-20.480789],[-54.629018,-20.480762],[-54.629027,-20.480762],[-54.629028,-20.480717],[-54.629037,-20.480717],[-54.629038,-20.480681],[-54.629096,-20.480682],[-54.629095,-20.480691],[-54.629124,-20.480691],[-54.629124,-20.4807],[-54.629143,-20.480701],[-54.629143,-20.48071],[-54.629172,-20.48071],[-54.629172,-20.480719],[-54.629191,-20.480719],[-54.629191,-20.480728],[-54.62921,-20.480729],[-54.62921,-20.480738],[-54.629229,-20.480738],[-54.629229,-20.480747],[-54.629257,-20.480747],[-54.629257,-20.480756],[-54.629276,-20.480757],[-54.629276,-20.480766],[-54.629305,-20.480766],[-54.629305,-20.480775],[-54.629324,-20.480775],[-54.629334,-20.480775],[-54.629334,-20.480784],[-54.629343,-20.480785],[-54.629343,-20.480794],[-54.629353,-20.480794],[-54.629352,-20.480803],[-54.629362,-20.480803],[-54.629362,-20.480812],[-54.629371,-20.480812],[-54.629371,-20.480821],[-54.629381,-20.480821],[-54.629381,-20.48083],[-54.62939,-20.48083],[-54.62939,-20.480839],[-54.629409,-20.48084],[-54.629409,-20.480849],[-54.629419,-20.480849],[-54.629419,-20.480858],[-54.629428,-20.480858],[-54.629428,-20.480867],[-54.629438,-20.480867],[-54.629438,-20.480876],[-54.629447,-20.480876],[-54.629447,-20.480885],[-54.629457,-20.480885],[-54.629456,-20.480895],[-54.629466,-20.480895],[-54.629466,-20.480904],[-54.629475,-20.480904],[-54.629475,-20.480913],[-54.629485,-20.480913],[-54.629485,-20.480931],[-54.629504,-20.480931],[-54.629504,-20.48094],[-54.629513,-20.48094],[-54.629513,-20.480949],[-54.629523,-20.48095],[-54.629522,-20.480986],[-54.629532,-20.480986],[-54.629531,-20.48104],[-54.62954,-20.48104],[-54.629539,-20.481158],[-54.629548,-20.481158],[-54.629548,-20.481185],[-54.629557,-20.481185],[-54.629557,-20.481203],[-54.629567,-20.481203],[-54.629566,-20.481221],[-54.629576,-20.481221],[-54.629576,-20.481239],[-54.629585,-20.481239],[-54.629585,-20.481267],[-54.629594,-20.481267],[-54.629594,-20.481303],[-54.629603,-20.481303],[-54.629603,-20.48133],[-54.629613,-20.48133],[-54.629612,-20.481348],[-54.629622,-20.481348],[-54.629622,-20.481357],[-54.629631,-20.481357],[-54.629631,-20.481366],[-54.629641,-20.481367],[-54.629641,-20.481376],[-54.62965,-20.481376],[-54.62965,-20.481385],[-54.62966,-20.481385],[-54.629659,-20.481403],[-54.629669,-20.481403],[-54.629669,-20.481421],[-54.629678,-20.481421],[-54.629678,-20.48143],[-54.629688,-20.48143],[-54.629688,-20.481439],[-54.629697,-20.48144],[-54.629697,-20.481458],[-54.629716,-20.481458],[-54.629716,-20.481485],[-54.629725,-20.481485],[-54.629725,-20.481494],[-54.629735,-20.481494],[-54.629735,-20.481503],[-54.629744,-20.481503],[-54.629744,-20.481513],[-54.629754,-20.481513],[-54.629753,-20.481522],[-54.629763,-20.481522],[-54.629763,-20.481531],[-54.629772,-20.481531],[-54.629772,-20.48154],[-54.629782,-20.48154],[-54.629782,-20.481549],[-54.629791,-20.481549],[-54.629791,-20.481558],[-54.629801,-20.481558],[-54.629801,-20.481567],[-54.62981,-20.481568],[-54.62981,-20.481577],[-54.62982,-20.481577],[-54.62982,-20.481586],[-54.629829,-20.481586],[-54.629829,-20.481595],[-54.629839,-20.481595],[-54.629838,-20.481604],[-54.629848,-20.481604],[-54.629848,-20.481613],[-54.629857,-20.481613],[-54.629857,-20.48164],[-54.629867,-20.481641],[-54.629866,-20.48165],[-54.629876,-20.48165],[-54.629876,-20.481659],[-54.629885,-20.481659],[-54.629885,-20.481668],[-54.629952,-20.481669],[-54.629953,-20.48166],[-54.629962,-20.48166],[-54.629962,-20.481651],[-54.629972,-20.481651],[-54.629972,-20.481642],[-54.629982,-20.481642],[-54.629982,-20.481633],[-54.629991,-20.481633],[-54.629991,-20.481624],[-54.630001,-20.481624],[-54.630001,-20.481615],[-54.630011,-20.481615],[-54.630011,-20.481606],[-54.63002,-20.481607],[-54.630021,-20.481598],[-54.63003,-20.481598],[-54.63003,-20.481589],[-54.63004,-20.481589],[-54.63004,-20.48158],[-54.630059,-20.48158],[-54.630059,-20.481571],[-54.630069,-20.481571],[-54.630069,-20.481562],[-54.630079,-20.481562],[-54.630079,-20.481553],[-54.630088,-20.481553],[-54.630088,-20.481544],[-54.630098,-20.481544],[-54.630098,-20.481535],[-54.630108,-20.481536],[-54.630108,-20.481527],[-54.630117,-20.481527],[-54.630118,-20.481509],[-54.630137,-20.481509],[-54.630137,-20.4815],[-54.630147,-20.4815],[-54.630147,-20.481491],[-54.630156,-20.481491],[-54.630157,-20.481482],[-54.630166,-20.481482],[-54.630166,-20.481473],[-54.630176,-20.481473],[-54.630176,-20.481464],[-54.630186,-20.481464],[-54.630186,-20.481455],[-54.630205,-20.481456],[-54.630205,-20.481447],[-54.630215,-20.481447],[-54.630215,-20.481438],[-54.630224,-20.481438],[-54.630225,-20.48142],[-54.630234,-20.48142],[-54.630234,-20.481411],[-54.630244,-20.481411],[-54.630244,-20.481402],[-54.630254,-20.481402],[-54.630254,-20.481393],[-54.630263,-20.481393],[-54.630263,-20.481384],[-54.630273,-20.481384],[-54.630273,-20.481366],[-54.630283,-20.481366],[-54.630283,-20.481348],[-54.630293,-20.481348],[-54.630293,-20.481339],[-54.630302,-20.48134],[-54.630303,-20.481321],[-54.630312,-20.481322],[-54.630312,-20.481313],[-54.630322,-20.481313],[-54.630322,-20.481304],[-54.630332,-20.481304],[-54.630332,-20.481286],[-54.630342,-20.481286],[-54.630342,-20.481277],[-54.630351,-20.481277],[-54.630352,-20.481259],[-54.630361,-20.481259],[-54.630361,-20.48125],[-54.630371,-20.48125],[-54.630371,-20.481232],[-54.630381,-20.481232],[-54.630381,-20.481223],[-54.63039,-20.481223],[-54.630391,-20.481205],[-54.6304,-20.481205],[-54.6304,-20.481196],[-54.63041,-20.481197],[-54.63041,-20.481187],[-54.63042,-20.481188],[-54.63042,-20.481179],[-54.63043,-20.481179],[-54.63043,-20.481161],[-54.630439,-20.481161],[-54.630439,-20.481152],[-54.630449,-20.481152],[-54.630449,-20.481143],[-54.630459,-20.481143],[-54.630459,-20.481134],[-54.630469,-20.481134],[-54.630469,-20.481116],[-54.630478,-20.481116],[-54.630479,-20.481098],[-54.630488,-20.481098],[-54.630488,-20.481089],[-54.630498,-20.481089],[-54.630498,-20.48108],[-54.630508,-20.48108],[-54.630508,-20.481071],[-54.630517,-20.481072],[-54.630518,-20.481063],[-54.630527,-20.481063],[-54.630527,-20.481054],[-54.630537,-20.481054],[-54.630537,-20.481045],[-54.630547,-20.481045],[-54.630547,-20.481036],[-54.630556,-20.481036],[-54.630556,-20.481027],[-54.630566,-20.481027],[-54.630566,-20.481018],[-54.630576,-20.481018],[-54.630576,-20.481009],[-54.630585,-20.481009],[-54.630586,-20.481],[-54.630595,-20.481],[-54.630595,-20.480991],[-54.630605,-20.480991],[-54.630605,-20.480982],[-54.630615,-20.480983],[-54.630615,-20.480974],[-54.630624,-20.480974],[-54.630624,-20.480965],[-54.630634,-20.480965],[-54.630634,-20.480956],[-54.630644,-20.480956],[-54.630644,-20.480947],[-54.630653,-20.480947],[-54.630654,-20.480938],[-54.630663,-20.480938],[-54.630663,-20.480929],[-54.630682,-20.480929],[-54.630683,-20.48092],[-54.630692,-20.48092],[-54.630692,-20.480911],[-54.630702,-20.480912],[-54.630702,-20.480902],[-54.630712,-20.480903],[-54.630712,-20.480894],[-54.630721,-20.480894],[-54.630722,-20.480876],[-54.63077,-20.480876],[-54.630769,-20.480885],[-54.630789,-20.480886],[-54.630789,-20.480877],[-54.630808,-20.480877],[-54.630808,-20.480868],[-54.630818,-20.480868],[-54.630818,-20.480859],[-54.630837,-20.480859],[-54.630837,-20.48085],[-54.630856,-20.48085],[-54.630856,-20.480841],[-54.630866,-20.480842],[-54.630866,-20.480814],[-54.630876,-20.480815],[-54.630876,-20.480806],[-54.630886,-20.480806],[-54.630886,-20.480797],[-54.630962,-20.480798],[-54.630963,-20.480789],[-54.631001,-20.480789],[-54.631002,-20.480735],[-54.631011,-20.480735],[-54.631012,-20.480708],[-54.631021,-20.480708],[-54.631022,-20.48069],[-54.631031,-20.48069],[-54.631032,-20.480636],[-54.631042,-20.480636],[-54.631042,-20.480591],[-54.631052,-20.480591],[-54.631052,-20.480573],[-54.631062,-20.480573],[-54.631062,-20.480564],[-54.631071,-20.480564],[-54.631072,-20.480555],[-54.631081,-20.480555],[-54.631081,-20.480546],[-54.631091,-20.480547],[-54.631091,-20.480538],[-54.631101,-20.480538],[-54.631101,-20.48052],[-54.63111,-20.48052],[-54.631111,-20.480502],[-54.63112,-20.480502],[-54.63112,-20.480493],[-54.63113,-20.480493],[-54.63113,-20.480484],[-54.63114,-20.480484],[-54.63114,-20.480475],[-54.631149,-20.480475],[-54.63115,-20.480466],[-54.631159,-20.480466],[-54.631159,-20.480457],[-54.631169,-20.480457],[-54.631169,-20.480448],[-54.631179,-20.480448],[-54.631179,-20.480439],[-54.631188,-20.48044],[-54.631188,-20.480431],[-54.631198,-20.480431],[-54.631198,-20.480422],[-54.631208,-20.480422],[-54.631208,-20.480413],[-54.631217,-20.480413],[-54.631218,-20.480404],[-54.631227,-20.480404],[-54.631227,-20.480395],[-54.631237,-20.480395],[-54.631237,-20.480386],[-54.631247,-20.480386],[-54.631247,-20.480377],[-54.631256,-20.480377],[-54.631257,-20.480368],[-54.631266,-20.480368],[-54.631266,-20.480359],[-54.631276,-20.480359],[-54.631276,-20.48035],[-54.631286,-20.480351],[-54.631286,-20.480342],[-54.631295,-20.480342],[-54.631295,-20.480333],[-54.631305,-20.480333],[-54.631305,-20.480324],[-54.631315,-20.480324],[-54.631315,-20.480315],[-54.631324,-20.480315],[-54.631325,-20.480306],[-54.631334,-20.480306],[-54.631334,-20.480297],[-54.631344,-20.480297],[-54.631344,-20.480288],[-54.631354,-20.480288],[-54.631354,-20.480279],[-54.631363,-20.480279],[-54.631363,-20.48027],[-54.631373,-20.48027],[-54.631373,-20.480261],[-54.631383,-20.480262],[-54.631384,-20.480171],[-54.631375,-20.480171],[-54.631375,-20.480117],[-54.631385,-20.480117],[-54.631385,-20.480108],[-54.631395,-20.480108],[-54.631395,-20.48009],[-54.631405,-20.48009],[-54.631405,-20.480072],[-54.631414,-20.480072],[-54.631415,-20.480063],[-54.631424,-20.480063],[-54.631424,-20.480045],[-54.631434,-20.480046],[-54.631434,-20.480037],[-54.631444,-20.480037],[-54.631444,-20.480028],[-54.631453,-20.480028],[-54.631454,-20.480019],[-54.631482,-20.480019],[-54.631482,-20.48001],[-54.631502,-20.48001],[-54.631502,-20.480001],[-54.631521,-20.480002],[-54.631521,-20.479984],[-54.631531,-20.479984],[-54.631531,-20.479975],[-54.63154,-20.479975],[-54.631541,-20.479966],[-54.63155,-20.479966],[-54.63155,-20.479957],[-54.63156,-20.479957],[-54.63156,-20.479948],[-54.63157,-20.479948],[-54.63157,-20.479939],[-54.631579,-20.479939],[-54.631579,-20.47993],[-54.631589,-20.47993],[-54.631589,-20.479921],[-54.631599,-20.479921],[-54.631599,-20.479912],[-54.631608,-20.479912],[-54.631609,-20.479903],[-54.631618,-20.479904],[-54.631618,-20.479895],[-54.631628,-20.479895],[-54.631628,-20.479886],[-54.631638,-20.479886],[-54.631638,-20.479877],[-54.631647,-20.479877],[-54.631648,-20.479868],[-54.631657,-20.479868],[-54.631657,-20.479859],[-54.631667,-20.479859],[-54.631667,-20.47985],[-54.631677,-20.47985],[-54.631677,-20.479841],[-54.631686,-20.479841],[-54.631686,-20.479832],[-54.631696,-20.479832],[-54.631696,-20.479823],[-54.631706,-20.479824],[-54.631706,-20.479814],[-54.631715,-20.479815],[-54.631716,-20.479806],[-54.63184,-20.479807],[-54.63184,-20.479798],[-54.631859,-20.479799],[-54.63186,-20.479789],[-54.631879,-20.47979],[-54.631879,-20.479781],[-54.631898,-20.479781],[-54.631898,-20.479772],[-54.631908,-20.479772],[-54.631908,-20.479763],[-54.631917,-20.479763],[-54.631918,-20.479754],[-54.631937,-20.479754],[-54.631937,-20.479745],[-54.631956,-20.479746],[-54.631956,-20.479737],[-54.631966,-20.479737],[-54.631966,-20.479728],[-54.631985,-20.479728],[-54.631985,-20.479719],[-54.631995,-20.479719],[-54.631995,-20.47971],[-54.632004,-20.47971],[-54.632005,-20.479692],[-54.632014,-20.479692],[-54.632015,-20.479647],[-54.632025,-20.479647],[-54.632025,-20.479638],[-54.632034,-20.479638],[-54.632034,-20.479629],[-54.632044,-20.479629],[-54.632044,-20.47962],[-54.632054,-20.479621],[-54.632054,-20.479612],[-54.632064,-20.479612],[-54.632064,-20.479603],[-54.632073,-20.479603],[-54.632073,-20.479594],[-54.632083,-20.479594],[-54.632083,-20.479585],[-54.632093,-20.479585],[-54.632093,-20.479576],[-54.632102,-20.479576],[-54.632103,-20.479567],[-54.632112,-20.479567],[-54.632112,-20.479558],[-54.632122,-20.479558],[-54.632122,-20.479549],[-54.632132,-20.479549],[-54.632132,-20.47954],[-54.632141,-20.47954],[-54.632141,-20.479531],[-54.632151,-20.479532],[-54.632151,-20.479523],[-54.632161,-20.479523],[-54.632161,-20.479514],[-54.63217,-20.479514],[-54.632171,-20.479505],[-54.63218,-20.479505],[-54.63218,-20.479496],[-54.63219,-20.479496],[-54.63219,-20.479487],[-54.6322,-20.479487],[-54.6322,-20.479478],[-54.632209,-20.479478],[-54.632209,-20.479469],[-54.632219,-20.479469],[-54.632219,-20.47946],[-54.632229,-20.47946],[-54.632229,-20.479451],[-54.632238,-20.479452],[-54.632239,-20.479442],[-54.632248,-20.479443],[-54.632248,-20.479434],[-54.632258,-20.479434],[-54.632258,-20.479425],[-54.632268,-20.479425],[-54.632268,-20.479416],[-54.632277,-20.479416],[-54.632277,-20.479407],[-54.632287,-20.479407],[-54.632287,-20.479398],[-54.632297,-20.479398],[-54.632297,-20.479389],[-54.632306,-20.479389],[-54.632307,-20.47938],[-54.632316,-20.47938],[-54.632316,-20.479371],[-54.632326,-20.479371],[-54.632326,-20.479362],[-54.632336,-20.479363],[-54.632336,-20.479353],[-54.632345,-20.479354],[-54.632346,-20.479345],[-54.632355,-20.479345],[-54.632355,-20.479336],[-54.632365,-20.479336],[-54.632365,-20.479327],[-54.632375,-20.479327],[-54.632375,-20.479318],[-54.632384,-20.479318],[-54.632384,-20.479309],[-54.632394,-20.479309],[-54.632394,-20.4793],[-54.632404,-20.4793],[-54.632404,-20.479291],[-54.632413,-20.479291],[-54.632414,-20.479282],[-54.632423,-20.479282],[-54.632423,-20.479273],[-54.632433,-20.479274],[-54.632433,-20.479265],[-54.632443,-20.479265],[-54.632443,-20.479256],[-54.632452,-20.479256],[-54.632452,-20.479247],[-54.632462,-20.479247],[-54.632462,-20.479238],[-54.632472,-20.479238],[-54.632472,-20.479229],[-54.632481,-20.479229],[-54.632482,-20.47922],[-54.632491,-20.47922],[-54.632491,-20.479211],[-54.632501,-20.479211],[-54.632501,-20.479202],[-54.632511,-20.479202],[-54.632511,-20.479193],[-54.63252,-20.479193],[-54.63252,-20.479184],[-54.63253,-20.479185],[-54.63253,-20.479176],[-54.63254,-20.479176],[-54.63254,-20.479167],[-54.632549,-20.479167],[-54.63255,-20.479158],[-54.632559,-20.479158],[-54.632559,-20.479149],[-54.632569,-20.479149],[-54.632569,-20.47914],[-54.632579,-20.47914],[-54.632579,-20.479131],[-54.632588,-20.479131],[-54.632588,-20.479122],[-54.632598,-20.479122],[-54.632598,-20.479113],[-54.632608,-20.479113],[-54.632608,-20.479104],[-54.632618,-20.479104],[-54.632618,-20.479095],[-54.632627,-20.479096],[-54.632627,-20.479087],[-54.632637,-20.479087],[-54.632637,-20.479078],[-54.632647,-20.479078],[-54.632647,-20.479069],[-54.632656,-20.479069],[-54.632657,-20.47906],[-54.632666,-20.47906],[-54.632666,-20.479051],[-54.632676,-20.479051],[-54.632676,-20.479042],[-54.632686,-20.479042],[-54.632686,-20.479033],[-54.632695,-20.479033],[-54.632695,-20.479024],[-54.632705,-20.479024],[-54.632705,-20.479015],[-54.632715,-20.479016],[-54.632715,-20.479006],[-54.632724,-20.479007],[-54.632725,-20.478998],[-54.632734,-20.478998],[-54.632734,-20.478989],[-54.632744,-20.478989],[-54.632744,-20.47898],[-54.632754,-20.47898],[-54.632754,-20.478971],[-54.632763,-20.478971],[-54.632763,-20.478962],[-54.632773,-20.478962],[-54.632773,-20.478953],[-54.632783,-20.478953],[-54.632783,-20.478944],[-54.632792,-20.478944],[-54.632793,-20.478935],[-54.632802,-20.478935],[-54.632802,-20.478926],[-54.632812,-20.478927],[-54.632812,-20.478917],[-54.632822,-20.478918],[-54.632822,-20.478909],[-54.632831,-20.478909],[-54.632832,-20.478891],[-54.632841,-20.478891],[-54.632842,-20.478855],[-54.632851,-20.478855],[-54.632852,-20.478819],[-54.632861,-20.478819],[-54.632862,-20.478792],[-54.632871,-20.478792],[-54.632872,-20.478756],[-54.632882,-20.478756],[-54.632882,-20.47872],[-54.632892,-20.47872],[-54.632894,-20.478548],[-54.632885,-20.478548],[-54.632885,-20.478539],[-54.632875,-20.478539],[-54.632875,-20.47853],[-54.632866,-20.47853],[-54.632866,-20.478521],[-54.632856,-20.478521],[-54.632857,-20.478503],[-54.632866,-20.478503],[-54.632867,-20.478467],[-54.632876,-20.478467],[-54.632877,-20.47844],[-54.632886,-20.47844],[-54.632887,-20.478413],[-54.632896,-20.478413],[-54.632897,-20.478404],[-54.632906,-20.478404],[-54.632906,-20.478395],[-54.632916,-20.478395],[-54.632916,-20.478386],[-54.632926,-20.478386],[-54.632926,-20.478377],[-54.632935,-20.478377],[-54.632935,-20.478368],[-54.632945,-20.478368],[-54.632945,-20.478359],[-54.632955,-20.47836],[-54.632955,-20.478351],[-54.632964,-20.478351],[-54.632965,-20.478342],[-54.632974,-20.478342],[-54.632974,-20.478333],[-54.632984,-20.478333],[-54.632984,-20.478324],[-54.632994,-20.478324],[-54.632994,-20.478315],[-54.633003,-20.478315],[-54.633004,-20.478306],[-54.633013,-20.478306],[-54.633013,-20.478297],[-54.633023,-20.478297],[-54.633023,-20.478288],[-54.633033,-20.478288],[-54.633033,-20.478279],[-54.633042,-20.478279],[-54.633042,-20.47827],[-54.633052,-20.478271],[-54.633052,-20.478262],[-54.633062,-20.478262],[-54.633062,-20.478253],[-54.633071,-20.478253],[-54.633072,-20.478244],[-54.633081,-20.478244],[-54.633081,-20.478235],[-54.633091,-20.478235],[-54.633091,-20.478226],[-54.633101,-20.478226],[-54.633101,-20.478208],[-54.63311,-20.478208],[-54.633111,-20.478163],[-54.633121,-20.478163],[-54.633121,-20.478154],[-54.63313,-20.478154],[-54.633131,-20.478145],[-54.63314,-20.478145],[-54.63314,-20.478136],[-54.63315,-20.478136],[-54.63315,-20.478127],[-54.63316,-20.478128],[-54.63316,-20.478119],[-54.633169,-20.478119],[-54.633169,-20.47811],[-54.633179,-20.47811],[-54.633179,-20.478101],[-54.633189,-20.478101],[-54.633189,-20.478092],[-54.633198,-20.478092],[-54.633199,-20.478083],[-54.633208,-20.478083],[-54.633208,-20.478074],[-54.633218,-20.478074],[-54.633218,-20.478065],[-54.633228,-20.478065],[-54.633228,-20.478056],[-54.633237,-20.478056],[-54.633237,-20.478047],[-54.633247,-20.478047],[-54.633247,-20.478038],[-54.633257,-20.478039],[-54.633257,-20.47803],[-54.633266,-20.47803],[-54.633267,-20.478021],[-54.633276,-20.478021],[-54.633276,-20.478012],[-54.633286,-20.478012],[-54.633286,-20.478003],[-54.633296,-20.478003],[-54.633296,-20.477994],[-54.633305,-20.477994],[-54.633305,-20.477985],[-54.633315,-20.477985],[-54.633315,-20.477976],[-54.633325,-20.477976],[-54.633325,-20.477967],[-54.633335,-20.477967],[-54.633335,-20.477958],[-54.633344,-20.477959],[-54.633344,-20.477949],[-54.633354,-20.47795],[-54.633354,-20.477941],[-54.633364,-20.477941],[-54.633364,-20.477932],[-54.633373,-20.477932],[-54.633374,-20.477923],[-54.633383,-20.477923],[-54.633383,-20.477914],[-54.633393,-20.477914],[-54.633393,-20.477905],[-54.633403,-20.477905],[-54.633403,-20.477896],[-54.633412,-20.477896],[-54.633412,-20.477887],[-54.633422,-20.477887],[-54.633422,-20.477878],[-54.633432,-20.477878],[-54.633432,-20.477869],[-54.633441,-20.47787],[-54.633442,-20.47786],[-54.633451,-20.477861],[-54.633451,-20.477852],[-54.633461,-20.477852],[-54.633461,-20.477843],[-54.633471,-20.477843],[-54.633471,-20.477834],[-54.63348,-20.477834],[-54.633481,-20.477807],[-54.63349,-20.477807],[-54.63349,-20.477798],[-54.6335,-20.477798],[-54.6335,-20.477789],[-54.63351,-20.477789],[-54.63351,-20.47778],[-54.633519,-20.47778],[-54.63352,-20.477771],[-54.633529,-20.477771],[-54.633529,-20.477762],[-54.633539,-20.477762],[-54.633539,-20.477753],[-54.633549,-20.477754],[-54.633549,-20.477745],[-54.633558,-20.477745],[-54.633558,-20.477736],[-54.633568,-20.477736],[-54.633568,-20.477727],[-54.633578,-20.477727],[-54.633578,-20.477718],[-54.633587,-20.477718],[-54.633588,-20.477709],[-54.633597,-20.477709],[-54.633597,-20.4777],[-54.633607,-20.4777],[-54.633607,-20.477691],[-54.633617,-20.477691],[-54.633617,-20.477682],[-54.633626,-20.477682],[-54.633627,-20.477673],[-54.633636,-20.477674],[-54.633636,-20.477664],[-54.633646,-20.477665],[-54.633646,-20.477656],[-54.633656,-20.477656],[-54.633656,-20.477647],[-54.633665,-20.477647],[-54.633665,-20.477638],[-54.633675,-20.477638],[-54.633675,-20.477629],[-54.633685,-20.477629],[-54.633685,-20.47762],[-54.633694,-20.47762],[-54.633695,-20.477611],[-54.633704,-20.477611],[-54.633704,-20.477602],[-54.633714,-20.477602],[-54.633714,-20.477593],[-54.633724,-20.477593],[-54.633724,-20.477584],[-54.633733,-20.477585],[-54.633733,-20.477576],[-54.633743,-20.477576],[-54.633743,-20.477567],[-54.633753,-20.477567],[-54.633753,-20.477558],[-54.633762,-20.477558],[-54.633763,-20.477549],[-54.633772,-20.477549],[-54.633772,-20.47754],[-54.633782,-20.47754],[-54.633782,-20.477531],[-54.633792,-20.477531],[-54.633792,-20.477522],[-54.633945,-20.477524],[-54.633945,-20.477515],[-54.633964,-20.477515],[-54.633964,-20.477506],[-54.633974,-20.477507],[-54.633974,-20.477498],[-54.633984,-20.477498],[-54.633984,-20.477489],[-54.634003,-20.477489],[-54.634003,-20.47748],[-54.634013,-20.47748],[-54.634013,-20.477471],[-54.634032,-20.477471],[-54.634032,-20.477462],[-54.634042,-20.477462],[-54.634042,-20.477453],[-54.634052,-20.477453],[-54.634052,-20.477444],[-54.634071,-20.477445],[-54.634071,-20.477436],[-54.634081,-20.477436],[-54.634081,-20.477427],[-54.63409,-20.477427],[-54.63409,-20.477418],[-54.6341,-20.477418],[-54.6341,-20.477409],[-54.63411,-20.477409],[-54.63411,-20.4774],[-54.634119,-20.4774],[-54.63412,-20.477391],[-54.634129,-20.477391],[-54.634129,-20.477382],[-54.634139,-20.477382],[-54.634139,-20.477373],[-54.634149,-20.477373],[-54.634149,-20.477364],[-54.634158,-20.477365],[-54.634158,-20.477356],[-54.634168,-20.477356],[-54.634168,-20.477347],[-54.634178,-20.477347],[-54.634178,-20.477338],[-54.634187,-20.477338],[-54.634188,-20.477329],[-54.634197,-20.477329],[-54.634197,-20.47732],[-54.634207,-20.47732],[-54.634207,-20.477311],[-54.634217,-20.477311],[-54.634217,-20.477302],[-54.634226,-20.477302],[-54.634226,-20.477293],[-54.634236,-20.477293],[-54.634236,-20.477284],[-54.634246,-20.477284],[-54.634246,-20.477275],[-54.634255,-20.477276],[-54.634256,-20.477267],[-54.634265,-20.477267],[-54.634265,-20.477258],[-54.634275,-20.477258],[-54.634275,-20.477249],[-54.634294,-20.477249],[-54.634294,-20.47724],[-54.634314,-20.47724],[-54.634314,-20.477231],[-54.634333,-20.477231],[-54.634333,-20.477222],[-54.634362,-20.477223],[-54.634362,-20.477214],[-54.634381,-20.477214],[-54.634381,-20.477205],[-54.634391,-20.477205],[-54.634391,-20.477196],[-54.6344,-20.477196],[-54.634401,-20.477178],[-54.634535,-20.47718],[-54.634535,-20.477171],[-54.634573,-20.477172],[-54.634573,-20.477163],[-54.634602,-20.477163],[-54.634602,-20.477172],[-54.63464,-20.477172],[-54.63464,-20.477181],[-54.634688,-20.477182],[-54.634688,-20.477191],[-54.634726,-20.477192],[-54.634726,-20.477201],[-54.634765,-20.477201],[-54.634764,-20.47721],[-54.634803,-20.477211],[-54.634803,-20.47722],[-54.634841,-20.47722],[-54.634841,-20.477229],[-54.63485,-20.47723],[-54.63485,-20.477239],[-54.63486,-20.477239],[-54.63486,-20.477248],[-54.634869,-20.477248],[-54.634869,-20.477257],[-54.634888,-20.477257],[-54.634888,-20.477266],[-54.634898,-20.477266],[-54.634898,-20.477257],[-54.634907,-20.477257],[-54.634908,-20.477248],[-54.634917,-20.477248],[-54.634917,-20.477239],[-54.634927,-20.47724],[-54.634927,-20.477231],[-54.634937,-20.477231],[-54.634937,-20.477222],[-54.634956,-20.477222],[-54.634956,-20.477213],[-54.634966,-20.477213],[-54.634966,-20.477204],[-54.634975,-20.477204],[-54.634975,-20.477195],[-54.634985,-20.477195],[-54.634985,-20.477186],[-54.634995,-20.477186],[-54.634995,-20.477177],[-54.635004,-20.477177],[-54.635005,-20.477168],[-54.635014,-20.477169],[-54.635014,-20.477159],[-54.635024,-20.47716],[-54.635024,-20.477151],[-54.635034,-20.477151],[-54.635034,-20.477142],[-54.635043,-20.477142],[-54.635043,-20.477133],[-54.635053,-20.477133],[-54.635053,-20.477124],[-54.635063,-20.477124],[-54.635063,-20.477115],[-54.635072,-20.477115],[-54.635073,-20.477106],[-54.635101,-20.477106],[-54.635102,-20.477097],[-54.635111,-20.477098],[-54.635111,-20.477089],[-54.635121,-20.477089],[-54.635121,-20.47708],[-54.635131,-20.47708],[-54.635131,-20.477071],[-54.63514,-20.477071],[-54.63514,-20.477062],[-54.63515,-20.477062],[-54.63515,-20.477053],[-54.63516,-20.477053],[-54.63516,-20.477044],[-54.635169,-20.477044],[-54.63517,-20.477035],[-54.635179,-20.477035],[-54.635179,-20.477026],[-54.635189,-20.477026],[-54.635189,-20.477017],[-54.635199,-20.477018],[-54.635199,-20.477008],[-54.635208,-20.477009],[-54.635208,-20.477],[-54.635218,-20.477],[-54.635218,-20.476991],[-54.635228,-20.476991],[-54.635228,-20.476982],[-54.635237,-20.476982],[-54.635238,-20.476973],[-54.635247,-20.476973],[-54.635247,-20.476964],[-54.635257,-20.476964],[-54.635257,-20.476955],[-54.635267,-20.476955],[-54.635267,-20.476946],[-54.635276,-20.476946],[-54.635276,-20.476937],[-54.635286,-20.476937],[-54.635286,-20.476928],[-54.635296,-20.476929],[-54.635296,-20.47692],[-54.635305,-20.47692],[-54.635306,-20.476911],[-54.635315,-20.476911],[-54.635315,-20.476902],[-54.635325,-20.476902],[-54.635325,-20.476893],[-54.635335,-20.476893],[-54.635335,-20.476875],[-54.635344,-20.476875],[-54.635345,-20.476866],[-54.635354,-20.476866],[-54.635354,-20.476848],[-54.635364,-20.476848],[-54.635364,-20.476839],[-54.635374,-20.476839],[-54.635374,-20.47683],[-54.635383,-20.47683],[-54.635384,-20.476821],[-54.635393,-20.476821],[-54.635393,-20.476812],[-54.635403,-20.476813],[-54.635403,-20.476804],[-54.635413,-20.476804],[-54.635413,-20.476795],[-54.635422,-20.476795],[-54.635423,-20.476786],[-54.635432,-20.476786],[-54.635432,-20.476777],[-54.635442,-20.476777],[-54.635442,-20.476768],[-54.635452,-20.476768],[-54.635452,-20.476759],[-54.635461,-20.476759],[-54.635461,-20.47675],[-54.635471,-20.47675],[-54.635471,-20.476741],[-54.635481,-20.476741],[-54.635481,-20.476732],[-54.63549,-20.476733],[-54.635491,-20.476723],[-54.63551,-20.476724],[-54.63551,-20.476715],[-54.635519,-20.476715],[-54.63552,-20.476706],[-54.635529,-20.476706],[-54.635529,-20.476697],[-54.635539,-20.476697],[-54.635539,-20.476688],[-54.635549,-20.476688],[-54.635549,-20.476679],[-54.635558,-20.476679],[-54.635558,-20.47667],[-54.635568,-20.47667],[-54.635568,-20.476661],[-54.635578,-20.476661],[-54.635578,-20.476652],[-54.635587,-20.476653],[-54.635588,-20.476644],[-54.635597,-20.476644],[-54.635597,-20.476635],[-54.635607,-20.476635],[-54.635607,-20.476626],[-54.635645,-20.476626],[-54.635646,-20.476617],[-54.635684,-20.476618],[-54.635684,-20.476609],[-54.635713,-20.476609],[-54.635713,-20.476618],[-54.635722,-20.476618],[-54.635722,-20.476627],[-54.635732,-20.476627],[-54.635731,-20.476636],[-54.635741,-20.476637],[-54.635741,-20.476646],[-54.63575,-20.476646],[-54.63575,-20.476655],[-54.63576,-20.476655],[-54.63576,-20.476646],[-54.63577,-20.476646],[-54.63577,-20.476637],[-54.635779,-20.476637],[-54.63578,-20.476619],[-54.635789,-20.476619],[-54.635789,-20.47661],[-54.635799,-20.47661],[-54.6358,-20.476511],[-54.63581,-20.476511],[-54.635813,-20.476303],[-54.635823,-20.476304],[-54.635823,-20.476295],[-54.635833,-20.476295],[-54.635833,-20.476286],[-54.635842,-20.476286],[-54.635842,-20.476277],[-54.635852,-20.476277],[-54.635852,-20.476268],[-54.635862,-20.476268],[-54.635862,-20.476259],[-54.635871,-20.476259],[-54.635872,-20.47625],[-54.635881,-20.47625],[-54.635881,-20.476241],[-54.635891,-20.476241],[-54.635891,-20.476232],[-54.635901,-20.476232],[-54.635901,-20.476223],[-54.63591,-20.476224],[-54.63591,-20.476214],[-54.63592,-20.476215],[-54.63592,-20.476206],[-54.63593,-20.476206],[-54.63593,-20.476197],[-54.635939,-20.476197],[-54.63594,-20.476188],[-54.635949,-20.476188],[-54.635949,-20.476179],[-54.635959,-20.476179],[-54.635959,-20.47617],[-54.635969,-20.47617],[-54.635969,-20.476161],[-54.635978,-20.476161],[-54.635978,-20.476152],[-54.635988,-20.476152],[-54.635988,-20.476143],[-54.635998,-20.476143],[-54.635998,-20.476134],[-54.636007,-20.476135],[-54.636008,-20.476125],[-54.636017,-20.476126],[-54.636017,-20.476117],[-54.636027,-20.476117],[-54.636027,-20.476108],[-54.636037,-20.476108],[-54.636037,-20.476099],[-54.636046,-20.476099],[-54.636046,-20.47609],[-54.636075,-20.47609],[-54.636075,-20.476081],[-54.636114,-20.476082],[-54.636114,-20.476073],[-54.636162,-20.476073],[-54.636162,-20.476064],[-54.6362,-20.476065],[-54.6362,-20.476056],[-54.63621,-20.476056],[-54.63621,-20.476047],[-54.63622,-20.476047],[-54.63622,-20.476038],[-54.636277,-20.476039],[-54.636277,-20.47603],[-54.636306,-20.47603],[-54.636306,-20.476021],[-54.636527,-20.476024],[-54.636526,-20.476033],[-54.636699,-20.476036],[-54.636699,-20.476008],[-54.636709,-20.476009],[-54.636709,-20.475991],[-54.636719,-20.475991],[-54.636719,-20.475982],[-54.636729,-20.475982],[-54.636729,-20.475973],[-54.636738,-20.475973],[-54.636738,-20.475964],[-54.636748,-20.475964],[-54.636748,-20.475946],[-54.636777,-20.475946],[-54.636777,-20.475937],[-54.636835,-20.475938],[-54.636835,-20.475929],[-54.636844,-20.475929],[-54.636844,-20.47592],[-54.636854,-20.47592],[-54.636854,-20.475911],[-54.636864,-20.475911],[-54.636864,-20.475893],[-54.636874,-20.475893],[-54.636874,-20.475884],[-54.636883,-20.475885],[-54.636883,-20.475876],[-54.636893,-20.475876],[-54.636893,-20.475858],[-54.636903,-20.475858],[-54.636903,-20.475849],[-54.636913,-20.475849],[-54.636913,-20.47584],[-54.636922,-20.47584],[-54.636923,-20.475822],[-54.636932,-20.475822],[-54.636932,-20.475813],[-54.636942,-20.475813],[-54.636942,-20.475795],[-54.636961,-20.475795],[-54.636961,-20.475786],[-54.637009,-20.475787],[-54.63701,-20.475778],[-54.637086,-20.475779],[-54.637086,-20.47577],[-54.637096,-20.47577],[-54.637096,-20.475761],[-54.637106,-20.475761],[-54.637106,-20.475752],[-54.637115,-20.475752],[-54.637115,-20.475743],[-54.637125,-20.475743],[-54.637125,-20.475734],[-54.637135,-20.475734],[-54.637135,-20.475725],[-54.637144,-20.475726],[-54.637145,-20.475717],[-54.637154,-20.475717],[-54.637154,-20.475708],[-54.637164,-20.475708],[-54.637164,-20.475699],[-54.637174,-20.475699],[-54.637174,-20.47569],[-54.637183,-20.47569],[-54.637183,-20.475681],[-54.637193,-20.475681],[-54.637193,-20.475672],[-54.637203,-20.475672],[-54.637203,-20.475663],[-54.637213,-20.475663],[-54.637213,-20.475654],[-54.637222,-20.475654],[-54.637222,-20.475645],[-54.637232,-20.475645],[-54.637232,-20.475636],[-54.637242,-20.475637],[-54.637242,-20.475628],[-54.637251,-20.475628],[-54.637252,-20.475619],[-54.637261,-20.475619],[-54.637261,-20.47561],[-54.637271,-20.47561],[-54.637271,-20.475601],[-54.637281,-20.475601],[-54.637281,-20.475592],[-54.63729,-20.475592],[-54.63729,-20.475583],[-54.6373,-20.475583],[-54.6373,-20.475574],[-54.63731,-20.475574],[-54.63731,-20.475565],[-54.637319,-20.475565],[-54.63732,-20.475556],[-54.637329,-20.475556],[-54.637329,-20.475547],[-54.637339,-20.475548],[-54.637339,-20.475539],[-54.637349,-20.475539],[-54.637349,-20.47553],[-54.637358,-20.47553],[-54.637358,-20.475521],[-54.637368,-20.475521],[-54.637368,-20.475512],[-54.637378,-20.475512],[-54.637378,-20.475503],[-54.637387,-20.475503],[-54.637388,-20.475494],[-54.637397,-20.475494],[-54.637397,-20.475485],[-54.637407,-20.475485],[-54.637407,-20.475476],[-54.637417,-20.475476],[-54.637417,-20.475467],[-54.637426,-20.475468],[-54.637426,-20.475458],[-54.637436,-20.475459],[-54.637436,-20.47545],[-54.637446,-20.47545],[-54.637446,-20.475441],[-54.637484,-20.475441],[-54.637484,-20.475432],[-54.637523,-20.475433],[-54.637523,-20.475424],[-54.637561,-20.475424],[-54.637561,-20.475415],[-54.637609,-20.475416],[-54.637609,-20.475407],[-54.637638,-20.475407],[-54.637638,-20.475398],[-54.637667,-20.475399],[-54.637667,-20.47539],[-54.637696,-20.47539],[-54.637696,-20.475381],[-54.637725,-20.475381],[-54.637725,-20.475372],[-54.637763,-20.475373],[-54.637763,-20.475364],[-54.637792,-20.475364],[-54.637792,-20.475355],[-54.637802,-20.475355],[-54.637802,-20.475328],[-54.637812,-20.475328],[-54.637812,-20.475319],[-54.637802,-20.475319],[-54.637803,-20.475256],[-54.637813,-20.475256],[-54.637813,-20.475238],[-54.637823,-20.475238],[-54.637823,-20.475229],[-54.637852,-20.475229],[-54.637852,-20.47522],[-54.637871,-20.475221],[-54.637871,-20.475212],[-54.63789,-20.475212],[-54.63789,-20.475203],[-54.637919,-20.475203],[-54.637919,-20.475194],[-54.637929,-20.475194],[-54.637929,-20.475185],[-54.637939,-20.475186],[-54.637939,-20.475176],[-54.637948,-20.475177],[-54.637948,-20.475168],[-54.637958,-20.475168],[-54.637958,-20.47515],[-54.637968,-20.47515],[-54.637968,-20.475141],[-54.637978,-20.475141],[-54.637978,-20.475132],[-54.637997,-20.475132],[-54.637997,-20.475123],[-54.638016,-20.475123],[-54.638016,-20.475114],[-54.638035,-20.475115],[-54.638036,-20.475106],[-54.638083,-20.475106],[-54.638084,-20.475097],[-54.638112,-20.475098],[-54.638113,-20.475089],[-54.638151,-20.475089],[-54.638151,-20.47508],[-54.638161,-20.47508],[-54.638162,-20.474999],[-54.638171,-20.474999],[-54.638172,-20.474963],[-54.638182,-20.474963],[-54.638182,-20.474936],[-54.638192,-20.474936],[-54.638192,-20.474891],[-54.638202,-20.474891],[-54.638202,-20.474882],[-54.638211,-20.474882],[-54.638212,-20.474873],[-54.638221,-20.474873],[-54.638221,-20.474864],[-54.638231,-20.474864],[-54.638231,-20.474855],[-54.638241,-20.474855],[-54.638241,-20.474846],[-54.63825,-20.474847],[-54.638251,-20.474838],[-54.63826,-20.474838],[-54.63826,-20.474829],[-54.63827,-20.474829],[-54.63827,-20.47482],[-54.63828,-20.47482],[-54.63828,-20.474811],[-54.638289,-20.474811],[-54.638289,-20.474802],[-54.638299,-20.474802],[-54.638299,-20.474793],[-54.638309,-20.474793],[-54.638309,-20.474784],[-54.638318,-20.474784],[-54.638319,-20.474775],[-54.638328,-20.474775],[-54.638328,-20.474766],[-54.638338,-20.474767],[-54.638338,-20.474757],[-54.638348,-20.474758],[-54.638348,-20.47474],[-54.638357,-20.47474],[-54.638358,-20.474731],[-54.638367,-20.474731],[-54.638367,-20.474722],[-54.638377,-20.474722],[-54.638377,-20.474713],[-54.638387,-20.474713],[-54.638387,-20.474695],[-54.638396,-20.474695],[-54.638398,-20.474578],[-54.638408,-20.474578],[-54.638408,-20.474569],[-54.638418,-20.474569],[-54.638418,-20.47456],[-54.638427,-20.47456],[-54.638427,-20.474551],[-54.638437,-20.474551],[-54.638437,-20.474542],[-54.638447,-20.474542],[-54.638447,-20.474533],[-54.638456,-20.474533],[-54.63846,-20.474326],[-54.638469,-20.474326],[-54.638469,-20.474317],[-54.638479,-20.474317],[-54.638479,-20.474308],[-54.638489,-20.474308],[-54.638489,-20.474299],[-54.638498,-20.474299],[-54.638498,-20.47429],[-54.638508,-20.47429],[-54.638508,-20.474281],[-54.638518,-20.474281],[-54.638518,-20.474272],[-54.638527,-20.474272],[-54.638528,-20.474263],[-54.638537,-20.474264],[-54.638537,-20.474254],[-54.638547,-20.474255],[-54.638547,-20.474246],[-54.638557,-20.474246],[-54.638557,-20.474237],[-54.638566,-20.474237],[-54.638566,-20.474228],[-54.638576,-20.474228],[-54.638576,-20.474219],[-54.638662,-20.47422],[-54.638662,-20.474229],[-54.638672,-20.474229],[-54.638672,-20.474238],[-54.638681,-20.474238],[-54.638681,-20.474247],[-54.638691,-20.474248],[-54.638691,-20.474257],[-54.6387,-20.474257],[-54.6387,-20.474266],[-54.63871,-20.474266],[-54.63871,-20.474275],[-54.638719,-20.474275],[-54.638719,-20.474284],[-54.638729,-20.474284],[-54.638728,-20.474293],[-54.638738,-20.474293],[-54.638738,-20.474302],[-54.638747,-20.474303],[-54.638747,-20.474312],[-54.638766,-20.474312],[-54.638766,-20.474321],[-54.638776,-20.474321],[-54.638776,-20.47433],[-54.638785,-20.47433],[-54.638785,-20.474339],[-54.638795,-20.474339],[-54.638795,-20.474348],[-54.638804,-20.474348],[-54.638804,-20.474357],[-54.638842,-20.474358],[-54.638843,-20.474349],[-54.63889,-20.47435],[-54.638891,-20.474341],[-54.638938,-20.474341],[-54.638939,-20.474332],[-54.638987,-20.474333],[-54.638987,-20.474324],[-54.639006,-20.474324],[-54.639006,-20.474315],[-54.639016,-20.474315],[-54.639016,-20.474306],[-54.639025,-20.474306],[-54.639025,-20.474297],[-54.639045,-20.474298],[-54.639045,-20.474288],[-54.639054,-20.474289],[-54.639054,-20.47428],[-54.639064,-20.47428],[-54.639064,-20.474271],[-54.639074,-20.474271],[-54.639074,-20.474262],[-54.639093,-20.474262],[-54.639093,-20.474253],[-54.639103,-20.474253],[-54.639103,-20.474244],[-54.639112,-20.474244],[-54.639113,-20.474235],[-54.639122,-20.474235],[-54.639122,-20.474226],[-54.639141,-20.474227],[-54.639142,-20.474218],[-54.639151,-20.474218],[-54.639151,-20.474209],[-54.639161,-20.474209],[-54.639161,-20.4742],[-54.639171,-20.4742],[-54.639171,-20.474191],[-54.63918,-20.474191],[-54.63918,-20.474182],[-54.63919,-20.474182],[-54.63919,-20.474173],[-54.6392,-20.474173],[-54.6392,-20.474164],[-54.639209,-20.474164],[-54.63921,-20.474146],[-54.639219,-20.474146],[-54.639219,-20.474137],[-54.639229,-20.474137],[-54.639229,-20.474128],[-54.639239,-20.474129],[-54.639239,-20.47412],[-54.639249,-20.47412],[-54.639249,-20.474111],[-54.639258,-20.474111],[-54.639258,-20.474102],[-54.639268,-20.474102],[-54.639268,-20.474093],[-54.639278,-20.474093],[-54.639278,-20.474084],[-54.639287,-20.474084],[-54.639288,-20.474075],[-54.639297,-20.474075],[-54.639298,-20.474039],[-54.639307,-20.474039],[-54.639307,-20.47403],[-54.639317,-20.47403],[-54.639317,-20.474021],[-54.639327,-20.474021],[-54.639327,-20.474012],[-54.639336,-20.474013],[-54.639337,-20.474003],[-54.639346,-20.474004],[-54.639346,-20.473995],[-54.639356,-20.473995],[-54.639356,-20.473986],[-54.639366,-20.473986],[-54.639366,-20.473977],[-54.639375,-20.473977],[-54.639375,-20.473968],[-54.639385,-20.473968],[-54.639385,-20.473959],[-54.639395,-20.473959],[-54.639395,-20.47395],[-54.639404,-20.47395],[-54.639405,-20.473941],[-54.639414,-20.473941],[-54.639414,-20.473932],[-54.639424,-20.473932],[-54.639424,-20.473923],[-54.639434,-20.473924],[-54.639434,-20.473914],[-54.639443,-20.473915],[-54.639443,-20.473906],[-54.639453,-20.473906],[-54.639453,-20.473897],[-54.639463,-20.473897],[-54.639463,-20.473888],[-54.639472,-20.473888],[-54.639473,-20.473879],[-54.639482,-20.473879],[-54.639482,-20.47387],[-54.639492,-20.47387],[-54.639492,-20.473861],[-54.639502,-20.473861],[-54.639502,-20.473852],[-54.639511,-20.473852],[-54.639511,-20.473843],[-54.639521,-20.473843],[-54.639521,-20.473834],[-54.639531,-20.473835],[-54.639531,-20.473826],[-54.63954,-20.473826],[-54.639541,-20.473817],[-54.63955,-20.473817],[-54.63955,-20.473808],[-54.63956,-20.473808],[-54.63956,-20.473799],[-54.63957,-20.473799],[-54.63957,-20.47379],[-54.639579,-20.47379],[-54.639579,-20.473781],[-54.639589,-20.473781],[-54.639589,-20.473772],[-54.639599,-20.473772],[-54.639599,-20.473763],[-54.639609,-20.473763],[-54.639609,-20.473754],[-54.639618,-20.473754],[-54.639618,-20.473745],[-54.639628,-20.473746],[-54.639628,-20.473737],[-54.639638,-20.473737],[-54.639638,-20.473728],[-54.639647,-20.473728],[-54.639648,-20.473674],[-54.639658,-20.473674],[-54.639658,-20.473665],[-54.639668,-20.473665],[-54.639668,-20.473656],[-54.639677,-20.473656],[-54.639677,-20.473647],[-54.639687,-20.473647],[-54.639687,-20.473638],[-54.639697,-20.473638],[-54.639697,-20.473629],[-54.639706,-20.473629],[-54.639707,-20.47362],[-54.639716,-20.47362],[-54.639716,-20.473611],[-54.639726,-20.473611],[-54.639726,-20.473602],[-54.639736,-20.473603],[-54.639736,-20.473594],[-54.639745,-20.473594],[-54.639745,-20.473585],[-54.639755,-20.473585],[-54.639755,-20.473576],[-54.639765,-20.473576],[-54.639765,-20.473567],[-54.639774,-20.473567],[-54.639775,-20.473558],[-54.639784,-20.473558],[-54.639784,-20.473549],[-54.639794,-20.473549],[-54.639794,-20.47354],[-54.639804,-20.47354],[-54.639804,-20.473531],[-54.639813,-20.473531],[-54.639813,-20.473522],[-54.639823,-20.473522],[-54.639823,-20.473513],[-54.639833,-20.473514],[-54.639833,-20.473505],[-54.639842,-20.473505],[-54.639843,-20.473496],[-54.639852,-20.473496],[-54.639852,-20.473487],[-54.639862,-20.473487],[-54.639862,-20.473478],[-54.639872,-20.473478],[-54.639872,-20.473469],[-54.639881,-20.473469],[-54.639881,-20.47346],[-54.639891,-20.47346],[-54.639891,-20.473451],[-54.639901,-20.473451],[-54.639901,-20.473442],[-54.63991,-20.473442],[-54.639911,-20.473433],[-54.63992,-20.473433],[-54.63992,-20.473424],[-54.63993,-20.473425],[-54.63993,-20.473407],[-54.63994,-20.473407],[-54.63994,-20.473398],[-54.639949,-20.473398],[-54.63995,-20.473389],[-54.639959,-20.473389],[-54.639959,-20.47338],[-54.639969,-20.47338],[-54.639969,-20.473371],[-54.639979,-20.473371],[-54.639979,-20.473362],[-54.639988,-20.473362],[-54.639989,-20.473353],[-54.639998,-20.473353],[-54.639998,-20.473344],[-54.640008,-20.473344],[-54.640008,-20.473335],[-54.640018,-20.473335],[-54.640018,-20.473326],[-54.640027,-20.473327],[-54.640027,-20.473318],[-54.640037,-20.473318],[-54.640037,-20.473309],[-54.640047,-20.473309],[-54.640047,-20.4733],[-54.640056,-20.4733],[-54.640057,-20.473291],[-54.640066,-20.473291],[-54.640066,-20.473282],[-54.640076,-20.473282],[-54.640076,-20.473273],[-54.640086,-20.473273],[-54.640086,-20.473264],[-54.640095,-20.473264],[-54.640095,-20.473255],[-54.640105,-20.473255],[-54.640105,-20.473246],[-54.640115,-20.473246],[-54.640115,-20.473237],[-54.640124,-20.473238],[-54.640125,-20.473229],[-54.640134,-20.473229],[-54.640134,-20.47322],[-54.640144,-20.47322],[-54.640144,-20.473193],[-54.640154,-20.473193],[-54.640154,-20.473184],[-54.640164,-20.473184],[-54.640164,-20.473175],[-54.640173,-20.473175],[-54.640173,-20.473166],[-54.640183,-20.473166],[-54.640183,-20.473157],[-54.640193,-20.473157],[-54.640193,-20.473148],[-54.640202,-20.473148],[-54.640203,-20.473139],[-54.640212,-20.473139],[-54.640212,-20.47313],[-54.640222,-20.473131],[-54.640222,-20.473121],[-54.640232,-20.473122],[-54.640232,-20.473113],[-54.640241,-20.473113],[-54.640241,-20.473104],[-54.640251,-20.473104],[-54.640251,-20.473095],[-54.640261,-20.473095],[-54.640261,-20.473086],[-54.64027,-20.473086],[-54.640271,-20.473077],[-54.64028,-20.473077],[-54.64028,-20.473068],[-54.64029,-20.473068],[-54.64029,-20.473032],[-54.640281,-20.473032],[-54.640281,-20.473005],[-54.640272,-20.473005],[-54.640272,-20.472978],[-54.640263,-20.472978],[-54.640263,-20.47295],[-54.640253,-20.47295],[-54.640254,-20.472923],[-54.640244,-20.472923],[-54.640245,-20.472896],[-54.640235,-20.472896],[-54.640235,-20.472878],[-54.640226,-20.472878],[-54.640226,-20.472851],[-54.640217,-20.472851],[-54.640217,-20.472823],[-54.640207,-20.472823],[-54.640208,-20.472796],[-54.640198,-20.472796],[-54.640199,-20.472769],[-54.640189,-20.472769],[-54.64019,-20.472742],[-54.64018,-20.472742],[-54.64018,-20.472715],[-54.640171,-20.472714],[-54.640171,-20.472687],[-54.640162,-20.472687],[-54.640162,-20.47266],[-54.640152,-20.47266],[-54.640153,-20.472633],[-54.640143,-20.472633],[-54.640144,-20.472606],[-54.640134,-20.472606],[-54.640134,-20.472588],[-54.640125,-20.472587],[-54.640125,-20.47256],[-54.640116,-20.47256],[-54.640116,-20.472524],[-54.640135,-20.472524],[-54.640135,-20.472515],[-54.640145,-20.472515],[-54.640145,-20.472497],[-54.640155,-20.472497],[-54.640155,-20.472488],[-54.640165,-20.472489],[-54.640165,-20.47248],[-54.640174,-20.47248],[-54.640174,-20.472471],[-54.640184,-20.472471],[-54.640184,-20.472453],[-54.640194,-20.472453],[-54.640194,-20.472444],[-54.640204,-20.472444],[-54.640204,-20.472435],[-54.640213,-20.472435],[-54.640214,-20.472426],[-54.640223,-20.472426],[-54.640223,-20.472417],[-54.640233,-20.472417],[-54.640233,-20.472399],[-54.640243,-20.472399],[-54.640243,-20.47239],[-54.640252,-20.47239],[-54.640253,-20.472381],[-54.640262,-20.472382],[-54.640262,-20.472373],[-54.640272,-20.472373],[-54.640272,-20.472355],[-54.640282,-20.472355],[-54.640282,-20.472346],[-54.640291,-20.472346],[-54.640292,-20.472337],[-54.640301,-20.472337],[-54.640301,-20.472328],[-54.640311,-20.472328],[-54.640311,-20.47231],[-54.640321,-20.47231],[-54.640321,-20.472301],[-54.64033,-20.472301],[-54.640331,-20.472292],[-54.64034,-20.472292],[-54.64034,-20.472283],[-54.64035,-20.472283],[-54.64035,-20.472265],[-54.64036,-20.472265],[-54.64036,-20.472256],[-54.640369,-20.472257],[-54.64037,-20.472248],[-54.640379,-20.472248],[-54.640379,-20.472239],[-54.640389,-20.472239],[-54.640389,-20.472221],[-54.640399,-20.472221],[-54.640399,-20.472212],[-54.640408,-20.472212],[-54.640409,-20.472203],[-54.640418,-20.472203],[-54.640418,-20.472194],[-54.640428,-20.472194],[-54.640428,-20.472176],[-54.640438,-20.472176],[-54.640438,-20.472167],[-54.640447,-20.472167],[-54.640449,-20.47205],[-54.640459,-20.47205],[-54.640459,-20.472023],[-54.640469,-20.472023],[-54.640469,-20.472005],[-54.640479,-20.472005],[-54.640482,-20.471761],[-54.640492,-20.471762],[-54.640492,-20.471744],[-54.640502,-20.471744],[-54.640502,-20.471735],[-54.640512,-20.471735],[-54.640512,-20.471717],[-54.640521,-20.471717],[-54.640522,-20.471699],[-54.640512,-20.471699],[-54.640517,-20.471392],[-54.640507,-20.471392],[-54.640507,-20.471373],[-54.640498,-20.471373],[-54.640498,-20.471355],[-54.640489,-20.471355],[-54.640489,-20.471337],[-54.640479,-20.471337],[-54.64048,-20.471319],[-54.64047,-20.471319],[-54.640472,-20.471183],[-54.640482,-20.471183],[-54.640482,-20.471138],[-54.640492,-20.471138],[-54.640493,-20.471075],[-54.640502,-20.471075],[-54.640503,-20.471021],[-54.640513,-20.471021],[-54.640522,-20.470416],[-54.640532,-20.470417],[-54.640532,-20.470408],[-54.640541,-20.470408],[-54.640542,-20.470399],[-54.640657,-20.4704],[-54.640656,-20.470409],[-54.640838,-20.470412],[-54.640839,-20.470403],[-54.640867,-20.470403],[-54.640868,-20.470385],[-54.640877,-20.470385],[-54.640878,-20.470358],[-54.640887,-20.470358],[-54.640887,-20.47034],[-54.640897,-20.47034],[-54.640909,-20.469582],[-54.640899,-20.469582],[-54.640899,-20.469573],[-54.64089,-20.469573],[-54.64089,-20.469564],[-54.64088,-20.469563],[-54.64088,-20.469554],[-54.640871,-20.469554],[-54.640871,-20.469545],[-54.640861,-20.469545],[-54.640861,-20.469536],[-54.640852,-20.469536],[-54.640852,-20.469527],[-54.640842,-20.469527],[-54.640843,-20.469518],[-54.640833,-20.469518],[-54.640833,-20.469509],[-54.640823,-20.469508],[-54.640824,-20.469499],[-54.640814,-20.469499],[-54.640814,-20.46949],[-54.640805,-20.46949],[-54.640805,-20.469472],[-54.640795,-20.469472],[-54.640795,-20.469463],[-54.640786,-20.469463],[-54.640786,-20.469454],[-54.640776,-20.469454],[-54.640779,-20.469291],[-54.640769,-20.469291],[-54.640769,-20.469282],[-54.64076,-20.469282],[-54.64076,-20.469273],[-54.64075,-20.469273],[-54.640751,-20.469264],[-54.640741,-20.469264],[-54.640741,-20.469255],[-54.640732,-20.469254],[-54.640732,-20.469245],[-54.640722,-20.469245],[-54.640722,-20.469236],[-54.640713,-20.469236],[-54.640713,-20.469227],[-54.640703,-20.469227],[-54.640703,-20.469218],[-54.640694,-20.469218],[-54.640694,-20.469209],[-54.640684,-20.469209],[-54.640684,-20.4692],[-54.640675,-20.469199],[-54.640675,-20.46919],[-54.640665,-20.46919],[-54.640666,-20.469181],[-54.640656,-20.469181],[-54.640656,-20.469172],[-54.640647,-20.469172],[-54.640647,-20.469163],[-54.640637,-20.469163],[-54.640637,-20.469154],[-54.640628,-20.469154],[-54.640628,-20.469145],[-54.640618,-20.469144],[-54.640618,-20.469135],[-54.640609,-20.469135],[-54.640609,-20.469126],[-54.640599,-20.469126],[-54.640599,-20.469117],[-54.64059,-20.469117],[-54.64059,-20.469108],[-54.64058,-20.469108],[-54.640581,-20.469099],[-54.640571,-20.469099],[-54.640571,-20.46909],[-54.640562,-20.46909],[-54.640562,-20.469081],[-54.640552,-20.46908],[-54.640552,-20.469071],[-54.640543,-20.469071],[-54.640543,-20.469062],[-54.640533,-20.469062],[-54.640533,-20.469053],[-54.640524,-20.469053],[-54.640524,-20.469044],[-54.640514,-20.469044],[-54.640515,-20.469035],[-54.640505,-20.469035],[-54.640505,-20.469026],[-54.640495,-20.469025],[-54.640496,-20.469016],[-54.640486,-20.469016],[-54.640486,-20.469007],[-54.640477,-20.469007],[-54.640477,-20.468998],[-54.640467,-20.468998],[-54.640467,-20.468989],[-54.640458,-20.468989],[-54.640458,-20.46898],[-54.640448,-20.46898],[-54.640448,-20.468971],[-54.640439,-20.46897],[-54.640439,-20.468943],[-54.640442,-20.468763],[-54.640452,-20.468763],[-54.640458,-20.468312],[-54.640468,-20.468312],[-54.640468,-20.468285],[-54.640478,-20.468285],[-54.640478,-20.468258],[-54.640488,-20.468258],[-54.640489,-20.468204],[-54.640479,-20.468203],[-54.64048,-20.468158],[-54.64047,-20.468158],[-54.640471,-20.468113],[-54.640462,-20.468113],[-54.640462,-20.468086],[-54.640452,-20.468086],[-54.640453,-20.46805],[-54.640443,-20.468049],[-54.640444,-20.468004],[-54.640434,-20.468004],[-54.640435,-20.467959],[-54.640426,-20.467959],[-54.64043,-20.467688],[-54.640439,-20.467688],[-54.64044,-20.467652],[-54.640449,-20.467652],[-54.64045,-20.467616],[-54.64046,-20.467616],[-54.64046,-20.467571],[-54.64047,-20.467571],[-54.640473,-20.467391],[-54.640463,-20.46739],[-54.640463,-20.467381],[-54.639898,-20.467374],[-54.639898,-20.467365],[-54.639812,-20.467364],[-54.639812,-20.467355],[-54.639802,-20.467354],[-54.639803,-20.467345],[-54.639793,-20.467345],[-54.639793,-20.467336],[-54.639783,-20.467336],[-54.639784,-20.467327],[-54.639774,-20.467327],[-54.639774,-20.467318],[-54.639765,-20.467318],[-54.639765,-20.467309],[-54.639755,-20.467309],[-54.639755,-20.4673],[-54.639746,-20.467299],[-54.639746,-20.467281],[-54.639736,-20.467281],[-54.639737,-20.467263],[-54.639727,-20.467263],[-54.639727,-20.467245],[-54.639718,-20.467245],[-54.639718,-20.467227],[-54.639709,-20.467227],[-54.639709,-20.467218],[-54.639699,-20.467218],[-54.639699,-20.467209],[-54.63969,-20.467208],[-54.63969,-20.46719],[-54.63968,-20.46719],[-54.63968,-20.467181],[-54.639671,-20.467181],[-54.639671,-20.467172],[-54.639661,-20.467172],[-54.639662,-20.467154],[-54.639652,-20.467154],[-54.639652,-20.467145],[-54.639643,-20.467145],[-54.639643,-20.467126],[-54.639633,-20.467126],[-54.639637,-20.466901],[-54.639646,-20.466901],[-54.639647,-20.466892],[-54.639656,-20.466892],[-54.639656,-20.466883],[-54.639666,-20.466883],[-54.639666,-20.466874],[-54.639676,-20.466874],[-54.639676,-20.466865],[-54.639685,-20.466865],[-54.639686,-20.466838],[-54.639686,-20.46682],[-54.639676,-20.46682],[-54.639677,-20.466757],[-54.639668,-20.466757],[-54.639669,-20.466684],[-54.639659,-20.466684],[-54.63966,-20.466621],[-54.639651,-20.466621],[-54.639652,-20.466549],[-54.639642,-20.466549],[-54.639643,-20.466485],[-54.639634,-20.466485],[-54.639635,-20.466422],[-54.639625,-20.466422],[-54.639626,-20.466386],[-54.639616,-20.466386],[-54.639617,-20.466322],[-54.639607,-20.466322],[-54.639608,-20.466295],[-54.639598,-20.466295],[-54.639598,-20.466286],[-54.639589,-20.466286],[-54.639589,-20.466277],[-54.639579,-20.466277],[-54.63958,-20.466223],[-54.639571,-20.466222],[-54.639571,-20.466204],[-54.639561,-20.466204],[-54.639561,-20.466195],[-54.639552,-20.466195],[-54.639555,-20.46596],[-54.639565,-20.465961],[-54.639565,-20.465951],[-54.639575,-20.465952],[-54.639575,-20.465943],[-54.639584,-20.465943],[-54.639585,-20.465934],[-54.639594,-20.465934],[-54.639594,-20.465925],[-54.639604,-20.465925],[-54.639604,-20.465916],[-54.639614,-20.465916],[-54.639614,-20.465907],[-54.639623,-20.465907],[-54.639633,-20.465293],[-54.639623,-20.465293],[-54.639623,-20.465284],[-54.639614,-20.465284],[-54.639614,-20.465275],[-54.639604,-20.465275],[-54.639604,-20.465266],[-54.639595,-20.465266],[-54.639595,-20.465257],[-54.639585,-20.465256],[-54.639585,-20.465247],[-54.639576,-20.465247],[-54.639576,-20.465238],[-54.639566,-20.465238],[-54.639567,-20.465229],[-54.639557,-20.465229],[-54.639557,-20.46522],[-54.639548,-20.46522],[-54.639548,-20.465211],[-54.639538,-20.465211],[-54.639538,-20.465202],[-54.639529,-20.465201],[-54.639529,-20.465192],[-54.639519,-20.465192],[-54.63952,-20.465156],[-54.63951,-20.465156],[-54.639511,-20.465102],[-54.639501,-20.465102],[-54.639502,-20.465057],[-54.639493,-20.465056],[-54.639493,-20.465011],[-54.639484,-20.465011],[-54.639484,-20.464957],[-54.639475,-20.464957],[-54.639476,-20.464912],[-54.639466,-20.464912],[-54.639467,-20.464857],[-54.639457,-20.464857],[-54.639458,-20.464812],[-54.639448,-20.464812],[-54.639449,-20.464758],[-54.63944,-20.464758],[-54.63944,-20.464749],[-54.63943,-20.464749],[-54.63943,-20.46474],[-54.639421,-20.464739],[-54.639421,-20.46473],[-54.639411,-20.46473],[-54.639411,-20.464721],[-54.639402,-20.464721],[-54.639402,-20.464712],[-54.639392,-20.464712],[-54.639393,-20.464703],[-54.639383,-20.464703],[-54.639383,-20.464694],[-54.639374,-20.464694],[-54.639374,-20.464685],[-54.639364,-20.464685],[-54.639364,-20.464675],[-54.639355,-20.464675],[-54.639355,-20.464666],[-54.639345,-20.464666],[-54.639345,-20.464657],[-54.639336,-20.464657],[-54.639336,-20.464648],[-54.639326,-20.464648],[-54.639326,-20.464639],[-54.639317,-20.464639],[-54.639317,-20.46463],[-54.639307,-20.46463],[-54.639308,-20.464621],[-54.639298,-20.46462],[-54.639298,-20.464611],[-54.639289,-20.464611],[-54.639289,-20.464602],[-54.639279,-20.464602],[-54.639279,-20.464593],[-54.63927,-20.464593],[-54.63927,-20.464584],[-54.63926,-20.464584],[-54.63926,-20.464575],[-54.639251,-20.464575],[-54.639251,-20.464566],[-54.639241,-20.464565],[-54.639241,-20.464556],[-54.639232,-20.464556],[-54.639232,-20.464547],[-54.639222,-20.464547],[-54.639223,-20.464538],[-54.639213,-20.464538],[-54.639213,-20.464529],[-54.639204,-20.464529],[-54.639204,-20.46452],[-54.639194,-20.46452],[-54.639194,-20.464511],[-54.639185,-20.46451],[-54.639185,-20.464492],[-54.639175,-20.464492],[-54.639176,-20.464483],[-54.639166,-20.464483],[-54.639166,-20.464474],[-54.639157,-20.464474],[-54.639157,-20.464456],[-54.639147,-20.464456],[-54.639147,-20.464438],[-54.639138,-20.464438],[-54.639138,-20.46442],[-54.639129,-20.464419],[-54.639129,-20.464401],[-54.639119,-20.464401],[-54.63912,-20.464383],[-54.63911,-20.464383],[-54.63911,-20.464365],[-54.639101,-20.464365],[-54.639101,-20.464356],[-54.639091,-20.464356],[-54.639092,-20.464338],[-54.639082,-20.464338],[-54.639082,-20.464319],[-54.639073,-20.464319],[-54.639073,-20.464301],[-54.639063,-20.464301],[-54.639064,-20.464283],[-54.639054,-20.464283],[-54.639054,-20.464265],[-54.639045,-20.464265],[-54.639045,-20.464247],[-54.639035,-20.464247],[-54.639036,-20.464229],[-54.639026,-20.464228],[-54.639026,-20.464219],[-54.639017,-20.464219],[-54.639017,-20.46421],[-54.639007,-20.46421],[-54.639008,-20.464174],[-54.638998,-20.464174],[-54.639,-20.464029],[-54.638991,-20.464029],[-54.638993,-20.463894],[-54.638983,-20.463894],[-54.638984,-20.463876],[-54.638974,-20.463876],[-54.638975,-20.463803],[-54.638966,-20.463803],[-54.638966,-20.463794],[-54.638956,-20.463794],[-54.638956,-20.463785],[-54.638947,-20.463785],[-54.638947,-20.463776],[-54.638937,-20.463776],[-54.638937,-20.463767],[-54.638928,-20.463767],[-54.638928,-20.463757],[-54.638918,-20.463757],[-54.638918,-20.463748],[-54.638909,-20.463748],[-54.638909,-20.463739],[-54.638899,-20.463739],[-54.6389,-20.46373],[-54.63889,-20.46373],[-54.63889,-20.463721],[-54.638881,-20.463721],[-54.638881,-20.463712],[-54.638871,-20.463712],[-54.638871,-20.463703],[-54.638862,-20.463702],[-54.638862,-20.463693],[-54.638852,-20.463693],[-54.638852,-20.463684],[-54.638843,-20.463684],[-54.638843,-20.463675],[-54.638833,-20.463675],[-54.638834,-20.463666],[-54.638824,-20.463666],[-54.638824,-20.463657],[-54.638814,-20.463657],[-54.638815,-20.463648],[-54.638805,-20.463647],[-54.638805,-20.463638],[-54.638796,-20.463638],[-54.638796,-20.463629],[-54.638786,-20.463629],[-54.638786,-20.46362],[-54.638777,-20.46362],[-54.638777,-20.463611],[-54.638767,-20.463611],[-54.638767,-20.463602],[-54.638758,-20.463602],[-54.638758,-20.463593],[-54.638748,-20.463592],[-54.638749,-20.463583],[-54.638739,-20.463583],[-54.638739,-20.463574],[-54.63873,-20.463574],[-54.63873,-20.463565],[-54.63872,-20.463565],[-54.63872,-20.463547],[-54.63873,-20.463547],[-54.63873,-20.463538],[-54.63874,-20.463538],[-54.63874,-20.463529],[-54.638749,-20.463529],[-54.638749,-20.46352],[-54.638759,-20.46352],[-54.638759,-20.463511],[-54.638769,-20.463511],[-54.638769,-20.463502],[-54.638779,-20.463503],[-54.638779,-20.463494],[-54.638788,-20.463494],[-54.638788,-20.463485],[-54.638798,-20.463485],[-54.638798,-20.463476],[-54.638808,-20.463476],[-54.638808,-20.463467],[-54.638817,-20.463467],[-54.638818,-20.463458],[-54.638827,-20.463458],[-54.638827,-20.463449],[-54.638837,-20.463449],[-54.638837,-20.46344],[-54.638847,-20.46344],[-54.638847,-20.463431],[-54.638856,-20.463431],[-54.638856,-20.463422],[-54.638866,-20.463423],[-54.638866,-20.463413],[-54.638876,-20.463414],[-54.638876,-20.463405],[-54.638885,-20.463405],[-54.638886,-20.463396],[-54.638895,-20.463396],[-54.638895,-20.463387],[-54.638905,-20.463387],[-54.638905,-20.463378],[-54.638895,-20.463378],[-54.638896,-20.46336],[-54.638886,-20.46336],[-54.638886,-20.463342],[-54.638877,-20.463341],[-54.638877,-20.463314],[-54.638868,-20.463314],[-54.638868,-20.463296],[-54.638858,-20.463296],[-54.638859,-20.463269],[-54.638849,-20.463269],[-54.638849,-20.463251],[-54.63884,-20.463251],[-54.638842,-20.463142],[-54.638832,-20.463142],[-54.638837,-20.462817],[-54.638846,-20.462817],[-54.638847,-20.462808],[-54.638856,-20.462808],[-54.638856,-20.462799],[-54.638866,-20.462799],[-54.638866,-20.46279],[-54.638876,-20.462791],[-54.638876,-20.462781],[-54.638885,-20.462782],[-54.638885,-20.462773],[-54.638895,-20.462773],[-54.638895,-20.462764],[-54.638905,-20.462764],[-54.638905,-20.462755],[-54.638915,-20.462755],[-54.638915,-20.462746],[-54.638924,-20.462746],[-54.638924,-20.462737],[-54.638934,-20.462737],[-54.638934,-20.462728],[-54.638944,-20.462728],[-54.638944,-20.462719],[-54.638953,-20.462719],[-54.638954,-20.46271],[-54.638963,-20.46271],[-54.638963,-20.462701],[-54.638973,-20.462702],[-54.638973,-20.462693],[-54.638983,-20.462693],[-54.638983,-20.462675],[-54.638992,-20.462675],[-54.638993,-20.462657],[-54.639002,-20.462657],[-54.639003,-20.46263],[-54.639012,-20.46263],[-54.639013,-20.462603],[-54.639022,-20.462603],[-54.639027,-20.462287],[-54.639037,-20.462287],[-54.639037,-20.462269],[-54.639047,-20.462269],[-54.639047,-20.462251],[-54.639056,-20.462251],[-54.639057,-20.462242],[-54.639066,-20.462242],[-54.639066,-20.462224],[-54.639076,-20.462224],[-54.639076,-20.462206],[-54.639086,-20.462206],[-54.639086,-20.462197],[-54.639096,-20.462198],[-54.639096,-20.462179],[-54.639105,-20.46218],[-54.639106,-20.462171],[-54.639115,-20.462171],[-54.639115,-20.462153],[-54.639125,-20.462153],[-54.639125,-20.462135],[-54.639135,-20.462135],[-54.639135,-20.462126],[-54.639145,-20.462126],[-54.639145,-20.462099],[-54.639135,-20.462099],[-54.639135,-20.46209],[-54.639126,-20.46209],[-54.639126,-20.462081],[-54.639116,-20.46208],[-54.639117,-20.462071],[-54.639107,-20.462071],[-54.639107,-20.462062],[-54.639098,-20.462062],[-54.639098,-20.462053],[-54.639088,-20.462053],[-54.639088,-20.462044],[-54.639079,-20.462044],[-54.639079,-20.462035],[-54.639069,-20.462035],[-54.639069,-20.462026],[-54.63906,-20.462025],[-54.63906,-20.462016],[-54.63905,-20.462016],[-54.639051,-20.462007],[-54.639041,-20.462007],[-54.639041,-20.461998],[-54.639031,-20.461998],[-54.639032,-20.461989],[-54.639022,-20.461989],[-54.639022,-20.46198],[-54.639013,-20.46198],[-54.639013,-20.461971],[-54.639003,-20.46197],[-54.639003,-20.461961],[-54.638994,-20.461961],[-54.638994,-20.461952],[-54.638984,-20.461952],[-54.638984,-20.461943],[-54.638975,-20.461943],[-54.638975,-20.461934],[-54.638965,-20.461934],[-54.638966,-20.461925],[-54.638956,-20.461925],[-54.638956,-20.461916],[-54.638947,-20.461916],[-54.638947,-20.461907],[-54.638937,-20.461906],[-54.638937,-20.461897],[-54.638928,-20.461897],[-54.638928,-20.461888],[-54.638918,-20.461888],[-54.638918,-20.461879],[-54.638909,-20.461879],[-54.638909,-20.46187],[-54.638899,-20.46187],[-54.638899,-20.461861],[-54.63889,-20.461861],[-54.63889,-20.461852],[-54.63888,-20.461851],[-54.638881,-20.461842],[-54.638871,-20.461842],[-54.638871,-20.461833],[-54.638862,-20.461833],[-54.638862,-20.461824],[-54.638852,-20.461824],[-54.638852,-20.461815],[-54.638843,-20.461815],[-54.638843,-20.461806],[-54.638833,-20.461806],[-54.638833,-20.461797],[-54.638824,-20.461796],[-54.638824,-20.461787],[-54.638814,-20.461787],[-54.638815,-20.461769],[-54.638805,-20.461769],[-54.638805,-20.46176],[-54.638796,-20.46176],[-54.638796,-20.461751],[-54.638786,-20.461751],[-54.638786,-20.461742],[-54.638777,-20.461742],[-54.638777,-20.461733],[-54.638767,-20.461732],[-54.638767,-20.461723],[-54.638758,-20.461723],[-54.638758,-20.461714],[-54.638748,-20.461714],[-54.638749,-20.461705],[-54.638739,-20.461705],[-54.638753,-20.460757],[-54.638744,-20.460757],[-54.638745,-20.460658],[-54.638736,-20.460657],[-54.638736,-20.460648],[-54.638717,-20.460648],[-54.638717,-20.460639],[-54.638688,-20.460639],[-54.638688,-20.46063],[-54.638679,-20.46063],[-54.638679,-20.460621],[-54.638669,-20.46062],[-54.638669,-20.460611],[-54.63866,-20.460611],[-54.63866,-20.460593],[-54.638651,-20.460593],[-54.638651,-20.460575],[-54.638641,-20.460575],[-54.638642,-20.460557],[-54.638632,-20.460557],[-54.638634,-20.460394],[-54.638625,-20.460394],[-54.638625,-20.460385],[-54.638615,-20.460385],[-54.638616,-20.460376],[-54.638606,-20.460376],[-54.638606,-20.460367],[-54.638597,-20.460367],[-54.638597,-20.460358],[-54.638587,-20.460357],[-54.638599,-20.459563],[-54.63859,-20.459563],[-54.63859,-20.459554],[-54.63858,-20.459554],[-54.63858,-20.459545],[-54.638571,-20.459544],[-54.638571,-20.459535],[-54.638561,-20.459535],[-54.638561,-20.459526],[-54.638552,-20.459526],[-54.638552,-20.459517],[-54.638542,-20.459517],[-54.638543,-20.459508],[-54.638533,-20.459508],[-54.638533,-20.459499],[-54.638524,-20.459499],[-54.638524,-20.45949],[-54.638514,-20.45949],[-54.638514,-20.45948],[-54.638505,-20.45948],[-54.638505,-20.459471],[-54.638495,-20.459471],[-54.638495,-20.459462],[-54.638486,-20.459462],[-54.638486,-20.459453],[-54.638476,-20.459453],[-54.638476,-20.459444],[-54.638467,-20.459444],[-54.638467,-20.459435],[-54.638457,-20.459435],[-54.638458,-20.459426],[-54.638448,-20.459425],[-54.638448,-20.459416],[-54.638439,-20.459416],[-54.638439,-20.459407],[-54.638429,-20.459407],[-54.638429,-20.459398],[-54.63842,-20.459398],[-54.63842,-20.459389],[-54.63841,-20.459389],[-54.63841,-20.45938],[-54.638401,-20.45938],[-54.638401,-20.459371],[-54.638391,-20.45937],[-54.638396,-20.459073],[-54.638386,-20.459072],[-54.638387,-20.459054],[-54.638377,-20.459054],[-54.638377,-20.459045],[-54.638368,-20.459045],[-54.638368,-20.459036],[-54.638358,-20.459036],[-54.638358,-20.459027],[-54.638349,-20.459027],[-54.638349,-20.459018],[-54.638339,-20.459018],[-54.638339,-20.459009],[-54.63833,-20.459008],[-54.63833,-20.458999],[-54.63832,-20.458999],[-54.638321,-20.45899],[-54.638311,-20.45899],[-54.638311,-20.458981],[-54.638302,-20.458981],[-54.638302,-20.458972],[-54.638292,-20.458972],[-54.638292,-20.458963],[-54.638283,-20.458963],[-54.638283,-20.458954],[-54.638273,-20.458953],[-54.638273,-20.458944],[-54.638264,-20.458944],[-54.638264,-20.458935],[-54.638254,-20.458935],[-54.638254,-20.458926],[-54.638245,-20.458926],[-54.638245,-20.458917],[-54.638235,-20.458917],[-54.638236,-20.458908],[-54.638226,-20.458908],[-54.638226,-20.458899],[-54.638217,-20.458899],[-54.638217,-20.458889],[-54.638207,-20.458889],[-54.638207,-20.45888],[-54.638198,-20.45888],[-54.638198,-20.458871],[-54.638188,-20.458871],[-54.638188,-20.458862],[-54.638179,-20.458862],[-54.638179,-20.458853],[-54.638169,-20.458853],[-54.638169,-20.458844],[-54.63816,-20.458844],[-54.638163,-20.458618],[-54.638154,-20.458618],[-54.638154,-20.458609],[-54.638144,-20.458609],[-54.638144,-20.4586],[-54.638135,-20.458599],[-54.638135,-20.45859],[-54.638125,-20.45859],[-54.638126,-20.458581],[-54.638116,-20.458581],[-54.638116,-20.458572],[-54.638107,-20.458572],[-54.638107,-20.458563],[-54.638097,-20.458563],[-54.638097,-20.458554],[-54.638078,-20.458553],[-54.638079,-20.458526],[-54.638069,-20.458526],[-54.638072,-20.458328],[-54.638062,-20.458327],[-54.638063,-20.458318],[-54.638053,-20.458318],[-54.638053,-20.458309],[-54.638044,-20.458309],[-54.638044,-20.4583],[-54.638034,-20.4583],[-54.638034,-20.458291],[-54.638025,-20.458291],[-54.638025,-20.458282],[-54.638015,-20.458282],[-54.638015,-20.458273],[-54.638006,-20.458273],[-54.638006,-20.458264],[-54.637996,-20.458263],[-54.637996,-20.458254],[-54.637987,-20.458254],[-54.637987,-20.458245],[-54.637977,-20.458245],[-54.637978,-20.458236],[-54.637968,-20.458236],[-54.637969,-20.458173],[-54.637959,-20.458173],[-54.637959,-20.458164],[-54.63795,-20.458163],[-54.63795,-20.458154],[-54.63794,-20.458154],[-54.637941,-20.458145],[-54.637931,-20.458145],[-54.637931,-20.458136],[-54.637922,-20.458136],[-54.637922,-20.458127],[-54.637912,-20.458127],[-54.637912,-20.458118],[-54.637893,-20.458117],[-54.637895,-20.458009],[-54.637885,-20.458009],[-54.637885,-20.458],[-54.637876,-20.458],[-54.637876,-20.457991],[-54.637751,-20.457989],[-54.637752,-20.45798],[-54.637732,-20.45798],[-54.637732,-20.457971],[-54.637723,-20.457971],[-54.637723,-20.457962],[-54.637713,-20.457962],[-54.637714,-20.457953],[-54.637704,-20.457952],[-54.637704,-20.457943],[-54.637685,-20.457943],[-54.637685,-20.457934],[-54.637676,-20.457934],[-54.637676,-20.457925],[-54.637666,-20.457925],[-54.637666,-20.457916],[-54.637657,-20.457916],[-54.637657,-20.457907],[-54.637647,-20.457906],[-54.637647,-20.457897],[-54.637628,-20.457897],[-54.637628,-20.457888],[-54.637619,-20.457888],[-54.637619,-20.457879],[-54.637609,-20.457879],[-54.637609,-20.45787],[-54.6376,-20.45787],[-54.6376,-20.457861],[-54.637581,-20.45786],[-54.637581,-20.457851],[-54.637571,-20.457851],[-54.637572,-20.457842],[-54.637562,-20.457842],[-54.637562,-20.457833],[-54.637553,-20.457833],[-54.637553,-20.457824],[-54.637543,-20.457824],[-54.637543,-20.457815],[-54.637534,-20.457815],[-54.637534,-20.457806],[-54.637524,-20.457805],[-54.637524,-20.457796],[-54.637515,-20.457796],[-54.637515,-20.457787],[-54.637505,-20.457787],[-54.637505,-20.457778],[-54.637496,-20.457778],[-54.637496,-20.457769],[-54.637486,-20.457769],[-54.637487,-20.45776],[-54.637477,-20.45776],[-54.637477,-20.457751],[-54.637468,-20.45775],[-54.637468,-20.457741],[-54.637458,-20.457741],[-54.637458,-20.457732],[-54.637449,-20.457732],[-54.637449,-20.457723],[-54.637439,-20.457723],[-54.637439,-20.457714],[-54.63743,-20.457714],[-54.63743,-20.457705],[-54.63742,-20.457705],[-54.637421,-20.457696],[-54.637411,-20.457696],[-54.637411,-20.457687],[-54.637401,-20.457686],[-54.637402,-20.457677],[-54.637392,-20.457677],[-54.637392,-20.457668],[-54.637383,-20.457668],[-54.637383,-20.457659],[-54.637373,-20.457659],[-54.637373,-20.45765],[-54.637364,-20.45765],[-54.637364,-20.457641],[-54.637354,-20.457641],[-54.637354,-20.457632],[-54.637345,-20.457631],[-54.637345,-20.457622],[-54.637335,-20.457622],[-54.637336,-20.457613],[-54.637326,-20.457613],[-54.637326,-20.457604],[-54.637317,-20.457604],[-54.637317,-20.457595],[-54.637307,-20.457595],[-54.637307,-20.457586],[-54.637298,-20.457586],[-54.637298,-20.457577],[-54.637288,-20.457576],[-54.637288,-20.457567],[-54.637279,-20.457567],[-54.637279,-20.457558],[-54.637269,-20.457558],[-54.637269,-20.457549],[-54.63726,-20.457549],[-54.637261,-20.45745],[-54.637252,-20.45745],[-54.637252,-20.457422],[-54.637243,-20.457422],[-54.637243,-20.457413],[-54.637233,-20.457413],[-54.637233,-20.457404],[-54.637224,-20.457404],[-54.637224,-20.457395],[-54.637214,-20.457395],[-54.637214,-20.457386],[-54.637205,-20.457386],[-54.637205,-20.457377],[-54.637195,-20.457377],[-54.637203,-20.456889],[-54.637193,-20.456889],[-54.637194,-20.456871],[-54.637184,-20.456871],[-54.637184,-20.456862],[-54.637175,-20.456862],[-54.637175,-20.456853],[-54.637165,-20.456852],[-54.637165,-20.456843],[-54.637156,-20.456843],[-54.637156,-20.456834],[-54.637146,-20.456834],[-54.637146,-20.456825],[-54.637137,-20.456825],[-54.637137,-20.456816],[-54.637127,-20.456816],[-54.637127,-20.456807],[-54.637118,-20.456807],[-54.637118,-20.456798],[-54.637108,-20.456797],[-54.637109,-20.456788],[-54.637099,-20.456788],[-54.637099,-20.456779],[-54.63709,-20.456779],[-54.63709,-20.45677],[-54.63708,-20.45677],[-54.63708,-20.456761],[-54.637071,-20.456761],[-54.637071,-20.456752],[-54.637061,-20.456752],[-54.637061,-20.456743],[-54.637052,-20.456742],[-54.637052,-20.456733],[-54.637042,-20.456733],[-54.637043,-20.456724],[-54.637033,-20.456724],[-54.637033,-20.456715],[-54.637024,-20.456715],[-54.637024,-20.456706],[-54.637014,-20.456706],[-54.637014,-20.456697],[-54.637005,-20.456697],[-54.637005,-20.456688],[-54.636995,-20.456688],[-54.636995,-20.456678],[-54.636986,-20.456678],[-54.636986,-20.456669],[-54.636976,-20.456669],[-54.636976,-20.45666],[-54.636967,-20.45666],[-54.636967,-20.456651],[-54.636957,-20.456651],[-54.636958,-20.456642],[-54.636948,-20.456642],[-54.636948,-20.456633],[-54.636939,-20.456633],[-54.636939,-20.456624],[-54.636929,-20.456623],[-54.636929,-20.456614],[-54.63692,-20.456614],[-54.63692,-20.456605],[-54.63691,-20.456605],[-54.63691,-20.456596],[-54.636901,-20.456596],[-54.636901,-20.456587],[-54.636891,-20.456587],[-54.636891,-20.456578],[-54.636882,-20.456578],[-54.636882,-20.456569],[-54.636872,-20.456568],[-54.636873,-20.456541],[-54.636863,-20.456541],[-54.636864,-20.456523],[-54.636854,-20.456523],[-54.636854,-20.456514],[-54.636845,-20.456514],[-54.636845,-20.456496],[-54.636835,-20.456496],[-54.636836,-20.456478],[-54.636826,-20.456478],[-54.636826,-20.456468],[-54.636816,-20.456468],[-54.636817,-20.45645],[-54.636807,-20.45645],[-54.636807,-20.456432],[-54.636798,-20.456432],[-54.636798,-20.456414],[-54.636789,-20.456414],[-54.636789,-20.456396],[-54.636779,-20.456396],[-54.63678,-20.456369],[-54.63677,-20.456368],[-54.63677,-20.45635],[-54.636761,-20.45635],[-54.636761,-20.456332],[-54.636752,-20.456332],[-54.636752,-20.456314],[-54.636742,-20.456314],[-54.636742,-20.456296],[-54.636733,-20.456296],[-54.636733,-20.456278],[-54.636724,-20.456277],[-54.636724,-20.45625],[-54.636714,-20.45625],[-54.636715,-20.456232],[-54.636705,-20.456232],[-54.636705,-20.456214],[-54.636696,-20.456214],[-54.636696,-20.456196],[-54.636687,-20.456196],[-54.636687,-20.456178],[-54.636677,-20.456178],[-54.636678,-20.45615],[-54.636668,-20.45615],[-54.636668,-20.456132],[-54.636659,-20.456132],[-54.636659,-20.456114],[-54.636649,-20.456114],[-54.63665,-20.456096],[-54.63664,-20.456096],[-54.63664,-20.456078],[-54.636631,-20.456078],[-54.636631,-20.456059],[-54.636622,-20.456059],[-54.636622,-20.456032],[-54.636612,-20.456032],[-54.636613,-20.456023],[-54.636603,-20.456023],[-54.636603,-20.456014],[-54.636613,-20.456014],[-54.636619,-20.455572],[-54.63661,-20.455572],[-54.63661,-20.455563],[-54.6366,-20.455562],[-54.636601,-20.455544],[-54.636591,-20.455544],[-54.636591,-20.455535],[-54.636582,-20.455535],[-54.636582,-20.455526],[-54.636572,-20.455526],[-54.636572,-20.455508],[-54.636563,-20.455508],[-54.636563,-20.455499],[-54.636553,-20.455499],[-54.636554,-20.45549],[-54.636544,-20.455489],[-54.636544,-20.45548],[-54.636535,-20.45548],[-54.636535,-20.455462],[-54.636525,-20.455462],[-54.636525,-20.455453],[-54.636516,-20.455453],[-54.636516,-20.455444],[-54.636506,-20.455444],[-54.636507,-20.455426],[-54.636497,-20.455426],[-54.636497,-20.455417],[-54.636488,-20.455416],[-54.636488,-20.455407],[-54.636478,-20.455407],[-54.636478,-20.455389],[-54.636469,-20.455389],[-54.636469,-20.45538],[-54.636459,-20.45538],[-54.63646,-20.455371],[-54.63645,-20.455371],[-54.63645,-20.455353],[-54.636441,-20.455353],[-54.636441,-20.455343],[-54.636431,-20.455343],[-54.636431,-20.455334],[-54.636422,-20.455334],[-54.636422,-20.455325],[-54.636412,-20.455325],[-54.636413,-20.455307],[-54.636403,-20.455307],[-54.636403,-20.455298],[-54.636394,-20.455298],[-54.636394,-20.455289],[-54.636384,-20.455289],[-54.636384,-20.45527],[-54.636375,-20.45527],[-54.636375,-20.455261],[-54.636365,-20.455261],[-54.636389,-20.453708],[-54.636408,-20.453709],[-54.636409,-20.4537]]]]},"properties":{"Nome":"MB ANHA6","Bacia":"ANHANDUI"}}]}