{
"type": "FeatureCollection",
"name": "SUB_BACIAS_MB ANHA1",
"crs": { "type": "name", "properties": { "name": "urn:ogc:def:crs:EPSG::31981" } },
"xy_coordinate_resolution": 1e-15,
"features": [
{"type":"Feature","properties":{"OBJECTID":7,"SUB_BACIAS":"MB ANHA1","BACIAS":"ANHANDUI","area":9.3050570057200002,"perimetro":26.297535804,"drenagem":1775.6368,"densidade":0.19082492444,"compacidad":2.4139,"FORMA":0.0},"geometry":{"type":"MultiPolygon","coordinates":[[[[742984.1557,7726727.985600001178682],[742984.1557,7726725.985600001178682],[742987.1557,7726725.985600001178682],[742987.1557,7726724.985600002110004],[742990.1557,7726724.985600002110004],[742990.1557,7726723.985600000247359],[742992.1557,7726723.985600000247359],[742992.1557,7726722.985600001178682],[742995.1557,7726722.985600001178682],[742995.1557,7726721.985600000247359],[742997.1557,7726721.985600000247359],[742997.1557,7726720.985600000247359],[743000.1557,7726720.985600000247359],[743000.1557,7726719.985600001178682],[743003.155700001865625,7726719.985600001178682],[743003.155700001865625,7726718.985600000247359],[743005.1557,7726718.985600000247359],[743005.1557,7726717.985600001178682],[743008.155699999071658,7726717.985600001178682],[743008.155699999071658,7726716.985599999316037],[743010.1557,7726716.985599999316037],[743010.1557,7726715.985600000247359],[743013.1557,7726715.985600000247359],[743013.1557,7726714.985600001178682],[743016.155700001865625,7726714.985600001178682],[743016.155700001865625,7726713.985600000247359],[743018.1557,7726713.985600000247359],[743018.1557,7726712.985600001178682],[743021.155700001865625,7726712.985600001178682],[743021.155700001865625,7726711.985600002110004],[743023.1557,7726711.985600002110004],[743023.1557,7726710.985600000247359],[743026.155700001865625,7726710.985600000247359],[743026.155700001865625,7726709.985600001178682],[743029.155700000934303,7726709.985600001178682],[743029.155700000934303,7726708.985600000247359],[743031.1557,7726708.985600000247359],[743031.1557,7726707.985600001178682],[743034.155700000934303,7726707.985600001178682],[743034.155700000934303,7726706.985600002110004],[743037.155700000934303,7726706.985600002110004],[743037.155700000934303,7726705.985600000247359],[743039.155700001865625,7726705.985600000247359],[743039.155700001865625,7726704.985600001178682],[743042.155700000934303,7726704.985600001178682],[743042.155700000934303,7726703.985600000247359],[743044.155700001865625,7726703.985600000247359],[743044.155700001865625,7726702.985600001178682],[743047.155700000934303,7726702.985600001178682],[743047.155700000934303,7726701.985600001178682],[743050.155700000934303,7726701.985600001178682],[743050.155700000934303,7726700.985600000247359],[743052.155700000934303,7726700.985600000247359],[743052.155700000934303,7726699.985600001178682],[743055.155700000934303,7726699.985600001178682],[743055.155700000934303,7726698.985600000247359],[743057.155700000934303,7726698.985600000247359],[743057.155700000934303,7726697.985600000247359],[743060.155700000934303,7726697.985600000247359],[743060.155700000934303,7726696.985600001178682],[743063.155700000934303,7726696.985600001178682],[743063.155700000934303,7726695.985600000247359],[743065.155700000934303,7726695.985600000247359],[743065.155700000934303,7726694.985600001178682],[743068.155700000934303,7726694.985600001178682],[743068.155700000934303,7726693.985599999316037],[743070.155700000934303,7726693.985599999316037],[743070.155700000934303,7726692.985600000247359],[743073.155700000934303,7726692.985600000247359],[743073.155700000934303,7726691.985600001178682],[743076.1557,7726691.985600001178682],[743076.1557,7726690.985600000247359],[743078.155700000934303,7726690.985600000247359],[743078.155700000934303,7726689.985600001178682],[743081.155700000934303,7726689.985600001178682],[743081.155700000934303,7726688.985600002110004],[743083.155700000934303,7726688.985600002110004],[743083.155700000934303,7726687.985600000247359],[743086.155700000934303,7726687.985600000247359],[743086.155700000934303,7726686.985600001178682],[743089.1557,7726686.985600001178682],[743089.1557,7726685.985600000247359],[743091.155700000934303,7726685.985600000247359],[743091.155700000934303,7726684.985600001178682],[743094.1557,7726684.985600001178682],[743094.1557,7726683.985600002110004],[743095.155699999071658,7726683.985600002110004],[743095.155699999071658,7726680.985600000247359],[743096.155700000934303,7726680.985600000247359],[743096.155700000934303,7726679.985600001178682],[743097.1557,7726679.985600001178682],[743097.1557,7726672.985600000247359],[743098.155700000934303,7726672.985600000247359],[743098.155700000934303,7726666.985600001178682],[743099.1557,7726666.985600001178682],[743099.1557,7726658.985600001178682],[743100.1557,7726658.985600001178682],[743100.1557,7726652.985599999316037],[743101.155700000934303,7726652.985599999316037],[743101.155700000934303,7726645.985600001178682],[743102.1557,7726645.985600001178682],[743102.1557,7726638.985600001178682],[743103.155700001865625,7726638.985600001178682],[743103.155700001865625,7726631.985600000247359],[743104.155700000934303,7726631.985600000247359],[743104.155700000934303,7726625.985600001178682],[743105.1557,7726625.985600001178682],[743105.1557,7726618.985600000247359],[743106.155700000934303,7726618.985600000247359],[743106.155700000934303,7726612.985600001178682],[743107.1557,7726612.985600001178682],[743107.1557,7726611.985600000247359],[743108.155700001865625,7726611.985600000247359],[743108.155700001865625,7726610.985600001178682],[743109.155700000934303,7726610.985600001178682],[743109.155700000934303,7726609.985600001178682],[743110.1557,7726609.985600001178682],[743110.1557,7726608.985600000247359],[743111.155700000934303,7726608.985600000247359],[743111.155700000934303,7726607.985600001178682],[743112.1557,7726607.985600001178682],[743112.1557,7726606.985599999316037],[743114.155700000934303,7726606.985599999316037],[743114.155700000934303,7726605.985600000247359],[743117.1557,7726605.985600000247359],[743117.1557,7726604.985600001178682],[743119.155700000934303,7726604.985600001178682],[743119.155700000934303,7726603.985600000247359],[743121.155700000934303,7726603.985600000247359],[743121.155700000934303,7726602.985600001178682],[743123.1557,7726602.985600001178682],[743123.1557,7726601.985600002110004],[743126.155700001865625,7726601.985600002110004],[743126.155700001865625,7726600.985600000247359],[743128.1557,7726600.985600000247359],[743128.1557,7726599.985600001178682],[743129.155700000934303,7726599.985600001178682],[743129.155700000934303,7726598.985600000247359],[743130.1557,7726598.985600000247359],[743130.1557,7726597.985600001178682],[743131.155700001865625,7726597.985600001178682],[743131.155700001865625,7726596.985600002110004],[743132.155700000934303,7726596.985600002110004],[743132.155700000934303,7726595.985600000247359],[743133.1557,7726595.985600000247359],[743133.1557,7726594.985600001178682],[743134.155700000934303,7726594.985600001178682],[743134.155700000934303,7726593.985600000247359],[743135.1557,7726593.985600000247359],[743135.1557,7726592.985600001178682],[743136.155700001865625,7726592.985600001178682],[743136.155700001865625,7726591.985600002110004],[743137.155700000934303,7726591.985600002110004],[743137.155700000934303,7726588.985600000247359],[743138.1557,7726588.985600000247359],[743138.1557,7726587.985600000247359],[743139.155700000934303,7726587.985600000247359],[743139.155700000934303,7726586.985600001178682],[743140.1557,7726586.985600001178682],[743140.1557,7726584.985600001178682],[743139.155700000934303,7726584.985600001178682],[743139.155700000934303,7726582.985600000247359],[743138.1557,7726582.985600000247359],[743138.1557,7726579.985600001178682],[743137.155700000934303,7726579.985600001178682],[743137.155700000934303,7726576.985600001178682],[743136.155700001865625,7726576.985600001178682],[743136.155700001865625,7726573.985600002110004],[743135.1557,7726573.985600002110004],[743135.1557,7726571.985600001178682],[743136.155700001865625,7726571.985600001178682],[743136.155700001865625,7726572.985600000247359],[743137.155700000934303,7726572.985600000247359],[743137.155700000934303,7726573.985600002110004],[743138.1557,7726573.985600002110004],[743138.1557,7726574.985600001178682],[743139.155700000934303,7726574.985600001178682],[743139.155700000934303,7726575.985600000247359],[743140.1557,7726575.985600000247359],[743140.1557,7726576.985600001178682],[743141.155699999071658,7726576.985600001178682],[743141.155699999071658,7726577.985600000247359],[743142.155700000934303,7726577.985600000247359],[743142.155700000934303,7726578.985600002110004],[743143.1557,7726578.985600002110004],[743143.1557,7726579.985600001178682],[743144.155700000934303,7726579.985600001178682],[743144.155700000934303,7726580.985600000247359],[743153.1557,7726580.985600000247359],[743153.1557,7726581.985600001178682],[743155.155700000934303,7726581.985600001178682],[743155.155700000934303,7726580.985600000247359],[743157.155700000934303,7726580.985600000247359],[743157.155700000934303,7726579.985600001178682],[743159.155700001865625,7726579.985600001178682],[743159.155700001865625,7726578.985600002110004],[743161.1557,7726578.985600002110004],[743161.1557,7726577.985600000247359],[743163.1557,7726577.985600000247359],[743163.1557,7726576.985600001178682],[743165.155700000934303,7726576.985600001178682],[743165.155700000934303,7726575.985600000247359],[743167.155700000934303,7726575.985600000247359],[743167.155700000934303,7726574.985600001178682],[743169.1557,7726574.985600001178682],[743169.1557,7726573.985600002110004],[743171.1557,7726573.985600002110004],[743171.1557,7726572.985600000247359],[743173.155700000934303,7726572.985600000247359],[743173.155700000934303,7726571.985600001178682],[743175.155700000934303,7726571.985600001178682],[743175.155700000934303,7726570.985600000247359],[743178.155700000934303,7726570.985600000247359],[743178.155700000934303,7726569.985600001178682],[743180.155700000934303,7726569.985600001178682],[743180.155700000934303,7726568.985600002110004],[743181.1557,7726568.985600002110004],[743181.1557,7726567.985600000247359],[743182.155700001865625,7726567.985600000247359],[743182.155700001865625,7726566.985600001178682],[743183.155700000934303,7726566.985600001178682],[743183.155700000934303,7726565.985600000247359],[743184.1557,7726565.985600000247359],[743184.1557,7726564.985600000247359],[743185.155700000934303,7726564.985600000247359],[743185.155700000934303,7726563.985600001178682],[743186.1557,7726563.985600001178682],[743186.1557,7726562.985600000247359],[743187.155699999071658,7726562.985600000247359],[743187.155699999071658,7726561.985600001178682],[743188.155700000934303,7726561.985600001178682],[743188.155700000934303,7726560.985599999316037],[743189.1557,7726560.985599999316037],[743189.1557,7726559.985600000247359],[743190.155700000934303,7726559.985600000247359],[743190.155700000934303,7726557.985600000247359],[743191.155700000934303,7726557.985600000247359],[743191.155700000934303,7726556.985600001178682],[743192.1557,7726556.985600001178682],[743192.1557,7726554.985600000247359],[743194.1557,7726554.985600000247359],[743194.1557,7726553.985600001178682],[743195.155700001865625,7726553.985600001178682],[743195.155700001865625,7726552.985600000247359],[743196.155700000934303,7726552.985600000247359],[743196.155700000934303,7726551.985600001178682],[743199.1557,7726551.985600001178682],[743199.1557,7726550.985600002110004],[743205.155699999071658,7726550.985600002110004],[743205.155699999071658,7726549.985600000247359],[743206.155700000934303,7726549.985600000247359],[743206.155700000934303,7726548.985600001178682],[743207.1557,7726548.985600001178682],[743207.1557,7726547.985600000247359],[743208.155700000934303,7726547.985600000247359],[743208.155700000934303,7726546.985600001178682],[743213.155700000934303,7726546.985600001178682],[743213.155700000934303,7726545.985600002110004],[743214.155700000934303,7726545.985600002110004],[743214.155700000934303,7726544.985600000247359],[743217.1557,7726544.985600000247359],[743217.1557,7726543.985600001178682],[743220.1557,7726543.985600001178682],[743220.1557,7726542.985600000247359],[743223.155700001865625,7726542.985600000247359],[743223.155700001865625,7726541.985600000247359],[743227.1557,7726541.985600000247359],[743227.1557,7726540.985600001178682],[743230.1557,7726540.985600001178682],[743230.1557,7726539.985600000247359],[743233.1557,7726539.985600000247359],[743233.1557,7726538.985600001178682],[743237.155700000934303,7726538.985600001178682],[743237.155700000934303,7726537.985599999316037],[743240.1557,7726537.985599999316037],[743240.1557,7726536.985600000247359],[743243.1557,7726536.985600000247359],[743243.1557,7726535.985600001178682],[743247.155700000934303,7726535.985600001178682],[743247.155700000934303,7726534.985600000247359],[743250.1557,7726534.985600000247359],[743250.1557,7726533.985600001178682],[743254.155700000934303,7726533.985600001178682],[743254.155700000934303,7726532.985600002110004],[743257.155700000934303,7726532.985600002110004],[743257.155700000934303,7726531.985600000247359],[743260.155700000934303,7726531.985600000247359],[743260.155700000934303,7726530.985600001178682],[743264.155700001865625,7726530.985600001178682],[743264.155700001865625,7726529.985600000247359],[743267.155700000934303,7726529.985600000247359],[743267.155700000934303,7726528.985600001178682],[743270.155700000934303,7726528.985600001178682],[743270.155700000934303,7726527.985600002110004],[743274.155699999071658,7726527.985600002110004],[743274.155699999071658,7726526.985600000247359],[743279.1557,7726526.985600000247359],[743279.1557,7726525.985600001178682],[743286.1557,7726525.985600001178682],[743286.1557,7726524.985600000247359],[743291.1557,7726524.985600000247359],[743291.1557,7726523.985600001178682],[743297.155699999071658,7726523.985600001178682],[743297.155699999071658,7726522.985600001178682],[743299.1557,7726522.985600001178682],[743299.1557,7726521.985600000247359],[743300.155700000934303,7726521.985600000247359],[743300.155700000934303,7726520.985600001178682],[743301.1557,7726520.985600001178682],[743301.1557,7726519.985600000247359],[743302.1557,7726519.985600000247359],[743302.1557,7726518.985600000247359],[743303.155700000934303,7726518.985600000247359],[743303.155700000934303,7726517.985600001178682],[743304.1557,7726517.985600001178682],[743304.1557,7726516.985600000247359],[743305.155700001865625,7726516.985600000247359],[743305.155700001865625,7726515.985600001178682],[743306.155700000934303,7726515.985600001178682],[743306.155700000934303,7726514.985599999316037],[743307.1557,7726514.985599999316037],[743307.1557,7726513.985600000247359],[743309.1557,7726513.985600000247359],[743309.1557,7726512.985600001178682],[743311.155700000934303,7726512.985600001178682],[743311.155700000934303,7726511.985600000247359],[743313.155700000934303,7726511.985600000247359],[743313.155700000934303,7726510.985600001178682],[743315.155700001865625,7726510.985600001178682],[743315.155700001865625,7726509.985600002110004],[743339.155700000934303,7726509.985600002110004],[743339.155700000934303,7726510.985600001178682],[743361.155700001865625,7726510.985600001178682],[743361.155700001865625,7726511.985600000247359],[743373.1557,7726511.985600000247359],[743373.1557,7726512.985600001178682],[743385.155700000934303,7726512.985600001178682],[743385.155700000934303,7726509.985600002110004],[743386.1557,7726509.985600002110004],[743386.1557,7726508.985600000247359],[743392.155700000934303,7726508.985600000247359],[743392.155700000934303,7726507.985600001178682],[743436.155700000934303,7726507.985600001178682],[743436.155700000934303,7726506.985600000247359],[743440.1557,7726506.985600000247359],[743440.1557,7726505.985600001178682],[743486.1557,7726505.985600001178682],[743486.1557,7726504.985600002110004],[743489.155700001865625,7726504.985600002110004],[743489.155700001865625,7726503.985600000247359],[743492.155700000934303,7726503.985600000247359],[743492.155700000934303,7726502.985600001178682],[743494.155700001865625,7726502.985600001178682],[743494.155700001865625,7726501.985600000247359],[743496.1557,7726501.985600000247359],[743496.1557,7726500.985600001178682],[743499.155699999071658,7726500.985600001178682],[743499.155699999071658,7726499.985600001178682],[743503.155700000934303,7726499.985600001178682],[743503.155700000934303,7726498.985600000247359],[743548.155700000934303,7726498.985600000247359],[743548.155700000934303,7726497.985600001178682],[743554.155700000934303,7726497.985600001178682],[743554.155700000934303,7726496.985600000247359],[743560.1557,7726496.985600000247359],[743560.1557,7726495.985600000247359],[743566.155700000934303,7726495.985600000247359],[743566.155700000934303,7726494.985600001178682],[743571.155700000934303,7726494.985600001178682],[743571.155700000934303,7726493.985600000247359],[743577.155700000934303,7726493.985600000247359],[743577.155700000934303,7726492.985600001178682],[743666.155700000934303,7726492.985600001178682],[743666.155700000934303,7726491.985600002110004],[743672.1557,7726491.985600002110004],[743672.1557,7726490.985600000247359],[743675.1557,7726490.985600000247359],[743675.1557,7726489.985600001178682],[743678.155699999071658,7726489.985600001178682],[743678.155699999071658,7726488.985600000247359],[743681.155700000934303,7726488.985600000247359],[743681.155700000934303,7726487.985600001178682],[743683.1557,7726487.985600001178682],[743683.1557,7726486.985600002110004],[743684.155700000934303,7726486.985600002110004],[743684.155700000934303,7726485.985600000247359],[743685.1557,7726485.985600000247359],[743685.1557,7726484.985600001178682],[743686.155700001865625,7726484.985600001178682],[743686.155700001865625,7726483.985600000247359],[743687.155700000934303,7726483.985600000247359],[743687.155700000934303,7726482.985600001178682],[743688.1557,7726482.985600001178682],[743688.1557,7726481.985600002110004],[743690.1557,7726481.985600002110004],[743690.1557,7726480.985600000247359],[743692.155700000934303,7726480.985600000247359],[743692.155700000934303,7726479.985600001178682],[743694.155700000934303,7726479.985600001178682],[743694.155700000934303,7726478.985600000247359],[743731.1557,7726478.985600000247359],[743731.1557,7726477.985600001178682],[743733.155700000934303,7726477.985600001178682],[743733.155700000934303,7726476.985600001178682],[743736.1557,7726476.985600001178682],[743736.1557,7726475.985600000247359],[743739.1557,7726475.985600000247359],[743739.1557,7726474.985600001178682],[743742.155699999071658,7726474.985600001178682],[743742.155699999071658,7726473.985599999316037],[743745.155700000934303,7726473.985599999316037],[743745.155700000934303,7726472.985600000247359],[743746.1557,7726472.985600000247359],[743746.1557,7726471.985600001178682],[744007.1557,7726471.985600001178682],[744007.1557,7726470.985600000247359],[744010.1557,7726470.985600000247359],[744010.1557,7726469.985600001178682],[744013.155699999071658,7726469.985600001178682],[744013.155699999071658,7726468.985600002110004],[744017.155700000934303,7726468.985600002110004],[744017.155700000934303,7726467.985600000247359],[744019.155700000934303,7726467.985600000247359],[744019.155700000934303,7726466.985600001178682],[744020.1557,7726466.985600001178682],[744020.1557,7726465.985600000247359],[744021.155700001865625,7726465.985600000247359],[744021.155700001865625,7726464.985600001178682],[744022.155700000934303,7726464.985600001178682],[744022.155700000934303,7726463.985600002110004],[744023.1557,7726463.985600002110004],[744023.1557,7726462.985600000247359],[744024.155700000934303,7726462.985600000247359],[744024.155700000934303,7726461.985600001178682],[744025.1557,7726461.985600001178682],[744025.1557,7726460.985600000247359],[744026.155700001865625,7726460.985600000247359],[744026.155700001865625,7726459.985600001178682],[744027.155700000934303,7726459.985600001178682],[744027.155700000934303,7726458.985600002110004],[744028.1557,7726458.985600002110004],[744028.1557,7726457.985600000247359],[744029.155700000934303,7726457.985600000247359],[744029.155700000934303,7726456.985600001178682],[744030.1557,7726456.985600001178682],[744030.1557,7726455.985600000247359],[744031.155700001865625,7726455.985600000247359],[744031.155700001865625,7726454.985600001178682],[744032.155700000934303,7726454.985600001178682],[744032.155700000934303,7726453.985600001178682],[744033.1557,7726453.985600001178682],[744033.1557,7726452.985600000247359],[744034.155700000934303,7726452.985600000247359],[744034.155700000934303,7726451.985600001178682],[744035.1557,7726451.985600001178682],[744035.1557,7726450.985599999316037],[744036.155699999071658,7726450.985599999316037],[744036.155699999071658,7726449.985600000247359],[744037.155700000934303,7726449.985600000247359],[744037.155700000934303,7726448.985600001178682],[744038.1557,7726448.985600001178682],[744038.1557,7726447.985600000247359],[744039.155700000934303,7726447.985600000247359],[744039.155700000934303,7726446.985600001178682],[744040.155700000934303,7726446.985600001178682],[744040.155700000934303,7726445.985600002110004],[744041.1557,7726445.985600002110004],[744041.1557,7726444.985600000247359],[744042.155700000934303,7726444.985600000247359],[744042.155700000934303,7726443.985600001178682],[744043.1557,7726443.985600001178682],[744043.1557,7726442.985600000247359],[744044.155700001865625,7726442.985600000247359],[744044.155700001865625,7726441.985600001178682],[744045.155700000934303,7726441.985600001178682],[744045.155700000934303,7726440.985600002110004],[744046.1557,7726440.985600002110004],[744046.1557,7726439.985600000247359],[744047.155700000934303,7726439.985600000247359],[744047.155700000934303,7726438.985600001178682],[744048.1557,7726438.985600001178682],[744048.1557,7726437.985600000247359],[744049.155700001865625,7726437.985600000247359],[744049.155700001865625,7726436.985600001178682],[744050.155700000934303,7726436.985600001178682],[744050.155700000934303,7726435.985600002110004],[744051.1557,7726435.985600002110004],[744051.1557,7726434.985600000247359],[744052.155700000934303,7726434.985600000247359],[744052.155700000934303,7726433.985600001178682],[744053.1557,7726433.985600001178682],[744053.1557,7726432.985600000247359],[744054.155700001865625,7726432.985600000247359],[744054.155700001865625,7726431.985600001178682],[744055.155700000934303,7726431.985600001178682],[744055.155700000934303,7726430.985600001178682],[744056.1557,7726430.985600001178682],[744056.1557,7726429.985600000247359],[744057.155700000934303,7726429.985600000247359],[744057.155700000934303,7726428.985600001178682],[744058.1557,7726428.985600001178682],[744058.1557,7726427.985599999316037],[744059.1557,7726427.985599999316037],[744059.1557,7726426.985600000247359],[744060.155700000934303,7726426.985600000247359],[744060.155700000934303,7726425.985600001178682],[744061.1557,7726425.985600001178682],[744061.1557,7726424.985600000247359],[744062.155700000934303,7726424.985600000247359],[744062.155700000934303,7726423.985600001178682],[744063.155700000934303,7726423.985600001178682],[744063.155700000934303,7726422.985600002110004],[744064.1557,7726422.985600002110004],[744064.1557,7726421.985600000247359],[744065.155700000934303,7726421.985600000247359],[744065.155700000934303,7726420.985600001178682],[744066.1557,7726420.985600001178682],[744066.1557,7726419.985600000247359],[744067.155700001865625,7726419.985600000247359],[744067.155700001865625,7726418.985600001178682],[744068.155700000934303,7726418.985600001178682],[744068.155700000934303,7726417.985600002110004],[744069.1557,7726417.985600002110004],[744069.1557,7726416.985600000247359],[744070.155700000934303,7726416.985600000247359],[744070.155700000934303,7726415.985600001178682],[744071.1557,7726415.985600001178682],[744071.1557,7726414.985600000247359],[744072.155700001865625,7726414.985600000247359],[744072.155700001865625,7726413.985600001178682],[744073.155700000934303,7726413.985600001178682],[744073.155700000934303,7726412.985600002110004],[744074.1557,7726412.985600002110004],[744074.1557,7726411.985600000247359],[744075.155700000934303,7726411.985600000247359],[744075.155700000934303,7726410.985600001178682],[744076.1557,7726410.985600001178682],[744076.1557,7726409.985600000247359],[744077.155699999071658,7726409.985600000247359],[744077.155699999071658,7726408.985600000247359],[744078.155700000934303,7726408.985600000247359],[744078.155700000934303,7726407.985600001178682],[744079.1557,7726407.985600001178682],[744079.1557,7726406.985600000247359],[744080.155700000934303,7726406.985600000247359],[744080.155700000934303,7726405.985600001178682],[744081.1557,7726405.985600001178682],[744081.1557,7726404.985599999316037],[744082.1557,7726404.985599999316037],[744082.1557,7726403.985600000247359],[744083.155700000934303,7726403.985600000247359],[744083.155700000934303,7726402.985600001178682],[744084.1557,7726402.985600001178682],[744084.1557,7726401.985600000247359],[744085.155700000934303,7726401.985600000247359],[744085.155700000934303,7726400.985600001178682],[744086.155700000934303,7726400.985600001178682],[744086.155700000934303,7726399.985600002110004],[744087.1557,7726399.985600002110004],[744087.1557,7726398.985600000247359],[744088.155700000934303,7726398.985600000247359],[744088.155700000934303,7726397.985600001178682],[744089.1557,7726397.985600001178682],[744089.1557,7726396.985600000247359],[744090.155700001865625,7726396.985600000247359],[744090.155700001865625,7726395.985600001178682],[744091.155700000934303,7726395.985600001178682],[744091.155700000934303,7726394.985600002110004],[744092.1557,7726394.985600002110004],[744092.1557,7726393.985600000247359],[744093.155700000934303,7726393.985600000247359],[744093.155700000934303,7726392.985600001178682],[744094.1557,7726392.985600001178682],[744094.1557,7726391.985600000247359],[744095.155700001865625,7726391.985600000247359],[744095.155700001865625,7726390.985600001178682],[744096.155700000934303,7726390.985600001178682],[744096.155700000934303,7726389.985600002110004],[744097.1557,7726389.985600002110004],[744097.1557,7726388.985600000247359],[744098.155700000934303,7726388.985600000247359],[744098.155700000934303,7726387.985600001178682],[744099.1557,7726387.985600001178682],[744099.1557,7726386.985600000247359],[744100.155699999071658,7726386.985600000247359],[744100.155699999071658,7726385.985600000247359],[744101.155700000934303,7726385.985600000247359],[744101.155700000934303,7726384.985600001178682],[744102.1557,7726384.985600001178682],[744102.1557,7726383.985600000247359],[744103.155700000934303,7726383.985600000247359],[744103.155700000934303,7726382.985600001178682],[744104.1557,7726382.985600001178682],[744104.1557,7726381.985599999316037],[744105.1557,7726381.985599999316037],[744105.1557,7726379.985600001178682],[744106.155700000934303,7726379.985600001178682],[744106.155700000934303,7726375.985600000247359],[744107.1557,7726375.985600000247359],[744107.1557,7726371.985600002110004],[744108.155700000934303,7726371.985600002110004],[744108.155700000934303,7726367.985600001178682],[744109.155700000934303,7726367.985600001178682],[744109.155700000934303,7726364.985600001178682],[744109.155600002035499,7726363.985600000247359],[744110.1557,7726363.985600000247359],[744110.155600001104176,7726361.985600001178682],[744111.155600000172853,7726361.985600001178682],[744111.155600000172853,7726360.985600000247359],[744112.155600001104176,7726360.985600000247359],[744112.155600001104176,7726341.985600001178682],[744113.155600000172853,7726341.985600001178682],[744113.155600000172853,7726333.985600001178682],[744112.155600001104176,7726333.985600001178682],[744112.155600001104176,7726328.985600001178682],[744111.155600000172853,7726328.985600001178682],[744111.155600000172853,7726321.985600001178682],[744110.155600001104176,7726321.985600001178682],[744110.155600001104176,7726320.985600001178682],[744109.155600002035499,7726320.985600001178682],[744109.155600002035499,7726319.985600000247359],[744108.155600000172853,7726319.985600000247359],[744108.155600000172853,7726318.985600001178682],[744107.155600001104176,7726318.985600001178682],[744107.155600001104176,7726317.985600000247359],[744106.155600000172853,7726317.985600000247359],[744106.155600000172853,7726316.985600000247359],[744105.155600001104176,7726316.985600000247359],[744105.155600001104176,7726315.985600001178682],[744104.155600002035499,7726315.985600001178682],[744104.155600002035499,7726314.985600000247359],[744103.155600000172853,7726314.985600000247359],[744103.155600000172853,7726313.985600001178682],[744102.155600001104176,7726313.985600001178682],[744102.155600001104176,7726312.985600002110004],[744101.155600000172853,7726312.985600002110004],[744101.155600000172853,7726311.985600000247359],[744100.155600001104176,7726311.985600000247359],[744100.155600001104176,7726310.985600001178682],[744099.155600001104176,7726310.985600001178682],[744099.155600001104176,7726309.985600000247359],[744098.155600000172853,7726309.985600000247359],[744098.155600000172853,7726308.985600001178682],[744097.155600001104176,7726308.985600001178682],[744097.155600001104176,7726307.985600002110004],[744095.155600000172853,7726307.985600002110004],[744095.155600000172853,7726306.985600000247359],[744094.155600001104176,7726306.985600000247359],[744094.155600001104176,7726305.985600001178682],[744093.155600000172853,7726305.985600001178682],[744093.155600000172853,7726304.985600000247359],[744092.155600001104176,7726304.985600000247359],[744092.155600001104176,7726303.985600001178682],[744091.155599999241531,7726303.985600001178682],[744091.155599999241531,7726302.985600002110004],[744090.155600000172853,7726302.985600002110004],[744090.155600000172853,7726301.985600000247359],[744089.155600001104176,7726301.985600000247359],[744089.155600001104176,7726300.985600001178682],[744088.155600000172853,7726300.985600001178682],[744088.155600000172853,7726296.985600000247359],[744087.155600001104176,7726296.985600000247359],[744087.155600001104176,7726295.985600001178682],[744086.155600002035499,7726295.985600001178682],[744086.155600002035499,7726288.985600000247359],[744087.155600001104176,7726288.985600000247359],[744087.155600001104176,7726287.985600001178682],[744088.155600000172853,7726287.985600001178682],[744088.155600000172853,7726286.985600000247359],[744089.155600001104176,7726286.985600000247359],[744089.155600001104176,7726285.985600001178682],[744090.155600000172853,7726285.985600001178682],[744090.155600000172853,7726131.985600001178682],[744091.155599999241531,7726131.985600001178682],[744091.155599999241531,7726078.985600001178682],[744110.155600001104176,7726078.985600001178682],[744110.155600001104176,7726077.985600002110004],[744243.155600001104176,7726077.985600002110004],[744243.155600001104176,7726078.985600001178682],[744247.155599999241531,7726078.985600001178682],[744247.155599999241531,7726079.985600000247359],[744248.155600001104176,7726079.985600000247359],[744248.155600001104176,7726080.985600001178682],[744250.155600001104176,7726080.985600001178682],[744250.155600001104176,7726081.985600000247359],[744251.155600000172853,7726081.985600000247359],[744251.155600000172853,7726082.985600002110004],[744253.155600001104176,7726082.985600002110004],[744253.155600001104176,7726083.985600001178682],[744254.155600000172853,7726083.985600001178682],[744254.155600000172853,7726084.985600000247359],[744256.155600001104176,7726084.985600000247359],[744256.155600001104176,7726085.985600001178682],[744257.155600000172853,7726085.985600001178682],[744257.155600000172853,7726086.985600000247359],[744259.155600000172853,7726086.985600000247359],[744259.155600000172853,7726087.985600002110004],[744260.155600002035499,7726087.985600002110004],[744260.155600002035499,7726088.985600001178682],[744261.155600001104176,7726088.985600001178682],[744261.155600001104176,7726089.985600000247359],[744263.155600001104176,7726089.985600000247359],[744263.155600001104176,7726090.985600001178682],[744264.155600000172853,7726090.985600001178682],[744264.155600000172853,7726091.985600000247359],[744266.155600001104176,7726091.985600000247359],[744266.155600001104176,7726092.985599999316037],[744267.155600000172853,7726092.985599999316037],[744267.155600000172853,7726093.985600001178682],[744268.155600001104176,7726093.985600001178682],[744268.155600001104176,7726094.985600000247359],[744269.155600000172853,7726094.985600000247359],[744269.155600000172853,7726095.985600001178682],[744270.155599999241531,7726095.985600001178682],[744270.155599999241531,7726114.985600000247359],[744271.155600001104176,7726114.985600000247359],[744271.155600001104176,7726115.985599999316037],[744272.155600000172853,7726115.985599999316037],[744272.155600000172853,7726119.985600001178682],[744273.155600001104176,7726119.985600001178682],[744273.155600001104176,7726120.985600000247359],[744274.155600000172853,7726120.985600000247359],[744274.155600000172853,7726121.985600001178682],[744275.155600000172853,7726121.985600001178682],[744275.155600000172853,7726122.985600000247359],[744276.155600001104176,7726122.985600000247359],[744276.155600001104176,7726123.985600002110004],[744277.155600000172853,7726123.985600002110004],[744277.155600000172853,7726124.985600001178682],[744278.155600001104176,7726124.985600001178682],[744278.155600001104176,7726125.985600000247359],[744279.155600001104176,7726125.985600000247359],[744279.155600001104176,7726126.985600001178682],[744280.155600000172853,7726126.985600001178682],[744280.155600000172853,7726127.985600000247359],[744281.155600001104176,7726127.985600000247359],[744281.155600001104176,7726128.985600002110004],[744282.155600000172853,7726128.985600002110004],[744282.155600000172853,7726129.985600001178682],[744283.155600002035499,7726129.985600001178682],[744283.155600002035499,7726132.985600000247359],[744284.155600001104176,7726132.985600000247359],[744284.155600001104176,7726135.985600000247359],[744285.155600000172853,7726135.985600000247359],[744285.155600000172853,7726139.985600001178682],[744286.155600001104176,7726139.985600001178682],[744286.155600001104176,7726143.985600000247359],[744287.155600000172853,7726143.985600000247359],[744287.155600000172853,7726146.985600002110004],[744288.155600002035499,7726146.985600002110004],[744288.155600002035499,7726150.985600000247359],[744289.155600001104176,7726150.985600000247359],[744289.155600001104176,7726151.985600002110004],[744289.155600001104176,7726152.985600001178682],[744300.155600000172853,7726152.985600001178682],[744300.155600000172853,7726153.985600000247359],[744311.155600002035499,7726153.985600000247359],[744311.155600002035499,7726154.985600001178682],[744322.155600001104176,7726154.985600001178682],[744322.155600001104176,7726155.985600000247359],[744333.155600000172853,7726155.985600000247359],[744333.155600000172853,7726156.985599999316037],[744336.155600000172853,7726156.985599999316037],[744336.155600000172853,7726158.985600000247359],[744337.155600001104176,7726158.985600000247359],[744337.155600001104176,7726159.985600001178682],[744338.155600000172853,7726159.985600001178682],[744338.155600000172853,7726160.985600000247359],[744339.155599999241531,7726160.985600000247359],[744339.155599999241531,7726161.985600000247359],[744340.155600001104176,7726161.985600000247359],[744340.155600001104176,7726162.985600001178682],[744341.155600000172853,7726162.985600001178682],[744341.155600000172853,7726163.985600000247359],[744366.155600001104176,7726163.985600000247359],[744366.155600001104176,7726162.985600001178682],[744372.155600000172853,7726162.985600001178682],[744372.155600000172853,7726161.985600000247359],[744374.155600000172853,7726161.985600000247359],[744374.155600000172853,7726160.985600000247359],[744376.155600001104176,7726160.985600000247359],[744376.155600001104176,7726159.985600001178682],[744378.155600001104176,7726159.985600001178682],[744378.155600001104176,7726158.985600000247359],[744380.155600002035499,7726158.985600000247359],[744380.155600002035499,7726157.985600001178682],[744382.155600000172853,7726157.985600001178682],[744382.155600000172853,7726156.985599999316037],[744385.155599999241531,7726156.985599999316037],[744385.155599999241531,7726155.985600000247359],[744387.155600000172853,7726155.985600000247359],[744387.155600000172853,7726154.985600001178682],[744432.155600001104176,7726154.985600001178682],[744432.155600001104176,7726153.985600000247359],[744433.155600000172853,7726153.985600000247359],[744433.155600000172853,7726151.985600002110004],[744434.155600001104176,7726151.985600002110004],[744434.155600001104176,7726150.985600000247359],[744435.155600001104176,7726150.985600000247359],[744435.155600001104176,7726149.985600001178682],[744436.155600000172853,7726149.985600001178682],[744436.155600000172853,7726148.985600000247359],[744437.155600001104176,7726148.985600000247359],[744437.155600001104176,7726147.985600001178682],[744438.155600000172853,7726147.985600001178682],[744438.155600000172853,7726145.985600000247359],[744439.155600002035499,7726145.985600000247359],[744439.155600002035499,7726144.985600001178682],[744440.155600001104176,7726144.985600001178682],[744440.155600001104176,7726143.985600000247359],[744441.155600000172853,7726143.985600000247359],[744441.155600000172853,7726142.985600001178682],[744442.155600001104176,7726142.985600001178682],[744442.155600001104176,7726141.985600001178682],[744443.155600000172853,7726141.985600001178682],[744443.155600000172853,7726140.985600000247359],[744444.155600002035499,7726140.985600000247359],[744444.155600002035499,7726139.985600001178682],[744445.155600001104176,7726139.985600001178682],[744445.155600001104176,7726138.985600000247359],[744446.155600000172853,7726138.985600000247359],[744446.155600000172853,7726137.985600000247359],[744447.155600001104176,7726137.985600000247359],[744447.155600001104176,7726136.985600001178682],[744448.155600000172853,7726136.985600001178682],[744448.155600000172853,7726135.985600000247359],[744449.155599999241531,7726135.985600000247359],[744449.155599999241531,7726134.985600001178682],[744450.155600001104176,7726134.985600001178682],[744450.155600001104176,7726133.985600002110004],[744451.155600000172853,7726133.985600002110004],[744451.155600000172853,7726132.985600000247359],[744452.155600001104176,7726132.985600000247359],[744452.155600001104176,7726131.985600001178682],[744453.155600000172853,7726131.985600001178682],[744453.155600000172853,7726130.985600000247359],[744454.155600000172853,7726130.985600000247359],[744454.155600000172853,7726129.985600001178682],[744455.155600001104176,7726129.985600001178682],[744455.155600001104176,7726128.985600002110004],[744456.155600000172853,7726128.985600002110004],[744456.155600000172853,7726127.985600000247359],[744457.155600002035499,7726127.985600000247359],[744457.155600002035499,7726126.985600001178682],[744458.155600001104176,7726126.985600001178682],[744458.155600001104176,7726125.985600000247359],[744459.155600000172853,7726125.985600000247359],[744459.155600000172853,7726124.985600001178682],[744460.155600001104176,7726124.985600001178682],[744460.155600001104176,7726123.985600002110004],[744461.155600000172853,7726123.985600002110004],[744461.155600000172853,7726122.985600000247359],[744462.155600002035499,7726122.985600000247359],[744462.155600002035499,7726121.985600001178682],[744463.155600001104176,7726121.985600001178682],[744463.155600001104176,7726120.985600000247359],[744464.155600000172853,7726120.985600000247359],[744464.155600000172853,7726119.985600001178682],[744465.155600001104176,7726119.985600001178682],[744465.155600001104176,7726118.985600001178682],[744466.155600000172853,7726118.985600001178682],[744466.155600000172853,7726117.985600000247359],[744467.155600002035499,7726117.985600000247359],[744467.155600002035499,7726116.985600001178682],[744468.155600001104176,7726116.985600001178682],[744468.155600001104176,7726115.985599999316037],[744469.155600000172853,7726115.985599999316037],[744469.155600000172853,7726114.985600000247359],[744470.155600001104176,7726114.985600000247359],[744470.155600001104176,7726113.985600001178682],[744471.155600000172853,7726113.985600001178682],[744471.155600000172853,7726112.985600000247359],[744472.155599999241531,7726112.985600000247359],[744472.155599999241531,7726111.985600001178682],[744473.155600001104176,7726111.985600001178682],[744473.155600001104176,7726110.985600002110004],[744474.155600000172853,7726110.985600002110004],[744474.155600000172853,7726109.985600000247359],[744475.155600001104176,7726109.985600000247359],[744475.155600001104176,7726108.985600001178682],[744476.155600000172853,7726108.985600001178682],[744476.155600000172853,7726107.985600000247359],[744477.155600000172853,7726107.985600000247359],[744477.155600000172853,7726106.985600001178682],[744478.155600001104176,7726106.985600001178682],[744478.155600001104176,7726105.985600002110004],[744479.155600000172853,7726105.985600002110004],[744479.155600000172853,7726104.985600000247359],[744480.155600002035499,7726104.985600000247359],[744480.155600002035499,7726103.985600001178682],[744481.155600001104176,7726103.985600001178682],[744481.155600001104176,7726102.985600000247359],[744482.155600000172853,7726102.985600000247359],[744482.155600000172853,7726101.985600001178682],[744483.155600001104176,7726101.985600001178682],[744483.155600001104176,7726100.985600002110004],[744484.155600000172853,7726100.985600002110004],[744484.155600000172853,7726099.985600000247359],[744485.155600002035499,7726099.985600000247359],[744485.155600002035499,7726098.985600001178682],[744486.155600001104176,7726098.985600001178682],[744486.155600001104176,7726097.985600000247359],[744487.155600000172853,7726097.985600000247359],[744487.155600000172853,7726096.985600001178682],[744488.155600001104176,7726096.985600001178682],[744488.155600001104176,7726095.985600001178682],[744490.155600002035499,7726095.985600001178682],[744490.155600002035499,7726094.985600000247359],[744491.155600001104176,7726094.985600000247359],[744491.155600001104176,7726093.985600001178682],[744492.155600000172853,7726093.985600001178682],[744492.155600000172853,7726092.985599999316037],[744493.155600001104176,7726092.985599999316037],[744493.155600001104176,7726091.985600000247359],[744494.155600000172853,7726091.985600000247359],[744494.155600000172853,7726090.985600001178682],[744495.155599999241531,7726090.985600001178682],[744495.155599999241531,7726089.985600000247359],[744496.155600001104176,7726089.985600000247359],[744496.155600001104176,7726088.985600001178682],[744497.155600000172853,7726088.985600001178682],[744497.155600000172853,7726087.985600002110004],[744498.155600001104176,7726087.985600002110004],[744498.155600001104176,7726086.985600000247359],[744499.155600000172853,7726086.985600000247359],[744499.155600000172853,7726085.985600001178682],[744500.155600000172853,7726085.985600001178682],[744500.155600000172853,7726084.985600000247359],[744501.155600001104176,7726084.985600000247359],[744501.155600001104176,7726083.985600001178682],[744502.155600000172853,7726083.985600001178682],[744502.155600000172853,7726082.985600002110004],[744503.155600002035499,7726082.985600002110004],[744503.155600002035499,7726081.985600000247359],[744504.155600001104176,7726081.985600000247359],[744504.155600001104176,7726080.985600001178682],[744505.155600000172853,7726080.985600001178682],[744505.155600000172853,7726079.985600000247359],[744506.155600001104176,7726079.985600000247359],[744506.155600001104176,7726078.985600001178682],[744507.155600000172853,7726078.985600001178682],[744507.155600000172853,7726077.985600002110004],[744508.155600002035499,7726077.985600002110004],[744508.155600002035499,7726076.985600000247359],[744509.155600001104176,7726076.985600000247359],[744509.155600001104176,7726075.985600001178682],[744510.155600000172853,7726075.985600001178682],[744510.155600000172853,7726074.985600000247359],[744511.155600001104176,7726074.985600000247359],[744511.155600001104176,7726073.985600000247359],[744512.155600000172853,7726073.985600000247359],[744512.155600000172853,7726072.985600001178682],[744513.155600002035499,7726072.985600001178682],[744513.155600002035499,7726071.985600000247359],[744514.155600001104176,7726071.985600000247359],[744514.155600001104176,7726070.985600001178682],[744515.155600000172853,7726070.985600001178682],[744515.155600000172853,7726069.985599999316037],[744516.155600001104176,7726069.985599999316037],[744516.155600001104176,7726068.985600000247359],[744517.155600000172853,7726068.985600000247359],[744517.155600000172853,7726067.985600001178682],[744518.155599999241531,7726067.985600001178682],[744518.155599999241531,7726066.985600000247359],[744519.155600001104176,7726066.985600000247359],[744519.155600001104176,7726065.985600001178682],[744520.155600000172853,7726065.985600001178682],[744520.155600000172853,7726064.985600002110004],[744521.155600001104176,7726064.985600002110004],[744521.155600001104176,7726063.985600000247359],[744522.155600001104176,7726063.985600000247359],[744522.155600001104176,7726062.985600001178682],[744523.155600000172853,7726062.985600001178682],[744523.155600000172853,7726061.985600000247359],[744524.155600001104176,7726061.985600000247359],[744524.155600001104176,7726060.985600001178682],[744525.155600000172853,7726060.985600001178682],[744525.155600000172853,7726059.985600002110004],[744526.155600002035499,7726059.985600002110004],[744526.155600002035499,7726058.985600000247359],[744527.155600001104176,7726058.985600000247359],[744527.155600001104176,7726057.985600001178682],[744528.155600000172853,7726057.985600001178682],[744528.155600000172853,7726056.985600000247359],[744529.155600001104176,7726056.985600000247359],[744529.155600001104176,7726055.985600001178682],[744530.155600000172853,7726055.985600001178682],[744530.155600000172853,7726054.985600002110004],[744531.155600002035499,7726054.985600002110004],[744531.155600002035499,7726053.985600000247359],[744532.155600001104176,7726053.985600000247359],[744532.155600001104176,7726052.985600001178682],[744533.155600000172853,7726052.985600001178682],[744533.155600000172853,7726051.985600000247359],[744534.155600001104176,7726051.985600000247359],[744534.155600001104176,7726050.985600000247359],[744535.155600000172853,7726050.985600000247359],[744535.155600000172853,7726049.985600001178682],[744536.155600002035499,7726049.985600001178682],[744536.155600002035499,7726048.985600000247359],[744537.155600001104176,7726048.985600000247359],[744537.155600001104176,7726047.985600001178682],[744538.155600000172853,7726047.985600001178682],[744538.155600000172853,7726046.985599999316037],[744539.155600001104176,7726046.985599999316037],[744539.155600001104176,7726045.985600000247359],[744540.155600000172853,7726045.985600000247359],[744540.155600000172853,7726044.985600001178682],[744541.155599999241531,7726044.985600001178682],[744541.155599999241531,7726043.985600000247359],[744542.155600001104176,7726043.985600000247359],[744542.155600001104176,7726042.985600001178682],[744543.155600000172853,7726042.985600001178682],[744543.155600000172853,7726041.985600002110004],[744544.155600001104176,7726041.985600002110004],[744544.155600001104176,7726040.985600000247359],[744545.155600001104176,7726040.985600000247359],[744545.155600001104176,7726039.985600001178682],[744546.155600000172853,7726039.985600001178682],[744546.155600000172853,7726038.985600000247359],[744547.155600001104176,7726038.985600000247359],[744547.155600001104176,7726037.985600001178682],[744548.155600000172853,7726037.985600001178682],[744548.155600000172853,7726036.985600002110004],[744549.155600002035499,7726036.985600002110004],[744549.155600002035499,7726035.985600000247359],[744550.155600001104176,7726035.985600000247359],[744550.155600001104176,7726034.985600001178682],[744551.155600000172853,7726034.985600001178682],[744551.155600000172853,7726033.985600000247359],[744552.155600001104176,7726033.985600000247359],[744552.155600001104176,7726032.985600001178682],[744553.155600000172853,7726032.985600001178682],[744553.155600000172853,7726031.985600002110004],[744554.155600002035499,7726031.985600002110004],[744554.155600002035499,7726030.985600000247359],[744555.155600001104176,7726030.985600000247359],[744555.155600001104176,7726029.985600001178682],[744556.155600000172853,7726029.985600001178682],[744556.155600000172853,7726028.985600000247359],[744557.155600001104176,7726028.985600000247359],[744557.155600001104176,7726027.985600000247359],[744558.155600000172853,7726027.985600000247359],[744558.155600000172853,7726026.985600001178682],[744559.155600002035499,7726026.985600001178682],[744559.155600002035499,7726025.985600000247359],[744560.155600001104176,7726025.985600000247359],[744560.155600001104176,7726024.985600001178682],[744561.155600000172853,7726024.985600001178682],[744561.155600000172853,7726023.985599999316037],[744562.155600001104176,7726023.985599999316037],[744562.155600001104176,7726022.985600000247359],[744563.155600000172853,7726022.985600000247359],[744563.155600000172853,7726021.985600001178682],[744564.155599999241531,7726021.985600001178682],[744564.155599999241531,7726020.985600000247359],[744565.155600001104176,7726020.985600000247359],[744565.155600001104176,7726019.985600001178682],[744566.155600000172853,7726019.985600001178682],[744566.155600000172853,7726018.985600002110004],[744567.155600001104176,7726018.985600002110004],[744567.155600001104176,7726017.985600000247359],[744568.155600001104176,7726017.985600000247359],[744568.155600001104176,7726016.985600001178682],[744569.155600000172853,7726016.985600001178682],[744569.155600000172853,7726015.985600000247359],[744570.155600001104176,7726015.985600000247359],[744570.155600001104176,7726014.985600001178682],[744571.155600000172853,7726014.985600001178682],[744571.155600000172853,7726013.985600002110004],[744572.155600002035499,7726013.985600002110004],[744572.155600002035499,7726012.985600000247359],[744573.155600001104176,7726012.985600000247359],[744573.155600001104176,7726011.985600001178682],[744574.155600000172853,7726011.985600001178682],[744574.155600000172853,7726010.985600000247359],[744575.155600001104176,7726010.985600000247359],[744575.155600001104176,7726009.985600001178682],[744576.155600000172853,7726009.985600001178682],[744576.155600000172853,7726008.985600001178682],[744577.155600002035499,7726008.985600001178682],[744577.155600002035499,7726007.985600000247359],[744578.155600001104176,7726007.985600000247359],[744578.155600001104176,7726006.985600001178682],[744579.155600000172853,7726006.985600001178682],[744579.155600000172853,7726005.985600000247359],[744580.155600001104176,7726005.985600000247359],[744580.155600001104176,7726004.985600000247359],[744581.155600000172853,7726004.985600000247359],[744581.155600000172853,7726003.985600001178682],[744583.155600001104176,7726003.985600001178682],[744583.155600001104176,7726002.985600000247359],[744584.155600000172853,7726002.985600000247359],[744584.155600000172853,7725989.985600000247359],[744585.155600001104176,7725989.985600000247359],[744585.155600001104176,7725988.985600001178682],[744586.155600000172853,7725988.985600001178682],[744586.155600000172853,7725987.985600000247359],[744587.155600000172853,7725987.985600000247359],[744587.155600000172853,7725986.985600001178682],[744588.155600001104176,7725986.985600001178682],[744588.155600001104176,7725985.985600001178682],[744589.155600000172853,7725985.985600001178682],[744589.155600000172853,7725984.985600000247359],[744590.155600001104176,7725984.985600000247359],[744590.155600001104176,7725983.985600001178682],[744591.155600001104176,7725983.985600001178682],[744591.155600001104176,7725982.985600000247359],[744592.155600000172853,7725982.985600000247359],[744592.155600000172853,7725981.985600000247359],[744593.155600001104176,7725981.985600000247359],[744593.155600001104176,7725980.985600001178682],[744594.155600000172853,7725980.985600001178682],[744594.155600000172853,7725979.985600000247359],[744595.155600002035499,7725979.985600000247359],[744595.155600002035499,7725978.985600001178682],[744596.155600001104176,7725978.985600001178682],[744596.155600001104176,7725975.985600001178682],[744597.155600000172853,7725975.985600001178682],[744597.155600000172853,7725974.985600000247359],[744598.155600001104176,7725974.985600000247359],[744598.155600001104176,7725973.985600001178682],[744599.155600000172853,7725973.985600001178682],[744599.155600000172853,7725972.985600002110004],[744600.155600002035499,7725972.985600002110004],[744600.155600002035499,7725971.985600000247359],[744601.155600001104176,7725971.985600000247359],[744601.155600001104176,7725970.985600001178682],[744602.155600000172853,7725970.985600001178682],[744602.155600000172853,7725969.985600000247359],[744603.155600001104176,7725969.985600000247359],[744603.155600001104176,7725968.985600001178682],[744604.155600000172853,7725968.985600001178682],[744604.155600000172853,7725967.985600002110004],[744605.155599999241531,7725967.985600002110004],[744605.155599999241531,7725966.985600000247359],[744606.155600001104176,7725966.985600000247359],[744606.155600001104176,7725965.985600001178682],[744607.155600000172853,7725965.985600001178682],[744607.155600000172853,7725964.985600000247359],[744608.155600001104176,7725964.985600000247359],[744608.155600001104176,7725963.985600001178682],[744609.155600000172853,7725963.985600001178682],[744609.155600000172853,7725962.985600001178682],[744610.155600000172853,7725962.985600001178682],[744610.155600000172853,7725961.985600000247359],[744611.155600001104176,7725961.985600000247359],[744611.155600001104176,7725960.985600001178682],[744612.155600000172853,7725960.985600001178682],[744612.155600000172853,7725959.985599999316037],[744613.155600001104176,7725959.985599999316037],[744613.155600001104176,7725958.985600000247359],[744614.155600001104176,7725958.985600000247359],[744614.155600001104176,7725957.985600001178682],[744616.155600001104176,7725957.985600001178682],[744616.155600001104176,7725956.985600000247359],[744617.155600000172853,7725956.985600000247359],[744617.155600000172853,7725955.985600001178682],[744618.155600002035499,7725955.985600001178682],[744618.155600002035499,7725954.985600002110004],[744619.155600001104176,7725954.985600002110004],[744619.155600001104176,7725953.985600000247359],[744621.155600001104176,7725953.985600000247359],[744621.155600001104176,7725952.985600001178682],[744622.155600000172853,7725952.985600001178682],[744622.155600000172853,7725951.985600000247359],[744623.155600002035499,7725951.985600000247359],[744623.155600002035499,7725950.985600001178682],[744624.155600001104176,7725950.985600001178682],[744624.155600001104176,7725949.985600002110004],[744625.155600000172853,7725949.985600002110004],[744625.155600000172853,7725948.985600000247359],[744626.155600001104176,7725948.985600000247359],[744626.155600001104176,7725947.985600001178682],[744627.155600000172853,7725947.985600001178682],[744627.155600000172853,7725946.985600000247359],[744628.155599999241531,7725946.985600000247359],[744628.155599999241531,7725945.985600001178682],[744629.155600001104176,7725945.985600001178682],[744629.155600001104176,7725944.985600002110004],[744630.155600000172853,7725944.985600002110004],[744630.155600000172853,7725943.985600000247359],[744631.155600001104176,7725943.985600000247359],[744631.155600001104176,7725942.985600001178682],[744632.155600000172853,7725942.985600001178682],[744632.155600000172853,7725941.985600000247359],[744633.155600000172853,7725941.985600000247359],[744633.155600000172853,7725940.985600001178682],[744634.155600001104176,7725940.985600001178682],[744634.155600001104176,7725939.985600001178682],[744635.155600000172853,7725939.985600001178682],[744635.155600000172853,7725938.985600000247359],[744636.155600002035499,7725938.985600000247359],[744636.155600002035499,7725937.985600001178682],[744637.155600001104176,7725937.985600001178682],[744637.155600001104176,7725936.985599999316037],[744638.155600000172853,7725936.985599999316037],[744638.155600000172853,7725935.985600000247359],[744639.155600001104176,7725935.985600000247359],[744639.155600001104176,7725934.985600001178682],[744640.155600000172853,7725934.985600001178682],[744640.155600000172853,7725933.985600000247359],[744641.155600002035499,7725933.985600000247359],[744641.155600002035499,7725932.985600001178682],[744642.155600001104176,7725932.985600001178682],[744642.155600001104176,7725931.985600002110004],[744643.155600000172853,7725931.985600002110004],[744643.155600000172853,7725930.985600000247359],[744644.155600001104176,7725930.985600000247359],[744644.155600001104176,7725929.985600001178682],[744645.155600000172853,7725929.985600001178682],[744645.155600000172853,7725928.985600000247359],[744646.155600002035499,7725928.985600000247359],[744646.155600002035499,7725927.985600001178682],[744647.155600001104176,7725927.985600001178682],[744647.155600001104176,7725926.985600002110004],[744648.155600000172853,7725926.985600002110004],[744648.155600000172853,7725925.985600000247359],[744649.155600001104176,7725925.985600000247359],[744649.155600001104176,7725924.985600001178682],[744650.155600000172853,7725924.985600001178682],[744650.155600000172853,7725923.985600000247359],[744651.155599999241531,7725923.985600000247359],[744651.155599999241531,7725922.985600001178682],[744652.155600001104176,7725922.985600001178682],[744652.155600001104176,7725921.985600002110004],[744653.155600000172853,7725921.985600002110004],[744653.155600000172853,7725920.985600000247359],[744654.155600001104176,7725920.985600000247359],[744654.155600001104176,7725919.985600001178682],[744655.155600000172853,7725919.985600001178682],[744655.155600000172853,7725918.985600000247359],[744656.155600000172853,7725918.985600000247359],[744656.155600000172853,7725917.985600001178682],[744657.155600001104176,7725917.985600001178682],[744657.155600001104176,7725916.985600001178682],[744658.155600000172853,7725916.985600001178682],[744658.155600000172853,7725915.985600000247359],[744659.155600002035499,7725915.985600000247359],[744659.155600002035499,7725914.985600001178682],[744660.155600001104176,7725914.985600001178682],[744660.155600001104176,7725913.985599999316037],[744661.155600000172853,7725913.985599999316037],[744661.155600000172853,7725912.985600000247359],[744662.155600001104176,7725912.985600000247359],[744662.155600001104176,7725910.985600000247359],[744663.155600000172853,7725910.985600000247359],[744663.155600000172853,7725909.985600001178682],[744664.155600002035499,7725909.985600001178682],[744664.155600002035499,7725908.985600002110004],[744665.155600001104176,7725908.985600002110004],[744665.155600001104176,7725907.985600000247359],[744666.155600000172853,7725907.985600000247359],[744666.155600000172853,7725906.985600001178682],[744667.155600001104176,7725906.985600001178682],[744667.155600001104176,7725905.985600000247359],[744668.155600000172853,7725905.985600000247359],[744668.155600000172853,7725904.985600001178682],[744669.155600002035499,7725904.985600001178682],[744669.155600002035499,7725903.985600002110004],[744670.155600001104176,7725903.985600002110004],[744670.155600001104176,7725902.985600000247359],[744671.155600000172853,7725902.985600000247359],[744671.155600000172853,7725901.985600001178682],[744672.155600001104176,7725901.985600001178682],[744672.155600001104176,7725900.985600000247359],[744673.155600000172853,7725900.985600000247359],[744673.155600000172853,7725899.985600001178682],[744674.155599999241531,7725899.985600001178682],[744674.155599999241531,7725898.985600002110004],[744675.155600001104176,7725898.985600002110004],[744675.155600001104176,7725895.985600000247359],[744676.155600000172853,7725895.985600000247359],[744676.155600000172853,7725892.985600000247359],[744677.155600001104176,7725892.985600000247359],[744677.155600001104176,7725889.985600000247359],[744678.155600000172853,7725889.985600000247359],[744678.155600000172853,7725888.985600001178682],[744679.155600000172853,7725888.985600001178682],[744679.155600000172853,7725887.985600000247359],[744680.155600001104176,7725887.985600000247359],[744680.155600001104176,7725886.985600001178682],[744681.155600000172853,7725886.985600001178682],[744681.155600000172853,7725885.985600002110004],[744682.155600002035499,7725885.985600002110004],[744682.155600002035499,7725884.985600000247359],[744683.155600001104176,7725884.985600000247359],[744683.155600001104176,7725882.985600000247359],[744684.155600000172853,7725882.985600000247359],[744684.155600000172853,7725881.985600001178682],[744685.155600001104176,7725881.985600001178682],[744685.155600001104176,7725879.985600000247359],[744686.155600000172853,7725879.985600000247359],[744686.155600000172853,7725877.985600000247359],[744687.155600002035499,7725877.985600000247359],[744687.155600002035499,7725875.985600002110004],[744688.155600001104176,7725875.985600002110004],[744688.155600001104176,7725873.985600001178682],[744689.155600000172853,7725873.985600001178682],[744689.155600000172853,7725872.985600000247359],[744690.155600001104176,7725872.985600000247359],[744690.155600001104176,7725867.985599999316037],[744691.155600000172853,7725867.985599999316037],[744691.155600000172853,7725866.985600000247359],[744692.155600002035499,7725866.985600000247359],[744692.155600002035499,7725865.985600001178682],[744693.155600001104176,7725865.985600001178682],[744693.155600001104176,7725864.985600000247359],[744694.155600000172853,7725864.985600000247359],[744694.155600000172853,7725863.985600001178682],[744695.155600001104176,7725863.985600001178682],[744695.155600001104176,7725862.985600002110004],[744696.155600000172853,7725862.985600002110004],[744696.155600000172853,7725861.985600000247359],[744697.155599999241531,7725861.985600000247359],[744697.155599999241531,7725860.985600001178682],[744698.155600001104176,7725860.985600001178682],[744698.155600001104176,7725859.985600000247359],[744699.155600000172853,7725859.985600000247359],[744699.155600000172853,7725858.985600001178682],[744700.155600001104176,7725858.985600001178682],[744700.155600001104176,7725857.985600002110004],[744701.155600001104176,7725857.985600002110004],[744701.155600001104176,7725856.985600000247359],[744702.155600000172853,7725856.985600000247359],[744702.155600000172853,7725855.985600001178682],[744703.155600001104176,7725855.985600001178682],[744703.155600001104176,7725854.985600000247359],[744704.155600000172853,7725854.985600000247359],[744704.155600000172853,7725853.985600001178682],[744705.155600002035499,7725853.985600001178682],[744705.155600002035499,7725852.985600002110004],[744706.155600001104176,7725852.985600002110004],[744706.155600001104176,7725851.985600000247359],[744707.155600000172853,7725851.985600000247359],[744707.155600000172853,7725850.985600001178682],[744708.155600001104176,7725850.985600001178682],[744708.155600001104176,7725849.985600000247359],[744709.155600000172853,7725849.985600000247359],[744709.155600000172853,7725848.985600000247359],[744710.155600002035499,7725848.985600000247359],[744710.155600002035499,7725847.985600001178682],[744713.155600001104176,7725847.985600001178682],[744713.155600001104176,7725846.985600000247359],[744715.155600002035499,7725846.985600000247359],[744715.155600002035499,7725845.985600001178682],[744719.155600000172853,7725845.985600001178682],[744719.155600000172853,7725844.985599999316037],[744720.155599999241531,7725844.985599999316037],[744720.155599999241531,7725843.985600000247359],[744721.155600001104176,7725843.985600000247359],[744721.155600001104176,7725842.985600001178682],[744722.155600000172853,7725842.985600001178682],[744722.155600000172853,7725841.985600000247359],[744723.155600001104176,7725841.985600000247359],[744723.155600001104176,7725840.985600001178682],[744724.155600001104176,7725840.985600001178682],[744724.155600001104176,7725839.985600002110004],[744725.155600000172853,7725839.985600002110004],[744725.155600000172853,7725838.985600000247359],[744726.155600001104176,7725838.985600000247359],[744726.155600001104176,7725837.985600001178682],[744727.155600000172853,7725837.985600001178682],[744727.155600000172853,7725836.985600000247359],[744728.155600002035499,7725836.985600000247359],[744728.155600002035499,7725835.985600001178682],[744729.155600001104176,7725835.985600001178682],[744729.155600001104176,7725834.985600002110004],[744730.155600000172853,7725834.985600002110004],[744730.155600000172853,7725833.985600000247359],[744731.155600001104176,7725833.985600000247359],[744731.155600001104176,7725832.985600001178682],[744732.155600000172853,7725832.985600001178682],[744732.155600000172853,7725831.985600000247359],[744733.155600002035499,7725831.985600000247359],[744733.155600002035499,7725830.985600001178682],[744734.155600001104176,7725830.985600001178682],[744734.155600001104176,7725829.985600001178682],[744735.155600000172853,7725829.985600001178682],[744735.155600000172853,7725828.985600000247359],[744736.155600001104176,7725828.985600000247359],[744736.155600001104176,7725827.985600001178682],[744737.155600000172853,7725827.985600001178682],[744737.155600000172853,7725826.985600000247359],[744738.155600002035499,7725826.985600000247359],[744738.155600002035499,7725825.985600000247359],[744739.155600001104176,7725825.985600000247359],[744739.155600001104176,7725824.985600001178682],[744740.155600000172853,7725824.985600001178682],[744740.155600000172853,7725823.985600000247359],[744741.155600001104176,7725823.985600000247359],[744741.155600001104176,7725822.985600001178682],[744742.155600000172853,7725822.985600001178682],[744742.155600000172853,7725821.985599999316037],[744743.155599999241531,7725821.985599999316037],[744743.155599999241531,7725820.985600000247359],[744744.155600001104176,7725820.985600000247359],[744744.155600001104176,7725819.985600001178682],[744745.155600000172853,7725819.985600001178682],[744745.155600000172853,7725817.985600001178682],[744746.155600001104176,7725817.985600001178682],[744746.155600001104176,7725799.985600001178682],[744747.155600001104176,7725799.985600001178682],[744747.155600001104176,7725798.985600002110004],[744748.155600000172853,7725798.985600002110004],[744748.155600000172853,7725797.985600000247359],[744749.155600001104176,7725797.985600000247359],[744749.155600001104176,7725795.985600000247359],[744750.155600000172853,7725795.985600000247359],[744750.155600000172853,7725794.985600001178682],[744751.155600002035499,7725794.985600001178682],[744751.155600002035499,7725793.985600002110004],[744752.155600001104176,7725793.985600002110004],[744752.155600001104176,7725792.985600000247359],[744753.155600000172853,7725792.985600000247359],[744753.155600000172853,7725791.985600001178682],[744754.155600001104176,7725791.985600001178682],[744754.155600001104176,7725790.985600000247359],[744755.155600000172853,7725790.985600000247359],[744755.155600000172853,7725788.985600002110004],[744756.155600002035499,7725788.985600002110004],[744756.155600002035499,7725787.985600000247359],[744757.155600001104176,7725787.985600000247359],[744757.155600001104176,7725784.985600001178682],[744758.155600000172853,7725784.985600001178682],[744758.155600000172853,7725783.985600001178682],[744759.155600001104176,7725783.985600001178682],[744759.155600001104176,7725782.985600000247359],[744760.155600000172853,7725782.985600000247359],[744760.155600000172853,7725781.985600001178682],[744761.155600002035499,7725781.985600001178682],[744761.155600002035499,7725780.985599999316037],[744762.155600001104176,7725780.985599999316037],[744762.155600001104176,7725779.985600000247359],[744763.155600000172853,7725779.985600000247359],[744763.155600000172853,7725778.985600001178682],[744764.155600001104176,7725778.985600001178682],[744764.155600001104176,7725777.985600000247359],[744765.155600000172853,7725777.985600000247359],[744765.155600000172853,7725776.985600001178682],[744770.155600001104176,7725776.985600001178682],[744770.155600001104176,7725775.985600002110004],[744771.155600000172853,7725775.985600002110004],[744771.155600000172853,7725774.985600000247359],[744772.155600001104176,7725774.985600000247359],[744772.155600001104176,7725773.985600001178682],[744774.155600002035499,7725773.985600001178682],[744774.155600002035499,7725772.985600000247359],[744775.155600001104176,7725772.985600000247359],[744775.155600001104176,7725771.985600001178682],[744777.155600001104176,7725771.985600001178682],[744777.155600001104176,7725770.985600002110004],[744778.155600000172853,7725770.985600002110004],[744778.155600000172853,7725769.985600000247359],[744780.155600001104176,7725769.985600000247359],[744780.155600001104176,7725768.985600001178682],[744781.155600000172853,7725768.985600001178682],[744781.155600000172853,7725767.985600000247359],[744782.155600001104176,7725767.985600000247359],[744782.155600001104176,7725766.985600001178682],[744784.155599999241531,7725766.985600001178682],[744784.155599999241531,7725765.985600002110004],[744785.155600001104176,7725765.985600002110004],[744785.155600001104176,7725764.985600000247359],[744787.155600001104176,7725764.985600000247359],[744787.155600001104176,7725763.985600001178682],[744788.155600000172853,7725763.985600001178682],[744788.155600000172853,7725762.985600000247359],[744789.155600000172853,7725762.985600000247359],[744789.155600000172853,7725761.985600001178682],[744807.155599999241531,7725761.985600001178682],[744807.155599999241531,7725760.985600001178682],[744808.155600001104176,7725760.985600001178682],[744808.155600001104176,7725759.985600000247359],[744809.155600000172853,7725759.985600000247359],[744809.155600000172853,7725758.985600001178682],[744810.155600001104176,7725758.985600001178682],[744810.155600001104176,7725757.985599999316037],[744811.155600000172853,7725757.985599999316037],[744811.155600000172853,7725756.985600000247359],[744812.155600000172853,7725756.985600000247359],[744812.155600000172853,7725755.985600001178682],[744813.155600001104176,7725755.985600001178682],[744813.155600001104176,7725754.985600000247359],[744814.155600000172853,7725754.985600000247359],[744814.155600000172853,7725753.985600001178682],[744815.155600002035499,7725753.985600001178682],[744815.155600002035499,7725752.985600002110004],[744816.155600001104176,7725752.985600002110004],[744816.155600001104176,7725751.985600000247359],[744817.155600000172853,7725751.985600000247359],[744817.155600000172853,7725750.985600001178682],[744818.155600001104176,7725750.985600001178682],[744818.155600001104176,7725749.985600000247359],[744819.155600000172853,7725749.985600000247359],[744819.155600000172853,7725748.985600001178682],[744820.155600002035499,7725748.985600001178682],[744820.155600002035499,7725747.985600002110004],[744821.155600001104176,7725747.985600002110004],[744821.155600001104176,7725746.985600000247359],[744822.155600000172853,7725746.985600000247359],[744822.155600000172853,7725745.985600001178682],[744823.155600001104176,7725745.985600001178682],[744823.155600001104176,7725744.985600000247359],[744824.155600000172853,7725744.985600000247359],[744824.155600000172853,7725736.985600000247359],[744825.155600002035499,7725736.985600000247359],[744825.155600002035499,7725735.985600001178682],[744826.155600001104176,7725735.985600001178682],[744826.155600001104176,7725734.985599999316037],[744828.155600001104176,7725734.985599999316037],[744828.155600001104176,7725733.985600000247359],[744829.155600000172853,7725733.985600000247359],[744829.155600000172853,7725732.985600001178682],[744831.155600001104176,7725732.985600001178682],[744831.155600001104176,7725731.985600000247359],[744832.155600000172853,7725731.985600000247359],[744832.155600000172853,7725730.985600001178682],[744834.155600000172853,7725730.985600001178682],[744834.155600000172853,7725729.985600002110004],[744835.155600000172853,7725729.985600002110004],[744835.155600000172853,7725728.985600000247359],[744837.155600000172853,7725728.985600000247359],[744837.155600000172853,7725727.985600001178682],[744838.155600002035499,7725727.985600001178682],[744838.155600002035499,7725726.985600000247359],[744839.155600001104176,7725726.985600000247359],[744839.155600001104176,7725725.985600001178682],[744841.155600001104176,7725725.985600001178682],[744841.155600001104176,7725724.985600002110004],[744842.155600000172853,7725724.985600002110004],[744842.155600000172853,7725723.985600000247359],[744844.155600001104176,7725723.985600000247359],[744844.155600001104176,7725722.985600001178682],[744845.155600000172853,7725722.985600001178682],[744845.155600000172853,7725721.985600000247359],[744846.155600001104176,7725721.985600000247359],[744846.155600001104176,7725720.985600001178682],[744848.155600002035499,7725720.985600001178682],[744848.155600002035499,7725719.985600002110004],[744850.155600000172853,7725719.985600002110004],[744850.155600000172853,7725718.985600000247359],[744851.155600001104176,7725718.985600000247359],[744851.155600001104176,7725717.985600001178682],[744852.155600000172853,7725717.985600001178682],[744852.155600000172853,7725716.985600000247359],[744855.155600000172853,7725716.985600000247359],[744855.155600000172853,7725715.985600000247359],[744856.155600001104176,7725715.985600000247359],[744856.155600001104176,7725714.985600001178682],[744857.155600000172853,7725714.985600001178682],[744857.155600000172853,7725713.985600000247359],[744858.155600000172853,7725713.985600000247359],[744858.155600000172853,7725712.985600001178682],[744859.155600001104176,7725712.985600001178682],[744859.155600001104176,7725711.985599999316037],[744860.155600000172853,7725711.985599999316037],[744860.155600000172853,7725710.985600000247359],[744861.155600002035499,7725710.985600000247359],[744861.155600002035499,7725709.985600001178682],[744862.155600001104176,7725709.985600001178682],[744862.155600001104176,7725708.985600000247359],[744863.155600000172853,7725708.985600000247359],[744863.155600000172853,7725707.985600001178682],[744864.155600001104176,7725707.985600001178682],[744864.155600001104176,7725706.985600002110004],[744865.155600000172853,7725706.985600002110004],[744865.155600000172853,7725705.985600000247359],[744866.155600002035499,7725705.985600000247359],[744866.155600002035499,7725704.985600001178682],[744867.155600001104176,7725704.985600001178682],[744867.155600001104176,7725703.985600000247359],[744868.155600000172853,7725703.985600000247359],[744868.155600000172853,7725702.985600001178682],[744869.155600001104176,7725702.985600001178682],[744869.155600001104176,7725701.985600002110004],[744870.155600000172853,7725701.985600002110004],[744870.155600000172853,7725700.985600000247359],[744871.155600002035499,7725700.985600000247359],[744871.155600002035499,7725699.985600001178682],[744872.155600001104176,7725699.985600001178682],[744872.155600001104176,7725698.985600000247359],[744873.155600000172853,7725698.985600000247359],[744873.155600000172853,7725697.985600001178682],[744874.155600001104176,7725697.985600001178682],[744874.155600001104176,7725696.985600002110004],[744875.155600000172853,7725696.985600002110004],[744875.155600000172853,7725695.985600000247359],[744876.155599999241531,7725695.985600000247359],[744876.155599999241531,7725694.985600001178682],[744877.155600001104176,7725694.985600001178682],[744877.155600001104176,7725693.985600000247359],[744878.155600000172853,7725693.985600000247359],[744878.155600000172853,7725692.985600000247359],[744879.155600001104176,7725692.985600000247359],[744879.155600001104176,7725691.985600001178682],[744880.155600001104176,7725691.985600001178682],[744880.155600001104176,7725690.985600000247359],[744884.155600002035499,7725690.985600000247359],[744884.155600002035499,7725689.985600001178682],[744885.155600001104176,7725689.985600001178682],[744885.155600001104176,7725688.985599999316037],[744887.155600001104176,7725688.985599999316037],[744887.155600001104176,7725687.985600000247359],[744888.155600000172853,7725687.985600000247359],[744888.155600000172853,7725686.985600001178682],[744889.155600002035499,7725686.985600001178682],[744889.155600002035499,7725685.985600000247359],[744890.155600001104176,7725685.985600000247359],[744890.155600001104176,7725684.985600001178682],[744891.155600000172853,7725684.985600001178682],[744891.155600000172853,7725683.985600002110004],[744892.155600001104176,7725683.985600002110004],[744892.155600001104176,7725682.985600000247359],[744893.155600000172853,7725682.985600000247359],[744893.155600000172853,7725681.985600001178682],[744894.155600002035499,7725681.985600001178682],[744894.155600002035499,7725680.985600000247359],[744895.155600001104176,7725680.985600000247359],[744895.155600001104176,7725679.985600001178682],[744896.155600000172853,7725679.985600001178682],[744896.155600000172853,7725678.985600002110004],[744897.155600001104176,7725678.985600002110004],[744897.155600001104176,7725677.985600000247359],[744898.155600000172853,7725677.985600000247359],[744898.155600000172853,7725676.985600001178682],[744899.155599999241531,7725676.985600001178682],[744899.155599999241531,7725675.985600000247359],[744900.155600001104176,7725675.985600000247359],[744900.155600001104176,7725674.985600001178682],[744901.155600000172853,7725674.985600001178682],[744901.155600000172853,7725673.985600002110004],[744902.155600001104176,7725673.985600002110004],[744902.155600001104176,7725672.985600000247359],[744903.155600001104176,7725672.985600000247359],[744903.155600001104176,7725671.985600001178682],[744904.155600000172853,7725671.985600001178682],[744904.155600000172853,7725670.985600000247359],[744905.155600001104176,7725670.985600000247359],[744905.155600001104176,7725667.985600000247359],[744906.155600000172853,7725667.985600000247359],[744906.155600000172853,7725663.985600001178682],[744907.155600002035499,7725663.985600001178682],[744907.155600002035499,7725662.985600000247359],[744908.155600001104176,7725662.985600000247359],[744908.155600001104176,7725661.985600001178682],[744910.155600001104176,7725661.985600001178682],[744910.155600001104176,7725660.985600002110004],[744911.155600000172853,7725660.985600002110004],[744911.155600000172853,7725659.985600000247359],[744912.155600002035499,7725659.985600000247359],[744912.155600002035499,7725658.985600001178682],[744913.155600001104176,7725658.985600001178682],[744913.155600001104176,7725657.985600000247359],[744914.155600000172853,7725657.985600000247359],[744914.155600000172853,7725656.985600001178682],[744915.155600001104176,7725656.985600001178682],[744915.155600001104176,7725652.985600000247359],[744916.155600000172853,7725652.985600000247359],[744916.155600000172853,7725648.985600001178682],[744917.155600002035499,7725648.985600001178682],[744917.155600002035499,7725647.985600000247359],[744918.155600001104176,7725647.985600000247359],[744918.155600001104176,7725646.985600000247359],[744919.155600000172853,7725646.985600000247359],[744919.155600000172853,7725645.985600001178682],[744921.155600000172853,7725645.985600001178682],[744921.155600000172853,7725644.985600000247359],[744922.155599999241531,7725644.985600000247359],[744922.155599999241531,7725643.985600001178682],[744924.155600000172853,7725643.985600001178682],[744924.155600000172853,7725642.985599999316037],[744925.155600001104176,7725642.985599999316037],[744925.155600001104176,7725641.985600000247359],[744926.155600001104176,7725641.985600000247359],[744926.155600001104176,7725640.985600001178682],[744928.155600001104176,7725640.985600001178682],[744928.155600001104176,7725639.985600000247359],[744929.155600000172853,7725639.985600000247359],[744929.155600000172853,7725638.985600001178682],[744931.155600001104176,7725638.985600001178682],[744931.155600001104176,7725637.985600002110004],[744932.155600000172853,7725637.985600002110004],[744932.155600000172853,7725636.985600000247359],[744933.155600001104176,7725636.985600000247359],[744933.155600001104176,7725635.985600001178682],[744935.155600002035499,7725635.985600001178682],[744935.155600002035499,7725634.985600000247359],[744936.155600001104176,7725634.985600000247359],[744936.155600001104176,7725633.985600001178682],[744938.155600001104176,7725633.985600001178682],[744938.155600001104176,7725632.985600002110004],[744939.155600000172853,7725632.985600002110004],[744939.155600000172853,7725631.985600000247359],[744941.155600001104176,7725631.985600000247359],[744941.155600001104176,7725630.985600001178682],[744942.155600000172853,7725630.985600001178682],[744942.155600000172853,7725629.985600000247359],[744943.155600001104176,7725629.985600000247359],[744943.155600001104176,7725628.985600001178682],[744944.155600000172853,7725628.985600001178682],[744944.155600000172853,7725627.985600001178682],[744945.155600000172853,7725627.985600001178682],[744945.155600000172853,7725626.985600000247359],[744947.155600000172853,7725626.985600000247359],[744947.155600000172853,7725625.985600001178682],[744949.155600001104176,7725625.985600001178682],[744949.155600001104176,7725624.985600000247359],[744950.155600000172853,7725624.985600000247359],[744950.155600000172853,7725623.985600000247359],[744952.155600000172853,7725623.985600000247359],[744952.155600000172853,7725622.985600001178682],[744954.155600001104176,7725622.985600001178682],[744954.155600001104176,7725621.985600000247359],[744956.155600001104176,7725621.985600000247359],[744956.155600001104176,7725620.985600001178682],[744957.155600000172853,7725620.985600001178682],[744957.155600000172853,7725619.985600002110004],[744959.155600001104176,7725619.985600002110004],[744959.155600001104176,7725618.985600000247359],[744961.155600001104176,7725618.985600000247359],[744961.155600001104176,7725617.985600001178682],[744962.155600000172853,7725617.985600001178682],[744962.155600000172853,7725614.985600002110004],[744963.155599999241531,7725614.985600002110004],[744963.155599999241531,7725613.985600000247359],[744964.155600001104176,7725613.985600000247359],[744964.155600001104176,7725612.985600001178682],[744965.155600000172853,7725612.985600001178682],[744965.155600000172853,7725611.985600000247359],[744966.155600001104176,7725611.985600000247359],[744966.155600001104176,7725610.985600001178682],[744967.155600000172853,7725610.985600001178682],[744967.155600000172853,7725609.985600002110004],[744968.155600000172853,7725609.985600002110004],[744968.155600000172853,7725608.985600000247359],[744969.155600001104176,7725608.985600000247359],[744969.155600001104176,7725607.985600001178682],[744970.155600000172853,7725607.985600001178682],[744970.155600000172853,7725606.985600000247359],[744971.155600001104176,7725606.985600000247359],[744971.155600001104176,7725605.985600001178682],[744972.155600001104176,7725605.985600001178682],[744972.155600001104176,7725604.985600001178682],[744973.155600000172853,7725604.985600001178682],[744973.155600000172853,7725603.985600000247359],[744974.155600001104176,7725603.985600000247359],[744974.155600001104176,7725601.985599999316037],[744975.155600000172853,7725601.985599999316037],[744975.155600000172853,7725596.985600002110004],[744976.155600002035499,7725596.985600002110004],[744976.155600002035499,7725591.985600002110004],[744977.155600001104176,7725591.985600002110004],[744977.155600001104176,7725586.985600002110004],[744978.155600000172853,7725586.985600002110004],[744978.155600000172853,7725581.985600001178682],[744979.155600001104176,7725581.985600001178682],[744979.155600001104176,7725576.985600001178682],[744980.155600000172853,7725576.985600001178682],[744980.155600000172853,7725574.985600001178682],[744981.155600002035499,7725574.985600001178682],[744981.155600002035499,7725572.985600000247359],[744982.155600001104176,7725572.985600000247359],[744982.155600001104176,7725571.985600001178682],[744983.155600000172853,7725571.985600001178682],[744983.155600000172853,7725570.985600000247359],[744984.155600001104176,7725570.985600000247359],[744984.155600001104176,7725569.985600001178682],[744985.155600000172853,7725569.985600001178682],[744985.155600000172853,7725568.985600002110004],[744986.155599999241531,7725568.985600002110004],[744986.155599999241531,7725567.985600000247359],[744987.155600001104176,7725567.985600000247359],[744987.155600001104176,7725566.985600001178682],[744988.155600000172853,7725566.985600001178682],[744988.155600000172853,7725565.985600000247359],[744989.155600001104176,7725565.985600000247359],[744989.155600001104176,7725564.985600001178682],[744990.155600000172853,7725564.985600001178682],[744990.155600000172853,7725563.985600002110004],[744991.155600000172853,7725563.985600002110004],[744991.155600000172853,7725562.985600000247359],[744992.155600001104176,7725562.985600000247359],[744992.155600001104176,7725559.985600001178682],[744993.155600000172853,7725559.985600001178682],[744993.155600000172853,7725557.985600000247359],[744994.155600002035499,7725557.985600000247359],[744994.155600002035499,7725555.985599999316037],[744995.155600001104176,7725555.985599999316037],[744995.155600001104176,7725552.985600000247359],[744996.155600000172853,7725552.985600000247359],[744996.155600000172853,7725550.985600002110004],[744997.155600001104176,7725550.985600002110004],[744997.155600001104176,7725547.985600000247359],[744998.155600000172853,7725547.985600000247359],[744998.155600000172853,7725545.985600002110004],[744999.155600002035499,7725545.985600002110004],[744999.155600002035499,7725543.985600001178682],[745000.155600001104176,7725543.985600001178682],[745000.155600001104176,7725540.985600002110004],[745001.155600000172853,7725540.985600002110004],[745001.155600000172853,7725538.985600001178682],[745002.155600001104176,7725538.985600001178682],[745002.155600001104176,7725535.985600001178682],[745003.155600000172853,7725535.985600001178682],[745003.155600000172853,7725533.985600001178682],[745004.155600002035499,7725533.985600001178682],[745004.155600002035499,7725531.985600000247359],[745005.155600001104176,7725531.985600000247359],[745005.155600001104176,7725528.985600001178682],[745006.155600000172853,7725528.985600001178682],[745006.155600000172853,7725526.985600000247359],[745007.155600001104176,7725526.985600000247359],[745007.155600001104176,7725524.985600000247359],[745008.155600000172853,7725524.985600000247359],[745008.155600000172853,7725522.985600002110004],[745009.155599999241531,7725522.985600002110004],[745009.155599999241531,7725521.985600000247359],[745010.155600001104176,7725521.985600000247359],[745010.155600001104176,7725520.985600001178682],[745011.155600000172853,7725520.985600001178682],[745011.155600000172853,7725519.985600000247359],[745012.155600001104176,7725519.985600000247359],[745012.155600001104176,7725518.985600001178682],[745013.155600000172853,7725518.985600001178682],[745013.155600000172853,7725517.985600002110004],[745014.155600000172853,7725517.985600002110004],[745014.155600000172853,7725516.985600000247359],[745015.155600001104176,7725516.985600000247359],[745015.155600001104176,7725515.985600001178682],[745016.155600000172853,7725515.985600001178682],[745016.155600000172853,7725514.985600000247359],[745017.155600002035499,7725514.985600000247359],[745017.155600002035499,7725513.985600000247359],[745018.155600001104176,7725513.985600000247359],[745018.155600001104176,7725512.985600001178682],[745019.155600000172853,7725512.985600001178682],[745019.155600000172853,7725511.985600000247359],[745020.155600001104176,7725511.985600000247359],[745020.155600001104176,7725510.985600001178682],[745021.155600000172853,7725510.985600001178682],[745021.155600000172853,7725509.985599999316037],[745022.155600002035499,7725509.985599999316037],[745022.155600002035499,7725508.985600000247359],[745023.155600001104176,7725508.985600000247359],[745023.155600001104176,7725507.985600001178682],[745024.155600000172853,7725507.985600001178682],[745024.155600000172853,7725506.985600000247359],[745025.155600001104176,7725506.985600000247359],[745025.155600001104176,7725505.985600001178682],[745026.155600000172853,7725505.985600001178682],[745026.155600000172853,7725504.985600002110004],[745027.155600002035499,7725504.985600002110004],[745027.155600002035499,7725503.985600000247359],[745028.155600001104176,7725503.985600000247359],[745028.155600001104176,7725502.985600001178682],[745029.155600000172853,7725502.985600001178682],[745029.155600000172853,7725501.985600000247359],[745030.155600001104176,7725501.985600000247359],[745030.155600001104176,7725500.985600001178682],[745031.155600000172853,7725500.985600001178682],[745031.155600000172853,7725499.985600002110004],[745032.155599999241531,7725499.985600002110004],[745032.155599999241531,7725498.985600000247359],[745033.155600001104176,7725498.985600000247359],[745033.155600001104176,7725497.985600001178682],[745034.155600000172853,7725497.985600001178682],[745034.155600000172853,7725496.985600000247359],[745035.155600001104176,7725496.985600000247359],[745035.155600001104176,7725495.985600001178682],[745036.155600000172853,7725495.985600001178682],[745036.155600000172853,7725494.985600001178682],[745037.155600000172853,7725494.985600001178682],[745037.155600000172853,7725493.985600000247359],[745038.155600001104176,7725493.985600000247359],[745038.155600001104176,7725492.985600001178682],[745039.155600000172853,7725492.985600001178682],[745039.155600000172853,7725491.985600000247359],[745040.155600002035499,7725491.985600000247359],[745040.155600002035499,7725490.985600000247359],[745041.155600001104176,7725490.985600000247359],[745041.155600001104176,7725488.985600000247359],[745042.155600000172853,7725488.985600000247359],[745042.155600000172853,7725486.985599999316037],[745043.155600001104176,7725486.985599999316037],[745043.155600001104176,7725485.985600000247359],[745044.155600000172853,7725485.985600000247359],[745044.155600000172853,7725483.985600000247359],[745045.155600002035499,7725483.985600000247359],[745045.155600002035499,7725482.985600001178682],[745046.155600001104176,7725482.985600001178682],[745046.155600001104176,7725478.985600000247359],[745047.155600000172853,7725478.985600000247359],[745047.155600000172853,7725477.985600001178682],[745048.155600001104176,7725477.985600001178682],[745048.155600001104176,7725476.985600002110004],[745049.155600000172853,7725476.985600002110004],[745049.155600000172853,7725469.985600001178682],[745050.155600002035499,7725469.985600001178682],[745050.155600002035499,7725468.985600000247359],[745051.155600001104176,7725468.985600000247359],[745051.155600001104176,7725467.985600000247359],[745052.155600000172853,7725467.985600000247359],[745052.155600000172853,7725466.985600001178682],[745053.155600001104176,7725466.985600001178682],[745053.155600001104176,7725465.985600000247359],[745054.155600000172853,7725465.985600000247359],[745054.155600000172853,7725464.985600001178682],[745055.155599999241531,7725464.985600001178682],[745055.155599999241531,7725463.985599999316037],[745056.155600001104176,7725463.985599999316037],[745056.155600001104176,7725462.985600000247359],[745057.155600000172853,7725462.985600000247359],[745057.155600000172853,7725461.985600001178682],[745058.155600001104176,7725461.985600001178682],[745058.155600001104176,7725460.985600000247359],[745060.155600000172853,7725460.985600000247359],[745060.155600000172853,7725459.985600001178682],[745061.155600001104176,7725459.985600001178682],[745061.155600001104176,7725458.985600002110004],[745062.155600000172853,7725458.985600002110004],[745062.155600000172853,7725457.985600000247359],[745063.155600002035499,7725457.985600000247359],[745063.155600002035499,7725456.985600001178682],[745064.155600001104176,7725456.985600001178682],[745064.155600001104176,7725455.985600000247359],[745065.155600000172853,7725455.985600000247359],[745065.155600000172853,7725454.985600001178682],[745066.155600001104176,7725454.985600001178682],[745066.155600001104176,7725453.985600002110004],[745067.155600000172853,7725453.985600002110004],[745067.155600000172853,7725452.985600000247359],[745068.155600002035499,7725452.985600000247359],[745068.155600002035499,7725451.985600001178682],[745069.155600001104176,7725451.985600001178682],[745069.155600001104176,7725450.985600000247359],[745070.155600000172853,7725450.985600000247359],[745070.155600000172853,7725449.985600001178682],[745071.155600001104176,7725449.985600001178682],[745071.155600001104176,7725448.985600001178682],[745073.155600002035499,7725448.985600001178682],[745073.155600002035499,7725447.985600000247359],[745074.155600001104176,7725447.985600000247359],[745074.155600001104176,7725446.985600001178682],[745075.155600000172853,7725446.985600001178682],[745075.155600000172853,7725445.985600000247359],[745076.155600001104176,7725445.985600000247359],[745076.155600001104176,7725444.985600000247359],[745077.155600000172853,7725444.985600000247359],[745077.155600000172853,7725443.985600001178682],[745078.155599999241531,7725443.985600001178682],[745078.155599999241531,7725442.985600000247359],[745079.155600001104176,7725442.985600000247359],[745079.155600001104176,7725441.985600001178682],[745080.155600000172853,7725441.985600001178682],[745080.155600000172853,7725440.985600002110004],[745081.155600001104176,7725440.985600002110004],[745081.155600001104176,7725439.985600000247359],[745082.155600001104176,7725439.985600000247359],[745082.155600001104176,7725438.985600001178682],[745083.155600000172853,7725438.985600001178682],[745083.155600000172853,7725437.985600000247359],[745084.155600001104176,7725437.985600000247359],[745084.155600001104176,7725436.985600001178682],[745085.155600000172853,7725436.985600001178682],[745085.155600000172853,7725435.985600002110004],[745086.155600002035499,7725435.985600002110004],[745086.155600002035499,7725434.985600000247359],[745087.155600001104176,7725434.985600000247359],[745087.155600001104176,7725433.985600001178682],[745088.155600000172853,7725433.985600001178682],[745088.155600000172853,7725432.985600000247359],[745089.155600001104176,7725432.985600000247359],[745089.155600001104176,7725431.985600001178682],[745090.155600000172853,7725431.985600001178682],[745090.155600000172853,7725430.985600002110004],[745091.155600002035499,7725430.985600002110004],[745091.155600002035499,7725429.985600000247359],[745092.155600001104176,7725429.985600000247359],[745092.155600001104176,7725428.985600001178682],[745093.155600000172853,7725428.985600001178682],[745093.155600000172853,7725427.985600000247359],[745094.155600001104176,7725427.985600000247359],[745094.155600001104176,7725426.985600001178682],[745095.155600000172853,7725426.985600001178682],[745095.155600000172853,7725425.985600001178682],[745097.155600001104176,7725425.985600001178682],[745097.155600001104176,7725424.985600000247359],[745099.155600001104176,7725424.985600000247359],[745099.155600001104176,7725423.985600001178682],[745101.155600000172853,7725423.985600001178682],[745101.155600000172853,7725422.985599999316037],[745104.155600001104176,7725422.985599999316037],[745104.155600001104176,7725421.985600000247359],[745107.155600001104176,7725421.985600000247359],[745107.155600001104176,7725420.985600001178682],[745109.155600002035499,7725420.985600001178682],[745109.155600002035499,7725419.985600000247359],[745110.155600001104176,7725419.985600000247359],[745110.155600001104176,7725418.985600001178682],[745112.155600001104176,7725418.985600001178682],[745112.155600001104176,7725417.985600002110004],[745113.155600000172853,7725417.985600002110004],[745113.155600000172853,7725416.985600000247359],[745114.155600002035499,7725416.985600000247359],[745114.155600002035499,7725415.985600001178682],[745115.155600001104176,7725415.985600001178682],[745115.155600001104176,7725414.985600000247359],[745116.155600000172853,7725414.985600000247359],[745116.155600000172853,7725413.985600001178682],[745117.155600001104176,7725413.985600001178682],[745117.155600001104176,7725412.985600002110004],[745118.155600000172853,7725412.985600002110004],[745118.155600000172853,7725411.985600000247359],[745119.155599999241531,7725411.985600000247359],[745119.155599999241531,7725410.985600001178682],[745120.155600001104176,7725410.985600001178682],[745120.155600001104176,7725409.985600000247359],[745121.155600000172853,7725409.985600000247359],[745121.155600000172853,7725408.985600001178682],[745122.155600001104176,7725408.985600001178682],[745122.155600001104176,7725407.985600002110004],[745174.155600001104176,7725407.985600002110004],[745174.155600001104176,7725406.985600000247359],[745175.155600000172853,7725406.985600000247359],[745175.155600000172853,7725405.985600001178682],[745176.155600001104176,7725405.985600001178682],[745176.155600001104176,7725404.985600000247359],[745177.155600000172853,7725404.985600000247359],[745177.155600000172853,7725403.985600001178682],[745178.155600002035499,7725403.985600001178682],[745178.155600002035499,7725402.985600001178682],[745179.155600001104176,7725402.985600001178682],[745179.155600001104176,7725401.985600000247359],[745180.155600000172853,7725401.985600000247359],[745180.155600000172853,7725400.985600001178682],[745181.155600001104176,7725400.985600001178682],[745181.155600001104176,7725399.985599999316037],[745182.155600000172853,7725399.985599999316037],[745182.155600000172853,7725398.985600000247359],[745183.155600002035499,7725398.985600000247359],[745183.155600002035499,7725397.985600001178682],[745184.155600001104176,7725397.985600001178682],[745184.155600001104176,7725396.985600000247359],[745185.155600000172853,7725396.985600000247359],[745185.155600000172853,7725395.985600001178682],[745186.155600001104176,7725395.985600001178682],[745186.155600001104176,7725394.985600002110004],[745188.155599999241531,7725394.985600002110004],[745188.155599999241531,7725393.985600000247359],[745189.155600001104176,7725393.985600000247359],[745189.155600001104176,7725392.985600001178682],[745190.155600000172853,7725392.985600001178682],[745190.155600000172853,7725391.985600000247359],[745191.155600001104176,7725391.985600000247359],[745191.155600001104176,7725390.985600001178682],[745192.155600000172853,7725390.985600001178682],[745192.155600000172853,7725389.985600002110004],[745193.155600000172853,7725389.985600002110004],[745193.155600000172853,7725388.985600000247359],[745194.155600001104176,7725388.985600000247359],[745194.1557,7725387.985600001178682],[745194.155600001104176,7725383.985600000247359],[745193.155600000172853,7725383.985600000247359],[745193.155600000172853,7725380.985600000247359],[745192.155600000172853,7725380.985600000247359],[745192.155600000172853,7725376.985599999316037],[745191.155600001104176,7725376.985599999316037],[745191.155600001104176,7725372.985600001178682],[745190.155600000172853,7725372.985600001178682],[745190.155600000172853,7725367.985600001178682],[745189.155600001104176,7725367.985600001178682],[745189.155600001104176,7725363.985600000247359],[745188.155599999241531,7725363.985600000247359],[745188.155599999241531,7725327.985600000247359],[745189.155600001104176,7725327.985600000247359],[745189.155600001104176,7725326.985600001178682],[745190.155600000172853,7725326.985600001178682],[745190.155600000172853,7725325.985600002110004],[745191.155600001104176,7725325.985600002110004],[745191.155600001104176,7725324.985600000247359],[745192.155600000172853,7725324.985600000247359],[745192.155600000172853,7725323.985600001178682],[745193.155600000172853,7725323.985600001178682],[745193.155600000172853,7725322.985600000247359],[745194.155600001104176,7725322.985600000247359],[745194.155600001104176,7725321.985600001178682],[745195.155600000172853,7725321.985600001178682],[745195.155600000172853,7725320.985600002110004],[745196.155600002035499,7725320.985600002110004],[745196.155600002035499,7725319.985600000247359],[745197.155600001104176,7725319.985600000247359],[745197.155600001104176,7725318.985600001178682],[745198.155600000172853,7725318.985600001178682],[745198.155600000172853,7725317.985600000247359],[745199.155600001104176,7725317.985600000247359],[745199.155600001104176,7725316.985600001178682],[745200.155600000172853,7725316.985600001178682],[745200.155600000172853,7725315.985600001178682],[745201.155600002035499,7725315.985600001178682],[745201.155600002035499,7725314.985600000247359],[745202.155600001104176,7725314.985600000247359],[745202.155600001104176,7725313.985600001178682],[745203.155600000172853,7725313.985600001178682],[745203.155600000172853,7725312.985600000247359],[745204.155600001104176,7725312.985600000247359],[745204.155600001104176,7725311.985600000247359],[745205.155600000172853,7725311.985600000247359],[745205.155600000172853,7725310.985600001178682],[745206.155600002035499,7725310.985600001178682],[745206.155600002035499,7725309.985600000247359],[745207.155600001104176,7725309.985600000247359],[745207.155600001104176,7725308.985600001178682],[745208.155600000172853,7725308.985600001178682],[745208.155600000172853,7725307.985599999316037],[745209.155600001104176,7725307.985599999316037],[745209.155600001104176,7725306.985600000247359],[745210.155600000172853,7725306.985600000247359],[745210.155600000172853,7725305.985600001178682],[745211.155599999241531,7725305.985600001178682],[745211.155599999241531,7725304.985600000247359],[745212.155600001104176,7725304.985600000247359],[745212.155600001104176,7725303.985600001178682],[745213.155600000172853,7725303.985600001178682],[745213.155600000172853,7725302.985600002110004],[745214.155600001104176,7725302.985600002110004],[745214.155600001104176,7725301.985600000247359],[745215.155600001104176,7725301.985600000247359],[745215.155600001104176,7725300.985600001178682],[745216.155600000172853,7725300.985600001178682],[745216.155600000172853,7725299.985600000247359],[745217.155600001104176,7725299.985600000247359],[745217.155600001104176,7725298.985600001178682],[745218.155600000172853,7725298.985600001178682],[745218.155600000172853,7725297.985600002110004],[745219.155600002035499,7725297.985600002110004],[745219.155600002035499,7725296.985600000247359],[745220.155600001104176,7725296.985600000247359],[745220.155600001104176,7725295.985600001178682],[745221.155600000172853,7725295.985600001178682],[745221.155600000172853,7725294.985600000247359],[745222.155600001104176,7725294.985600000247359],[745222.155600001104176,7725293.985600001178682],[745223.155600000172853,7725293.985600001178682],[745223.155600000172853,7725292.985600001178682],[745224.155600002035499,7725292.985600001178682],[745224.155600002035499,7725291.985600000247359],[745225.155600001104176,7725291.985600000247359],[745225.155600001104176,7725290.985600001178682],[745226.155600000172853,7725290.985600001178682],[745226.155600000172853,7725289.985600000247359],[745227.155600001104176,7725289.985600000247359],[745227.155600001104176,7725288.985600000247359],[745228.155600000172853,7725288.985600000247359],[745228.155600000172853,7725287.985600001178682],[745229.155600002035499,7725287.985600001178682],[745229.155600002035499,7725286.985600000247359],[745230.155600001104176,7725286.985600000247359],[745230.155600001104176,7725285.985600001178682],[745231.155600000172853,7725285.985600001178682],[745231.155600000172853,7725284.985599999316037],[745232.155600001104176,7725284.985599999316037],[745232.155600001104176,7725283.985600000247359],[745233.155600000172853,7725283.985600000247359],[745233.155600000172853,7725282.985600001178682],[745234.155599999241531,7725282.985600001178682],[745234.155599999241531,7725281.985600000247359],[745235.155600001104176,7725281.985600000247359],[745235.155600001104176,7725280.985600001178682],[745236.155600000172853,7725280.985600001178682],[745236.155600000172853,7725279.985600002110004],[745237.155600001104176,7725279.985600002110004],[745237.155600001104176,7725278.985600000247359],[745238.155600001104176,7725278.985600000247359],[745238.155600001104176,7725277.985600001178682],[745239.155600000172853,7725277.985600001178682],[745239.155600000172853,7725276.985600000247359],[745240.155600001104176,7725276.985600000247359],[745240.155600001104176,7725275.985600001178682],[745241.155600000172853,7725275.985600001178682],[745241.155600000172853,7725274.985600002110004],[745242.155600002035499,7725274.985600002110004],[745242.155600002035499,7725273.985600000247359],[745243.155600001104176,7725273.985600000247359],[745243.155600001104176,7725272.985600001178682],[745244.155600000172853,7725272.985600001178682],[745244.155600000172853,7725271.985600000247359],[745245.155600001104176,7725271.985600000247359],[745245.155600001104176,7725270.985600001178682],[745246.155600000172853,7725270.985600001178682],[745246.155600000172853,7725269.985600001178682],[745247.155600002035499,7725269.985600001178682],[745247.155600002035499,7725268.985600000247359],[745248.155600001104176,7725268.985600000247359],[745248.155600001104176,7725212.985600000247359],[745249.155600000172853,7725212.985600000247359],[745249.155600000172853,7725201.985600000247359],[745251.155600000172853,7725201.985600000247359],[745251.155600000172853,7725200.985600001178682],[745252.155600002035499,7725200.985600001178682],[745252.155600002035499,7725199.985600000247359],[745253.155600001104176,7725199.985600000247359],[745253.155600001104176,7725198.985600001178682],[745254.155600000172853,7725198.985600001178682],[745254.155600000172853,7725197.985599999316037],[745255.155600001104176,7725197.985599999316037],[745255.155600001104176,7725196.985600000247359],[745256.155600000172853,7725196.985600000247359],[745256.155600000172853,7725195.985600001178682],[745257.155599999241531,7725195.985600001178682],[745257.155599999241531,7725194.985600000247359],[745258.155600001104176,7725194.985600000247359],[745258.155600001104176,7725193.985600001178682],[745259.155600000172853,7725193.985600001178682],[745259.155600000172853,7725192.985600002110004],[745260.155600001104176,7725192.985600002110004],[745260.155600001104176,7725191.985600000247359],[745261.155600001104176,7725191.985600000247359],[745261.155600001104176,7725190.985600001178682],[745262.155600000172853,7725190.985600001178682],[745262.155600000172853,7725189.985600000247359],[745263.155600001104176,7725189.985600000247359],[745263.155600001104176,7725188.985600001178682],[745264.155600000172853,7725188.985600001178682],[745264.155600000172853,7725187.985600002110004],[745265.155600002035499,7725187.985600002110004],[745265.155600002035499,7725186.985600000247359],[745266.155600001104176,7725186.985600000247359],[745266.155600001104176,7725185.985600001178682],[745267.155600000172853,7725185.985600001178682],[745267.155600000172853,7725184.985600000247359],[745268.155600001104176,7725184.985600000247359],[745268.155600001104176,7725183.985600001178682],[745269.155600000172853,7725183.985600001178682],[745269.155600000172853,7725182.985600002110004],[745270.155600002035499,7725182.985600002110004],[745270.155600002035499,7725181.985600000247359],[745271.155600001104176,7725181.985600000247359],[745271.155600001104176,7725180.985600001178682],[745272.155600000172853,7725180.985600001178682],[745272.155600000172853,7725179.985600000247359],[745273.155600001104176,7725179.985600000247359],[745273.155600001104176,7725178.985600000247359],[745274.155600000172853,7725178.985600000247359],[745274.155600000172853,7725177.985600001178682],[745275.155600002035499,7725177.985600001178682],[745275.155600002035499,7725176.985600000247359],[745276.155600001104176,7725176.985600000247359],[745276.155600001104176,7725175.985600001178682],[745277.155600000172853,7725175.985600001178682],[745277.155600000172853,7725174.985599999316037],[745278.155600001104176,7725174.985599999316037],[745278.155600001104176,7725173.985600000247359],[745279.155600000172853,7725173.985600000247359],[745279.155600000172853,7725172.985600001178682],[745280.155600000172853,7725172.985600001178682],[745280.155600000172853,7725171.985600000247359],[745281.155600001104176,7725171.985600000247359],[745281.155600001104176,7725170.985600001178682],[745286.155600001104176,7725170.985600001178682],[745286.155600001104176,7725171.985600000247359],[745292.155600000172853,7725171.985600000247359],[745292.155600000172853,7725172.985600001178682],[745297.155600000172853,7725172.985600001178682],[745297.155600000172853,7725173.985600000247359],[745303.155600000172853,7725173.985600000247359],[745303.155600000172853,7725174.985599999316037],[745308.155600000172853,7725174.985599999316037],[745308.155600000172853,7725175.985600001178682],[745314.155600001104176,7725175.985600001178682],[745314.155600001104176,7725176.985600000247359],[745319.155600001104176,7725176.985600000247359],[745319.155600001104176,7725177.985600001178682],[745322.155600001104176,7725177.985600001178682],[745322.155600001104176,7725174.985599999316037],[745323.155600000172853,7725174.985599999316037],[745323.155600000172853,7725169.985600002110004],[745324.155600001104176,7725169.985600002110004],[745324.155600001104176,7725163.985600000247359],[745325.155600000172853,7725163.985600000247359],[745325.155600000172853,7725157.985600001178682],[745326.155600000172853,7725157.985600001178682],[745326.155600000172853,7725151.985599999316037],[745327.155600001104176,7725151.985599999316037],[745327.155600001104176,7725145.985600000247359],[745328.155600000172853,7725145.985600000247359],[745328.155600000172853,7725139.985600001178682],[745329.155600002035499,7725139.985600001178682],[745329.155600002035499,7725133.985600000247359],[745330.155600001104176,7725133.985600000247359],[745330.155600001104176,7725128.985599999316037],[745331.155600000172853,7725128.985599999316037],[745331.155600000172853,7725125.985600000247359],[745332.155600001104176,7725125.985600000247359],[745332.155600001104176,7725124.985600001178682],[745333.155600000172853,7725124.985600001178682],[745333.155600000172853,7725123.985600002110004],[745334.155600002035499,7725123.985600002110004],[745334.155600002035499,7725122.985600000247359],[745335.155600001104176,7725122.985600000247359],[745335.155600001104176,7725121.985600001178682],[745336.155600000172853,7725121.985600001178682],[745336.155600000172853,7725120.985600000247359],[745337.155600001104176,7725120.985600000247359],[745337.155600001104176,7725119.985600001178682],[745338.155600000172853,7725119.985600001178682],[745338.155600000172853,7725118.985600002110004],[745339.155600002035499,7725118.985600002110004],[745339.155600002035499,7725117.985600000247359],[745340.155600001104176,7725117.985600000247359],[745340.155600001104176,7725116.985600001178682],[745341.155600000172853,7725116.985600001178682],[745341.155600000172853,7725115.985600000247359],[745342.155600001104176,7725115.985600000247359],[745342.155600001104176,7725114.985600001178682],[745343.155600000172853,7725114.985600001178682],[745343.155600000172853,7725113.985600001178682],[745344.155599999241531,7725113.985600001178682],[745344.155599999241531,7725112.985600000247359],[745345.155600001104176,7725112.985600000247359],[745345.155600001104176,7725111.985600001178682],[745346.155600000172853,7725111.985600001178682],[745346.155600000172853,7725110.985600000247359],[745347.155600001104176,7725110.985600000247359],[745347.155600001104176,7725109.985600000247359],[745348.155600000172853,7725109.985600000247359],[745348.155600000172853,7725108.985600001178682],[745349.155600000172853,7725108.985600001178682],[745349.155600000172853,7725107.985600000247359],[745350.155600001104176,7725107.985600000247359],[745350.155600001104176,7725106.985600001178682],[745351.155600000172853,7725106.985600001178682],[745351.155600000172853,7725105.985600002110004],[745352.155600002035499,7725105.985600002110004],[745352.155600002035499,7725104.985600000247359],[745353.155600001104176,7725104.985600000247359],[745353.155600001104176,7725103.985600001178682],[745354.155600000172853,7725103.985600001178682],[745354.155600000172853,7725102.985600000247359],[745355.155600001104176,7725102.985600000247359],[745355.155600001104176,7725101.985600001178682],[745356.155600000172853,7725101.985600001178682],[745356.155600000172853,7725100.985600002110004],[745357.155600002035499,7725100.985600002110004],[745357.155600002035499,7725099.985600000247359],[745358.155600001104176,7725099.985600000247359],[745358.155600001104176,7725098.985600001178682],[745359.155600000172853,7725098.985600001178682],[745359.155600000172853,7725097.985600000247359],[745360.155600001104176,7725097.985600000247359],[745360.155600001104176,7725096.985600001178682],[745361.155600000172853,7725096.985600001178682],[745361.155600000172853,7725095.985600002110004],[745362.155600002035499,7725095.985600002110004],[745362.155600002035499,7725094.985600000247359],[745363.155600001104176,7725094.985600000247359],[745363.155600001104176,7725093.985600001178682],[745364.155600000172853,7725093.985600001178682],[745364.155600000172853,7725092.985600000247359],[745365.155600001104176,7725092.985600000247359],[745365.155600001104176,7725091.985600001178682],[745366.155600000172853,7725091.985600001178682],[745366.155600000172853,7725090.985600001178682],[745367.155599999241531,7725090.985600001178682],[745367.155599999241531,7725089.985600000247359],[745368.155600001104176,7725089.985600000247359],[745368.155600001104176,7725088.985600001178682],[745369.155600000172853,7725088.985600001178682],[745369.155600000172853,7725087.985599999316037],[745370.155600001104176,7725087.985599999316037],[745370.155600001104176,7725086.985600000247359],[745371.155600000172853,7725086.985600000247359],[745371.155600000172853,7725085.985600001178682],[745372.155600000172853,7725085.985600001178682],[745372.155600000172853,7725084.985600000247359],[745373.155600001104176,7725084.985600000247359],[745373.155600001104176,7725083.985600001178682],[745374.155600000172853,7725083.985600001178682],[745374.155600000172853,7725069.985600000247359],[745375.155600002035499,7725069.985600000247359],[745375.155600002035499,7725068.985600001178682],[745379.155600000172853,7725068.985600001178682],[745379.155600000172853,7725067.985600001178682],[745384.155600000172853,7725067.985600001178682],[745384.155600000172853,7725066.985600000247359],[745388.155600001104176,7725066.985600000247359],[745388.155600001104176,7725065.985600001178682],[745393.155600001104176,7725065.985600001178682],[745393.155600001104176,7725064.985599999316037],[745397.155600000172853,7725064.985599999316037],[745397.155600000172853,7725063.985600000247359],[745402.155600000172853,7725063.985600000247359],[745402.155600000172853,7725062.985600001178682],[745406.155600001104176,7725062.985600001178682],[745406.155600001104176,7725061.985600000247359],[745411.155600001104176,7725061.985600000247359],[745411.155600001104176,7725060.985600001178682],[745416.155600001104176,7725060.985600001178682],[745416.155600001104176,7725059.985600002110004],[745419.155600001104176,7725059.985600002110004],[745419.155600001104176,7725058.985600000247359],[745420.155600000172853,7725058.985600000247359],[745420.155600000172853,7725059.985600002110004],[745425.155600000172853,7725059.985600002110004],[745425.155600000172853,7725058.985600000247359],[745478.155600001104176,7725058.985600000247359],[745478.155600001104176,7725056.985600000247359],[745479.155600000172853,7725056.985600000247359],[745479.155600000172853,7725054.985600002110004],[745480.155600001104176,7725054.985600002110004],[745480.155600001104176,7725053.985600000247359],[745481.155600000172853,7725053.985600000247359],[745481.155600000172853,7725052.985600001178682],[745482.155600000172853,7725052.985600001178682],[745482.155600000172853,7725049.985600002110004],[745483.155600001104176,7725049.985600002110004],[745483.155600001104176,7725048.985600000247359],[745484.155600000172853,7725048.985600000247359],[745484.155600000172853,7725047.985600001178682],[745485.155600001104176,7725047.985600001178682],[745485.155600001104176,7725045.985600001178682],[745486.155600001104176,7725045.985600001178682],[745486.155600001104176,7725043.985600000247359],[745487.155600000172853,7725043.985600000247359],[745487.155600000172853,7725041.985599999316037],[745488.155600001104176,7725041.985599999316037],[745488.155600001104176,7725040.985600000247359],[745489.155600000172853,7725040.985600000247359],[745489.155600000172853,7725038.985600000247359],[745490.155600002035499,7725038.985600000247359],[745490.155600002035499,7725036.985600002110004],[745491.155600001104176,7725036.985600002110004],[745491.1557,7725035.985600000247359],[745492.155700000934303,7725035.985600000247359],[745492.155700000934303,7725034.985600001178682],[745494.155700000934303,7725034.985600001178682],[745494.155700000934303,7725033.985600000247359],[745496.1557,7725033.985600000247359],[745496.1557,7725032.985600001178682],[745537.1557,7725032.985600001178682],[745537.1557,7725031.985600002110004],[745539.1557,7725031.985600002110004],[745539.1557,7725030.985600000247359],[745541.155700000934303,7725030.985600000247359],[745541.155700000934303,7725029.985600001178682],[745544.1557,7725029.985600001178682],[745544.1557,7725028.985600000247359],[745546.155700000934303,7725028.985600000247359],[745546.155700000934303,7725027.985600001178682],[745549.1557,7725027.985600001178682],[745549.1557,7725026.985600002110004],[745558.155700000934303,7725026.985600002110004],[745558.155700000934303,7725027.985600001178682],[745565.1557,7725027.985600001178682],[745565.1557,7725028.985600000247359],[745572.1557,7725028.985600000247359],[745572.1557,7725029.985600001178682],[745580.1557,7725029.985600001178682],[745580.1557,7725030.985600000247359],[745587.155700000934303,7725030.985600000247359],[745587.155700000934303,7725031.985600002110004],[745594.155700000934303,7725031.985600002110004],[745594.155700000934303,7725032.985600001178682],[745602.155700000934303,7725032.985600001178682],[745602.155700000934303,7725033.985600000247359],[745609.155700001865625,7725033.985600000247359],[745609.155700001865625,7725034.985600001178682],[745616.1557,7725034.985600001178682],[745616.1557,7725035.985600000247359],[745623.1557,7725035.985600000247359],[745623.1557,7725036.985600002110004],[745631.1557,7725036.985600002110004],[745631.1557,7725037.985600001178682],[745638.155700000934303,7725037.985600001178682],[745638.155700000934303,7725038.985600000247359],[745645.155700000934303,7725038.985600000247359],[745645.155700000934303,7725039.985600001178682],[745652.1557,7725039.985600001178682],[745652.1557,7725040.985600000247359],[745660.155700001865625,7725040.985600000247359],[745660.155700001865625,7725041.985599999316037],[745667.1557,7725041.985599999316037],[745667.1557,7725042.985600001178682],[745673.155700001865625,7725042.985600001178682],[745673.155700001865625,7725041.985599999316037],[745674.155700000934303,7725041.985599999316037],[745674.155700000934303,7725040.985600000247359],[745675.1557,7725040.985600000247359],[745675.1557,7725039.985600001178682],[745676.155700000934303,7725039.985600001178682],[745676.155700000934303,7725038.985600000247359],[745677.1557,7725038.985600000247359],[745677.1557,7725037.985600001178682],[745678.155700001865625,7725037.985600001178682],[745678.155700001865625,7725036.985600002110004],[745679.155700000934303,7725036.985600002110004],[745679.155700000934303,7725035.985600000247359],[745680.1557,7725035.985600000247359],[745680.1557,7725034.985600001178682],[745681.155700000934303,7725034.985600001178682],[745681.155700000934303,7725033.985600000247359],[745686.155700000934303,7725033.985600000247359],[745686.155700000934303,7725032.985600001178682],[745687.1557,7725032.985600001178682],[745687.1557,7725031.985600002110004],[745688.155699999071658,7725031.985600002110004],[745688.155699999071658,7725030.985600000247359],[745690.1557,7725030.985600000247359],[745690.1557,7725029.985600001178682],[745691.155700000934303,7725029.985600001178682],[745691.155700000934303,7725028.985600000247359],[745692.1557,7725028.985600000247359],[745692.1557,7725027.985600001178682],[745694.155700000934303,7725027.985600001178682],[745694.155700000934303,7725026.985600002110004],[745695.1557,7725026.985600002110004],[745695.1557,7725025.985600000247359],[745696.155700001865625,7725025.985600000247359],[745696.155700001865625,7725024.985600001178682],[745697.155700000934303,7725024.985600001178682],[745697.155700000934303,7725023.985600000247359],[745698.1557,7725023.985600000247359],[745698.1557,7725022.985600000247359],[745700.1557,7725022.985600000247359],[745700.1557,7725021.985600001178682],[745701.155700001865625,7725021.985600001178682],[745701.155700001865625,7725020.985600000247359],[745702.155700000934303,7725020.985600000247359],[745702.155700000934303,7725019.985600001178682],[745703.1557,7725019.985600001178682],[745703.1557,7725018.985599999316037],[745705.1557,7725018.985599999316037],[745705.1557,7725017.985600000247359],[745706.155700001865625,7725017.985600000247359],[745706.155700001865625,7725016.985600001178682],[745707.155700000934303,7725016.985600001178682],[745707.155700000934303,7725015.985600000247359],[745708.1557,7725015.985600000247359],[745708.1557,7725014.985600001178682],[745709.155700000934303,7725014.985600001178682],[745709.155700000934303,7725013.985600002110004],[745711.155699999071658,7725013.985600002110004],[745711.155699999071658,7725012.985600000247359],[745712.155700000934303,7725012.985600000247359],[745712.155700000934303,7725011.985600001178682],[745713.1557,7725011.985600001178682],[745713.1557,7725010.985600000247359],[745714.155700000934303,7725010.985600000247359],[745714.155700000934303,7725009.985600001178682],[745716.1557,7725009.985600001178682],[745716.1557,7725008.985600002110004],[745717.155700000934303,7725008.985600002110004],[745717.155700000934303,7725007.985600000247359],[745719.155700001865625,7725007.985600000247359],[745719.155700001865625,7725006.985600001178682],[745721.1557,7725006.985600001178682],[745721.1557,7725005.985600000247359],[745722.155700000934303,7725005.985600000247359],[745722.155700000934303,7725004.985600001178682],[745723.1557,7725004.985600001178682],[745723.1557,7725003.985600002110004],[745726.1557,7725003.985600002110004],[745726.1557,7725002.985600000247359],[745729.155700001865625,7725002.985600000247359],[745729.155700001865625,7725001.985600001178682],[745730.155700000934303,7725001.985600001178682],[745730.155700000934303,7725000.985600000247359],[745731.1557,7725000.985600000247359],[745731.1557,7724999.985600000247359],[745734.155699999071658,7724999.985600000247359],[745734.155699999071658,7724998.985600001178682],[745737.155700000934303,7724998.985600001178682],[745737.155700000934303,7724997.985600000247359],[745738.155700000934303,7724997.985600000247359],[745738.155700000934303,7724996.985600001178682],[745739.1557,7724996.985600001178682],[745739.1557,7724995.985599999316037],[745742.155700001865625,7724995.985599999316037],[745742.155700001865625,7724994.985600000247359],[745743.155700000934303,7724994.985600000247359],[745743.155700000934303,7724993.985600001178682],[745744.1557,7724993.985600001178682],[745744.1557,7724992.985600000247359],[745745.155700000934303,7724992.985600000247359],[745745.155700000934303,7724991.985600001178682],[745746.1557,7724991.985600001178682],[745746.1557,7724990.985600002110004],[745747.155700001865625,7724990.985600002110004],[745747.155700001865625,7724989.985600000247359],[745748.155700000934303,7724989.985600000247359],[745748.155700000934303,7724988.985600001178682],[745749.1557,7724988.985600001178682],[745749.1557,7724987.985600000247359],[745750.155700000934303,7724987.985600000247359],[745750.155700000934303,7724986.985600001178682],[745751.1557,7724986.985600001178682],[745751.1557,7724985.985600002110004],[745752.155700001865625,7724985.985600002110004],[745752.155700001865625,7724984.985600000247359],[745753.155700000934303,7724984.985600000247359],[745753.155700000934303,7724983.985600001178682],[745754.1557,7724983.985600001178682],[745754.1557,7724982.985600000247359],[745755.155700000934303,7724982.985600000247359],[745755.155700000934303,7724981.985600001178682],[745756.1557,7724981.985600001178682],[745756.1557,7724980.985600002110004],[745784.155700000934303,7724980.985600002110004],[745784.155700000934303,7724979.985600000247359],[745785.1557,7724979.985600000247359],[745785.1557,7724978.985600001178682],[745786.155700000934303,7724978.985600001178682],[745786.155700000934303,7724977.985600000247359],[745787.1557,7724977.985600000247359],[745787.1557,7724976.985600000247359],[745788.155700001865625,7724976.985600000247359],[745788.155700001865625,7724975.985600001178682],[745789.155700000934303,7724975.985600001178682],[745789.155700000934303,7724974.985600000247359],[745790.1557,7724974.985600000247359],[745790.1557,7724973.985600001178682],[745791.155700000934303,7724973.985600001178682],[745791.155700000934303,7724972.985599999316037],[745792.1557,7724972.985599999316037],[745792.1557,7724971.985600000247359],[745793.155700001865625,7724971.985600000247359],[745793.155700001865625,7724970.985600001178682],[745794.155700000934303,7724970.985600001178682],[745794.155700000934303,7724969.985600000247359],[745795.1557,7724969.985600000247359],[745795.1557,7724968.985600001178682],[745796.155700000934303,7724968.985600001178682],[745796.155700000934303,7724967.985600002110004],[745797.1557,7724967.985600002110004],[745797.1557,7724966.985600000247359],[745798.155700001865625,7724966.985600000247359],[745798.155700001865625,7724965.985600001178682],[745799.155700000934303,7724965.985600001178682],[745799.155700000934303,7724964.985600000247359],[745800.1557,7724964.985600000247359],[745800.1557,7724963.985600001178682],[745801.155700000934303,7724963.985600001178682],[745801.155700000934303,7724962.985600002110004],[745802.1557,7724962.985600002110004],[745802.1557,7724961.985600000247359],[745803.1557,7724961.985600000247359],[745803.1557,7724960.985600001178682],[745804.155700000934303,7724960.985600001178682],[745804.155700000934303,7724959.985600000247359],[745805.1557,7724959.985600000247359],[745805.1557,7724958.985600001178682],[745806.155700000934303,7724958.985600001178682],[745806.155700000934303,7724957.985600001178682],[745807.155700000934303,7724957.985600001178682],[745807.155700000934303,7724956.985600000247359],[745808.1557,7724956.985600000247359],[745808.1557,7724955.985600001178682],[745809.155700000934303,7724955.985600001178682],[745809.155700000934303,7724954.985600000247359],[745810.1557,7724954.985600000247359],[745810.1557,7724953.985600000247359],[745811.155700001865625,7724953.985600000247359],[745811.155700001865625,7724952.985600001178682],[745812.155700000934303,7724952.985600001178682],[745812.155700000934303,7724951.985600000247359],[745813.1557,7724951.985600000247359],[745813.1557,7724950.985600001178682],[745814.155700000934303,7724950.985600001178682],[745814.155700000934303,7724949.985599999316037],[745815.1557,7724949.985599999316037],[745815.1557,7724948.985600000247359],[745816.155700001865625,7724948.985600000247359],[745816.155700001865625,7724947.985600001178682],[745817.155700000934303,7724947.985600001178682],[745817.155700000934303,7724946.985600000247359],[745818.1557,7724946.985600000247359],[745818.1557,7724945.985600001178682],[745819.155700000934303,7724945.985600001178682],[745819.155700000934303,7724944.985600002110004],[745820.1557,7724944.985600002110004],[745820.1557,7724939.985600002110004],[745821.155699999071658,7724939.985600002110004],[745821.155699999071658,7724935.985600001178682],[745822.155700000934303,7724935.985600001178682],[745822.155700000934303,7724930.985600000247359],[745823.1557,7724930.985600000247359],[745823.1557,7724929.985600001178682],[745824.155700000934303,7724929.985600001178682],[745824.155700000934303,7724928.985600000247359],[745825.1557,7724928.985600000247359],[745825.1557,7724927.985600001178682],[745833.1557,7724927.985600001178682],[745911.155700000934303,7724927.985600001178682],[745911.155700000934303,7724926.985600002110004],[745943.1557,7724926.985600002110004],[745943.1557,7724925.985600000247359],[745944.155700001865625,7724925.985600000247359],[745944.155700001865625,7724924.985600001178682],[745946.1557,7724924.985600001178682],[745946.1557,7724923.985600000247359],[745948.1557,7724923.985600000247359],[745948.1557,7724922.985600001178682],[745949.155700001865625,7724922.985600001178682],[745949.155700001865625,7724921.985600002110004],[745951.1557,7724921.985600002110004],[745951.1557,7724920.985600000247359],[745953.1557,7724920.985600000247359],[745953.1557,7724919.985600001178682],[745954.155700001865625,7724919.985600001178682],[745954.155700001865625,7724918.985600000247359],[745956.1557,7724918.985600000247359],[745956.1557,7724917.985600001178682],[745958.1557,7724917.985600001178682],[745958.1557,7724916.985600002110004],[745959.155699999071658,7724916.985600002110004],[745959.155699999071658,7724915.985600000247359],[745961.1557,7724915.985600000247359],[745961.1557,7724914.985600001178682],[745963.155700000934303,7724914.985600001178682],[745963.155700000934303,7724913.985600000247359],[745964.1557,7724913.985600000247359],[745964.1557,7724912.985600001178682],[745966.1557,7724912.985600001178682],[745966.1557,7724911.985600001178682],[745967.155700001865625,7724911.985600001178682],[745967.155700001865625,7724910.985600000247359],[745969.1557,7724910.985600000247359],[745969.1557,7724909.985600001178682],[745971.1557,7724909.985600001178682],[745971.1557,7724908.985599999316037],[745972.155700001865625,7724908.985599999316037],[745972.155700001865625,7724907.985600000247359],[745974.1557,7724907.985600000247359],[745974.1557,7724906.985600001178682],[745976.1557,7724906.985600001178682],[745976.1557,7724905.985600000247359],[745977.155700001865625,7724905.985600000247359],[745977.155700001865625,7724904.985600001178682],[745979.1557,7724904.985600001178682],[745979.1557,7724903.985600002110004],[745981.1557,7724903.985600002110004],[745981.1557,7724902.985600000247359],[745982.1557,7724902.985600000247359],[745982.1557,7724901.985600001178682],[745984.1557,7724901.985600001178682],[745984.1557,7724900.985600000247359],[745986.155700000934303,7724900.985600000247359],[745986.155700000934303,7724899.985600001178682],[745987.1557,7724899.985600001178682],[745987.1557,7724898.985600002110004],[745989.1557,7724898.985600002110004],[745989.1557,7724897.985600000247359],[745991.155700000934303,7724897.985600000247359],[745991.155700000934303,7724896.985600001178682],[745992.1557,7724896.985600001178682],[745992.1557,7724895.985600000247359],[745994.1557,7724895.985600000247359],[745994.1557,7724894.985600001178682],[745995.155700001865625,7724894.985600001178682],[745995.155700001865625,7724893.985600002110004],[745997.1557,7724893.985600002110004],[745997.1557,7724892.985600000247359],[745999.1557,7724892.985600000247359],[745999.1557,7724891.985600001178682],[746000.155699999071658,7724891.985600001178682],[746000.155699999071658,7724890.985600000247359],[746002.1557,7724890.985600000247359],[746002.1557,7724889.985600001178682],[746004.1557,7724889.985600001178682],[746004.1557,7724888.985600001178682],[746005.1557,7724888.985600001178682],[746005.1557,7724887.985600000247359],[746007.1557,7724887.985600000247359],[746007.1557,7724886.985600001178682],[746009.155700000934303,7724886.985600001178682],[746009.155700000934303,7724885.985599999316037],[746010.1557,7724885.985599999316037],[746010.1557,7724884.985600000247359],[746012.1557,7724884.985600000247359],[746012.1557,7724883.985600001178682],[746014.155700000934303,7724883.985600001178682],[746014.155700000934303,7724882.985600000247359],[746015.1557,7724882.985600000247359],[746015.1557,7724881.985600001178682],[746017.1557,7724881.985600001178682],[746017.1557,7724880.985600002110004],[746019.155700000934303,7724880.985600002110004],[746019.155700000934303,7724879.985600000247359],[746020.1557,7724879.985600000247359],[746020.1557,7724878.985600001178682],[746022.1557,7724878.985600001178682],[746022.1557,7724877.985600000247359],[746023.155699999071658,7724877.985600000247359],[746023.155699999071658,7724876.985600001178682],[746025.1557,7724876.985600001178682],[746025.1557,7724875.985600002110004],[746027.1557,7724875.985600002110004],[746027.1557,7724874.985600000247359],[746029.155700000934303,7724874.985600000247359],[746029.155700000934303,7724873.985600001178682],[746031.155700001865625,7724873.985600001178682],[746031.155700001865625,7724872.985600000247359],[746032.155700000934303,7724872.985600000247359],[746032.155700000934303,7724871.985600001178682],[746033.1557,7724871.985600001178682],[746033.1557,7724870.985600002110004],[746034.155700000934303,7724870.985600002110004],[746034.155700000934303,7724869.985600000247359],[746035.1557,7724869.985600000247359],[746035.1557,7724868.985600001178682],[746036.155700001865625,7724868.985600001178682],[746036.155700001865625,7724867.985600000247359],[746037.155700000934303,7724867.985600000247359],[746037.155700000934303,7724866.985600001178682],[746038.1557,7724866.985600001178682],[746038.1557,7724865.985600001178682],[746039.155700000934303,7724865.985600001178682],[746039.155700000934303,7724864.985600000247359],[746040.1557,7724864.985600000247359],[746040.1557,7724863.985600001178682],[746041.155700001865625,7724863.985600001178682],[746041.155700001865625,7724862.985599999316037],[746042.155700000934303,7724862.985599999316037],[746042.155700000934303,7724861.985600000247359],[746045.1557,7724861.985600000247359],[746045.1557,7724860.985600001178682],[746050.1557,7724860.985600001178682],[746050.1557,7724859.985600000247359],[746055.155700000934303,7724859.985600000247359],[746055.155700000934303,7724858.985600001178682],[746060.155700000934303,7724858.985600001178682],[746060.155700000934303,7724857.985600002110004],[746065.155700000934303,7724857.985600002110004],[746065.155700000934303,7724856.985600000247359],[746070.155700000934303,7724856.985600000247359],[746070.155700000934303,7724855.985600001178682],[746075.155700000934303,7724855.985600001178682],[746075.155700000934303,7724854.985600000247359],[746079.1557,7724854.985600000247359],[746079.1557,7724853.985600001178682],[746084.1557,7724853.985600001178682],[746084.1557,7724852.985600002110004],[746089.1557,7724852.985600002110004],[746089.1557,7724851.985600000247359],[746094.1557,7724851.985600000247359],[746094.1557,7724850.985600001178682],[746099.1557,7724850.985600001178682],[746099.1557,7724849.985600000247359],[746104.1557,7724849.985600000247359],[746104.1557,7724848.985600001178682],[746109.1557,7724848.985600001178682],[746109.1557,7724847.985600002110004],[746113.155700000934303,7724847.985600002110004],[746113.155700000934303,7724846.985600000247359],[746118.155700000934303,7724846.985600000247359],[746118.155700000934303,7724847.985600002110004],[746119.155700000934303,7724847.985600002110004],[746119.155700000934303,7724848.985600001178682],[746120.1557,7724848.985600001178682],[746120.1557,7724849.985600000247359],[746121.155700000934303,7724849.985600000247359],[746121.155700000934303,7724850.985600001178682],[746122.1557,7724850.985600001178682],[746122.1557,7724851.985600000247359],[746123.155700001865625,7724851.985600000247359],[746123.155700001865625,7724852.985600002110004],[746124.155700000934303,7724852.985600002110004],[746124.155700000934303,7724853.985600001178682],[746125.1557,7724853.985600001178682],[746125.1557,7724854.985600000247359],[746126.155700000934303,7724854.985600000247359],[746126.155700000934303,7724855.985600001178682],[746127.1557,7724855.985600001178682],[746127.1557,7724856.985600000247359],[746128.155700001865625,7724856.985600000247359],[746128.155700001865625,7724857.985600002110004],[746129.155700000934303,7724857.985600002110004],[746129.155700000934303,7724858.985600001178682],[746130.1557,7724858.985600001178682],[746130.1557,7724859.985600000247359],[746131.155700000934303,7724859.985600000247359],[746131.155700000934303,7724860.985600001178682],[746132.1557,7724860.985600001178682],[746132.1557,7724861.985600000247359],[746133.155700001865625,7724861.985600000247359],[746133.155700001865625,7724862.985599999316037],[746134.155700000934303,7724862.985599999316037],[746134.155700000934303,7724863.985600001178682],[746135.1557,7724863.985600001178682],[746135.1557,7724864.985600000247359],[746136.155700000934303,7724864.985600000247359],[746136.155700000934303,7724865.985600001178682],[746137.1557,7724865.985600001178682],[746137.1557,7724866.985600001178682],[746138.155699999071658,7724866.985600001178682],[746138.155699999071658,7724867.985600000247359],[746139.155700000934303,7724867.985600000247359],[746139.155700000934303,7724868.985600001178682],[746140.1557,7724868.985600001178682],[746140.1557,7724869.985600000247359],[746141.155700000934303,7724869.985600000247359],[746141.155700000934303,7724870.985600002110004],[746142.155700000934303,7724870.985600002110004],[746142.155700000934303,7724871.985600001178682],[746143.1557,7724871.985600001178682],[746143.1557,7724872.985600000247359],[746144.155700000934303,7724872.985600000247359],[746144.155700000934303,7724874.985600000247359],[746145.1557,7724874.985600000247359],[746145.1557,7724875.985600002110004],[746147.155700000934303,7724875.985600002110004],[746147.155700000934303,7724876.985600001178682],[746150.1557,7724876.985600001178682],[746150.1557,7724877.985600000247359],[746153.1557,7724877.985600000247359],[746153.1557,7724878.985600001178682],[746156.155699999071658,7724878.985600001178682],[746156.155699999071658,7724879.985600000247359],[746158.1557,7724879.985600000247359],[746158.1557,7724880.985600002110004],[746160.1557,7724880.985600002110004],[746160.1557,7724881.985600001178682],[746162.155700000934303,7724881.985600001178682],[746162.155700000934303,7724882.985600000247359],[746165.155700000934303,7724882.985600000247359],[746165.155700000934303,7724883.985600001178682],[746194.1557,7724883.985600001178682],[746194.1557,7724884.985600000247359],[746195.155700000934303,7724884.985600000247359],[746195.155700000934303,7724885.985599999316037],[746196.1557,7724885.985599999316037],[746196.1557,7724886.985600001178682],[746198.155700000934303,7724886.985600001178682],[746198.155700000934303,7724887.985600000247359],[746199.1557,7724887.985600000247359],[746199.1557,7724888.985600001178682],[746200.155700000934303,7724888.985600001178682],[746200.155700000934303,7724889.985600001178682],[746201.1557,7724889.985600001178682],[746201.1557,7724890.985600000247359],[746202.155699999071658,7724890.985600000247359],[746202.155699999071658,7724891.985600001178682],[746319.1557,7724891.985600001178682],[746319.1557,7724890.985600000247359],[746320.155700000934303,7724890.985600000247359],[746320.155700000934303,7724889.985600001178682],[746321.155700000934303,7724889.985600001178682],[746321.155700000934303,7724888.985600001178682],[746322.1557,7724888.985600001178682],[746322.1557,7724887.985600000247359],[746323.155700000934303,7724887.985600000247359],[746323.155700000934303,7724886.985600001178682],[746324.1557,7724886.985600001178682],[746324.1557,7724885.985599999316037],[746325.155700001865625,7724885.985599999316037],[746325.155700001865625,7724884.985600000247359],[746326.155700000934303,7724884.985600000247359],[746326.155700000934303,7724883.985600001178682],[746327.1557,7724883.985600001178682],[746327.1557,7724882.985600000247359],[746328.155700000934303,7724882.985600000247359],[746328.155700000934303,7724881.985600001178682],[746329.1557,7724881.985600001178682],[746329.1557,7724880.985600002110004],[746330.155700001865625,7724880.985600002110004],[746330.155700001865625,7724879.985600000247359],[746331.155700000934303,7724879.985600000247359],[746331.155700000934303,7724878.985600001178682],[746346.155700000934303,7724878.985600001178682],[746346.155700000934303,7724877.985600000247359],[746352.1557,7724877.985600000247359],[746353.155600000172853,7724877.985600000247359],[746353.155600000172853,7724878.985600001178682],[746354.155600000172853,7724878.985600001178682],[746354.155600000172853,7724880.985600002110004],[746355.155600001104176,7724880.985600002110004],[746355.155600001104176,7724881.985600001178682],[746356.155600000172853,7724881.985600001178682],[746356.155600000172853,7724883.985600001178682],[746357.155600001104176,7724883.985600001178682],[746357.155600001104176,7724884.985600000247359],[746358.155600001104176,7724884.985600000247359],[746358.155600001104176,7724886.985600001178682],[746359.155600000172853,7724886.985600001178682],[746359.155600000172853,7724887.985600000247359],[746360.155600001104176,7724887.985600000247359],[746360.155600001104176,7724889.985600001178682],[746361.155600000172853,7724889.985600001178682],[746361.155600000172853,7724890.985600000247359],[746362.155600002035499,7724890.985600000247359],[746362.155600002035499,7724892.985600000247359],[746363.155600001104176,7724892.985600000247359],[746363.155600001104176,7724893.985600002110004],[746364.155600000172853,7724893.985600002110004],[746364.155600000172853,7724894.985600001178682],[746365.155600001104176,7724894.985600001178682],[746365.155600001104176,7724896.985600001178682],[746366.155600000172853,7724896.985600001178682],[746366.155600000172853,7724897.985600000247359],[746367.155600002035499,7724897.985600000247359],[746367.155600002035499,7724899.985600001178682],[746368.155600001104176,7724899.985600001178682],[746368.155600001104176,7724900.985600000247359],[746369.155600000172853,7724900.985600000247359],[746369.155600000172853,7724902.985600000247359],[746370.155600001104176,7724902.985600000247359],[746370.155600001104176,7724903.985600002110004],[746371.155600000172853,7724903.985600002110004],[746371.155600000172853,7724904.985600001178682],[746372.155599999241531,7724904.985600001178682],[746372.155599999241531,7724906.985600001178682],[746373.155600001104176,7724906.985600001178682],[746373.155600001104176,7724907.985600000247359],[746374.155600000172853,7724907.985600000247359],[746374.155600000172853,7724909.985600001178682],[746375.155600001104176,7724909.985600001178682],[746375.155600001104176,7724910.985600000247359],[746376.155600000172853,7724910.985600000247359],[746376.155600000172853,7724912.985600001178682],[746377.155600000172853,7724912.985600001178682],[746377.155600000172853,7724913.985600000247359],[746378.155600001104176,7724913.985600000247359],[746378.155600001104176,7724915.985600000247359],[746379.155600000172853,7724915.985600000247359],[746379.155600000172853,7724916.985600002110004],[746380.155600002035499,7724916.985600002110004],[746380.155600002035499,7724917.985600001178682],[746381.155600001104176,7724917.985600001178682],[746381.155600001104176,7724919.985600001178682],[746382.155600000172853,7724919.985600001178682],[746382.155600000172853,7724920.985600000247359],[746383.155600001104176,7724920.985600000247359],[746383.155600001104176,7724922.985600001178682],[746384.155600000172853,7724922.985600001178682],[746384.155600000172853,7724923.985600000247359],[746385.155600002035499,7724923.985600000247359],[746385.155600002035499,7724924.985600001178682],[746386.155600001104176,7724924.985600001178682],[746386.155600001104176,7724925.985600000247359],[746388.155600001104176,7724925.985600000247359],[746388.155600001104176,7724926.985600002110004],[746389.155600000172853,7724926.985600002110004],[746389.155600000172853,7724927.985600001178682],[746390.155600002035499,7724927.985600001178682],[746390.155600002035499,7724928.985600000247359],[746391.155600001104176,7724928.985600000247359],[746391.155600001104176,7724929.985600001178682],[746392.155600000172853,7724929.985600001178682],[746392.155600000172853,7724930.985600000247359],[746393.155600001104176,7724930.985600000247359],[746393.155600001104176,7724931.985600000247359],[746394.155600000172853,7724931.985600000247359],[746394.155600000172853,7724932.985600001178682],[746395.155599999241531,7724932.985600001178682],[746395.155599999241531,7724933.985600000247359],[746396.155600001104176,7724933.985600000247359],[746396.155600001104176,7724934.985600001178682],[746397.155600000172853,7724934.985600001178682],[746397.155600000172853,7724935.985600001178682],[746398.155600001104176,7724935.985600001178682],[746398.155600001104176,7724936.985600000247359],[746399.155600000172853,7724936.985600000247359],[746399.155600000172853,7724937.985600001178682],[746400.155600000172853,7724937.985600001178682],[746400.155600000172853,7724938.985600000247359],[746401.155600001104176,7724938.985600000247359],[746401.155600001104176,7724939.985600002110004],[746402.155600000172853,7724939.985600002110004],[746402.155600000172853,7724940.985600001178682],[746403.155600002035499,7724940.985600001178682],[746403.155600002035499,7724941.985600000247359],[746404.155600001104176,7724941.985600000247359],[746404.155600001104176,7724942.985600001178682],[746405.155600000172853,7724942.985600001178682],[746405.155600000172853,7724943.985600000247359],[746406.155600001104176,7724943.985600000247359],[746406.155600001104176,7724944.985600002110004],[746407.155600000172853,7724944.985600002110004],[746407.155600000172853,7724945.985600001178682],[746408.155600002035499,7724945.985600001178682],[746408.155600002035499,7724946.985600000247359],[746409.155600001104176,7724946.985600000247359],[746409.155600001104176,7724947.985600001178682],[746410.155600000172853,7724947.985600001178682],[746410.155600000172853,7724948.985600000247359],[746411.155600001104176,7724948.985600000247359],[746411.155600001104176,7724949.985599999316037],[746412.155600000172853,7724949.985599999316037],[746412.155600000172853,7724950.985600001178682],[746413.155600002035499,7724950.985600001178682],[746413.155600002035499,7724951.985600000247359],[746414.155600001104176,7724951.985600000247359],[746414.155600001104176,7724952.985600001178682],[746415.155600000172853,7724952.985600001178682],[746415.155600000172853,7724953.985600000247359],[746416.155600001104176,7724953.985600000247359],[746416.155600001104176,7724954.985600000247359],[746417.155600000172853,7724954.985600000247359],[746417.155600000172853,7724955.985600001178682],[746418.155599999241531,7724955.985600001178682],[746418.155599999241531,7724956.985600000247359],[746419.155600001104176,7724956.985600000247359],[746419.155600001104176,7724957.985600001178682],[746420.155600000172853,7724957.985600001178682],[746420.155600000172853,7724958.985600001178682],[746429.155600001104176,7724958.985600001178682],[746429.155600001104176,7724957.985600001178682],[746436.155600002035499,7724957.985600001178682],[746436.155600002035499,7724956.985600000247359],[746440.155600000172853,7724956.985600000247359],[746440.155600000172853,7724955.985600001178682],[746481.155600000172853,7724955.985600001178682],[746481.155600000172853,7724956.985600000247359],[746482.155600002035499,7724956.985600000247359],[746482.155600002035499,7724957.985600001178682],[746484.155600000172853,7724957.985600001178682],[746484.155600000172853,7724958.985600001178682],[746485.155600001104176,7724958.985600001178682],[746485.155600001104176,7724959.985600000247359],[746487.155599999241531,7724959.985600000247359],[746487.155599999241531,7724960.985600001178682],[746488.155600001104176,7724960.985600001178682],[746488.155600001104176,7724961.985600000247359],[746489.155600000172853,7724961.985600000247359],[746489.155600000172853,7724962.985600002110004],[746491.155600001104176,7724962.985600002110004],[746491.155600001104176,7724963.985600001178682],[746492.155600000172853,7724963.985600001178682],[746492.155600000172853,7724964.985600000247359],[746566.155600000172853,7724964.985600000247359],[746566.155600000172853,7724963.985600001178682],[746567.155600001104176,7724963.985600001178682],[746567.155600001104176,7724962.985600002110004],[746569.155600002035499,7724962.985600002110004],[746569.155600002035499,7724961.985600000247359],[746570.155600001104176,7724961.985600000247359],[746570.155600001104176,7724960.985600001178682],[746571.155600000172853,7724960.985600001178682],[746571.155600000172853,7724959.985600000247359],[746572.155600001104176,7724959.985600000247359],[746572.155600001104176,7724958.985600001178682],[746574.155599999241531,7724958.985600001178682],[746574.155599999241531,7724957.985600001178682],[746576.155600000172853,7724957.985600001178682],[746576.155600000172853,7724956.985600000247359],[746577.155600001104176,7724956.985600000247359],[746577.155600001104176,7724955.985600001178682],[746579.155600000172853,7724955.985600001178682],[746579.155600000172853,7724954.985600000247359],[746581.155600000172853,7724954.985600000247359],[746581.155600000172853,7724953.985600000247359],[746582.155600002035499,7724953.985600000247359],[746582.155600002035499,7724952.985600001178682],[746584.155600000172853,7724952.985600001178682],[746584.155600000172853,7724951.985600000247359],[746586.155600000172853,7724951.985600000247359],[746586.155600000172853,7724950.985600001178682],[746587.155600002035499,7724950.985600001178682],[746587.155600002035499,7724949.985599999316037],[746589.155600000172853,7724949.985599999316037],[746589.155600000172853,7724948.985600000247359],[746591.155600000172853,7724948.985600000247359],[746591.155600000172853,7724947.985600001178682],[746593.155600001104176,7724947.985600001178682],[746593.155600001104176,7724946.985600000247359],[746594.155600000172853,7724946.985600000247359],[746594.155600000172853,7724945.985600001178682],[746596.155600000172853,7724945.985600001178682],[746596.155600000172853,7724944.985600002110004],[746598.155600001104176,7724944.985600002110004],[746598.155600001104176,7724943.985600000247359],[746599.155600000172853,7724943.985600000247359],[746599.155600000172853,7724942.985600001178682],[746601.155600001104176,7724942.985600001178682],[746601.155600001104176,7724941.985600000247359],[746603.155600001104176,7724941.985600000247359],[746603.155600001104176,7724940.985600001178682],[746605.155600002035499,7724940.985600001178682],[746605.155600002035499,7724939.985600002110004],[746606.155600001104176,7724939.985600002110004],[746606.155600001104176,7724938.985600000247359],[746608.155600001104176,7724938.985600000247359],[746608.155600001104176,7724937.985600001178682],[746610.155600002035499,7724937.985600001178682],[746610.155600002035499,7724936.985600000247359],[746611.155600001104176,7724936.985600000247359],[746611.155600001104176,7724935.985600001178682],[746613.155600001104176,7724935.985600001178682],[746613.155600001104176,7724934.985600001178682],[746615.155600002035499,7724934.985600001178682],[746615.155600002035499,7724933.985600000247359],[746714.155600000172853,7724933.985600000247359],[746714.155600000172853,7724932.985600001178682],[746715.155600002035499,7724932.985600001178682],[746715.155600002035499,7724931.985600000247359],[746716.155600001104176,7724931.985600000247359],[746716.155600001104176,7724930.985600000247359],[746717.155600000172853,7724930.985600000247359],[746717.155600000172853,7724929.985600001178682],[746718.155600001104176,7724929.985600001178682],[746718.155600001104176,7724928.985600000247359],[746719.155600000172853,7724928.985600000247359],[746719.155600000172853,7724927.985600001178682],[746720.155600002035499,7724927.985600001178682],[746720.155600002035499,7724926.985600002110004],[746721.155600001104176,7724926.985600002110004],[746721.155600001104176,7724925.985600000247359],[746722.155600000172853,7724925.985600000247359],[746722.155600000172853,7724924.985600001178682],[746723.155600001104176,7724924.985600001178682],[746723.155600001104176,7724923.985600000247359],[746724.155600000172853,7724923.985600000247359],[746724.155600000172853,7724922.985600001178682],[746725.155600002035499,7724922.985600001178682],[746725.155600002035499,7724921.985600002110004],[746726.155600001104176,7724921.985600002110004],[746726.155600001104176,7724920.985600000247359],[746727.155600000172853,7724920.985600000247359],[746727.155600000172853,7724919.985600001178682],[746782.155600001104176,7724919.985600001178682],[746782.155600001104176,7724920.985600000247359],[746783.155600000172853,7724920.985600000247359],[746783.155600000172853,7724921.985600002110004],[746784.155600002035499,7724921.985600002110004],[746784.155600002035499,7724922.985600001178682],[746785.155600001104176,7724922.985600001178682],[746785.155600001104176,7724923.985600000247359],[746785.155600001104176,7724924.985600001178682],[746784.155600002035499,7724924.985600001178682],[746784.155600002035499,7724925.985600000247359],[746785.155600001104176,7724925.985600000247359],[746785.155600001104176,7724926.985600002110004],[746786.155600000172853,7724926.985600002110004],[746786.155600000172853,7724927.985600001178682],[746787.155600001104176,7724927.985600001178682],[746787.155600001104176,7724928.985600000247359],[746788.155600000172853,7724928.985600000247359],[746788.155600000172853,7724929.985600001178682],[746789.155600002035499,7724929.985600001178682],[746789.155600002035499,7724930.985600000247359],[746790.155600001104176,7724930.985600000247359],[746790.155600001104176,7724931.985600000247359],[746792.155600001104176,7724931.985600000247359],[746792.155600001104176,7724932.985600001178682],[746793.155600000172853,7724932.985600001178682],[746793.155600000172853,7724933.985600000247359],[746794.155600002035499,7724933.985600000247359],[746794.155600002035499,7724934.985600001178682],[746795.155600001104176,7724934.985600001178682],[746795.155600001104176,7724935.985600001178682],[746796.155600000172853,7724935.985600001178682],[746796.155600000172853,7724936.985600000247359],[746797.155600001104176,7724936.985600000247359],[746797.155600001104176,7724937.985600001178682],[746798.155600000172853,7724937.985600001178682],[746798.155600000172853,7724938.985600000247359],[746799.155599999241531,7724938.985600000247359],[746799.155599999241531,7724939.985600002110004],[746801.155600000172853,7724939.985600002110004],[746801.155600000172853,7724940.985600001178682],[746802.155600001104176,7724940.985600001178682],[746802.155600001104176,7724941.985600000247359],[746803.155600001104176,7724941.985600000247359],[746803.155600001104176,7724942.985600001178682],[746804.155600000172853,7724942.985600001178682],[746804.155600000172853,7724943.985600000247359],[746805.155600001104176,7724943.985600000247359],[746805.155600001104176,7724944.985600002110004],[746806.155600000172853,7724944.985600002110004],[746806.155600000172853,7724945.985600001178682],[746807.155600002035499,7724945.985600001178682],[746807.155600002035499,7724946.985600000247359],[746808.155600001104176,7724946.985600000247359],[746808.155600001104176,7724947.985600001178682],[746809.155600000172853,7724947.985600001178682],[746809.155600000172853,7724948.985600000247359],[746811.155600000172853,7724948.985600000247359],[746811.155600000172853,7724949.985599999316037],[746812.155600002035499,7724949.985599999316037],[746812.155600002035499,7724950.985600001178682],[746813.155600001104176,7724950.985600001178682],[746813.155600001104176,7724951.985600000247359],[746814.155600000172853,7724951.985600000247359],[746814.155600000172853,7724952.985600001178682],[746815.155600001104176,7724952.985600001178682],[746815.155600001104176,7724953.985600000247359],[746816.155600000172853,7724953.985600000247359],[746816.155600000172853,7724954.985600000247359],[746817.155600002035499,7724954.985600000247359],[746817.155600002035499,7724955.985600001178682],[746818.155600001104176,7724955.985600001178682],[746818.155600001104176,7724956.985600000247359],[746820.155600001104176,7724956.985600000247359],[746820.155600001104176,7724957.985600001178682],[746821.155600000172853,7724957.985600001178682],[746821.155600000172853,7724958.985600001178682],[746822.155599999241531,7724958.985600001178682],[746822.155599999241531,7724959.985600000247359],[746823.155600001104176,7724959.985600000247359],[746823.155600001104176,7724960.985600001178682],[746824.155600000172853,7724960.985600001178682],[746824.155600000172853,7724961.985600000247359],[746825.155600001104176,7724961.985600000247359],[746825.155600001104176,7724962.985600002110004],[746826.155600001104176,7724962.985600002110004],[746826.155600001104176,7724963.985600001178682],[746827.155600000172853,7724963.985600001178682],[746827.155600000172853,7724964.985600000247359],[746828.155600001104176,7724964.985600000247359],[746828.155600001104176,7724965.985600001178682],[746830.155600002035499,7724965.985600001178682],[746830.155600002035499,7724966.985600000247359],[746832.155600000172853,7724966.985600000247359],[746832.155600000172853,7724965.985600001178682],[746833.155600001104176,7724965.985600001178682],[746833.155600001104176,7724964.985600000247359],[746834.155600000172853,7724964.985600000247359],[746834.155600000172853,7724963.985600001178682],[746835.155600002035499,7724963.985600001178682],[746835.155600002035499,7724962.985600002110004],[746836.155600001104176,7724962.985600002110004],[746836.155600001104176,7724961.985600000247359],[746837.155600000172853,7724961.985600000247359],[746837.155600000172853,7724960.985600001178682],[746842.155600000172853,7724960.985600001178682],[746842.155600000172853,7724961.985600000247359],[746843.155600001104176,7724961.985600000247359],[746843.155600001104176,7724962.985600002110004],[746844.155600000172853,7724962.985600002110004],[746844.155600000172853,7724963.985600001178682],[746845.155600000172853,7724963.985600001178682],[746845.155600000172853,7724964.985600000247359],[746846.155600001104176,7724964.985600000247359],[746846.155600001104176,7724965.985600001178682],[746848.155600001104176,7724965.985600001178682],[746848.155600001104176,7724966.985600000247359],[746850.155600000172853,7724966.985600000247359],[746850.155600000172853,7724967.985600002110004],[746853.155600002035499,7724967.985600002110004],[746853.155600002035499,7724968.985600001178682],[746855.155600000172853,7724968.985600001178682],[746855.155600000172853,7724969.985600000247359],[746857.155600000172853,7724969.985600000247359],[746857.155600000172853,7724970.985600001178682],[746860.155600000172853,7724970.985600001178682],[746860.155600000172853,7724971.985600000247359],[746864.155600001104176,7724971.985600000247359],[746864.155600001104176,7724972.985599999316037],[746865.155600000172853,7724972.985599999316037],[746865.155600000172853,7724973.985600001178682],[746866.155600001104176,7724973.985600001178682],[746866.155600001104176,7724974.985600000247359],[746867.155600000172853,7724974.985600000247359],[746867.155600000172853,7724975.985600001178682],[746868.155600000172853,7724975.985600001178682],[746868.155600000172853,7724976.985600000247359],[746869.155600001104176,7724976.985600000247359],[746869.155600001104176,7724977.985600000247359],[746870.155600000172853,7724977.985600000247359],[746870.155600000172853,7724978.985600001178682],[746871.155600001104176,7724978.985600001178682],[746871.155600001104176,7724979.985600000247359],[746872.155600001104176,7724979.985600000247359],[746872.155600001104176,7724980.985600002110004],[746873.155600000172853,7724980.985600002110004],[746873.155600000172853,7724981.985600001178682],[746874.155600001104176,7724981.985600001178682],[746874.155600001104176,7724982.985600000247359],[746875.155600000172853,7724982.985600000247359],[746875.155600000172853,7724983.985600001178682],[746876.155600002035499,7724983.985600001178682],[746876.155600002035499,7724984.985600000247359],[746877.155600001104176,7724984.985600000247359],[746877.155600001104176,7724985.985600002110004],[746878.155600000172853,7724985.985600002110004],[746878.155600000172853,7724986.985600001178682],[746879.155600001104176,7724986.985600001178682],[746879.155600001104176,7724987.985600000247359],[746880.155600000172853,7724987.985600000247359],[746880.155600000172853,7724988.985600001178682],[746881.155600002035499,7724988.985600001178682],[746881.155600002035499,7724989.985600000247359],[746882.155600001104176,7724989.985600000247359],[746882.155600001104176,7724990.985600002110004],[746883.155600000172853,7724990.985600002110004],[746883.155600000172853,7724991.985600001178682],[746884.155600001104176,7724991.985600001178682],[746884.155600001104176,7724992.985600000247359],[746885.155600000172853,7724992.985600000247359],[746885.155600000172853,7724993.985600001178682],[746886.155599999241531,7724993.985600001178682],[746886.155599999241531,7724994.985600000247359],[746887.155600001104176,7724994.985600000247359],[746887.155600001104176,7724995.985599999316037],[746888.155600000172853,7724995.985599999316037],[746888.155600000172853,7724996.985600001178682],[746890.155600000172853,7724996.985600001178682],[746890.155600000172853,7724997.985600000247359],[746891.155600000172853,7724997.985600000247359],[746891.155600000172853,7724998.985600001178682],[746892.155600001104176,7724998.985600001178682],[746892.155600001104176,7724999.985600000247359],[746893.155600000172853,7724999.985600000247359],[746893.155600000172853,7725000.985600000247359],[746895.155600001104176,7725000.985600000247359],[746895.155600001104176,7725001.985600001178682],[746896.155600000172853,7725001.985600001178682],[746896.155600000172853,7725002.985600000247359],[746897.155600001104176,7725002.985600000247359],[746897.155600001104176,7725003.985600002110004],[746901.155600000172853,7725003.985600002110004],[746901.155600000172853,7725004.985600001178682],[746902.155600001104176,7725004.985600001178682],[746902.155600001104176,7725005.985600000247359],[746903.155600000172853,7725005.985600000247359],[746903.155600000172853,7725006.985600001178682],[746904.155600002035499,7725006.985600001178682],[746904.155600002035499,7725007.985600000247359],[746905.155600001104176,7725007.985600000247359],[746905.155600001104176,7725008.985600002110004],[746906.155600000172853,7725008.985600002110004],[746906.155600000172853,7725009.985600001178682],[746908.155600000172853,7725009.985600001178682],[746908.155600000172853,7725010.985600000247359],[746909.155599999241531,7725010.985600000247359],[746909.155599999241531,7725011.985600001178682],[746911.155600000172853,7725011.985600001178682],[746911.155600000172853,7725012.985600000247359],[746912.155600001104176,7725012.985600000247359],[746912.155600001104176,7725013.985600002110004],[746914.155600000172853,7725013.985600002110004],[746914.155600000172853,7725014.985600001178682],[746915.155600001104176,7725014.985600001178682],[746915.155600001104176,7725015.985600000247359],[746917.155600002035499,7725015.985600000247359],[746917.155600002035499,7725016.985600001178682],[746918.155600001104176,7725016.985600001178682],[746918.155600001104176,7725017.985600000247359],[746920.155600001104176,7725017.985600000247359],[746920.155600001104176,7725018.985599999316037],[746921.155600000172853,7725018.985599999316037],[746921.155600000172853,7725019.985600001178682],[746923.155600001104176,7725019.985600001178682],[746923.155600001104176,7725020.985600000247359],[746924.155600000172853,7725020.985600000247359],[746924.155600000172853,7725021.985600001178682],[746926.155600000172853,7725021.985600001178682],[746926.155600000172853,7725022.985600000247359],[746927.155600002035499,7725022.985600000247359],[746927.155600002035499,7725023.985600000247359],[746929.155600000172853,7725023.985600000247359],[746929.155600000172853,7725024.985600001178682],[746930.155600001104176,7725024.985600001178682],[746930.155600001104176,7725025.985600000247359],[746932.155599999241531,7725025.985600000247359],[746932.155599999241531,7725026.985600002110004],[746933.155600001104176,7725026.985600002110004],[746933.155600001104176,7725027.985600001178682],[746934.155600000172853,7725027.985600001178682],[746934.155600000172853,7725028.985600000247359],[746936.155600000172853,7725028.985600000247359],[746936.155600000172853,7725029.985600001178682],[746937.155600000172853,7725029.985600001178682],[746937.155600000172853,7725030.985600000247359],[746939.155600000172853,7725030.985600000247359],[746939.155600000172853,7725031.985600002110004],[746940.155600002035499,7725031.985600002110004],[746940.155600002035499,7725032.985600001178682],[746942.155600000172853,7725032.985600001178682],[746942.155600000172853,7725033.985600000247359],[746943.155600001104176,7725033.985600000247359],[746943.155600001104176,7725034.985600001178682],[746945.155600002035499,7725034.985600001178682],[746945.155600002035499,7725035.985600000247359],[746946.155600001104176,7725035.985600000247359],[746946.155600001104176,7725036.985600002110004],[746948.155600001104176,7725036.985600002110004],[746948.155600001104176,7725037.985600001178682],[746949.155600000172853,7725037.985600001178682],[746949.155600000172853,7725038.985600000247359],[746951.155600001104176,7725038.985600000247359],[746951.155600001104176,7725039.985600001178682],[746952.155600000172853,7725039.985600001178682],[746952.155600000172853,7725040.985600000247359],[746955.155599999241531,7725040.985600000247359],[746955.155599999241531,7725041.985599999316037],[747062.155600000172853,7725041.985599999316037],[747062.155600000172853,7725040.985600000247359],[747063.155600001104176,7725040.985600000247359],[747063.155600001104176,7725039.985600001178682],[747065.155599999241531,7725039.985600001178682],[747065.155599999241531,7725038.985600000247359],[747067.155600000172853,7725038.985600000247359],[747067.155600000172853,7725037.985600001178682],[747068.155600001104176,7725037.985600001178682],[747068.155600001104176,7725036.985600002110004],[747069.155600000172853,7725036.985600002110004],[747069.155600000172853,7725035.985600000247359],[747072.155600000172853,7725035.985600000247359],[747072.155600000172853,7725034.985600001178682],[747078.155600002035499,7725034.985600001178682],[747078.155600002035499,7725033.985600000247359],[747084.155600001104176,7725033.985600000247359],[747084.155600001104176,7725032.985600001178682],[747085.155600000172853,7725032.985600001178682],[747085.155600000172853,7725031.985600002110004],[747086.155600001104176,7725031.985600002110004],[747086.155600001104176,7725030.985600000247359],[747092.155600000172853,7725030.985600000247359],[747092.155600000172853,7725029.985600001178682],[747098.155600000172853,7725029.985600001178682],[747098.155600000172853,7725028.985600000247359],[747099.155600001104176,7725028.985600000247359],[747099.155600001104176,7725027.985600001178682],[747115.155600000172853,7725027.985600001178682],[747115.155600000172853,7725026.985600002110004],[747116.155600000172853,7725026.985600002110004],[747116.155600000172853,7725025.985600000247359],[747117.155600001104176,7725025.985600000247359],[747117.155600001104176,7725024.985600001178682],[747118.155600000172853,7725024.985600001178682],[747118.155600000172853,7725023.985600000247359],[747119.155600002035499,7725023.985600000247359],[747119.155600002035499,7724984.985600000247359],[747122.155600001104176,7724984.985600000247359],[747122.155600001104176,7724983.985600001178682],[747125.155600001104176,7724983.985600001178682],[747125.155600001104176,7724982.985600000247359],[747129.155600002035499,7724982.985600000247359],[747129.155600002035499,7724981.985600001178682],[747132.155600001104176,7724981.985600001178682],[747132.155600001104176,7724980.985600002110004],[747136.155600000172853,7724980.985600002110004],[747136.155600000172853,7724979.985600000247359],[747139.155600000172853,7724979.985600000247359],[747139.155600000172853,7724978.985600001178682],[747143.155600001104176,7724978.985600001178682],[747143.155600001104176,7724977.985600000247359],[747146.155600000172853,7724977.985600000247359],[747146.155600000172853,7724976.985600000247359],[747150.155600001104176,7724976.985600000247359],[747150.155600001104176,7724975.985600001178682],[747153.155600001104176,7724975.985600001178682],[747153.155600001104176,7724974.985600000247359],[747157.155599999241531,7724974.985600000247359],[747157.155599999241531,7724973.985600001178682],[747160.155600001104176,7724973.985600001178682],[747160.155600001104176,7724972.985599999316037],[747164.155600000172853,7724972.985599999316037],[747164.155600000172853,7724971.985600000247359],[747167.155600000172853,7724971.985600000247359],[747167.155600000172853,7724970.985600001178682],[747171.155600001104176,7724970.985600001178682],[747171.155600001104176,7724969.985600000247359],[747174.155600000172853,7724969.985600000247359],[747174.155600000172853,7724968.985600001178682],[747178.155600001104176,7724968.985600001178682],[747178.155600001104176,7724967.985600002110004],[747182.155600000172853,7724967.985600002110004],[747182.155600000172853,7724966.985600000247359],[747185.155600000172853,7724966.985600000247359],[747185.155600000172853,7724965.985600001178682],[747189.155600001104176,7724965.985600001178682],[747189.155600001104176,7724964.985600000247359],[747192.155600000172853,7724964.985600000247359],[747192.155600000172853,7724963.985600001178682],[747196.155600001104176,7724963.985600001178682],[747196.155600001104176,7724962.985600002110004],[747199.155600001104176,7724962.985600002110004],[747199.155600001104176,7724961.985600000247359],[747203.155600000172853,7724961.985600000247359],[747203.155600000172853,7724960.985600001178682],[747241.155600000172853,7724960.985600001178682],[747241.155600000172853,7724959.985600000247359],[747248.155600000172853,7724959.985600000247359],[747248.155600000172853,7724958.985600001178682],[747249.155600000172853,7724958.985600001178682],[747249.155600000172853,7724957.985600001178682],[747251.155600000172853,7724957.985600001178682],[747251.155600000172853,7724956.985600000247359],[747255.155600001104176,7724956.985600000247359],[747255.155600001104176,7724955.985600001178682],[747258.155600001104176,7724955.985600001178682],[747258.155600001104176,7724954.985600000247359],[747261.155600000172853,7724954.985600000247359],[747261.155600000172853,7724953.985600000247359],[747264.155600000172853,7724953.985600000247359],[747264.155600000172853,7724952.985600001178682],[747268.155600001104176,7724952.985600001178682],[747268.155600001104176,7724951.985600000247359],[747273.155600001104176,7724951.985600000247359],[747273.155600001104176,7724952.985600001178682],[747275.155600002035499,7724952.985600001178682],[747275.155600002035499,7724953.985600000247359],[747277.155600000172853,7724953.985600000247359],[747277.155600000172853,7724954.985600000247359],[747279.155600000172853,7724954.985600000247359],[747279.155600000172853,7724955.985600001178682],[747282.155600000172853,7724955.985600001178682],[747282.155600000172853,7724956.985600000247359],[747284.155600000172853,7724956.985600000247359],[747284.155600000172853,7724957.985600001178682],[747287.155600000172853,7724957.985600001178682],[747287.155600000172853,7724958.985600001178682],[747289.155600000172853,7724958.985600001178682],[747289.155600000172853,7724959.985600000247359],[747292.155600000172853,7724959.985600000247359],[747292.155600000172853,7724960.985600001178682],[747294.155600001104176,7724960.985600001178682],[747294.155600001104176,7724961.985600000247359],[747297.155600000172853,7724961.985600000247359],[747297.155600000172853,7724962.985600002110004],[747300.155600000172853,7724962.985600002110004],[747300.155600000172853,7724963.985600001178682],[747302.155600000172853,7724963.985600001178682],[747302.155600000172853,7724964.985600000247359],[747305.155600000172853,7724964.985600000247359],[747305.155600000172853,7724965.985600001178682],[747307.155600000172853,7724965.985600001178682],[747307.155600000172853,7724966.985600000247359],[747310.155600000172853,7724966.985600000247359],[747310.155600000172853,7724967.985600002110004],[747312.155600000172853,7724967.985600002110004],[747312.155600000172853,7724968.985600001178682],[747316.155600001104176,7724968.985600001178682],[747316.155600001104176,7724966.985600000247359],[747317.155600001104176,7724966.985600000247359],[747317.155600001104176,7724965.985600001178682],[747318.155600000172853,7724965.985600001178682],[747318.155600000172853,7724964.985600000247359],[747319.155600001104176,7724964.985600000247359],[747319.155600001104176,7724963.985600001178682],[747320.155600000172853,7724963.985600001178682],[747320.155600000172853,7724962.985600002110004],[747321.155600002035499,7724962.985600002110004],[747321.155600002035499,7724961.985600000247359],[747322.155600001104176,7724961.985600000247359],[747322.155600001104176,7724960.985600001178682],[747323.155600000172853,7724960.985600001178682],[747323.155600000172853,7724959.985600000247359],[747324.155600001104176,7724959.985600000247359],[747324.155600001104176,7724958.985600001178682],[747325.155600000172853,7724958.985600001178682],[747325.155600000172853,7724957.985600001178682],[747326.155600002035499,7724957.985600001178682],[747326.155600002035499,7724956.985600000247359],[747327.155600001104176,7724956.985600000247359],[747327.155600001104176,7724955.985600001178682],[747328.155600000172853,7724955.985600001178682],[747328.155600000172853,7724954.985600000247359],[747329.155600001104176,7724954.985600000247359],[747329.155600001104176,7724953.985600000247359],[747330.155600000172853,7724953.985600000247359],[747330.155600000172853,7724952.985600001178682],[747331.155600002035499,7724952.985600001178682],[747331.155600002035499,7724951.985600000247359],[747332.155600001104176,7724951.985600000247359],[747332.155600001104176,7724950.985600001178682],[747333.155600000172853,7724950.985600001178682],[747333.155600000172853,7724949.985599999316037],[747334.155600001104176,7724949.985599999316037],[747334.155600001104176,7724948.985600000247359],[747335.155600000172853,7724948.985600000247359],[747335.155600000172853,7724947.985600001178682],[747336.155599999241531,7724947.985600001178682],[747336.155599999241531,7724946.985600000247359],[747337.155600001104176,7724946.985600000247359],[747337.155600001104176,7724945.985600001178682],[747338.155600000172853,7724945.985600001178682],[747338.155600000172853,7724944.985600002110004],[747339.155600001104176,7724944.985600002110004],[747339.155600001104176,7724943.985600000247359],[747340.155600001104176,7724943.985600000247359],[747340.155600001104176,7724942.985600001178682],[747341.155600000172853,7724942.985600001178682],[747341.155600000172853,7724941.985600000247359],[747342.155600001104176,7724941.985600000247359],[747342.155600001104176,7724940.985600001178682],[747343.155600000172853,7724940.985600001178682],[747343.155600000172853,7724939.985600002110004],[747344.155600002035499,7724939.985600002110004],[747344.155600002035499,7724938.985600000247359],[747345.155600001104176,7724938.985600000247359],[747345.155600001104176,7724937.985600001178682],[747346.155600000172853,7724937.985600001178682],[747346.155600000172853,7724936.985600000247359],[747347.155600001104176,7724936.985600000247359],[747347.155600001104176,7724935.985600001178682],[747348.155600000172853,7724935.985600001178682],[747348.155600000172853,7724934.985600001178682],[747349.155600002035499,7724934.985600001178682],[747349.155600002035499,7724933.985600000247359],[747352.155600001104176,7724933.985600000247359],[747352.155600001104176,7724932.985600001178682],[747353.155600000172853,7724932.985600001178682],[747353.155600000172853,7724931.985600000247359],[747354.155600002035499,7724931.985600000247359],[747354.155600002035499,7724930.985600000247359],[747355.155600001104176,7724930.985600000247359],[747355.155600001104176,7724929.985600001178682],[747356.155600000172853,7724929.985600001178682],[747356.155600000172853,7724928.985600000247359],[747357.155600001104176,7724928.985600000247359],[747357.155600001104176,7724927.985600001178682],[747358.155600000172853,7724927.985600001178682],[747358.155600000172853,7724926.985600002110004],[747359.155600000172853,7724926.985600002110004],[747359.155600000172853,7724925.985600000247359],[747360.155600001104176,7724925.985600000247359],[747360.155600001104176,7724924.985600001178682],[747361.155600000172853,7724924.985600001178682],[747361.155600000172853,7724923.985600000247359],[747362.155600001104176,7724923.985600000247359],[747362.155600001104176,7724922.985600001178682],[747363.155600001104176,7724922.985600001178682],[747363.155600001104176,7724921.985600002110004],[747364.155600000172853,7724921.985600002110004],[747364.155600000172853,7724920.985600000247359],[747365.155600001104176,7724920.985600000247359],[747365.155600001104176,7724919.985600001178682],[747366.155600000172853,7724919.985600001178682],[747366.155600000172853,7724918.985600000247359],[747367.155600002035499,7724918.985600000247359],[747367.155600002035499,7724917.985600001178682],[747368.155600001104176,7724917.985600001178682],[747368.155600001104176,7724916.985600002110004],[747369.155600000172853,7724916.985600002110004],[747369.155600000172853,7724915.985600000247359],[747370.155600001104176,7724915.985600000247359],[747370.155600001104176,7724914.985600001178682],[747371.155600000172853,7724914.985600001178682],[747371.155600000172853,7724913.985600000247359],[747372.155600002035499,7724913.985600000247359],[747372.155600002035499,7724912.985600001178682],[747373.155600001104176,7724912.985600001178682],[747373.155600001104176,7724911.985600001178682],[747374.155600000172853,7724911.985600001178682],[747374.155600000172853,7724910.985600000247359],[747375.155600001104176,7724910.985600000247359],[747375.155600001104176,7724909.985600001178682],[747376.155600000172853,7724909.985600001178682],[747376.155600000172853,7724908.985599999316037],[747377.155599999241531,7724908.985599999316037],[747377.155599999241531,7724907.985600000247359],[747378.155600001104176,7724907.985600000247359],[747378.155600001104176,7724906.985600001178682],[747379.155600000172853,7724906.985600001178682],[747379.155600000172853,7724905.985600000247359],[747395.155600002035499,7724905.985600000247359],[747395.155600002035499,7724904.985600001178682],[747397.155600000172853,7724904.985600001178682],[747397.155600000172853,7724903.985600002110004],[747400.155599999241531,7724903.985600002110004],[747400.155599999241531,7724902.985600000247359],[747403.155600001104176,7724902.985600000247359],[747403.155600001104176,7724901.985600001178682],[747406.155600001104176,7724901.985600001178682],[747406.155600001104176,7724900.985600000247359],[747409.155600001104176,7724900.985600000247359],[747409.155600001104176,7724899.985600001178682],[747412.155600000172853,7724899.985600001178682],[747412.155600000172853,7724898.985600002110004],[747415.155600000172853,7724898.985600002110004],[747415.155600000172853,7724897.985600000247359],[747418.155600002035499,7724897.985600000247359],[747418.155600002035499,7724896.985600001178682],[747421.155600001104176,7724896.985600001178682],[747421.155600001104176,7724895.985600000247359],[747424.155600001104176,7724895.985600000247359],[747424.155600001104176,7724894.985600001178682],[747427.155600000172853,7724894.985600001178682],[747427.155600000172853,7724893.985600002110004],[747430.155600000172853,7724893.985600002110004],[747430.155600000172853,7724892.985600000247359],[747433.155600000172853,7724892.985600000247359],[747433.155600000172853,7724891.985600001178682],[747436.155600002035499,7724891.985600001178682],[747436.155600002035499,7724890.985600000247359],[747439.155600001104176,7724890.985600000247359],[747439.155600001104176,7724889.985600001178682],[747442.155600001104176,7724889.985600001178682],[747442.155600001104176,7724888.985600001178682],[747445.155600000172853,7724888.985600001178682],[747445.155600000172853,7724887.985600000247359],[747448.155600000172853,7724887.985600000247359],[747448.155600000172853,7724886.985600001178682],[747451.155600000172853,7724886.985600001178682],[747451.155600000172853,7724885.985599999316037],[747454.155600002035499,7724885.985599999316037],[747454.155600002035499,7724884.985600000247359],[747456.155600000172853,7724884.985600000247359],[747456.155600000172853,7724883.985600001178682],[747459.155600002035499,7724883.985600001178682],[747459.155600002035499,7724882.985600000247359],[747462.155600001104176,7724882.985600000247359],[747462.155600001104176,7724881.985600001178682],[747465.155600001104176,7724881.985600001178682],[747465.155600001104176,7724880.985600002110004],[747468.155600000172853,7724880.985600002110004],[747468.155600000172853,7724879.985600000247359],[747471.155600000172853,7724879.985600000247359],[747471.155600000172853,7724878.985600001178682],[747473.155600001104176,7724878.985600001178682],[747473.155600001104176,7724877.985600000247359],[747476.155600000172853,7724877.985600000247359],[747476.155600000172853,7724876.985600001178682],[747479.155600000172853,7724876.985600001178682],[747479.155600000172853,7724875.985600002110004],[747482.155600002035499,7724875.985600002110004],[747482.155600002035499,7724874.985600000247359],[747484.155600000172853,7724874.985600000247359],[747484.155600000172853,7724873.985600001178682],[747485.155600001104176,7724873.985600001178682],[747485.155600001104176,7724872.985600000247359],[747537.155600000172853,7724872.985600000247359],[747537.155600000172853,7724871.985600001178682],[747538.155600000172853,7724871.985600001178682],[747538.155600000172853,7724870.985600002110004],[747539.155600001104176,7724870.985600002110004],[747539.155600001104176,7724869.985600000247359],[747540.155600000172853,7724869.985600000247359],[747540.155600000172853,7724868.985600001178682],[747541.155600001104176,7724868.985600001178682],[747541.155600001104176,7724867.985600000247359],[747542.155600001104176,7724867.985600000247359],[747542.155600001104176,7724866.985600001178682],[747543.155600000172853,7724866.985600001178682],[747543.155600000172853,7724865.985600001178682],[747544.155600001104176,7724865.985600001178682],[747544.155600001104176,7724864.985600000247359],[747545.155600000172853,7724864.985600000247359],[747545.155600000172853,7724863.985600001178682],[747546.155600002035499,7724863.985600001178682],[747546.155600002035499,7724862.985599999316037],[747547.155600001104176,7724862.985599999316037],[747547.155600001104176,7724861.985600000247359],[747548.155600000172853,7724861.985600000247359],[747548.155600000172853,7724860.985600001178682],[747549.155600001104176,7724860.985600001178682],[747549.155600001104176,7724859.985600000247359],[747550.155600000172853,7724859.985600000247359],[747550.155600000172853,7724858.985600001178682],[747551.155600002035499,7724858.985600001178682],[747551.155600002035499,7724857.985600002110004],[747552.155600001104176,7724857.985600002110004],[747552.155600001104176,7724856.985600000247359],[747553.155600000172853,7724856.985600000247359],[747553.155600000172853,7724855.985600001178682],[747554.155600001104176,7724855.985600001178682],[747554.155600001104176,7724854.985600000247359],[747557.155600001104176,7724854.985600000247359],[747557.155600001104176,7724853.985600001178682],[747564.155600001104176,7724853.985600001178682],[747564.155600001104176,7724852.985600002110004],[747574.155600002035499,7724852.985600002110004],[747574.155600002035499,7724851.985600000247359],[747583.155600000172853,7724851.985600000247359],[747583.155600000172853,7724850.985600001178682],[747592.155600002035499,7724850.985600001178682],[747592.155600002035499,7724849.985600000247359],[747601.155600000172853,7724849.985600000247359],[747601.155600000172853,7724848.985600001178682],[747611.155600001104176,7724848.985600001178682],[747611.155600001104176,7724847.985600002110004],[747620.155600002035499,7724847.985600002110004],[747620.155600002035499,7724846.985600000247359],[747625.155599999241531,7724846.985600000247359],[747625.155599999241531,7724845.985600001178682],[747626.155600001104176,7724845.985600001178682],[747626.155600001104176,7724844.985600000247359],[747627.155600000172853,7724844.985600000247359],[747627.155600000172853,7724843.985600000247359],[747628.155600001104176,7724843.985600000247359],[747628.155600001104176,7724841.985600000247359],[747629.155600000172853,7724841.985600000247359],[747629.155600000172853,7724839.985599999316037],[747630.155600000172853,7724839.985599999316037],[747630.155600000172853,7724837.985600001178682],[747631.155600001104176,7724837.985600001178682],[747631.155600001104176,7724835.985600001178682],[747632.155600000172853,7724835.985600001178682],[747632.155600000172853,7724834.985600002110004],[747633.155600002035499,7724834.985600002110004],[747633.155600002035499,7724831.985600000247359],[747634.155600001104176,7724831.985600000247359],[747634.155600001104176,7724830.985600001178682],[747635.155600000172853,7724830.985600001178682],[747635.155600000172853,7724828.985600000247359],[747636.155600001104176,7724828.985600000247359],[747636.155600001104176,7724827.985600001178682],[747637.155600000172853,7724827.985600001178682],[747637.155600000172853,7724826.985600000247359],[747638.155600002035499,7724826.985600000247359],[747638.155600002035499,7724825.985600001178682],[747639.155600001104176,7724825.985600001178682],[747639.155600001104176,7724824.985600002110004],[747640.155600000172853,7724824.985600002110004],[747640.155600000172853,7724823.985600000247359],[747641.155600001104176,7724823.985600000247359],[747641.155600001104176,7724821.985600000247359],[747642.155600000172853,7724821.985600000247359],[747642.155600000172853,7724820.985600000247359],[747643.155600002035499,7724820.985600000247359],[747643.155600002035499,7724819.985600001178682],[747644.155600001104176,7724819.985600001178682],[747644.155600001104176,7724818.985600000247359],[747645.155600000172853,7724818.985600000247359],[747645.155600000172853,7724817.985600001178682],[747647.155600000172853,7724817.985600001178682],[747647.155600000172853,7724816.985599999316037],[747649.155600001104176,7724816.985599999316037],[747649.155600001104176,7724815.985600000247359],[747651.155600001104176,7724815.985600000247359],[747651.155600001104176,7724814.985600001178682],[747660.155600000172853,7724814.985600001178682],[747660.155600000172853,7724813.985600000247359],[747661.155600002035499,7724813.985600000247359],[747661.155600002035499,7724812.985600001178682],[747662.155600001104176,7724812.985600001178682],[747662.155600001104176,7724811.985600002110004],[747663.155600000172853,7724811.985600002110004],[747663.155600000172853,7724810.985600000247359],[747664.155600001104176,7724810.985600000247359],[747664.155600001104176,7724809.985600001178682],[747665.155600000172853,7724809.985600001178682],[747665.155600000172853,7724808.985600000247359],[747666.155600002035499,7724808.985600000247359],[747666.155600002035499,7724807.985600001178682],[747667.155600001104176,7724807.985600001178682],[747667.155600001104176,7724806.985600002110004],[747668.155600000172853,7724806.985600002110004],[747668.155600000172853,7724805.985600000247359],[747669.155600001104176,7724805.985600000247359],[747669.155600001104176,7724804.985600001178682],[747670.155600000172853,7724804.985600001178682],[747670.155600000172853,7724803.985600000247359],[747671.155599999241531,7724803.985600000247359],[747671.155599999241531,7724802.985600001178682],[747672.155600001104176,7724802.985600001178682],[747672.155600001104176,7724801.985600001178682],[747673.155600000172853,7724801.985600001178682],[747673.155600000172853,7724800.985600000247359],[747674.155600001104176,7724800.985600000247359],[747674.155600001104176,7724791.985600001178682],[747675.155600001104176,7724791.985600001178682],[747675.155600001104176,7724779.985600001178682],[747678.155600000172853,7724779.985600001178682],[747678.155600000172853,7724780.985600000247359],[747680.155600001104176,7724780.985600000247359],[747680.155600001104176,7724781.985600001178682],[747683.155600000172853,7724781.985600001178682],[747683.155600000172853,7724782.985600000247359],[747686.155600000172853,7724782.985600000247359],[747686.155600000172853,7724783.985600002110004],[747689.155600002035499,7724783.985600002110004],[747689.155600002035499,7724784.985600001178682],[747692.155600001104176,7724784.985600001178682],[747692.155600001104176,7724785.985600000247359],[747694.155599999241531,7724785.985600000247359],[747694.155599999241531,7724786.985600001178682],[747697.155600001104176,7724786.985600001178682],[747697.155600001104176,7724787.985600000247359],[747700.155600001104176,7724787.985600000247359],[747700.155600001104176,7724788.985600002110004],[747703.155600001104176,7724788.985600002110004],[747703.155600001104176,7724789.985600001178682],[747706.155600000172853,7724789.985600001178682],[747706.155600000172853,7724790.985600000247359],[747708.155600001104176,7724790.985600000247359],[747708.155600001104176,7724791.985600001178682],[747711.155600000172853,7724791.985600001178682],[747711.155600000172853,7724792.985600000247359],[747714.155600000172853,7724792.985600000247359],[747714.155600000172853,7724793.985599999316037],[747717.155600000172853,7724793.985599999316037],[747717.155600000172853,7724794.985600001178682],[747736.155600001104176,7724794.985600001178682],[747736.155600001104176,7724795.985600000247359],[747737.155600000172853,7724795.985600000247359],[747737.155600000172853,7724800.985600000247359],[747736.155600001104176,7724800.985600000247359],[747736.155600001104176,7724813.985600000247359],[747735.155599999241531,7724813.985600000247359],[747735.155599999241531,7724826.985600000247359],[747738.155600001104176,7724826.985600000247359],[747738.155600001104176,7724827.985600001178682],[747740.155600000172853,7724827.985600001178682],[747740.155600000172853,7724828.985600000247359],[747743.155600001104176,7724828.985600000247359],[747743.155600001104176,7724829.985600002110004],[747748.155600002035499,7724829.985600002110004],[747748.155600002035499,7724828.985600000247359],[747750.155600000172853,7724828.985600000247359],[747750.155600000172853,7724827.985600001178682],[747751.155600001104176,7724827.985600001178682],[747751.155600001104176,7724826.985600000247359],[747753.155600002035499,7724826.985600000247359],[747753.155600002035499,7724825.985600001178682],[747755.155600000172853,7724825.985600001178682],[747755.155600000172853,7724824.985600002110004],[747757.155600000172853,7724824.985600002110004],[747757.155600000172853,7724823.985600000247359],[747758.155599999241531,7724823.985600000247359],[747758.155599999241531,7724822.985600001178682],[747760.155600000172853,7724822.985600001178682],[747760.155600000172853,7724821.985600000247359],[747762.155600000172853,7724821.985600000247359],[747762.155600000172853,7724820.985600000247359],[747764.155600001104176,7724820.985600000247359],[747764.155600001104176,7724819.985600001178682],[747765.155600000172853,7724819.985600001178682],[747765.155600000172853,7724818.985600000247359],[747767.155600001104176,7724818.985600000247359],[747767.155600001104176,7724817.985600001178682],[747769.155600001104176,7724817.985600001178682],[747769.155600001104176,7724816.985599999316037],[747770.155600000172853,7724816.985599999316037],[747770.155600000172853,7724815.985600000247359],[747772.155600001104176,7724815.985600000247359],[747772.155600001104176,7724814.985600001178682],[747774.155600001104176,7724814.985600001178682],[747774.155600001104176,7724813.985600000247359],[747776.155600002035499,7724813.985600000247359],[747776.155600002035499,7724812.985600001178682],[747778.155600000172853,7724812.985600001178682],[747778.155600000172853,7724811.985600002110004],[747780.155600000172853,7724811.985600002110004],[747780.155600000172853,7724810.985600000247359],[747782.155600001104176,7724810.985600000247359],[747782.155600001104176,7724809.985600001178682],[747783.155600000172853,7724809.985600001178682],[747783.155600000172853,7724808.985600000247359],[747785.155600000172853,7724808.985600000247359],[747785.155600000172853,7724807.985600001178682],[747787.155600001104176,7724807.985600001178682],[747787.155600001104176,7724806.985600002110004],[747788.155600000172853,7724806.985600002110004],[747788.155600000172853,7724805.985600000247359],[747790.155600001104176,7724805.985600000247359],[747790.155600001104176,7724804.985600001178682],[747792.155600001104176,7724804.985600001178682],[747792.155600001104176,7724803.985600000247359],[747794.155600002035499,7724803.985600000247359],[747794.155600002035499,7724802.985600001178682],[747795.155600001104176,7724802.985600001178682],[747795.155600001104176,7724801.985600001178682],[747797.155600001104176,7724801.985600001178682],[747797.155600001104176,7724800.985600000247359],[747799.155600002035499,7724800.985600000247359],[747799.155600002035499,7724799.985600001178682],[747801.155600000172853,7724799.985600001178682],[747801.155600000172853,7724798.985600000247359],[747803.155600000172853,7724798.985600000247359],[747803.155600000172853,7724797.985600000247359],[747807.155600001104176,7724797.985600000247359],[747807.155600001104176,7724796.985600001178682],[747811.155600000172853,7724796.985600001178682],[747811.155600000172853,7724795.985600000247359],[747816.155600000172853,7724795.985600000247359],[747816.155600000172853,7724796.985600001178682],[747817.155600002035499,7724796.985600001178682],[747819.155600000172853,7724796.985600001178682],[747819.155600000172853,7724797.985600000247359],[747823.155600001104176,7724797.985600000247359],[747823.155600001104176,7724798.985600000247359],[747825.155600001104176,7724798.985600000247359],[747825.155600001104176,7724799.985600001178682],[747827.155599999241531,7724799.985600001178682],[747827.155599999241531,7724800.985600000247359],[747828.155600001104176,7724800.985600000247359],[747828.155600001104176,7724801.985600001178682],[747829.155600000172853,7724801.985600001178682],[747829.155600000172853,7724802.985600001178682],[747831.155600001104176,7724802.985600001178682],[747831.155600001104176,7724803.985600000247359],[747834.155600000172853,7724803.985600000247359],[747834.155600000172853,7724804.985600001178682],[747835.155600002035499,7724804.985600001178682],[747835.155600002035499,7724805.985600000247359],[747838.155600001104176,7724805.985600000247359],[747838.155600001104176,7724806.985600002110004],[747839.155600000172853,7724806.985600002110004],[747839.155600000172853,7724807.985600001178682],[747842.155600000172853,7724807.985600001178682],[747842.155600000172853,7724808.985600000247359],[747843.155600001104176,7724808.985600000247359],[747843.155600001104176,7724809.985600001178682],[747846.155600001104176,7724809.985600001178682],[747846.155600001104176,7724810.985600000247359],[747848.155600001104176,7724810.985600000247359],[747848.155600001104176,7724811.985600002110004],[747851.155600001104176,7724811.985600002110004],[747851.155600001104176,7724812.985600001178682],[747853.155600001104176,7724812.985600001178682],[747853.155600001104176,7724813.985600000247359],[747855.155600000172853,7724813.985600000247359],[747855.155600000172853,7724814.985600001178682],[747856.155600001104176,7724814.985600001178682],[747856.155600001104176,7724815.985600000247359],[747858.155600002035499,7724815.985600000247359],[747858.155600002035499,7724816.985599999316037],[747859.155600001104176,7724816.985599999316037],[747859.155600001104176,7724817.985600001178682],[747860.155600000172853,7724817.985600001178682],[747860.155600000172853,7724818.985600000247359],[747861.155600001104176,7724818.985600000247359],[747861.155600001104176,7724819.985600001178682],[747863.155600002035499,7724819.985600001178682],[747863.155600002035499,7724820.985600000247359],[747864.155600001104176,7724820.985600000247359],[747864.155600001104176,7724821.985600000247359],[747865.155600000172853,7724821.985600000247359],[747865.155600000172853,7724822.985600001178682],[747866.155600001104176,7724822.985600001178682],[747866.155600001104176,7724823.985600000247359],[747868.155600002035499,7724823.985600000247359],[747868.155600002035499,7724824.985600002110004],[747871.155600001104176,7724824.985600002110004],[747871.155600001104176,7724825.985600001178682],[747880.155600000172853,7724825.985600001178682],[747880.155600000172853,7724826.985600000247359],[747882.155600001104176,7724826.985600000247359],[747882.155600001104176,7724827.985600001178682],[747883.155600000172853,7724827.985600001178682],[747883.155600000172853,7724828.985600000247359],[747884.155600001104176,7724828.985600000247359],[747884.155600001104176,7724829.985600002110004],[747886.155600002035499,7724829.985600002110004],[747886.155600002035499,7724830.985600001178682],[747887.155600001104176,7724830.985600001178682],[747887.155600001104176,7724831.985600000247359],[747888.155600000172853,7724831.985600000247359],[747888.155600000172853,7724832.985600001178682],[747889.155600001104176,7724832.985600001178682],[747889.155600001104176,7724833.985600000247359],[747891.155599999241531,7724833.985600000247359],[747891.155599999241531,7724834.985600002110004],[747892.155600001104176,7724834.985600002110004],[747892.155600001104176,7724835.985600001178682],[747893.155600000172853,7724835.985600001178682],[747893.155600000172853,7724836.985600000247359],[747894.155600001104176,7724836.985600000247359],[747894.155600001104176,7724837.985600001178682],[747896.155600000172853,7724837.985600001178682],[747896.155600000172853,7724838.985600000247359],[747897.155600001104176,7724838.985600000247359],[747897.155600001104176,7724839.985599999316037],[747898.155600000172853,7724839.985599999316037],[747898.155600000172853,7724840.985600001178682],[747899.155600001104176,7724840.985600001178682],[747899.155600001104176,7724841.985600000247359],[747901.155600000172853,7724841.985600000247359],[747901.155600000172853,7724842.985600001178682],[747902.155600001104176,7724842.985600001178682],[747902.155600001104176,7724843.985600000247359],[747903.155600000172853,7724843.985600000247359],[747903.155600000172853,7724844.985600000247359],[747905.155600001104176,7724844.985600000247359],[747905.155600001104176,7724845.985600001178682],[747906.155600000172853,7724845.985600001178682],[747906.155600000172853,7724846.985600000247359],[747907.155600001104176,7724846.985600000247359],[747907.155600001104176,7724847.985600002110004],[747908.155600000172853,7724847.985600002110004],[747908.155600000172853,7724848.985600001178682],[747910.155600001104176,7724848.985600001178682],[747910.155600001104176,7724849.985600000247359],[747911.155600000172853,7724849.985600000247359],[747911.155600000172853,7724850.985600001178682],[747912.155600001104176,7724850.985600001178682],[747912.155600001104176,7724851.985600000247359],[747913.155600000172853,7724851.985600000247359],[747913.155600000172853,7724852.985600002110004],[747915.155600001104176,7724852.985600002110004],[747915.155600001104176,7724853.985600001178682],[747916.155600000172853,7724853.985600001178682],[747916.155600000172853,7724854.985600000247359],[747917.155600001104176,7724854.985600000247359],[747917.155600001104176,7724855.985600001178682],[747918.155600000172853,7724855.985600001178682],[747918.155600000172853,7724856.985600000247359],[747920.155600001104176,7724856.985600000247359],[747920.155600001104176,7724857.985600002110004],[747921.155600000172853,7724857.985600002110004],[747921.155600000172853,7724858.985600001178682],[747922.155600001104176,7724858.985600001178682],[747922.155600001104176,7724859.985600000247359],[747923.155600001104176,7724859.985600000247359],[747923.155600001104176,7724860.985600001178682],[747924.155600000172853,7724860.985600001178682],[747924.155600000172853,7724859.985600000247359],[747930.155600001104176,7724859.985600000247359],[747930.155600001104176,7724858.985600001178682],[747937.155599999241531,7724858.985600001178682],[747937.155599999241531,7724857.985600002110004],[747944.155600000172853,7724857.985600002110004],[747944.155600000172853,7724856.985600000247359],[747952.155600000172853,7724856.985600000247359],[747952.155600000172853,7724855.985600001178682],[747959.155600000172853,7724855.985600001178682],[747959.155600000172853,7724854.985600000247359],[747966.155600001104176,7724854.985600000247359],[747966.155600001104176,7724853.985600001178682],[747974.155600001104176,7724853.985600001178682],[747974.155600001104176,7724852.985600002110004],[747981.155600001104176,7724852.985600002110004],[747981.155600001104176,7724851.985600000247359],[747989.155600001104176,7724851.985600000247359],[747989.155600001104176,7724850.985600001178682],[747996.155600002035499,7724850.985600001178682],[747996.155600002035499,7724849.985600000247359],[748004.155600001104176,7724849.985600000247359],[748004.155600001104176,7724848.985600001178682],[748012.155600001104176,7724848.985600001178682],[748012.155600001104176,7724847.985600002110004],[748022.155600001104176,7724847.985600002110004],[748022.155600001104176,7724848.985600001178682],[748023.155600000172853,7724848.985600001178682],[748023.155600000172853,7724849.985600000247359],[748022.155600001104176,7724849.985600000247359],[748022.155600001104176,7724850.985600001178682],[748021.155600000172853,7724850.985600001178682],[748021.155600000172853,7724852.985600002110004],[748020.155600001104176,7724852.985600002110004],[748020.155600001104176,7724855.985600001178682],[748021.155600000172853,7724855.985600001178682],[748021.155600000172853,7724860.985600001178682],[748022.155600001104176,7724860.985600001178682],[748022.155600001104176,7724864.985600000247359],[748023.155600000172853,7724864.985600000247359],[748023.155600000172853,7724869.985600000247359],[748024.155600002035499,7724869.985600000247359],[748024.155600002035499,7724874.985600000247359],[748025.155600001104176,7724874.985600000247359],[748025.155600001104176,7724878.985600001178682],[748026.155600000172853,7724878.985600001178682],[748026.155600000172853,7724883.985600001178682],[748027.155600001104176,7724883.985600001178682],[748027.155600001104176,7724887.985600000247359],[748028.155600000172853,7724887.985600000247359],[748028.155600000172853,7724892.985600000247359],[748029.155599999241531,7724892.985600000247359],[748029.155599999241531,7724897.985600000247359],[748030.155600001104176,7724897.985600000247359],[748030.155600001104176,7724901.985600001178682],[748031.155600000172853,7724901.985600001178682],[748031.155600000172853,7724906.985600001178682],[748032.155600001104176,7724906.985600001178682],[748032.155600001104176,7724910.985600000247359],[748033.155600001104176,7724910.985600000247359],[748033.155600001104176,7724915.985600000247359],[748034.155600000172853,7724915.985600000247359],[748034.155600000172853,7724919.985600001178682],[748035.155600001104176,7724919.985600001178682],[748035.155600001104176,7724922.985600001178682],[748036.155600000172853,7724922.985600001178682],[748036.155600000172853,7724923.985600000247359],[748037.155600002035499,7724923.985600000247359],[748037.155600002035499,7724924.985600001178682],[748042.155600002035499,7724924.985600001178682],[748042.155600002035499,7724925.985600000247359],[748043.155600001104176,7724925.985600000247359],[748043.155600001104176,7724926.985600002110004],[748044.155600000172853,7724926.985600002110004],[748044.155600000172853,7724922.985600001178682],[748045.155600001104176,7724922.985600001178682],[748045.155600001104176,7724921.985600002110004],[748047.155600002035499,7724921.985600002110004],[748047.155600002035499,7724920.985600000247359],[748048.155600001104176,7724920.985600000247359],[748048.155600001104176,7724919.985600001178682],[748051.155600000172853,7724919.985600001178682],[748051.155600000172853,7724918.985600000247359],[748054.155600000172853,7724918.985600000247359],[748054.155600000172853,7724917.985600001178682],[748058.155600001104176,7724917.985600001178682],[748058.155600001104176,7724916.985600002110004],[748061.155600001104176,7724916.985600002110004],[748061.155600001104176,7724915.985600000247359],[748064.155600000172853,7724915.985600000247359],[748064.155600000172853,7724914.985600001178682],[748067.155600000172853,7724914.985600001178682],[748067.155600000172853,7724913.985600000247359],[748070.155599999241531,7724913.985600000247359],[748070.155599999241531,7724912.985600001178682],[748073.155600001104176,7724912.985600001178682],[748073.155600001104176,7724911.985600001178682],[748077.155600000172853,7724911.985600001178682],[748077.155600000172853,7724910.985600000247359],[748080.155600000172853,7724910.985600000247359],[748080.155600000172853,7724909.985600001178682],[748083.155600002035499,7724909.985600001178682],[748083.155600002035499,7724908.985599999316037],[748086.155600001104176,7724908.985599999316037],[748086.155600001104176,7724907.985600000247359],[748089.155600001104176,7724907.985600000247359],[748089.155600001104176,7724906.985600001178682],[748092.155600000172853,7724906.985600001178682],[748092.155600000172853,7724905.985600000247359],[748095.155600000172853,7724905.985600000247359],[748095.155600000172853,7724904.985600001178682],[748099.155600001104176,7724904.985600001178682],[748099.155600001104176,7724903.985600002110004],[748102.155600001104176,7724903.985600002110004],[748102.155600001104176,7724902.985600000247359],[748105.155600000172853,7724902.985600000247359],[748105.155600000172853,7724901.985600001178682],[748108.155600000172853,7724901.985600001178682],[748108.155600000172853,7724900.985600000247359],[748111.155600002035499,7724900.985600000247359],[748111.155600002035499,7724899.985600001178682],[748114.155600001104176,7724899.985600001178682],[748114.155600001104176,7724898.985600002110004],[748118.155600000172853,7724898.985600002110004],[748118.155600000172853,7724897.985600000247359],[748121.155600000172853,7724897.985600000247359],[748121.155600000172853,7724896.985600001178682],[748123.155600000172853,7724896.985600001178682],[748123.155600000172853,7724895.985600000247359],[748124.155600002035499,7724895.985600000247359],[748124.155600002035499,7724894.985600001178682],[748125.155600001104176,7724894.985600001178682],[748125.155600001104176,7724893.985600002110004],[748126.155600000172853,7724893.985600002110004],[748126.155600000172853,7724892.985600000247359],[748127.155600001104176,7724892.985600000247359],[748127.155600001104176,7724891.985600001178682],[748128.155600000172853,7724891.985600001178682],[748128.155600000172853,7724890.985600000247359],[748129.155600002035499,7724890.985600000247359],[748129.155600002035499,7724889.985600001178682],[748130.155600001104176,7724889.985600001178682],[748130.155600001104176,7724888.985600001178682],[748131.155600000172853,7724888.985600001178682],[748131.155600000172853,7724887.985600000247359],[748132.155600001104176,7724887.985600000247359],[748132.155600001104176,7724886.985600001178682],[748133.155600000172853,7724886.985600001178682],[748133.155600000172853,7724885.985599999316037],[748134.155600002035499,7724885.985599999316037],[748134.155600002035499,7724884.985600000247359],[748135.155600001104176,7724884.985600000247359],[748135.155600001104176,7724883.985600001178682],[748136.155600000172853,7724883.985600001178682],[748136.155600000172853,7724882.985600000247359],[748137.155600001104176,7724882.985600000247359],[748137.155600001104176,7724881.985600001178682],[748138.155600000172853,7724881.985600001178682],[748138.155600000172853,7724880.985600002110004],[748139.155599999241531,7724880.985600002110004],[748139.155599999241531,7724879.985600000247359],[748140.155600001104176,7724879.985600000247359],[748140.155600001104176,7724878.985600001178682],[748141.155600000172853,7724878.985600001178682],[748141.155600000172853,7724877.985600000247359],[748142.155600001104176,7724877.985600000247359],[748142.155600001104176,7724876.985600001178682],[748143.155600000172853,7724876.985600001178682],[748143.155600000172853,7724875.985600002110004],[748144.155600000172853,7724875.985600002110004],[748144.155600000172853,7724874.985600000247359],[748145.155600001104176,7724874.985600000247359],[748145.155600001104176,7724873.985600001178682],[748146.155600000172853,7724873.985600001178682],[748146.155600000172853,7724872.985600000247359],[748147.155600002035499,7724872.985600000247359],[748147.155600002035499,7724871.985600001178682],[748148.155600001104176,7724871.985600001178682],[748148.155600001104176,7724870.985600002110004],[748149.155600000172853,7724870.985600002110004],[748149.155600000172853,7724869.985600000247359],[748150.155600001104176,7724869.985600000247359],[748150.155600001104176,7724868.985600001178682],[748151.155600000172853,7724868.985600001178682],[748151.155600000172853,7724867.985600000247359],[748152.155600002035499,7724867.985600000247359],[748152.155600002035499,7724866.985600001178682],[748153.155600001104176,7724866.985600001178682],[748153.155600001104176,7724865.985600001178682],[748154.155600000172853,7724865.985600001178682],[748154.155600000172853,7724864.985600000247359],[748155.155600001104176,7724864.985600000247359],[748155.155600001104176,7724863.985600001178682],[748171.155600001104176,7724863.985600001178682],[748171.155600001104176,7724862.985599999316037],[748186.155600001104176,7724862.985599999316037],[748186.155600001104176,7724863.985600001178682],[748187.155600000172853,7724863.985600001178682],[748187.155600000172853,7724867.985600000247359],[748188.155600001104176,7724867.985600000247359],[748188.155600001104176,7724871.985600001178682],[748189.155600001104176,7724871.985600001178682],[748189.155600001104176,7724875.985600002110004],[748190.155600000172853,7724875.985600002110004],[748190.155600000172853,7724879.985600000247359],[748191.155600001104176,7724879.985600000247359],[748191.155600001104176,7724883.985600001178682],[748192.155600000172853,7724883.985600001178682],[748192.155600000172853,7724888.985600001178682],[748193.155600002035499,7724888.985600001178682],[748193.155600002035499,7724892.985600000247359],[748194.155600001104176,7724892.985600000247359],[748194.155600001104176,7724893.985600002110004],[748195.155600000172853,7724893.985600002110004],[748195.155600000172853,7724894.985600001178682],[748197.155600000172853,7724894.985600001178682],[748197.155600000172853,7724895.985600000247359],[748199.155600001104176,7724895.985600000247359],[748199.155600001104176,7724896.985600001178682],[748201.155600001104176,7724896.985600001178682],[748201.155600001104176,7724897.985600000247359],[748203.155600002035499,7724897.985600000247359],[748203.155600002035499,7724898.985600002110004],[748206.155600001104176,7724898.985600002110004],[748206.155600001104176,7724899.985600001178682],[748208.155599999241531,7724899.985600001178682],[748208.155599999241531,7724900.985600000247359],[748210.155600000172853,7724900.985600000247359],[748210.155600000172853,7724901.985600001178682],[748212.155600001104176,7724901.985600001178682],[748212.155600001104176,7724902.985600000247359],[748214.155600001104176,7724902.985600000247359],[748214.155600001104176,7724903.985600002110004],[748217.155600001104176,7724903.985600002110004],[748217.155600001104176,7724904.985600001178682],[748219.155600001104176,7724904.985600001178682],[748219.155600001104176,7724905.985600000247359],[748221.155600002035499,7724905.985600000247359],[748221.155600002035499,7724906.985600001178682],[748223.155600000172853,7724906.985600001178682],[748223.155600000172853,7724907.985600000247359],[748226.155600002035499,7724907.985600000247359],[748226.155600002035499,7724908.985599999316037],[748228.155600000172853,7724908.985599999316037],[748228.155600000172853,7724909.985600001178682],[748230.155600000172853,7724909.985600001178682],[748230.155600000172853,7724910.985600000247359],[748232.155600001104176,7724910.985600000247359],[748232.155600001104176,7724911.985600001178682],[748235.155600001104176,7724911.985600001178682],[748235.155600001104176,7724912.985600001178682],[748237.155600001104176,7724912.985600001178682],[748237.155600001104176,7724913.985600000247359],[748239.155600002035499,7724913.985600000247359],[748239.155600002035499,7724914.985600001178682],[748241.155600000172853,7724914.985600001178682],[748241.155600000172853,7724915.985600000247359],[748244.155600002035499,7724915.985600000247359],[748244.155600002035499,7724916.985600002110004],[748246.155600000172853,7724916.985600002110004],[748246.155600000172853,7724915.985600000247359],[748247.155600001104176,7724915.985600000247359],[748247.155600001104176,7724914.985600001178682],[748248.155600000172853,7724914.985600001178682],[748248.155600000172853,7724913.985600000247359],[748249.155599999241531,7724913.985600000247359],[748249.155599999241531,7724912.985600001178682],[748250.155600001104176,7724912.985600001178682],[748250.155600001104176,7724911.985600001178682],[748251.155600000172853,7724911.985600001178682],[748251.155600000172853,7724910.985600000247359],[748252.155600001104176,7724910.985600000247359],[748252.155600001104176,7724909.985600001178682],[748253.155600000172853,7724909.985600001178682],[748253.155600000172853,7724908.985599999316037],[748254.155600000172853,7724908.985599999316037],[748254.155600000172853,7724907.985600000247359],[748255.155600001104176,7724907.985600000247359],[748255.155600001104176,7724906.985600001178682],[748256.155600000172853,7724906.985600001178682],[748256.155600000172853,7724905.985600000247359],[748257.155600001104176,7724905.985600000247359],[748257.155600001104176,7724904.985600001178682],[748258.155600001104176,7724904.985600001178682],[748258.155600001104176,7724903.985600002110004],[748259.155600000172853,7724903.985600002110004],[748259.155600000172853,7724902.985600000247359],[748300.155600000172853,7724902.985600000247359],[748300.155600000172853,7724901.985600001178682],[748301.155600001104176,7724901.985600001178682],[748301.155600001104176,7724900.985600000247359],[748303.155600002035499,7724900.985600000247359],[748303.155600002035499,7724899.985600001178682],[748304.155600001104176,7724899.985600001178682],[748304.155600001104176,7724898.985600002110004],[748305.155600000172853,7724898.985600002110004],[748305.155600000172853,7724897.985600000247359],[748306.155600001104176,7724897.985600000247359],[748306.155600001104176,7724896.985600001178682],[748308.155600002035499,7724896.985600001178682],[748308.155600002035499,7724895.985600000247359],[748309.155600001104176,7724895.985600000247359],[748309.155600001104176,7724894.985600001178682],[748310.155600000172853,7724894.985600001178682],[748310.155600000172853,7724893.985600002110004],[748311.155600001104176,7724893.985600002110004],[748311.155600001104176,7724892.985600000247359],[748313.155600002035499,7724892.985600000247359],[748313.155600002035499,7724891.985600001178682],[748314.155600001104176,7724891.985600001178682],[748314.155600001104176,7724890.985600000247359],[748315.155600000172853,7724890.985600000247359],[748315.155600000172853,7724889.985600001178682],[748316.155600001104176,7724889.985600001178682],[748316.155600001104176,7724888.985600001178682],[748318.155599999241531,7724888.985600001178682],[748318.155599999241531,7724887.985600000247359],[748319.155600001104176,7724887.985600000247359],[748319.155600001104176,7724886.985600001178682],[748320.155600000172853,7724886.985600001178682],[748320.155600000172853,7724885.985599999316037],[748321.155600001104176,7724885.985599999316037],[748321.155600001104176,7724884.985600000247359],[748323.155600000172853,7724884.985600000247359],[748323.155600000172853,7724883.985600001178682],[748324.155600001104176,7724883.985600001178682],[748324.155600001104176,7724882.985600000247359],[748325.155600000172853,7724882.985600000247359],[748325.155600000172853,7724881.985600001178682],[748326.155600002035499,7724881.985600001178682],[748326.155600002035499,7724880.985600002110004],[748328.155600000172853,7724880.985600002110004],[748328.155600000172853,7724879.985600000247359],[748329.155600001104176,7724879.985600000247359],[748329.155600001104176,7724878.985600001178682],[748330.155600000172853,7724878.985600001178682],[748330.155600000172853,7724877.985600000247359],[748331.155600002035499,7724877.985600000247359],[748331.155600002035499,7724876.985600001178682],[748332.155600001104176,7724876.985600001178682],[748332.155600001104176,7724875.985600002110004],[748334.155600001104176,7724875.985600002110004],[748334.155600001104176,7724874.985600000247359],[748335.155600000172853,7724874.985600000247359],[748335.155600000172853,7724873.985600001178682],[748336.155600002035499,7724873.985600001178682],[748336.155600002035499,7724872.985600000247359],[748337.155600001104176,7724872.985600000247359],[748337.155600001104176,7724871.985600001178682],[748339.155600001104176,7724871.985600001178682],[748339.155600001104176,7724870.985600002110004],[748340.155600000172853,7724870.985600002110004],[748340.155600000172853,7724869.985600000247359],[748341.155599999241531,7724869.985600000247359],[748341.155599999241531,7724868.985600001178682],[748342.155600001104176,7724868.985600001178682],[748342.155600001104176,7724867.985600000247359],[748344.155600001104176,7724867.985600000247359],[748344.155600001104176,7724866.985600001178682],[748345.155600001104176,7724866.985600001178682],[748345.155600001104176,7724865.985600001178682],[748346.155600000172853,7724865.985600001178682],[748346.155600000172853,7724864.985600000247359],[748347.155600001104176,7724864.985600000247359],[748347.155600001104176,7724863.985600001178682],[748349.155600002035499,7724863.985600001178682],[748349.155600002035499,7724862.985599999316037],[748350.155600001104176,7724862.985599999316037],[748350.155600001104176,7724861.985600000247359],[748351.155600000172853,7724861.985600000247359],[748351.155600000172853,7724860.985600001178682],[748352.155600001104176,7724860.985600001178682],[748352.155600001104176,7724859.985600000247359],[748353.155600000172853,7724859.985600000247359],[748353.155600000172853,7724858.985600001178682],[748355.155600001104176,7724858.985600001178682],[748355.155600001104176,7724857.985600002110004],[748356.155600000172853,7724857.985600002110004],[748356.155600000172853,7724856.985600000247359],[748357.155600001104176,7724856.985600000247359],[748357.155600001104176,7724855.985600001178682],[748366.155600000172853,7724855.985600001178682],[748366.155600000172853,7724854.985600000247359],[748383.155600001104176,7724854.985600000247359],[748383.155600001104176,7724853.985600001178682],[748396.155600001104176,7724853.985600001178682],[748396.155600001104176,7724852.985600002110004],[748403.155600001104176,7724852.985600002110004],[748403.155600001104176,7724853.985600001178682],[748404.155600000172853,7724853.985600001178682],[748404.155600000172853,7724854.985600000247359],[748405.155600002035499,7724854.985600000247359],[748405.155600002035499,7724855.985600001178682],[748406.155600001104176,7724855.985600001178682],[748406.155600001104176,7724856.985600000247359],[748407.155600000172853,7724856.985600000247359],[748407.155600000172853,7724857.985600002110004],[748410.155600000172853,7724857.985600002110004],[748410.155600000172853,7724856.985600000247359],[748412.155600000172853,7724856.985600000247359],[748412.155600000172853,7724855.985600001178682],[748414.155600001104176,7724855.985600001178682],[748414.155600001104176,7724854.985600000247359],[748416.155600001104176,7724854.985600000247359],[748416.155600001104176,7724853.985600001178682],[748421.155600001104176,7724853.985600001178682],[748421.155600001104176,7724852.985600002110004],[748423.155600002035499,7724852.985600002110004],[748423.155600002035499,7724851.985600000247359],[748424.155600001104176,7724851.985600000247359],[748424.155600001104176,7724850.985600001178682],[748426.155600001104176,7724850.985600001178682],[748426.155600001104176,7724849.985600000247359],[748428.155599999241531,7724849.985600000247359],[748428.155599999241531,7724848.985600001178682],[748430.155600000172853,7724848.985600001178682],[748430.155600000172853,7724847.985600002110004],[748432.155600000172853,7724847.985600002110004],[748432.155600000172853,7724846.985600000247359],[748433.155600000172853,7724846.985600000247359],[748433.155600000172853,7724845.985600001178682],[748435.155600000172853,7724845.985600001178682],[748435.155600000172853,7724844.985600000247359],[748437.155600001104176,7724844.985600000247359],[748437.155600001104176,7724843.985600000247359],[748441.155600002035499,7724843.985600000247359],[748441.155600002035499,7724844.985600000247359],[748446.155600002035499,7724844.985600000247359],[748446.155600002035499,7724845.985600001178682],[748452.155600001104176,7724845.985600001178682],[748452.155600001104176,7724846.985600000247359],[748457.155600001104176,7724846.985600000247359],[748457.155600001104176,7724847.985600002110004],[748462.155600001104176,7724847.985600002110004],[748462.155600001104176,7724848.985600001178682],[748468.155600000172853,7724848.985600001178682],[748468.155600000172853,7724849.985600000247359],[748473.155600000172853,7724849.985600000247359],[748473.155600000172853,7724850.985600001178682],[748479.155600000172853,7724850.985600001178682],[748479.155600000172853,7724851.985600000247359],[748484.155600000172853,7724851.985600000247359],[748484.155600000172853,7724852.985600002110004],[748489.155600000172853,7724852.985600002110004],[748489.155600000172853,7724853.985600001178682],[748495.155600001104176,7724853.985600001178682],[748495.155600001104176,7724854.985600000247359],[748500.155600001104176,7724854.985600000247359],[748500.155600001104176,7724855.985600001178682],[748506.155600001104176,7724855.985600001178682],[748506.155600001104176,7724856.985600000247359],[748516.155600001104176,7724856.985600000247359],[748516.155600001104176,7724855.985600001178682],[748518.155600001104176,7724855.985600001178682],[748518.155600001104176,7724854.985600000247359],[748520.155599999241531,7724854.985600000247359],[748520.155599999241531,7724853.985600001178682],[748522.155600000172853,7724853.985600001178682],[748522.155600000172853,7724852.985600002110004],[748524.155600001104176,7724852.985600002110004],[748524.155600001104176,7724851.985600000247359],[748527.155600000172853,7724851.985600000247359],[748527.155600000172853,7724852.985600002110004],[748541.155600001104176,7724852.985600002110004],[748541.155600001104176,7724853.985600001178682],[748542.155600000172853,7724853.985600001178682],[748542.155600000172853,7724855.985600001178682],[748543.155599999241531,7724855.985600001178682],[748543.155599999241531,7724856.985600000247359],[748544.155600001104176,7724856.985600000247359],[748544.155600001104176,7724855.985600001178682],[748546.155600001104176,7724855.985600001178682],[748546.155600001104176,7724854.985600000247359],[748548.155600000172853,7724854.985600000247359],[748548.155600000172853,7724853.985600001178682],[748550.155600000172853,7724853.985600001178682],[748550.155600000172853,7724852.985600002110004],[748552.155600001104176,7724852.985600002110004],[748552.155600001104176,7724851.985600000247359],[748554.155600001104176,7724851.985600000247359],[748554.155600001104176,7724850.985600001178682],[748557.155600001104176,7724850.985600001178682],[748557.155600001104176,7724849.985600000247359],[748558.155600000172853,7724849.985600000247359],[748558.155600000172853,7724848.985600001178682],[748561.155600002035499,7724848.985600001178682],[748561.155600002035499,7724849.985600000247359],[748563.155600000172853,7724849.985600000247359],[748563.155600000172853,7724850.985600001178682],[748565.155600000172853,7724850.985600001178682],[748565.155600000172853,7724851.985600000247359],[748567.155600001104176,7724851.985600000247359],[748567.155600001104176,7724852.985600002110004],[748570.155600001104176,7724852.985600002110004],[748570.155600001104176,7724853.985600001178682],[748571.155600000172853,7724853.985600001178682],[748571.155600000172853,7724854.985600000247359],[748572.155600001104176,7724854.985600000247359],[748572.155600001104176,7724855.985600001178682],[748573.155600000172853,7724855.985600001178682],[748573.155600000172853,7724856.985600000247359],[748574.155600002035499,7724856.985600000247359],[748574.155600002035499,7724857.985600002110004],[748575.155600001104176,7724857.985600002110004],[748575.155600001104176,7724858.985600001178682],[748576.155600000172853,7724858.985600001178682],[748576.155600000172853,7724859.985600000247359],[748577.155600001104176,7724859.985600000247359],[748577.155600001104176,7724860.985600001178682],[748578.155600000172853,7724860.985600001178682],[748578.155600000172853,7724861.985600000247359],[748579.155600002035499,7724861.985600000247359],[748579.155600002035499,7724862.985599999316037],[748580.155600001104176,7724862.985599999316037],[748580.155600001104176,7724863.985600001178682],[748581.155600000172853,7724863.985600001178682],[748581.155600000172853,7724864.985600000247359],[748582.155600001104176,7724864.985600000247359],[748582.155600001104176,7724865.985600001178682],[748583.155600000172853,7724865.985600001178682],[748583.155600000172853,7724866.985600001178682],[748584.155599999241531,7724866.985600001178682],[748584.155599999241531,7724867.985600000247359],[748585.155600001104176,7724867.985600000247359],[748585.155600001104176,7724868.985600001178682],[748586.155600000172853,7724868.985600001178682],[748586.155600000172853,7724869.985600000247359],[748587.155600001104176,7724869.985600000247359],[748587.155600001104176,7724870.985600002110004],[748588.155600000172853,7724870.985600002110004],[748588.155600000172853,7724871.985600001178682],[748589.155600000172853,7724871.985600001178682],[748589.155600000172853,7724872.985600000247359],[748590.155600001104176,7724872.985600000247359],[748590.155600001104176,7724873.985600001178682],[748591.155600000172853,7724873.985600001178682],[748591.155600000172853,7724874.985600000247359],[748592.155600001104176,7724874.985600000247359],[748592.155600001104176,7724875.985600002110004],[748593.155600001104176,7724875.985600002110004],[748593.155600001104176,7724876.985600001178682],[748594.155600000172853,7724876.985600001178682],[748594.155600000172853,7724877.985600000247359],[748595.155600001104176,7724877.985600000247359],[748595.155600001104176,7724878.985600001178682],[748596.155600000172853,7724878.985600001178682],[748596.155600000172853,7724879.985600000247359],[748597.155600002035499,7724879.985600000247359],[748597.155600002035499,7724880.985600002110004],[748598.155600001104176,7724880.985600002110004],[748598.155600001104176,7724898.985600002110004],[748599.155600000172853,7724898.985600002110004],[748599.155600000172853,7724899.985600001178682],[748600.155600001104176,7724899.985600001178682],[748600.155600001104176,7724900.985600000247359],[748601.155600000172853,7724900.985600000247359],[748601.155600000172853,7724901.985600001178682],[748602.155600002035499,7724901.985600001178682],[748602.155600002035499,7724902.985600000247359],[748603.155600001104176,7724902.985600000247359],[748603.155600001104176,7724903.985600002110004],[748604.155600000172853,7724903.985600002110004],[748604.155600000172853,7724904.985600001178682],[748605.155600001104176,7724904.985600001178682],[748605.155600001104176,7724905.985600000247359],[748606.155600000172853,7724905.985600000247359],[748606.155600000172853,7724906.985600001178682],[748607.155599999241531,7724906.985600001178682],[748607.155599999241531,7724907.985600000247359],[748693.155600000172853,7724907.985600000247359],[748693.155600000172853,7724908.985599999316037],[748696.155600000172853,7724908.985599999316037],[748696.155600000172853,7724909.985600001178682],[748697.155600001104176,7724909.985600001178682],[748697.155600001104176,7724910.985600000247359],[748698.155600000172853,7724910.985600000247359],[748698.155600000172853,7724911.985600001178682],[748699.155599999241531,7724911.985600001178682],[748699.155599999241531,7724912.985600001178682],[748700.155600001104176,7724912.985600001178682],[748700.155600001104176,7724913.985600000247359],[748701.155600000172853,7724913.985600000247359],[748701.155600000172853,7724914.985600001178682],[748702.155600001104176,7724914.985600001178682],[748702.155600001104176,7724915.985600000247359],[748704.155600000172853,7724915.985600000247359],[748704.155600000172853,7724916.985600002110004],[748705.155600001104176,7724916.985600002110004],[748705.155600001104176,7724917.985600001178682],[748706.155600000172853,7724917.985600001178682],[748706.155600000172853,7724918.985600000247359],[748708.155600001104176,7724918.985600000247359],[748708.155600001104176,7724919.985600001178682],[748709.155600000172853,7724919.985600001178682],[748709.155600000172853,7724920.985600000247359],[748710.155600001104176,7724920.985600000247359],[748710.155600001104176,7724921.985600002110004],[748712.155600002035499,7724921.985600002110004],[748712.155600002035499,7724922.985600001178682],[748713.155600001104176,7724922.985600001178682],[748713.155600001104176,7724923.985600000247359],[748714.155600000172853,7724923.985600000247359],[748714.155600000172853,7724924.985600001178682],[748716.155600000172853,7724924.985600001178682],[748716.155600000172853,7724925.985600000247359],[748717.155600002035499,7724925.985600000247359],[748717.155600002035499,7724926.985600002110004],[748719.155600000172853,7724926.985600002110004],[748719.155600000172853,7724927.985600001178682],[748720.155600001104176,7724927.985600001178682],[748720.155600001104176,7724928.985600000247359],[748721.155600000172853,7724928.985600000247359],[748721.155600000172853,7724929.985600001178682],[748722.155599999241531,7724929.985600001178682],[748722.155599999241531,7724930.985600000247359],[748724.155600000172853,7724930.985600000247359],[748724.155600000172853,7724931.985600000247359],[748727.155600000172853,7724931.985600000247359],[748727.155600000172853,7724932.985600001178682],[748729.155600000172853,7724932.985600001178682],[748729.155600000172853,7724933.985600000247359],[748732.155600000172853,7724933.985600000247359],[748732.155600000172853,7724934.985600001178682],[748734.155600000172853,7724934.985600001178682],[748734.155600000172853,7724935.985600001178682],[748736.155600001104176,7724935.985600001178682],[748736.155600001104176,7724936.985600000247359],[748739.155600000172853,7724936.985600000247359],[748739.155600000172853,7724937.985600001178682],[748741.155600001104176,7724937.985600001178682],[748741.155600001104176,7724938.985600000247359],[748744.155600000172853,7724938.985600000247359],[748744.155600000172853,7724939.985600002110004],[748746.155600001104176,7724939.985600002110004],[748746.155600001104176,7724940.985600001178682],[748749.155600001104176,7724940.985600001178682],[748749.155600001104176,7724941.985600000247359],[748751.155600001104176,7724941.985600000247359],[748751.155600001104176,7724942.985600001178682],[748753.155600002035499,7724942.985600001178682],[748753.155600002035499,7724943.985600000247359],[748756.155600001104176,7724943.985600000247359],[748756.155600001104176,7724944.985600002110004],[748758.155600002035499,7724944.985600002110004],[748758.155600002035499,7724945.985600001178682],[748761.155600001104176,7724945.985600001178682],[748761.155600001104176,7724946.985600000247359],[748763.155599999241531,7724946.985600000247359],[748763.155599999241531,7724947.985600001178682],[748765.155600000172853,7724947.985600001178682],[748765.155600000172853,7724948.985600000247359],[748768.155600000172853,7724948.985600000247359],[748768.155600000172853,7724949.985599999316037],[748770.155600000172853,7724949.985599999316037],[748770.155600000172853,7724950.985600001178682],[748773.155600000172853,7724950.985600001178682],[748773.155600000172853,7724951.985600000247359],[748775.155600000172853,7724951.985600000247359],[748775.155600000172853,7724952.985600001178682],[748778.155600000172853,7724952.985600001178682],[748778.155600000172853,7724953.985600000247359],[748780.155600000172853,7724953.985600000247359],[748780.155600000172853,7724954.985600000247359],[748782.155600001104176,7724954.985600000247359],[748782.155600001104176,7724955.985600001178682],[748785.155600000172853,7724955.985600001178682],[748785.155600000172853,7724956.985600000247359],[748787.155600001104176,7724956.985600000247359],[748787.155600001104176,7724957.985600001178682],[748790.155600000172853,7724957.985600001178682],[748790.155600000172853,7724958.985600001178682],[748792.155600001104176,7724958.985600001178682],[748792.155600001104176,7724959.985600000247359],[748795.155600001104176,7724959.985600000247359],[748795.155600001104176,7724960.985600001178682],[748797.155600001104176,7724960.985600001178682],[748797.155600001104176,7724961.985600000247359],[748799.155600002035499,7724961.985600000247359],[748799.155600002035499,7724962.985600002110004],[748802.155600001104176,7724962.985600002110004],[748802.155600001104176,7724963.985600001178682],[748804.155600002035499,7724963.985600001178682],[748804.155600002035499,7724964.985600000247359],[748807.155600001104176,7724964.985600000247359],[748807.155600001104176,7724965.985600001178682],[748809.155599999241531,7724965.985600001178682],[748809.155599999241531,7724966.985600000247359],[748812.155600001104176,7724966.985600000247359],[748812.155600001104176,7724967.985600002110004],[748814.155600000172853,7724967.985600002110004],[748814.155600000172853,7724968.985600001178682],[748816.155600000172853,7724968.985600001178682],[748816.155600000172853,7724969.985600000247359],[748817.155600002035499,7724969.985600000247359],[748817.155600002035499,7724975.985600001178682],[748818.155600001104176,7724975.985600001178682],[748818.155600001104176,7724976.985600000247359],[748819.155600000172853,7724976.985600000247359],[748819.155600000172853,7724977.985600000247359],[748820.155600001104176,7724977.985600000247359],[748820.155600001104176,7724978.985600001178682],[748821.155600000172853,7724978.985600001178682],[748821.155600000172853,7724979.985600000247359],[748822.155600002035499,7724979.985600000247359],[748822.155600002035499,7724980.985600002110004],[748823.155600001104176,7724980.985600002110004],[748823.155600001104176,7724981.985600001178682],[748824.155600000172853,7724981.985600001178682],[748824.155600000172853,7724982.985600000247359],[748827.155600002035499,7724982.985600000247359],[748827.155600002035499,7724983.985600001178682],[748830.155600001104176,7724983.985600001178682],[748830.155600001104176,7724984.985600000247359],[748833.155600001104176,7724984.985600000247359],[748833.155600001104176,7724985.985600002110004],[748835.155600001104176,7724985.985600002110004],[748835.155600001104176,7724986.985600001178682],[748836.155600000172853,7724986.985600001178682],[748836.155600000172853,7724987.985600000247359],[748837.155600000172853,7724987.985600000247359],[748837.155600000172853,7724988.985600001178682],[748838.155600001104176,7724988.985600001178682],[748838.155600001104176,7724989.985600000247359],[748839.155600000172853,7724989.985600000247359],[748839.155600000172853,7724990.985600002110004],[748840.155600002035499,7724990.985600002110004],[748840.155600002035499,7724991.985600001178682],[748841.155600001104176,7724991.985600001178682],[748841.155600001104176,7724992.985600000247359],[748842.155600000172853,7724992.985600000247359],[748842.155600000172853,7724993.985600001178682],[748843.155600001104176,7724993.985600001178682],[748843.155600001104176,7724994.985600000247359],[748844.155600000172853,7724994.985600000247359],[748844.155600000172853,7724995.985599999316037],[748845.155600002035499,7724995.985599999316037],[748845.155600002035499,7724996.985600001178682],[748846.155600001104176,7724996.985600001178682],[748846.155600001104176,7724997.985600000247359],[748847.155600000172853,7724997.985600000247359],[748847.155600000172853,7724998.985600001178682],[748848.155600001104176,7724998.985600001178682],[748848.155600001104176,7724999.985600000247359],[748849.155600000172853,7724999.985600000247359],[748849.155600000172853,7725000.985600000247359],[748850.155600002035499,7725000.985600000247359],[748850.155600002035499,7725001.985600001178682],[748851.155600001104176,7725001.985600001178682],[748851.155600001104176,7725002.985600000247359],[748852.155600000172853,7725002.985600000247359],[748852.155600000172853,7725003.985600002110004],[748853.155600001104176,7725003.985600002110004],[748853.155600001104176,7725004.985600001178682],[748854.155600000172853,7725004.985600001178682],[748854.155600000172853,7725005.985600000247359],[748855.155599999241531,7725005.985600000247359],[748855.155599999241531,7725006.985600001178682],[748856.155600001104176,7725006.985600001178682],[748856.155600001104176,7725007.985600000247359],[748857.155600000172853,7725007.985600000247359],[748857.155600000172853,7725008.985600002110004],[748858.155600001104176,7725008.985600002110004],[748858.155600001104176,7725009.985600001178682],[748860.155600000172853,7725009.985600001178682],[748860.155600000172853,7725010.985600000247359],[748861.155600001104176,7725010.985600000247359],[748861.155600001104176,7725011.985600001178682],[748862.155600000172853,7725011.985600001178682],[748862.155600000172853,7725012.985600000247359],[748863.155600002035499,7725012.985600000247359],[748863.155600002035499,7725013.985600002110004],[748864.155600001104176,7725013.985600002110004],[748864.155600001104176,7725014.985600001178682],[748865.155600000172853,7725014.985600001178682],[748865.155600000172853,7725015.985600000247359],[748866.155600001104176,7725015.985600000247359],[748866.155600001104176,7725016.985600001178682],[748867.155600000172853,7725016.985600001178682],[748867.155600000172853,7725017.985600000247359],[748868.155600002035499,7725017.985600000247359],[748868.155600002035499,7725018.985599999316037],[748869.155600001104176,7725018.985599999316037],[748869.155600001104176,7725019.985600001178682],[748870.155600000172853,7725019.985600001178682],[748870.155600000172853,7725020.985600000247359],[748871.155600001104176,7725020.985600000247359],[748871.155600001104176,7725021.985600001178682],[748872.155600000172853,7725021.985600001178682],[748872.155600000172853,7725022.985600000247359],[748873.155600002035499,7725022.985600000247359],[748873.155600002035499,7725023.985600000247359],[748874.155600001104176,7725023.985600000247359],[748874.155600001104176,7725024.985600001178682],[748875.155600000172853,7725024.985600001178682],[748875.155600000172853,7725025.985600000247359],[748876.155600001104176,7725025.985600000247359],[748876.155600001104176,7725026.985600002110004],[748877.155600000172853,7725026.985600002110004],[748877.155600000172853,7725030.985600000247359],[748878.155599999241531,7725030.985600000247359],[748878.155599999241531,7725042.985600001178682],[748879.155600001104176,7725042.985600001178682],[748879.155600001104176,7725054.985600002110004],[748880.155600000172853,7725054.985600002110004],[748880.155600000172853,7725067.985600001178682],[748881.155600001104176,7725067.985600001178682],[748881.155600001104176,7725078.985600001178682],[748882.155600001104176,7725078.985600001178682],[748882.155600001104176,7725086.985600000247359],[748885.155600000172853,7725086.985600000247359],[748885.155600000172853,7725085.985600001178682],[748887.155600001104176,7725085.985600001178682],[748887.155600001104176,7725086.985600000247359],[748888.155600000172853,7725086.985600000247359],[748888.155600000172853,7725087.985599999316037],[748889.155600001104176,7725087.985599999316037],[748889.155600001104176,7725088.985600001178682],[748892.155600001104176,7725088.985600001178682],[748892.155600001104176,7725089.985600000247359],[748895.155600000172853,7725089.985600000247359],[748895.155600000172853,7725090.985600001178682],[748900.155600000172853,7725090.985600001178682],[748900.155600000172853,7725091.985600001178682],[748904.155600001104176,7725091.985600001178682],[748904.155600001104176,7725092.985600000247359],[748909.155600002035499,7725092.985600000247359],[748909.155600002035499,7725093.985600001178682],[748913.155600000172853,7725093.985600001178682],[748913.155600000172853,7725094.985600000247359],[748917.155600001104176,7725094.985600000247359],[748917.155600001104176,7725095.985600002110004],[748942.155599999241531,7725095.985600002110004],[748942.155599999241531,7725096.985600001178682],[748943.155600001104176,7725096.985600001178682],[748943.155600001104176,7725095.985600002110004],[748945.155600001104176,7725095.985600002110004],[748945.155600001104176,7725094.985600000247359],[748947.155600000172853,7725094.985600000247359],[748947.155600000172853,7725093.985600001178682],[748950.155600001104176,7725093.985600001178682],[748950.155600001104176,7725092.985600000247359],[748952.155600000172853,7725092.985600000247359],[748952.155600000172853,7725091.985600001178682],[748954.155600000172853,7725091.985600001178682],[748954.155600000172853,7725090.985600001178682],[748956.155600001104176,7725090.985600001178682],[748956.155600001104176,7725089.985600000247359],[748959.155600000172853,7725089.985600000247359],[748959.155600000172853,7725088.985600001178682],[748961.155600001104176,7725088.985600001178682],[748961.155600001104176,7725087.985599999316037],[748963.155600001104176,7725087.985599999316037],[748963.155600001104176,7725086.985600000247359],[748965.155599999241531,7725086.985600000247359],[748965.155599999241531,7725085.985600001178682],[748967.155600000172853,7725085.985600001178682],[748967.155600000172853,7725084.985600000247359],[748968.155600001104176,7725084.985600000247359],[748968.155600001104176,7725085.985600001178682],[748969.155600000172853,7725085.985600001178682],[748969.155600000172853,7725086.985600000247359],[748970.155600000172853,7725086.985600000247359],[748970.155600000172853,7725087.985599999316037],[748971.155600001104176,7725087.985599999316037],[748971.155600001104176,7725088.985600001178682],[748972.155600000172853,7725088.985600001178682],[748972.155600000172853,7725089.985600000247359],[748973.155600002035499,7725089.985600000247359],[748973.155600002035499,7725090.985600001178682],[748974.155600001104176,7725090.985600001178682],[748974.155600001104176,7725091.985600001178682],[748975.155600000172853,7725091.985600001178682],[748975.155600000172853,7725092.985600000247359],[748976.155600001104176,7725092.985600000247359],[748976.155600001104176,7725093.985600001178682],[748977.155600000172853,7725093.985600001178682],[748977.155600000172853,7725094.985600000247359],[748978.155600002035499,7725094.985600000247359],[748978.155600002035499,7725095.985600002110004],[748979.155600001104176,7725095.985600002110004],[748979.155600001104176,7725096.985600001178682],[748980.155600000172853,7725096.985600001178682],[748980.155600000172853,7725097.985600000247359],[748981.155600001104176,7725097.985600000247359],[748981.155600001104176,7725098.985600001178682],[748982.155600000172853,7725098.985600001178682],[748982.155600000172853,7725100.985600002110004],[748983.155600002035499,7725100.985600002110004],[748983.155600002035499,7725101.985600001178682],[748984.155600001104176,7725101.985600001178682],[748984.155600001104176,7725102.985600000247359],[748985.155600000172853,7725102.985600000247359],[748985.155600000172853,7725103.985600001178682],[748986.155600001104176,7725103.985600001178682],[748986.155600001104176,7725104.985600000247359],[748987.155600000172853,7725104.985600000247359],[748987.155600000172853,7725105.985600002110004],[748988.155599999241531,7725105.985600002110004],[748988.155599999241531,7725106.985600001178682],[748989.155600001104176,7725106.985600001178682],[748989.155600001104176,7725107.985600000247359],[748990.155600000172853,7725107.985600000247359],[748990.155600000172853,7725108.985600001178682],[748991.155600001104176,7725108.985600001178682],[748991.155600001104176,7725109.985600000247359],[748992.155600000172853,7725109.985600000247359],[748992.155600000172853,7725110.985600000247359],[748993.155600000172853,7725110.985600000247359],[748993.155600000172853,7725111.985600001178682],[748994.155600001104176,7725111.985600001178682],[748994.155600001104176,7725112.985600000247359],[748995.155600000172853,7725112.985600000247359],[748995.155600000172853,7725113.985600001178682],[748996.155600002035499,7725113.985600001178682],[748996.155600002035499,7725114.985600001178682],[748997.155600001104176,7725114.985600001178682],[748997.155600001104176,7725115.985600000247359],[748998.155600000172853,7725115.985600000247359],[748998.155600000172853,7725116.985600001178682],[748999.155600001104176,7725116.985600001178682],[748999.155600001104176,7725117.985600000247359],[749000.155600000172853,7725117.985600000247359],[749000.155600000172853,7725118.985600002110004],[749001.155600002035499,7725118.985600002110004],[749001.155600002035499,7725119.985600001178682],[749002.155600001104176,7725119.985600001178682],[749002.155600001104176,7725120.985600000247359],[749003.155600000172853,7725120.985600000247359],[749003.155600000172853,7725121.985600001178682],[749004.155600001104176,7725121.985600001178682],[749004.155600001104176,7725122.985600000247359],[749005.155600000172853,7725122.985600000247359],[749005.155600000172853,7725123.985600002110004],[749006.155600002035499,7725123.985600002110004],[749006.155600002035499,7725124.985600001178682],[749007.155600001104176,7725124.985600001178682],[749007.155600001104176,7725125.985600000247359],[749008.155600000172853,7725125.985600000247359],[749008.155600000172853,7725126.985600001178682],[749009.155600001104176,7725126.985600001178682],[749009.155600001104176,7725127.985600000247359],[749010.155600000172853,7725127.985600000247359],[749010.155600000172853,7725128.985599999316037],[749011.155599999241531,7725128.985599999316037],[749011.155599999241531,7725129.985600001178682],[749012.155600001104176,7725129.985600001178682],[749012.155600001104176,7725131.985600001178682],[749011.155599999241531,7725131.985600001178682],[749011.155599999241531,7725134.985600001178682],[749010.155600000172853,7725134.985600001178682],[749010.155600000172853,7725136.985600001178682],[749009.155600001104176,7725136.985600001178682],[749009.155600001104176,7725140.985600000247359],[749010.155600000172853,7725140.985600000247359],[749010.155600000172853,7725141.985600002110004],[749011.155599999241531,7725141.985600002110004],[749011.155599999241531,7725142.985600001178682],[749013.155600000172853,7725142.985600001178682],[749013.155600000172853,7725143.985600000247359],[749016.155600000172853,7725143.985600000247359],[749016.155600000172853,7725144.985600001178682],[749018.155600000172853,7725144.985600001178682],[749018.155600000172853,7725145.985600000247359],[749020.155600001104176,7725145.985600000247359],[749020.155600001104176,7725146.985600002110004],[749023.155600000172853,7725146.985600002110004],[749023.155600000172853,7725147.985600001178682],[749025.155600001104176,7725147.985600001178682],[749025.155600001104176,7725148.985600000247359],[749028.155600000172853,7725148.985600000247359],[749028.155600000172853,7725149.985600001178682],[749030.155600001104176,7725149.985600001178682],[749030.155600001104176,7725150.985600000247359],[749032.155600001104176,7725150.985600000247359],[749032.155600001104176,7725151.985599999316037],[749035.155600001104176,7725151.985599999316037],[749035.155600001104176,7725152.985600001178682],[749037.155600001104176,7725152.985600001178682],[749037.155600001104176,7725153.985600000247359],[749039.155600000172853,7725153.985600000247359],[749039.155600000172853,7725154.985600001178682],[749042.155600002035499,7725154.985600001178682],[749042.155600002035499,7725155.985600000247359],[749043.155600001104176,7725155.985600000247359],[749043.155600001104176,7725156.985600000247359],[749044.155600000172853,7725156.985600000247359],[749044.155600000172853,7725157.985600001178682],[749047.155600002035499,7725157.985600001178682],[749047.155600002035499,7725158.985600000247359],[749048.155600001104176,7725158.985600000247359],[749048.155600001104176,7725159.985600002110004],[749051.155600000172853,7725159.985600002110004],[749051.155600000172853,7725160.985600001178682],[749054.155600000172853,7725160.985600001178682],[749054.155600000172853,7725161.985600000247359],[749055.155600001104176,7725161.985600000247359],[749055.155600001104176,7725162.985600001178682],[749059.155600000172853,7725162.985600001178682],[749059.155600000172853,7725163.985600000247359],[749063.155600001104176,7725163.985600000247359],[749063.155600001104176,7725164.985600002110004],[749067.155600000172853,7725164.985600002110004],[749067.155600000172853,7725165.985600001178682],[749071.155600001104176,7725165.985600001178682],[749071.155600001104176,7725166.985600000247359],[749075.155600002035499,7725166.985600000247359],[749075.155600002035499,7725167.985600001178682],[749076.155600001104176,7725167.985600001178682],[749076.155600001104176,7725168.985600000247359],[749077.155600000172853,7725168.985600000247359],[749077.155600000172853,7725169.985600002110004],[749078.155600001104176,7725169.985600002110004],[749078.155600001104176,7725170.985600001178682],[749079.155600000172853,7725170.985600001178682],[749079.155600000172853,7725171.985600000247359],[749080.155599999241531,7725171.985600000247359],[749080.155599999241531,7725172.985600001178682],[749081.155600001104176,7725172.985600001178682],[749081.155600001104176,7725173.985600000247359],[749082.155600000172853,7725173.985600000247359],[749082.155600000172853,7725174.985599999316037],[749083.155600001104176,7725174.985599999316037],[749083.155600001104176,7725175.985600001178682],[749084.155600001104176,7725175.985600001178682],[749084.155600001104176,7725176.985600000247359],[749085.155600000172853,7725176.985600000247359],[749085.155600000172853,7725177.985600001178682],[749086.155600001104176,7725177.985600001178682],[749086.155600001104176,7725178.985600000247359],[749087.155600000172853,7725178.985600000247359],[749087.155600000172853,7725179.985600000247359],[749088.155600002035499,7725179.985600000247359],[749088.155600002035499,7725180.985600001178682],[749089.155600001104176,7725180.985600001178682],[749089.155600001104176,7725181.985600000247359],[749090.155600000172853,7725181.985600000247359],[749090.155600000172853,7725182.985600002110004],[749091.155600001104176,7725182.985600002110004],[749091.155600001104176,7725183.985600001178682],[749092.155600000172853,7725183.985600001178682],[749092.155600000172853,7725184.985600000247359],[749093.155600002035499,7725184.985600000247359],[749093.155600002035499,7725185.985600001178682],[749094.155600001104176,7725185.985600001178682],[749094.155600001104176,7725186.985600000247359],[749098.155600002035499,7725186.985600000247359],[749098.155600002035499,7725185.985600001178682],[749099.155600001104176,7725185.985600001178682],[749099.155600001104176,7725186.985600000247359],[749171.155600000172853,7725186.985600000247359],[749171.155600000172853,7725187.985600002110004],[749172.155600000172853,7725187.985600002110004],[749172.155600000172853,7725188.985600001178682],[749180.155600002035499,7725188.985600001178682],[749180.155600002035499,7725189.985600000247359],[749181.155600001104176,7725189.985600000247359],[749181.155600001104176,7725190.985600001178682],[749182.155600000172853,7725190.985600001178682],[749182.155600000172853,7725191.985600000247359],[749183.155600001104176,7725191.985600000247359],[749183.155600001104176,7725192.985600002110004],[749184.155600000172853,7725192.985600002110004],[749184.155600000172853,7725193.985600001178682],[749185.155600002035499,7725193.985600001178682],[749185.155600002035499,7725194.985600000247359],[749186.155600001104176,7725194.985600000247359],[749186.155600001104176,7725195.985600001178682],[749187.155600000172853,7725195.985600001178682],[749187.155600000172853,7725196.985600000247359],[749188.155600001104176,7725196.985600000247359],[749188.155600001104176,7725197.985599999316037],[749189.155600000172853,7725197.985599999316037],[749189.155600000172853,7725198.985600001178682],[749190.155599999241531,7725198.985600001178682],[749190.155599999241531,7725199.985600000247359],[749191.155600001104176,7725199.985600000247359],[749191.155600001104176,7725200.985600001178682],[749192.155600000172853,7725200.985600001178682],[749192.155600000172853,7725201.985600000247359],[749193.155600001104176,7725201.985600000247359],[749193.155600001104176,7725202.985600000247359],[749194.155600000172853,7725202.985600000247359],[749194.155600000172853,7725203.985600001178682],[749195.155600000172853,7725203.985600001178682],[749195.155600000172853,7725204.985600000247359],[749196.155600001104176,7725204.985600000247359],[749196.155600001104176,7725205.985600002110004],[749197.155600000172853,7725205.985600002110004],[749197.155600000172853,7725206.985600001178682],[749198.155600002035499,7725206.985600001178682],[749198.155600002035499,7725207.985600000247359],[749199.155600001104176,7725207.985600000247359],[749199.155600001104176,7725208.985600001178682],[749200.155600000172853,7725208.985600001178682],[749200.155600000172853,7725209.985600000247359],[749201.155600001104176,7725209.985600000247359],[749201.155600001104176,7725210.985600002110004],[749202.155600000172853,7725210.985600002110004],[749202.155600000172853,7725211.985600001178682],[749204.155600001104176,7725211.985600001178682],[749204.155600001104176,7725212.985600000247359],[749207.155600000172853,7725212.985600000247359],[749207.155600000172853,7725213.985600001178682],[749211.155600001104176,7725213.985600001178682],[749211.155600001104176,7725214.985600000247359],[749214.155600001104176,7725214.985600000247359],[749214.155600001104176,7725215.985600002110004],[749218.155600000172853,7725215.985600002110004],[749218.155600000172853,7725216.985600001178682],[749221.155600002035499,7725216.985600001178682],[749221.155600002035499,7725217.985600000247359],[749225.155600000172853,7725217.985600000247359],[749225.155600000172853,7725218.985600001178682],[749228.155600000172853,7725218.985600001178682],[749228.155600000172853,7725219.985600000247359],[749231.155600002035499,7725219.985600000247359],[749231.155600002035499,7725220.985599999316037],[749235.155600000172853,7725220.985599999316037],[749235.155600000172853,7725221.985600001178682],[749239.155600001104176,7725221.985600001178682],[749239.155600001104176,7725222.985600000247359],[749242.155600001104176,7725222.985600000247359],[749242.155600001104176,7725223.985600001178682],[749248.155600000172853,7725223.985600001178682],[749248.155600000172853,7725224.985600001178682],[749258.155600000172853,7725224.985600001178682],[749258.155600000172853,7725225.985600000247359],[749267.155600002035499,7725225.985600000247359],[749267.155600002035499,7725226.985600001178682],[749277.155599999241531,7725226.985600001178682],[749277.155599999241531,7725227.985600000247359],[749287.155600000172853,7725227.985600000247359],[749287.155600000172853,7725228.985600002110004],[749297.155600000172853,7725228.985600002110004],[749297.155600000172853,7725229.985600001178682],[749307.155600000172853,7725229.985600001178682],[749307.155600000172853,7725230.985600000247359],[749317.155600000172853,7725230.985600000247359],[749317.155600000172853,7725231.985600001178682],[749327.155600000172853,7725231.985600001178682],[749327.155600000172853,7725232.985600000247359],[749337.155600001104176,7725232.985600000247359],[749337.155600001104176,7725233.985600002110004],[749347.155600001104176,7725233.985600002110004],[749347.155600001104176,7725234.985600001178682],[749357.155600001104176,7725234.985600001178682],[749357.155600001104176,7725235.985600000247359],[749407.155600000172853,7725235.985600000247359],[749407.155600000172853,7725236.985600001178682],[749408.155600001104176,7725236.985600001178682],[749408.155600001104176,7725237.985600000247359],[749410.155600002035499,7725237.985600000247359],[749410.155600002035499,7725238.985600002110004],[749411.155600001104176,7725238.985600002110004],[749411.155600001104176,7725239.985600001178682],[749412.155600000172853,7725239.985600001178682],[749412.155600000172853,7725240.985600000247359],[749413.155600001104176,7725240.985600000247359],[749413.155600001104176,7725241.985600001178682],[749414.155600000172853,7725241.985600001178682],[749414.155600000172853,7725243.985599999316037],[749415.155599999241531,7725243.985599999316037],[749415.155599999241531,7725244.985600001178682],[749416.155600001104176,7725244.985600001178682],[749416.155600001104176,7725246.985600001178682],[749417.155600000172853,7725246.985600001178682],[749417.155600000172853,7725247.985600001178682],[749418.155600001104176,7725247.985600001178682],[749418.155600001104176,7725248.985600000247359],[749419.155600001104176,7725248.985600000247359],[749419.155600001104176,7725249.985600001178682],[749420.155600000172853,7725249.985600001178682],[749420.155600000172853,7725250.985600000247359],[749421.155600001104176,7725250.985600000247359],[749421.155600001104176,7725251.985600002110004],[749436.155600001104176,7725251.985600002110004],[749436.155600001104176,7725250.985600000247359],[749489.155600000172853,7725250.985600000247359],[749489.155600000172853,7725251.985600002110004],[749490.155600001104176,7725251.985600002110004],[749490.155600001104176,7725252.985600001178682],[749491.155600000172853,7725252.985600001178682],[749491.155600000172853,7725253.985600000247359],[749492.155600002035499,7725253.985600000247359],[749492.155600002035499,7725254.985600001178682],[749493.155600001104176,7725254.985600001178682],[749493.155600001104176,7725255.985600000247359],[749494.155600000172853,7725255.985600000247359],[749494.155600000172853,7725256.985600002110004],[749508.155600001104176,7725256.985600002110004],[749508.155600001104176,7725257.985600001178682],[749510.155600002035499,7725257.985600001178682],[749510.155600002035499,7725258.985600000247359],[749512.155600000172853,7725258.985600000247359],[749512.155600000172853,7725259.985600001178682],[749514.155600000172853,7725259.985600001178682],[749514.155600000172853,7725260.985600000247359],[749517.155600000172853,7725260.985600000247359],[749517.155600000172853,7725261.985600002110004],[749519.155600000172853,7725261.985600002110004],[749519.155600000172853,7725262.985600001178682],[749521.155600001104176,7725262.985600001178682],[749521.155600001104176,7725263.985600000247359],[749523.155600001104176,7725263.985600000247359],[749523.155600001104176,7725264.985600001178682],[749525.155599999241531,7725264.985600001178682],[749525.155599999241531,7725265.985600000247359],[749527.155600000172853,7725265.985600000247359],[749527.155600000172853,7725266.985599999316037],[749530.155600000172853,7725266.985599999316037],[749530.155600000172853,7725267.985600001178682],[749532.155600000172853,7725267.985600001178682],[749532.155600000172853,7725268.985600000247359],[749534.155600001104176,7725268.985600000247359],[749534.155600001104176,7725269.985600001178682],[749536.155600001104176,7725269.985600001178682],[749536.155600001104176,7725270.985600001178682],[749538.155600002035499,7725270.985600001178682],[749538.155600002035499,7725271.985600000247359],[749541.155600001104176,7725271.985600000247359],[749541.155600001104176,7725272.985600001178682],[749543.155600002035499,7725272.985600001178682],[749543.155600002035499,7725273.985600000247359],[749545.155600000172853,7725273.985600000247359],[749545.155600000172853,7725274.985600002110004],[749547.155600000172853,7725274.985600002110004],[749547.155600000172853,7725275.985600001178682],[749549.155600001104176,7725275.985600001178682],[749549.155600001104176,7725276.985600000247359],[749552.155600001104176,7725276.985600000247359],[749552.155600001104176,7725277.985600001178682],[749603.155600001104176,7725277.985600001178682],[749603.155600001104176,7725278.985600000247359],[749604.155600000172853,7725278.985600000247359],[749604.155600000172853,7725279.985600002110004],[749605.155600001104176,7725279.985600002110004],[749605.155600001104176,7725280.985600001178682],[749606.155600000172853,7725280.985600001178682],[749606.155600000172853,7725281.985600000247359],[749607.155600002035499,7725281.985600000247359],[749607.155600002035499,7725282.985600001178682],[749608.155600001104176,7725282.985600001178682],[749608.155600001104176,7725283.985600000247359],[749609.155600000172853,7725283.985600000247359],[749609.155600000172853,7725284.985599999316037],[749610.155600001104176,7725284.985599999316037],[749610.155600001104176,7725285.985600001178682],[749611.155600000172853,7725285.985600001178682],[749611.155600000172853,7725286.985600000247359],[749612.155600002035499,7725286.985600000247359],[749612.155600002035499,7725287.985600001178682],[749613.155600001104176,7725287.985600001178682],[749613.155600001104176,7725288.985600000247359],[749614.155600000172853,7725288.985600000247359],[749614.155600000172853,7725289.985600000247359],[749615.155600001104176,7725289.985600000247359],[749615.155600001104176,7725290.985600001178682],[749616.155600000172853,7725290.985600001178682],[749616.155600000172853,7725291.985600000247359],[749617.155600000172853,7725291.985600000247359],[749617.155600000172853,7725292.985600001178682],[749618.155600001104176,7725292.985600001178682],[749618.155600001104176,7725293.985600001178682],[749619.155600000172853,7725293.985600001178682],[749619.155600000172853,7725294.985600000247359],[749620.155600001104176,7725294.985600000247359],[749620.155600001104176,7725295.985600001178682],[749621.155600001104176,7725295.985600001178682],[749621.155600001104176,7725296.985600000247359],[749622.155600000172853,7725296.985600000247359],[749622.155600000172853,7725297.985600002110004],[749623.155600001104176,7725297.985600002110004],[749623.155600001104176,7725298.985600001178682],[749624.155600000172853,7725298.985600001178682],[749624.155600000172853,7725299.985600000247359],[749625.155600002035499,7725299.985600000247359],[749625.155600002035499,7725300.985600001178682],[749626.155600001104176,7725300.985600001178682],[749626.155600001104176,7725301.985600000247359],[749627.155600000172853,7725301.985600000247359],[749627.155600000172853,7725302.985600002110004],[749628.155600001104176,7725302.985600002110004],[749628.155600001104176,7725303.985600001178682],[749629.155600000172853,7725303.985600001178682],[749629.155600000172853,7725304.985600000247359],[749630.155600002035499,7725304.985600000247359],[749630.155600002035499,7725305.985600001178682],[749631.155600001104176,7725305.985600001178682],[749631.155600001104176,7725306.985600000247359],[749632.155600000172853,7725306.985600000247359],[749632.155600000172853,7725307.985599999316037],[749633.155600001104176,7725307.985599999316037],[749633.155600001104176,7725308.985600001178682],[749634.155600000172853,7725308.985600001178682],[749634.155600000172853,7725309.985600000247359],[749635.155599999241531,7725309.985600000247359],[749635.155599999241531,7725310.985600001178682],[749636.155600001104176,7725310.985600001178682],[749636.155600001104176,7725311.985600000247359],[749637.155600000172853,7725311.985600000247359],[749637.155600000172853,7725312.985600000247359],[749638.155600001104176,7725312.985600000247359],[749638.155600001104176,7725313.985600001178682],[749639.155600000172853,7725313.985600001178682],[749639.155600000172853,7725314.985600000247359],[749640.155600000172853,7725314.985600000247359],[749640.155600000172853,7725315.985600001178682],[749641.155600001104176,7725315.985600001178682],[749641.155600001104176,7725316.985600001178682],[749642.155600000172853,7725316.985600001178682],[749642.155600000172853,7725317.985600000247359],[749649.155600001104176,7725317.985600000247359],[749649.155600001104176,7725318.985600001178682],[749658.155599999241531,7725318.985600001178682],[749658.155599999241531,7725319.985600000247359],[749668.155600000172853,7725319.985600000247359],[749668.155600000172853,7725320.985600002110004],[749680.155600000172853,7725320.985600002110004],[749680.155600000172853,7725321.985600001178682],[749691.155600000172853,7725321.985600001178682],[749691.155600000172853,7725322.985600000247359],[749703.155600000172853,7725322.985600000247359],[749703.155600000172853,7725323.985600001178682],[749714.155600000172853,7725323.985600001178682],[749714.155600000172853,7725324.985600000247359],[749723.155600001104176,7725324.985600000247359],[749725.155600001104176,7725324.985600000247359],[749725.155600001104176,7725325.985600002110004],[749726.155600000172853,7725325.985600002110004],[749726.155600000172853,7725326.985600001178682],[749727.155599999241531,7725326.985600001178682],[749727.155599999241531,7725327.985600000247359],[749728.155600001104176,7725327.985600000247359],[749728.155600001104176,7725328.985600001178682],[749729.155600000172853,7725328.985600001178682],[749729.155600000172853,7725329.985600000247359],[749730.155600001104176,7725329.985600000247359],[749730.155600001104176,7725330.985599999316037],[749731.155600001104176,7725330.985599999316037],[749731.155600001104176,7725331.985600001178682],[749732.155600000172853,7725331.985600001178682],[749732.155600000172853,7725332.985600000247359],[749733.155600001104176,7725332.985600000247359],[749733.155600001104176,7725333.985600001178682],[749734.155600000172853,7725333.985600001178682],[749734.155600000172853,7725334.985600000247359],[749735.155600002035499,7725334.985600000247359],[749735.155600002035499,7725335.985600000247359],[749736.155600001104176,7725335.985600000247359],[749736.155600001104176,7725336.985600001178682],[749737.155600000172853,7725336.985600001178682],[749737.155600000172853,7725337.985600000247359],[749738.155600001104176,7725337.985600000247359],[749738.155600001104176,7725338.985600002110004],[749739.155600000172853,7725338.985600002110004],[749739.155600000172853,7725339.985600001178682],[749740.155600002035499,7725339.985600001178682],[749740.155600002035499,7725340.985600000247359],[749741.155600001104176,7725340.985600000247359],[749741.155600001104176,7725341.985600001178682],[749742.155600000172853,7725341.985600001178682],[749742.155600000172853,7725342.985600000247359],[749743.155600001104176,7725342.985600000247359],[749743.155600001104176,7725343.985600002110004],[749744.155600000172853,7725343.985600002110004],[749744.155600000172853,7725344.985600001178682],[749745.155600002035499,7725344.985600001178682],[749745.155600002035499,7725345.985600000247359],[749746.155600001104176,7725345.985600000247359],[749746.155600001104176,7725346.985600001178682],[749747.155600000172853,7725346.985600001178682],[749747.155600000172853,7725347.985600000247359],[749748.155600001104176,7725347.985600000247359],[749748.155600001104176,7725348.985600002110004],[749749.155600000172853,7725348.985600002110004],[749749.155600000172853,7725349.985600001178682],[749750.155599999241531,7725349.985600001178682],[749750.155599999241531,7725350.985600000247359],[749751.155600001104176,7725350.985600000247359],[749751.155600001104176,7725349.985600001178682],[749753.155600001104176,7725349.985600001178682],[749753.155600001104176,7725348.985600002110004],[749755.155600000172853,7725348.985600002110004],[749755.155600000172853,7725347.985600000247359],[749756.155600001104176,7725347.985600000247359],[749756.155600001104176,7725346.985600001178682],[749758.155600002035499,7725346.985600001178682],[749758.155600002035499,7725345.985600000247359],[749759.155600001104176,7725345.985600000247359],[749759.155600001104176,7725344.985600001178682],[749761.155600001104176,7725344.985600001178682],[749761.155600001104176,7725343.985600002110004],[749763.155600002035499,7725343.985600002110004],[749763.155600002035499,7725342.985600000247359],[749764.155600001104176,7725342.985600000247359],[749764.155600001104176,7725341.985600001178682],[749766.155600001104176,7725341.985600001178682],[749766.155600001104176,7725340.985600000247359],[749768.155600002035499,7725340.985600000247359],[749768.155600002035499,7725339.985600001178682],[749769.155600001104176,7725339.985600001178682],[749769.155600001104176,7725338.985600002110004],[749771.155600001104176,7725338.985600002110004],[749771.155600001104176,7725337.985600000247359],[749773.155599999241531,7725337.985600000247359],[749773.155599999241531,7725336.985600001178682],[749774.155600001104176,7725336.985600001178682],[749774.155600001104176,7725335.985600000247359],[749776.155600001104176,7725335.985600000247359],[749776.155600001104176,7725334.985600000247359],[749778.155600000172853,7725334.985600000247359],[749778.155600000172853,7725333.985600001178682],[749779.155600001104176,7725333.985600001178682],[749779.155600001104176,7725332.985600000247359],[749791.155600002035499,7725332.985600000247359],[749791.155600002035499,7725333.985600001178682],[749794.155600001104176,7725333.985600001178682],[749794.155600001104176,7725334.985600000247359],[749799.155600001104176,7725334.985600000247359],[749799.155600001104176,7725335.985600000247359],[749802.155600001104176,7725335.985600000247359],[749802.155600001104176,7725336.985600001178682],[749805.155600001104176,7725336.985600001178682],[749805.155600001104176,7725337.985600000247359],[749806.155600000172853,7725337.985600000247359],[749806.155600000172853,7725338.985600002110004],[749807.155600001104176,7725338.985600002110004],[749807.155600001104176,7725339.985600001178682],[749808.155600000172853,7725339.985600001178682],[749808.155600000172853,7725340.985600000247359],[749922.155600001104176,7725340.985600000247359],[749922.155600001104176,7725339.985600001178682],[749923.155600000172853,7725339.985600001178682],[749923.155600000172853,7725338.985600002110004],[749924.155600002035499,7725338.985600002110004],[749924.155600002035499,7725337.985600000247359],[749925.155600001104176,7725337.985600000247359],[749925.155600001104176,7725336.985600001178682],[749926.155600000172853,7725336.985600001178682],[749926.155600000172853,7725335.985600000247359],[749927.155600001104176,7725335.985600000247359],[749927.155600001104176,7725334.985600000247359],[749928.155600000172853,7725334.985600000247359],[749928.155600000172853,7725333.985600001178682],[749929.155599999241531,7725333.985600001178682],[749929.155599999241531,7725332.985600000247359],[749930.155600001104176,7725332.985600000247359],[749930.155600001104176,7725331.985600001178682],[749931.155600000172853,7725331.985600001178682],[749931.155600000172853,7725330.985599999316037],[749932.155600001104176,7725330.985599999316037],[749932.155600001104176,7725329.985600000247359],[749934.155600000172853,7725329.985600000247359],[749934.155600000172853,7725328.985600001178682],[749935.155600001104176,7725328.985600001178682],[749935.155600001104176,7725327.985600000247359],[749936.155600000172853,7725327.985600000247359],[749936.155600000172853,7725326.985600001178682],[749937.155600002035499,7725326.985600001178682],[749937.155600002035499,7725325.985600002110004],[749938.155600001104176,7725325.985600002110004],[749938.155600001104176,7725324.985600000247359],[749939.155600000172853,7725324.985600000247359],[749939.155600000172853,7725323.985600001178682],[749941.155600000172853,7725323.985600001178682],[749941.155600000172853,7725322.985600000247359],[749945.155600001104176,7725322.985600000247359],[749945.155600001104176,7725321.985600001178682],[749954.155600000172853,7725321.985600001178682],[749954.155600000172853,7725322.985600000247359],[749957.155600000172853,7725322.985600000247359],[749957.155600000172853,7725323.985600001178682],[749960.155600002035499,7725323.985600001178682],[749960.155600002035499,7725324.985600000247359],[749963.155600001104176,7725324.985600000247359],[749963.155600001104176,7725325.985600002110004],[749978.155600001104176,7725325.985600002110004],[749978.155600001104176,7725326.985600001178682],[750022.155600001104176,7725326.985600001178682],[750022.155600001104176,7725327.985600000247359],[750030.155600001104176,7725327.985600000247359],[750030.155600001104176,7725328.985600001178682],[750039.155599999241531,7725328.985600001178682],[750039.155599999241531,7725329.985600000247359],[750045.155600001104176,7725329.985600000247359],[750045.155600001104176,7725331.985600001178682],[750046.155600000172853,7725331.985600001178682],[750046.155600000172853,7725332.985600000247359],[750047.155600002035499,7725332.985600000247359],[750047.155600002035499,7725333.985600001178682],[750048.155600001104176,7725333.985600001178682],[750048.155600001104176,7725334.985600000247359],[750049.155600000172853,7725334.985600000247359],[750049.155600000172853,7725335.985600000247359],[750050.155600001104176,7725335.985600000247359],[750050.155600001104176,7725336.985600001178682],[750051.155600000172853,7725336.985600001178682],[750051.155600000172853,7725337.985600000247359],[750133.155600000172853,7725337.985600000247359],[750133.155600000172853,7725336.985600001178682],[750157.155600001104176,7725336.985600001178682],[750157.155600001104176,7725337.985600000247359],[750158.155600001104176,7725337.985600000247359],[750158.155600001104176,7725339.985600001178682],[750159.155600000172853,7725339.985600001178682],[750159.155600000172853,7725341.985600001178682],[750160.155600001104176,7725341.985600001178682],[750160.155600001104176,7725343.985600002110004],[750161.155600000172853,7725343.985600002110004],[750161.155600000172853,7725345.985600000247359],[750162.155600002035499,7725345.985600000247359],[750162.155600002035499,7725347.985600000247359],[750163.155600001104176,7725347.985600000247359],[750163.155600001104176,7725349.985600001178682],[750165.155600001104176,7725349.985600001178682],[750165.155600001104176,7725350.985600000247359],[750167.155600002035499,7725350.985600000247359],[750167.155600002035499,7725351.985600001178682],[750169.155600000172853,7725351.985600001178682],[750169.155600000172853,7725352.985600000247359],[750171.155600000172853,7725352.985600000247359],[750171.155600000172853,7725353.985599999316037],[750174.155600000172853,7725353.985599999316037],[750174.155600000172853,7725354.985600001178682],[750179.155600000172853,7725354.985600001178682],[750179.155600000172853,7725355.985600000247359],[750182.155600000172853,7725355.985600000247359],[750182.155600000172853,7725356.985600001178682],[750184.155600000172853,7725356.985600001178682],[750184.155600000172853,7725357.985600000247359],[750186.155600001104176,7725357.985600000247359],[750186.155600001104176,7725358.985600000247359],[750189.155600000172853,7725358.985600000247359],[750189.155600000172853,7725360.985600000247359],[750190.155600002035499,7725360.985600000247359],[750190.155600002035499,7725361.985600002110004],[750197.155600000172853,7725361.985600002110004],[750197.155600000172853,7725362.985600001178682],[750198.155600001104176,7725362.985600001178682],[750198.155600001104176,7725364.985600001178682],[750199.155600000172853,7725364.985600001178682],[750199.155600000172853,7725366.985600002110004],[750201.155600001104176,7725366.985600002110004],[750201.155600001104176,7725367.985600001178682],[750202.155600000172853,7725367.985600001178682],[750202.155600000172853,7725368.985600000247359],[750203.155600002035499,7725368.985600000247359],[750203.155600002035499,7725369.985600001178682],[750204.155600001104176,7725369.985600001178682],[750204.155600001104176,7725370.985600000247359],[750205.155600000172853,7725370.985600000247359],[750205.155600000172853,7725371.985600002110004],[750206.155600001104176,7725371.985600002110004],[750206.155600001104176,7725373.985600000247359],[750207.155600000172853,7725373.985600000247359],[750207.155600000172853,7725375.985600000247359],[750206.155600001104176,7725375.985600000247359],[750206.155600001104176,7725377.985600001178682],[750205.155600000172853,7725377.985600001178682],[750205.155600000172853,7725380.985600000247359],[750204.155600001104176,7725380.985600000247359],[750204.155600001104176,7725383.985600000247359],[750203.155600002035499,7725383.985600000247359],[750203.155600002035499,7725386.985600000247359],[750202.155600000172853,7725386.985600000247359],[750202.155600000172853,7725388.985600000247359],[750201.155600001104176,7725388.985600000247359],[750201.155600001104176,7725390.985600001178682],[750200.155600000172853,7725390.985600001178682],[750200.155600000172853,7725393.985600000247359],[750201.155600001104176,7725393.985600000247359],[750201.155600001104176,7725400.985600001178682],[750200.155600000172853,7725400.985600001178682],[750200.155600000172853,7725405.985600001178682],[750198.155600001104176,7725405.985600001178682],[750198.155600001104176,7725408.985600001178682],[750197.155600000172853,7725408.985600001178682],[750197.155600000172853,7725409.985600000247359],[750196.155600001104176,7725409.985600000247359],[750196.155600001104176,7725411.985600000247359],[750195.155599999241531,7725411.985600000247359],[750195.155599999241531,7725413.985600001178682],[750194.155600000172853,7725413.985600001178682],[750194.155600000172853,7725415.985600001178682],[750193.155600001104176,7725415.985600001178682],[750193.155600001104176,7725421.985600000247359],[750192.155600000172853,7725421.985600000247359],[750192.155600000172853,7725423.985600001178682],[750190.155600002035499,7725423.985600001178682],[750190.155600002035499,7725424.985600000247359],[750189.155600000172853,7725424.985600000247359],[750189.155600000172853,7725425.985600001178682],[750187.155600000172853,7725425.985600001178682],[750187.155600000172853,7725426.985600001178682],[750185.155600002035499,7725426.985600001178682],[750185.155600002035499,7725427.985600000247359],[750184.155600000172853,7725427.985600000247359],[750184.155600000172853,7725429.985600000247359],[750183.155600001104176,7725429.985600000247359],[750183.155600001104176,7725436.985600001178682],[750184.155600000172853,7725436.985600001178682],[750184.155600000172853,7725435.985600002110004],[750187.155600000172853,7725435.985600002110004],[750187.155600000172853,7725434.985600000247359],[750189.155600000172853,7725434.985600000247359],[750189.155600000172853,7725433.985600001178682],[750192.155600000172853,7725433.985600001178682],[750192.155600000172853,7725434.985600000247359],[750200.155600000172853,7725434.985600000247359],[750200.155600000172853,7725435.985600002110004],[750220.155600000172853,7725435.985600002110004],[750220.155600000172853,7725436.985600001178682],[750221.155600001104176,7725436.985600001178682],[750221.155600001104176,7725437.985600000247359],[750231.155600002035499,7725437.985600000247359],[750231.155600002035499,7725438.985600001178682],[750232.155600001104176,7725438.985600001178682],[750232.155600001104176,7725439.985600000247359],[750233.155600000172853,7725439.985600000247359],[750233.155600000172853,7725440.985600002110004],[750234.155600001104176,7725440.985600002110004],[750234.155600001104176,7725441.985600001178682],[750235.155600000172853,7725441.985600001178682],[750235.155600000172853,7725442.985600000247359],[750236.155600002035499,7725442.985600000247359],[750236.155600002035499,7725443.985600001178682],[750237.155600001104176,7725443.985600001178682],[750237.155600001104176,7725444.985600000247359],[750238.155600000172853,7725444.985600000247359],[750238.155600000172853,7725445.985600000247359],[750239.155600001104176,7725445.985600000247359],[750239.155600001104176,7725446.985600001178682],[750240.155600000172853,7725446.985600001178682],[750240.155600000172853,7725447.985600000247359],[750241.155599999241531,7725447.985600000247359],[750241.155599999241531,7725448.985600001178682],[750242.155600001104176,7725448.985600001178682],[750242.155600001104176,7725449.985600001178682],[750255.155600001104176,7725449.985600001178682],[750255.155600001104176,7725450.985600000247359],[750257.155600001104176,7725450.985600000247359],[750257.155600001104176,7725451.985600001178682],[750259.155600002035499,7725451.985600001178682],[750259.155600002035499,7725452.985600000247359],[750261.155600000172853,7725452.985600000247359],[750261.155600000172853,7725453.985600002110004],[750263.155600000172853,7725453.985600002110004],[750263.155600000172853,7725454.985600001178682],[750265.155600001104176,7725454.985600001178682],[750265.155600001104176,7725455.985600000247359],[750267.155600001104176,7725455.985600000247359],[750267.155600001104176,7725456.985600001178682],[750269.155600000172853,7725456.985600001178682],[750269.155600000172853,7725457.985600000247359],[750301.155600001104176,7725457.985600000247359],[750301.155600001104176,7725458.985600002110004],[750304.155600000172853,7725458.985600002110004],[750304.155600000172853,7725459.985600001178682],[750307.155600000172853,7725459.985600001178682],[750307.155600000172853,7725460.985600000247359],[750310.155600000172853,7725460.985600000247359],[750310.155600000172853,7725461.985600001178682],[750313.155600001104176,7725461.985600001178682],[750313.155600001104176,7725462.985600000247359],[750316.155600001104176,7725462.985600000247359],[750316.155600001104176,7725463.985599999316037],[750319.155600001104176,7725463.985599999316037],[750319.155600001104176,7725464.985600001178682],[750322.155600000172853,7725464.985600001178682],[750322.155600000172853,7725465.985600000247359],[750325.155600000172853,7725465.985600000247359],[750325.155600000172853,7725466.985600001178682],[750328.155599999241531,7725466.985600001178682],[750328.155599999241531,7725467.985600000247359],[750331.155600001104176,7725467.985600000247359],[750331.155600001104176,7725468.985600000247359],[750334.155600001104176,7725468.985600000247359],[750334.155600001104176,7725469.985600001178682],[750337.155600001104176,7725469.985600001178682],[750337.155600001104176,7725470.985600000247359],[750340.155600000172853,7725470.985600000247359],[750340.155600000172853,7725471.985600001178682],[750343.155600000172853,7725471.985600001178682],[750343.155600000172853,7725472.985600001178682],[750346.155600002035499,7725472.985600001178682],[750346.155600002035499,7725473.985600000247359],[750349.155600001104176,7725473.985600000247359],[750349.155600001104176,7725474.985600001178682],[750352.155600001104176,7725474.985600001178682],[750352.155600001104176,7725475.985600000247359],[750355.155600000172853,7725475.985600000247359],[750355.155600000172853,7725476.985600002110004],[750358.155600000172853,7725476.985600002110004],[750358.155600000172853,7725477.985600001178682],[750361.155600000172853,7725477.985600001178682],[750361.155600000172853,7725478.985600000247359],[750364.155600002035499,7725478.985600000247359],[750364.155600002035499,7725479.985600001178682],[750367.155600001104176,7725479.985600001178682],[750367.155600001104176,7725480.985600000247359],[750370.155600001104176,7725480.985600000247359],[750370.155600001104176,7725481.985600002110004],[750373.155600000172853,7725481.985600002110004],[750373.155600000172853,7725482.985600001178682],[750376.155600000172853,7725482.985600001178682],[750376.155600000172853,7725483.985600000247359],[750379.155600000172853,7725483.985600000247359],[750379.155600000172853,7725484.985600001178682],[750382.155600002035499,7725484.985600001178682],[750382.155600002035499,7725485.985600000247359],[750385.155600001104176,7725485.985600000247359],[750385.155600001104176,7725486.985599999316037],[750388.155600001104176,7725486.985599999316037],[750388.155600001104176,7725487.985600001178682],[750391.155600000172853,7725487.985600001178682],[750391.155600000172853,7725488.985600000247359],[750394.155600000172853,7725488.985600000247359],[750394.155600000172853,7725489.985600001178682],[750399.155600000172853,7725489.985600001178682],[750399.155600000172853,7725490.985600000247359],[750404.155600000172853,7725490.985600000247359],[750404.155600000172853,7725491.985600000247359],[750417.155700000934303,7725491.985600000247359],[750417.155600000172853,7725490.985600000247359],[750416.155600001104176,7725490.985600000247359],[750416.155600001104176,7725489.985600001178682],[750415.155600002035499,7725489.985600001178682],[750415.155600002035499,7725488.985600000247359],[750414.155600000172853,7725488.985600000247359],[750414.155600000172853,7725487.985600001178682],[750413.155600001104176,7725487.985600001178682],[750413.155600001104176,7725486.985599999316037],[750412.155600000172853,7725486.985599999316037],[750412.155600000172853,7725485.985600000247359],[750411.155600001104176,7725485.985600000247359],[750411.155600001104176,7725484.985600001178682],[750410.155600002035499,7725484.985600001178682],[750410.155600002035499,7725483.985600000247359],[750409.155600000172853,7725483.985600000247359],[750409.155600000172853,7725482.985600001178682],[750408.155600001104176,7725482.985600001178682],[750408.155600001104176,7725481.985600002110004],[750407.155600000172853,7725481.985600002110004],[750407.155600000172853,7725480.985600000247359],[750406.155600001104176,7725480.985600000247359],[750406.155600001104176,7725479.985600001178682],[750405.155600002035499,7725479.985600001178682],[750405.155600002035499,7725478.985600000247359],[750404.155600000172853,7725478.985600000247359],[750404.155600000172853,7725477.985600001178682],[750403.155600001104176,7725477.985600001178682],[750403.155600001104176,7725476.985600002110004],[750402.155600000172853,7725476.985600002110004],[750402.155600000172853,7725475.985600000247359],[750401.155600000172853,7725475.985600000247359],[750401.155600000172853,7725474.985600001178682],[750400.155600001104176,7725474.985600001178682],[750400.155600001104176,7725473.985600000247359],[750399.155600000172853,7725473.985600000247359],[750399.155600000172853,7725472.985600001178682],[750398.155600001104176,7725472.985600001178682],[750398.155600001104176,7725471.985600001178682],[750397.155599999241531,7725471.985600001178682],[750397.155599999241531,7725470.985600000247359],[750396.155600000172853,7725470.985600000247359],[750396.155600000172853,7725469.985600001178682],[750395.155600001104176,7725469.985600001178682],[750395.155600001104176,7725468.985600000247359],[750394.155600000172853,7725468.985600000247359],[750394.155600000172853,7725467.985600000247359],[750393.155600001104176,7725467.985600000247359],[750393.155600001104176,7725466.985600001178682],[750392.155600002035499,7725466.985600001178682],[750392.155600002035499,7725465.985600000247359],[750391.155600000172853,7725465.985600000247359],[750391.155600000172853,7725464.985600001178682],[750390.155600001104176,7725464.985600001178682],[750390.155600001104176,7725463.985599999316037],[750389.155600000172853,7725463.985599999316037],[750389.155600000172853,7725462.985600000247359],[750388.155600001104176,7725462.985600000247359],[750388.155600001104176,7725461.985600001178682],[750387.155600002035499,7725461.985600001178682],[750387.155600002035499,7725460.985600000247359],[750386.155600000172853,7725460.985600000247359],[750386.155600000172853,7725459.985600001178682],[750385.155600001104176,7725459.985600001178682],[750385.155600001104176,7725458.985600002110004],[750384.155600000172853,7725458.985600002110004],[750384.155600000172853,7725457.985600000247359],[750383.155600001104176,7725457.985600000247359],[750383.155600001104176,7725456.985600001178682],[750382.155600002035499,7725456.985600001178682],[750382.155600002035499,7725455.985600000247359],[750381.155600000172853,7725455.985600000247359],[750381.155600000172853,7725454.985600001178682],[750380.155600001104176,7725454.985600001178682],[750380.155600001104176,7725453.985600002110004],[750379.155600000172853,7725453.985600002110004],[750379.155600000172853,7725452.985600000247359],[750378.155600000172853,7725452.985600000247359],[750378.155600000172853,7725451.985600001178682],[750377.155600001104176,7725451.985600001178682],[750377.155600001104176,7725450.985600000247359],[750376.155600000172853,7725450.985600000247359],[750376.155600000172853,7725449.985600001178682],[750375.155600001104176,7725449.985600001178682],[750375.155600001104176,7725448.985600001178682],[750374.155599999241531,7725448.985600001178682],[750374.155599999241531,7725447.985600000247359],[750373.155600000172853,7725447.985600000247359],[750373.155600000172853,7725446.985600001178682],[750372.155600001104176,7725446.985600001178682],[750372.155600001104176,7725445.985600000247359],[750371.155600000172853,7725445.985600000247359],[750371.155600000172853,7725444.985600000247359],[750370.155600001104176,7725444.985600000247359],[750370.155600001104176,7725443.985600001178682],[750369.155600002035499,7725443.985600001178682],[750369.155600002035499,7725442.985600000247359],[750368.155600000172853,7725442.985600000247359],[750368.155600000172853,7725441.985600001178682],[750367.155600001104176,7725441.985600001178682],[750367.155600001104176,7725440.985600002110004],[750366.155600000172853,7725440.985600002110004],[750366.155600000172853,7725439.985600000247359],[750365.155600001104176,7725439.985600000247359],[750365.155600001104176,7725438.985600001178682],[750364.155600002035499,7725438.985600001178682],[750364.155600002035499,7725437.985600000247359],[750363.155600000172853,7725437.985600000247359],[750363.155600000172853,7725436.985600001178682],[750362.155600001104176,7725436.985600001178682],[750362.155600001104176,7725435.985600002110004],[750361.155600000172853,7725435.985600002110004],[750361.155600000172853,7725434.985600000247359],[750360.155600001104176,7725434.985600000247359],[750360.155600001104176,7725433.985600001178682],[750359.155600002035499,7725433.985600001178682],[750359.155600002035499,7725432.985600000247359],[750358.155600000172853,7725432.985600000247359],[750358.155600000172853,7725431.985600001178682],[750357.155600001104176,7725431.985600001178682],[750357.155600001104176,7725430.985600002110004],[750356.155600000172853,7725430.985600002110004],[750356.155600000172853,7725429.985600000247359],[750355.155600000172853,7725429.985600000247359],[750355.155600000172853,7725428.985600001178682],[750354.155600001104176,7725428.985600001178682],[750354.155600001104176,7725427.985600000247359],[750353.155600000172853,7725427.985600000247359],[750353.155600000172853,7725426.985600001178682],[750352.155600001104176,7725426.985600001178682],[750352.155600001104176,7725425.985600001178682],[750351.155599999241531,7725425.985600001178682],[750351.155599999241531,7725424.985600000247359],[750350.155600000172853,7725424.985600000247359],[750350.155600000172853,7725423.985600001178682],[750349.155600001104176,7725423.985600001178682],[750349.155600001104176,7725422.985599999316037],[750348.155600000172853,7725422.985599999316037],[750348.155600000172853,7725421.985600000247359],[750347.155600001104176,7725421.985600000247359],[750347.155600001104176,7725420.985600001178682],[750346.155600002035499,7725420.985600001178682],[750346.155600002035499,7725419.985600000247359],[750345.155600000172853,7725419.985600000247359],[750345.155600000172853,7725418.985600001178682],[750344.155600001104176,7725418.985600001178682],[750344.155600001104176,7725417.985600002110004],[750343.155600000172853,7725417.985600002110004],[750343.155600000172853,7725416.985600000247359],[750342.155600001104176,7725416.985600000247359],[750342.155600001104176,7725415.985600001178682],[750341.155600002035499,7725415.985600001178682],[750341.155600002035499,7725414.985600000247359],[750340.155600000172853,7725414.985600000247359],[750340.155600000172853,7725413.985600001178682],[750339.155600001104176,7725413.985600001178682],[750339.155600001104176,7725412.985600002110004],[750338.155600000172853,7725412.985600002110004],[750338.155600000172853,7725411.985600000247359],[750337.155600001104176,7725411.985600000247359],[750337.155600001104176,7725410.985600001178682],[750336.155600001104176,7725410.985600001178682],[750336.155600001104176,7725409.985600000247359],[750335.155600000172853,7725409.985600000247359],[750335.155600000172853,7725408.985600001178682],[750334.155600001104176,7725408.985600001178682],[750334.155600001104176,7725407.985600002110004],[750333.155600000172853,7725407.985600002110004],[750333.155600000172853,7725406.985600000247359],[750332.155600000172853,7725406.985600000247359],[750332.155600000172853,7725405.985600001178682],[750331.155600001104176,7725405.985600001178682],[750331.155600001104176,7725404.985600000247359],[750330.155600000172853,7725404.985600000247359],[750330.155600000172853,7725403.985600001178682],[750329.155600001104176,7725403.985600001178682],[750329.155600001104176,7725402.985600001178682],[750328.155599999241531,7725402.985600001178682],[750328.155599999241531,7725401.985600000247359],[750327.155600000172853,7725401.985600000247359],[750327.155600000172853,7725400.985600001178682],[750326.155600001104176,7725400.985600001178682],[750326.155600001104176,7725399.985599999316037],[750325.155600000172853,7725399.985599999316037],[750325.155600000172853,7725398.985600000247359],[750324.155600001104176,7725398.985600000247359],[750324.155600001104176,7725397.985600001178682],[750323.155600002035499,7725397.985600001178682],[750323.155600002035499,7725396.985600000247359],[750322.155600000172853,7725396.985600000247359],[750322.155600000172853,7725395.985600001178682],[750321.155600001104176,7725395.985600001178682],[750321.155600001104176,7725394.985600002110004],[750320.155600000172853,7725394.985600002110004],[750320.155600000172853,7725393.985600000247359],[750319.155600001104176,7725393.985600000247359],[750319.155600001104176,7725392.985600001178682],[750318.155600002035499,7725392.985600001178682],[750318.155600002035499,7725391.985600000247359],[750317.155600000172853,7725391.985600000247359],[750317.155600000172853,7725390.985600001178682],[750316.155600001104176,7725390.985600001178682],[750316.155600001104176,7725389.985600002110004],[750315.155600000172853,7725389.985600002110004],[750315.155600000172853,7725388.985600000247359],[750314.155600001104176,7725388.985600000247359],[750314.155600001104176,7725387.985600001178682],[750313.155600001104176,7725387.985600001178682],[750313.155600001104176,7725386.985600000247359],[750312.155600000172853,7725386.985600000247359],[750312.155600000172853,7725385.985600001178682],[750311.155600001104176,7725385.985600001178682],[750311.155600001104176,7725384.985600002110004],[750310.155600000172853,7725384.985600002110004],[750310.155600000172853,7725383.985600000247359],[750309.155600000172853,7725383.985600000247359],[750309.155600000172853,7725382.985600001178682],[750308.155600001104176,7725382.985600001178682],[750308.155600001104176,7725381.985600000247359],[750307.155600000172853,7725381.985600000247359],[750307.155600000172853,7725380.985600000247359],[750306.155600001104176,7725380.985600000247359],[750306.155600001104176,7725379.985600001178682],[750305.155600002035499,7725379.985600001178682],[750305.155600002035499,7725378.985600000247359],[750304.155600000172853,7725378.985600000247359],[750304.155600000172853,7725377.985600001178682],[750303.155600001104176,7725377.985600001178682],[750303.155600001104176,7725376.985599999316037],[750302.155600000172853,7725376.985599999316037],[750302.155600000172853,7725375.985600000247359],[750301.155600001104176,7725375.985600000247359],[750301.155600001104176,7725374.985600001178682],[750300.155600002035499,7725374.985600001178682],[750300.155600002035499,7725373.985600000247359],[750299.155600000172853,7725373.985600000247359],[750299.155600000172853,7725372.985600001178682],[750298.155600001104176,7725372.985600001178682],[750298.155600001104176,7725371.985600002110004],[750297.155600000172853,7725371.985600002110004],[750297.155600000172853,7725370.985600000247359],[750296.155600001104176,7725370.985600000247359],[750296.155600001104176,7725369.985600001178682],[750295.155600002035499,7725369.985600001178682],[750295.155600002035499,7725368.985600000247359],[750294.155600000172853,7725368.985600000247359],[750294.155600000172853,7725367.985600001178682],[750293.155600001104176,7725367.985600001178682],[750293.155600001104176,7725366.985600002110004],[750292.155600000172853,7725366.985600002110004],[750292.155600000172853,7725365.985600000247359],[750291.155600001104176,7725365.985600000247359],[750291.155600001104176,7725364.985600001178682],[750290.155600001104176,7725364.985600001178682],[750290.155600001104176,7725363.985600000247359],[750289.155600000172853,7725363.985600000247359],[750289.155600000172853,7725362.985600001178682],[750288.155600001104176,7725362.985600001178682],[750288.155600001104176,7725361.985600002110004],[750287.155599999241531,7725361.985600002110004],[750287.155599999241531,7725360.985600000247359],[750286.155600000172853,7725360.985600000247359],[750286.155600000172853,7725359.985600001178682],[750285.155600001104176,7725359.985600001178682],[750285.155600001104176,7725358.985600000247359],[750284.155600000172853,7725358.985600000247359],[750284.155600000172853,7725357.985600000247359],[750283.155600001104176,7725357.985600000247359],[750283.155600001104176,7725356.985600001178682],[750282.155600002035499,7725356.985600001178682],[750282.155600002035499,7725355.985600000247359],[750281.155600000172853,7725355.985600000247359],[750281.155600000172853,7725354.985600001178682],[750280.155600001104176,7725354.985600001178682],[750280.155600001104176,7725353.985599999316037],[750279.155600000172853,7725353.985599999316037],[750279.155600000172853,7725352.985600000247359],[750278.155600001104176,7725352.985600000247359],[750278.155600001104176,7725351.985600001178682],[750277.155600002035499,7725351.985600001178682],[750277.155600002035499,7725350.985600000247359],[750276.155600000172853,7725350.985600000247359],[750276.155600000172853,7725349.985600001178682],[750275.155600001104176,7725349.985600001178682],[750275.155600001104176,7725348.985600002110004],[750274.155600000172853,7725348.985600002110004],[750274.155600000172853,7725347.985600000247359],[750273.155600001104176,7725347.985600000247359],[750273.155600001104176,7725346.985600001178682],[750272.155600002035499,7725346.985600001178682],[750272.155600002035499,7725345.985600000247359],[750271.155600000172853,7725345.985600000247359],[750271.155600000172853,7725344.985600001178682],[750270.155600001104176,7725344.985600001178682],[750270.155600001104176,7725343.985600002110004],[750269.155600000172853,7725343.985600002110004],[750269.155600000172853,7725342.985600000247359],[750268.155600001104176,7725342.985600000247359],[750268.155600001104176,7725341.985600001178682],[750267.155600001104176,7725341.985600001178682],[750267.155600001104176,7725340.985600000247359],[750266.155600000172853,7725340.985600000247359],[750266.155600000172853,7725339.985600001178682],[750265.155600001104176,7725339.985600001178682],[750265.155600001104176,7725338.985600002110004],[750264.155599999241531,7725338.985600002110004],[750264.155599999241531,7725337.985600000247359],[750263.155600000172853,7725337.985600000247359],[750263.155600000172853,7725336.985600001178682],[750262.155600001104176,7725336.985600001178682],[750262.155600001104176,7725335.985600000247359],[750261.155600000172853,7725335.985600000247359],[750261.155600000172853,7725334.985600000247359],[750260.155600001104176,7725334.985600000247359],[750260.155600001104176,7725333.985600001178682],[750259.155600002035499,7725333.985600001178682],[750259.155600002035499,7725332.985600000247359],[750258.155600000172853,7725332.985600000247359],[750258.155600000172853,7725331.985600001178682],[750257.155600001104176,7725331.985600001178682],[750257.155600001104176,7725330.985599999316037],[750256.155600000172853,7725330.985599999316037],[750256.155600000172853,7725329.985600000247359],[750252.155600001104176,7725329.985600000247359],[750252.155600001104176,7725328.985600001178682],[750251.155600000172853,7725328.985600001178682],[750251.155600000172853,7725327.985600000247359],[750250.155600001104176,7725327.985600000247359],[750250.155600001104176,7725326.985600001178682],[750249.155600002035499,7725326.985600001178682],[750249.155600002035499,7725325.985600002110004],[750248.155600000172853,7725325.985600002110004],[750248.155600000172853,7725324.985600000247359],[750247.155600001104176,7725324.985600000247359],[750247.155600001104176,7725323.985600001178682],[750246.155600000172853,7725323.985600001178682],[750246.155600000172853,7725322.985600000247359],[750245.155600001104176,7725322.985600000247359],[750245.155600001104176,7725321.985600001178682],[750244.155600001104176,7725321.985600001178682],[750244.155600001104176,7725320.985600002110004],[750243.155600000172853,7725320.985600002110004],[750243.155600000172853,7725319.985600000247359],[750242.155600001104176,7725319.985600000247359],[750242.155600001104176,7725318.985600001178682],[750241.155599999241531,7725318.985600001178682],[750241.155599999241531,7725317.985600000247359],[750240.155600000172853,7725317.985600000247359],[750240.155600000172853,7725316.985600001178682],[750239.155600001104176,7725316.985600001178682],[750239.155600001104176,7725315.985600001178682],[750238.155600000172853,7725315.985600001178682],[750238.155600000172853,7725314.985600000247359],[750237.155600001104176,7725314.985600000247359],[750237.155600001104176,7725313.985600001178682],[750236.155600002035499,7725313.985600001178682],[750236.155600002035499,7725312.985600000247359],[750235.155600000172853,7725312.985600000247359],[750235.155600000172853,7725311.985600000247359],[750234.155600001104176,7725311.985600000247359],[750234.155600001104176,7725310.985600001178682],[750233.155600000172853,7725310.985600001178682],[750233.155600000172853,7725309.985600000247359],[750232.155600001104176,7725309.985600000247359],[750232.155600001104176,7725308.985600001178682],[750231.155600002035499,7725308.985600001178682],[750231.155600002035499,7725307.985599999316037],[750230.155600000172853,7725307.985599999316037],[750230.155600000172853,7725306.985600000247359],[750229.155600001104176,7725306.985600000247359],[750229.155600001104176,7725305.985600001178682],[750228.155600000172853,7725305.985600001178682],[750228.155600000172853,7725304.985600000247359],[750226.155600002035499,7725304.985600000247359],[750226.155600002035499,7725303.985600001178682],[750225.155600000172853,7725303.985600001178682],[750225.155600000172853,7725302.985600002110004],[750224.155600001104176,7725302.985600002110004],[750224.155600001104176,7725301.985600000247359],[750223.155600000172853,7725301.985600000247359],[750223.155600000172853,7725300.985600001178682],[750222.155600000172853,7725300.985600001178682],[750222.155600000172853,7725299.985600000247359],[750221.155600001104176,7725299.985600000247359],[750221.155600001104176,7725298.985600001178682],[750220.155600000172853,7725298.985600001178682],[750220.155600000172853,7725297.985600002110004],[750219.155600001104176,7725297.985600002110004],[750219.155600001104176,7725296.985600000247359],[750218.155599999241531,7725296.985600000247359],[750218.155599999241531,7725295.985600001178682],[750217.155600000172853,7725295.985600001178682],[750217.155600000172853,7725294.985600000247359],[750216.155600001104176,7725294.985600000247359],[750216.155600001104176,7725293.985600001178682],[750215.155600000172853,7725293.985600001178682],[750215.155600000172853,7725292.985600001178682],[750214.155600001104176,7725292.985600001178682],[750214.155600001104176,7725291.985600000247359],[750213.155600002035499,7725291.985600000247359],[750213.155600002035499,7725290.985600001178682],[750212.155600000172853,7725290.985600001178682],[750212.155600000172853,7725289.985600000247359],[750211.155600001104176,7725289.985600000247359],[750211.155600001104176,7725288.985600000247359],[750210.155600000172853,7725288.985600000247359],[750210.155600000172853,7725287.985600001178682],[750209.155600001104176,7725287.985600001178682],[750209.155600001104176,7725286.985600000247359],[750208.155600002035499,7725286.985600000247359],[750208.155600002035499,7725285.985600001178682],[750207.155600000172853,7725285.985600001178682],[750207.155600000172853,7725284.985599999316037],[750206.155600001104176,7725284.985599999316037],[750206.155600001104176,7725283.985600000247359],[750205.155600000172853,7725283.985600000247359],[750205.155600000172853,7725282.985600001178682],[750204.155600001104176,7725282.985600001178682],[750204.155600001104176,7725281.985600000247359],[750203.155600002035499,7725281.985600000247359],[750203.155600002035499,7725280.985600001178682],[750202.155600000172853,7725280.985600001178682],[750202.155600000172853,7725279.985600002110004],[750201.155600001104176,7725279.985600002110004],[750201.155600001104176,7725278.985600000247359],[750200.155600000172853,7725278.985600000247359],[750200.155600000172853,7725277.985600001178682],[750198.155600001104176,7725277.985600001178682],[750198.155600001104176,7725276.985600000247359],[750196.155600001104176,7725276.985600000247359],[750196.155600001104176,7725275.985600001178682],[750194.155600000172853,7725275.985600001178682],[750194.155600000172853,7725274.985600002110004],[750192.155600000172853,7725274.985600002110004],[750192.155600000172853,7725273.985600000247359],[750190.155600002035499,7725273.985600000247359],[750190.155600002035499,7725272.985600001178682],[750188.155600001104176,7725272.985600001178682],[750188.155600001104176,7725271.985600000247359],[750186.155600001104176,7725271.985600000247359],[750186.155600001104176,7725270.985600001178682],[750184.155600000172853,7725270.985600001178682],[750184.155600000172853,7725269.985600001178682],[750182.155600000172853,7725269.985600001178682],[750182.155600000172853,7725268.985600000247359],[750180.155600001104176,7725268.985600000247359],[750180.155600001104176,7725267.985600001178682],[750179.155600000172853,7725267.985600001178682],[750179.155600000172853,7725266.985599999316037],[750178.155600001104176,7725266.985599999316037],[750178.155600001104176,7725265.985600000247359],[750177.155600000172853,7725265.985600000247359],[750177.155600000172853,7725264.985600001178682],[750176.155600000172853,7725264.985600001178682],[750176.155600000172853,7725263.985600000247359],[750175.155600001104176,7725263.985600000247359],[750175.155600001104176,7725262.985600001178682],[750174.155600000172853,7725262.985600001178682],[750174.155600000172853,7725261.985600002110004],[750173.155600001104176,7725261.985600002110004],[750173.155600001104176,7725260.985600000247359],[750172.155599999241531,7725260.985600000247359],[750172.155599999241531,7725259.985600001178682],[750170.155600001104176,7725259.985600001178682],[750170.155600001104176,7725258.985600000247359],[750163.155600001104176,7725258.985600000247359],[750163.155600001104176,7725257.985600001178682],[750160.155600001104176,7725257.985600001178682],[750160.155600001104176,7725256.985600002110004],[750150.155600001104176,7725256.985600002110004],[750150.155600001104176,7725255.985600000247359],[750145.155600001104176,7725255.985600000247359],[750145.155600001104176,7725254.985600001178682],[750141.155600000172853,7725254.985600001178682],[750141.155600000172853,7725253.985600000247359],[750138.155600000172853,7725253.985600000247359],[750138.155700000934303,7725252.985600001178682],[750134.155600001104176,7725252.985600001178682],[750134.155600001104176,7725251.985600002110004],[750132.155600001104176,7725251.985600002110004],[750132.155600001104176,7725250.985600000247359],[750129.155600001104176,7725250.985600000247359],[750129.155600001104176,7725249.985600001178682],[750127.155600001104176,7725249.985600001178682],[750127.155600001104176,7725248.985600000247359],[750124.155600001104176,7725248.985600000247359],[750124.155600001104176,7725247.985600001178682],[750122.155600001104176,7725247.985600001178682],[750122.155600001104176,7725246.985600001178682],[750119.155600001104176,7725246.985600001178682],[750119.155600001104176,7725245.985600000247359],[750117.155600001104176,7725245.985600000247359],[750117.155600001104176,7725244.985600001178682],[749993.155599999241531,7725244.985600001178682],[749993.155599999241531,7725243.985599999316037],[749992.155600000172853,7725243.985599999316037],[749992.155600000172853,7725242.985600000247359],[749991.155600001104176,7725242.985600000247359],[749991.155600001104176,7725241.985600001178682],[749990.155600000172853,7725241.985600001178682],[749990.155600000172853,7725240.985600000247359],[749989.155600001104176,7725240.985600000247359],[749989.155600001104176,7725239.985600001178682],[749988.155600002035499,7725239.985600001178682],[749988.155600002035499,7725238.985600002110004],[749987.155600000172853,7725238.985600002110004],[749987.155600000172853,7725237.985600000247359],[749986.155600001104176,7725237.985600000247359],[749986.155600001104176,7725236.985600001178682],[749985.155600000172853,7725236.985600001178682],[749985.155600000172853,7725235.985600000247359],[749984.155600001104176,7725235.985600000247359],[749984.155600001104176,7725234.985600001178682],[749982.155600000172853,7725234.985600001178682],[749982.155600000172853,7725233.985600002110004],[749981.155600001104176,7725233.985600002110004],[749981.155600001104176,7725232.985600000247359],[749980.155600000172853,7725232.985600000247359],[749980.155600000172853,7725231.985600001178682],[749979.155600001104176,7725231.985600001178682],[749979.155600001104176,7725230.985600000247359],[749978.155600001104176,7725230.985600000247359],[749978.155600001104176,7725229.985600001178682],[749977.155600000172853,7725229.985600001178682],[749977.155600000172853,7725228.985600002110004],[749976.155600001104176,7725228.985600002110004],[749976.155600001104176,7725227.985600000247359],[749975.155600000172853,7725227.985600000247359],[749975.155600000172853,7725226.985600001178682],[749974.155600000172853,7725226.985600001178682],[749974.155600000172853,7725225.985600000247359],[749973.155600001104176,7725225.985600000247359],[749973.155600001104176,7725224.985600001178682],[749900.155600000172853,7725224.985600001178682],[749900.155600000172853,7725225.985600000247359],[749895.155600000172853,7725225.985600000247359],[749895.155600000172853,7725226.985600001178682],[749889.155600001104176,7725226.985600001178682],[749889.155600001104176,7725227.985600000247359],[749883.155599999241531,7725227.985600000247359],[749883.155599999241531,7725228.985600002110004],[749877.155600000172853,7725228.985600002110004],[749877.155600000172853,7725229.985600001178682],[749871.155600001104176,7725229.985600001178682],[749871.155600001104176,7725230.985600000247359],[749866.155600001104176,7725230.985600000247359],[749866.155600001104176,7725231.985600001178682],[749860.155599999241531,7725231.985600001178682],[749860.155599999241531,7725232.985600000247359],[749854.155600000172853,7725232.985600000247359],[749854.155600000172853,7725233.985600002110004],[749848.155600001104176,7725233.985600002110004],[749848.155600001104176,7725234.985600001178682],[749845.155600002035499,7725234.985600001178682],[749845.155600002035499,7725235.985600000247359],[749844.155600000172853,7725235.985600000247359],[749844.155600000172853,7725236.985600001178682],[749843.155600001104176,7725236.985600001178682],[749843.155600001104176,7725237.985600000247359],[749842.155600000172853,7725237.985600000247359],[749842.155600000172853,7725238.985600002110004],[749841.155600000172853,7725238.985600002110004],[749841.155600000172853,7725239.985600001178682],[749840.155600001104176,7725239.985600001178682],[749840.155600001104176,7725240.985600000247359],[749839.155600000172853,7725240.985600000247359],[749839.155600000172853,7725241.985600001178682],[749838.155600001104176,7725241.985600001178682],[749838.155600001104176,7725242.985600000247359],[749837.155599999241531,7725242.985600000247359],[749837.155599999241531,7725243.985599999316037],[749836.155600000172853,7725243.985599999316037],[749836.155600000172853,7725244.985600001178682],[749835.155600001104176,7725244.985600001178682],[749835.155600001104176,7725245.985600000247359],[749834.155600000172853,7725245.985600000247359],[749834.155600000172853,7725246.985600001178682],[749833.155600001104176,7725246.985600001178682],[749833.155600001104176,7725247.985600001178682],[749832.155600002035499,7725247.985600001178682],[749832.155600002035499,7725248.985600000247359],[749831.155600000172853,7725248.985600000247359],[749831.155600000172853,7725249.985600001178682],[749830.155600001104176,7725249.985600001178682],[749830.155600001104176,7725250.985600000247359],[749829.155600000172853,7725250.985600000247359],[749829.155600000172853,7725251.985600002110004],[749828.155600001104176,7725251.985600002110004],[749828.155600001104176,7725252.985600001178682],[749827.155600002035499,7725252.985600001178682],[749827.155600002035499,7725253.985600000247359],[749826.155600000172853,7725253.985600000247359],[749826.155600000172853,7725254.985600001178682],[749824.155600000172853,7725254.985600001178682],[749824.155600000172853,7725253.985600000247359],[749810.155600001104176,7725253.985600000247359],[749810.155600001104176,7725252.985600001178682],[749802.155600001104176,7725252.985600001178682],[749802.155600001104176,7725251.985600002110004],[749797.155600001104176,7725251.985600002110004],[749797.155600001104176,7725250.985600000247359],[749790.155600000172853,7725250.985600000247359],[749790.155600000172853,7725251.985600002110004],[749788.155600000172853,7725251.985600002110004],[749788.155600000172853,7725250.985600000247359],[749787.155600001104176,7725250.985600000247359],[749787.155600001104176,7725249.985600001178682],[749785.155600000172853,7725249.985600001178682],[749785.155600000172853,7725248.985600000247359],[749783.155600000172853,7725248.985600000247359],[749783.155600000172853,7725247.985600001178682],[749780.155600000172853,7725247.985600001178682],[749780.155600000172853,7725246.985600001178682],[749778.155600000172853,7725246.985600001178682],[749778.155600000172853,7725245.985600000247359],[749775.155600000172853,7725245.985600000247359],[749775.155600000172853,7725244.985600001178682],[749774.155600001104176,7725244.985600001178682],[749774.155600001104176,7725243.985599999316037],[749771.155600001104176,7725243.985599999316037],[749771.155600001104176,7725242.985600000247359],[749770.155600000172853,7725242.985600000247359],[749770.155600000172853,7725241.985600001178682],[749769.155600001104176,7725241.985600001178682],[749769.155600001104176,7725240.985600000247359],[749768.155600002035499,7725240.985600000247359],[749768.155600002035499,7725239.985600001178682],[749767.155600000172853,7725239.985600001178682],[749767.155600000172853,7725237.985600000247359],[749766.155600001104176,7725237.985600000247359],[749766.155600001104176,7725236.985600001178682],[749765.155600000172853,7725236.985600001178682],[749765.155600000172853,7725235.985600000247359],[749764.155600001104176,7725235.985600000247359],[749764.155600001104176,7725234.985600001178682],[749763.155600002035499,7725234.985600001178682],[749763.155600002035499,7725229.985600001178682],[749764.155600001104176,7725229.985600001178682],[749764.155600001104176,7725228.985600002110004],[749765.155600000172853,7725228.985600002110004],[749765.155600000172853,7725225.985600000247359],[749764.155600001104176,7725225.985600000247359],[749764.155600001104176,7725224.985600001178682],[749763.155600002035499,7725224.985600001178682],[749763.155600002035499,7725223.985600001178682],[749762.155600000172853,7725223.985600001178682],[749762.155600000172853,7725222.985600000247359],[749761.155600001104176,7725222.985600000247359],[749761.155600001104176,7725221.985600001178682],[749760.155600000172853,7725221.985600001178682],[749760.155600000172853,7725220.985599999316037],[749759.155600001104176,7725220.985599999316037],[749759.155600001104176,7725219.985600000247359],[749758.155600002035499,7725219.985600000247359],[749758.155600002035499,7725218.985600001178682],[749757.155600000172853,7725218.985600001178682],[749757.155600000172853,7725217.985600000247359],[749756.155600001104176,7725217.985600000247359],[749756.155600001104176,7725216.985600001178682],[749755.155600000172853,7725216.985600001178682],[749755.155600000172853,7725215.985600002110004],[749754.155600001104176,7725215.985600002110004],[749754.155600001104176,7725214.985600000247359],[749753.155600001104176,7725214.985600000247359],[749753.155600001104176,7725213.985600001178682],[749752.155600000172853,7725213.985600001178682],[749752.155600000172853,7725212.985600000247359],[749751.155600001104176,7725212.985600000247359],[749751.155600001104176,7725211.985600001178682],[749750.155599999241531,7725211.985600001178682],[749750.155599999241531,7725210.985600002110004],[749749.155600000172853,7725210.985600002110004],[749749.155600000172853,7725209.985600000247359],[749748.155600001104176,7725209.985600000247359],[749748.155600001104176,7725208.985600001178682],[749747.155600000172853,7725208.985600001178682],[749747.155600000172853,7725207.985600000247359],[749746.155600001104176,7725207.985600000247359],[749746.155600001104176,7725206.985600001178682],[749745.155600002035499,7725206.985600001178682],[749745.155600002035499,7725205.985600002110004],[749744.155600000172853,7725205.985600002110004],[749744.155600000172853,7725204.985600000247359],[749743.155600001104176,7725204.985600000247359],[749743.155600001104176,7725203.985600001178682],[749742.155600000172853,7725203.985600001178682],[749742.155600000172853,7725202.985600000247359],[749741.155600001104176,7725202.985600000247359],[749741.155600001104176,7725201.985600000247359],[749740.155600002035499,7725201.985600000247359],[749740.155600002035499,7725200.985600001178682],[749739.155600000172853,7725200.985600001178682],[749739.155600000172853,7725199.985600000247359],[749738.155600001104176,7725199.985600000247359],[749738.155600001104176,7725198.985600001178682],[749709.155600000172853,7725198.985600001178682],[749709.155600000172853,7725197.985599999316037],[749708.155600000172853,7725197.985599999316037],[749708.155600000172853,7725196.985600000247359],[749707.155600001104176,7725196.985600000247359],[749707.155600001104176,7725195.985600001178682],[749706.155600000172853,7725195.985600001178682],[749706.155600000172853,7725194.985600000247359],[749705.155600001104176,7725194.985600000247359],[749705.155600001104176,7725193.985600001178682],[749704.155599999241531,7725193.985600001178682],[749704.155599999241531,7725192.985600002110004],[749703.155600000172853,7725192.985600002110004],[749703.155600000172853,7725191.985600000247359],[749702.155600001104176,7725191.985600000247359],[749702.155600001104176,7725190.985600001178682],[749701.155600000172853,7725190.985600001178682],[749701.155600000172853,7725189.985600000247359],[749700.155600001104176,7725189.985600000247359],[749700.155600001104176,7725188.985600001178682],[749699.155600002035499,7725188.985600001178682],[749699.155600002035499,7725187.985600002110004],[749698.155600000172853,7725187.985600002110004],[749698.155600000172853,7725186.985600000247359],[749697.155600001104176,7725186.985600000247359],[749697.155600001104176,7725185.985600001178682],[749696.155600000172853,7725185.985600001178682],[749696.155600000172853,7725184.985600000247359],[749695.155600001104176,7725184.985600000247359],[749695.155600001104176,7725183.985600001178682],[749694.155600002035499,7725183.985600001178682],[749694.155600002035499,7725182.985600002110004],[749693.155600000172853,7725182.985600002110004],[749693.155600000172853,7725181.985600000247359],[749692.155600001104176,7725181.985600000247359],[749692.155600001104176,7725180.985600001178682],[749691.155600000172853,7725180.985600001178682],[749691.155600000172853,7725179.985600000247359],[749690.155600001104176,7725179.985600000247359],[749690.155600001104176,7725178.985600000247359],[749689.155600002035499,7725178.985600000247359],[749689.155600002035499,7725177.985600001178682],[749688.155600000172853,7725177.985600001178682],[749688.155600000172853,7725176.985600000247359],[749687.155600001104176,7725176.985600000247359],[749687.155600001104176,7725175.985600001178682],[749686.155600000172853,7725175.985600001178682],[749686.155600000172853,7725174.985599999316037],[749685.155600000172853,7725174.985599999316037],[749685.155600000172853,7725173.985600000247359],[749682.155600001104176,7725173.985600000247359],[749682.155600001104176,7725172.985600001178682],[749678.155600000172853,7725172.985600001178682],[749678.155600000172853,7725171.985600000247359],[749674.155600001104176,7725171.985600000247359],[749674.155600001104176,7725170.985600001178682],[749670.155600000172853,7725170.985600001178682],[749670.155600000172853,7725169.985600002110004],[749667.155600001104176,7725169.985600002110004],[749667.155600001104176,7725168.985600000247359],[749663.155600000172853,7725168.985600000247359],[749663.155600000172853,7725167.985600001178682],[749659.155600001104176,7725167.985600001178682],[749659.155600001104176,7725166.985600000247359],[749655.155600000172853,7725166.985600000247359],[749655.155600000172853,7725165.985600001178682],[749652.155600000172853,7725165.985600001178682],[749652.155600000172853,7725164.985600002110004],[749648.155600002035499,7725164.985600002110004],[749648.155600002035499,7725163.985600000247359],[749646.155600001104176,7725163.985600000247359],[749646.155600001104176,7725162.985600001178682],[749644.155600001104176,7725162.985600001178682],[749644.155600001104176,7725161.985600000247359],[749642.155600000172853,7725161.985600000247359],[749642.155600000172853,7725160.985600001178682],[749640.155600000172853,7725160.985600001178682],[749640.155600000172853,7725159.985600002110004],[749638.155600001104176,7725159.985600002110004],[749638.155600001104176,7725158.985600000247359],[749636.155600001104176,7725158.985600000247359],[749636.155600001104176,7725157.985600001178682],[749634.155600000172853,7725157.985600001178682],[749634.155600000172853,7725156.985600000247359],[749632.155600000172853,7725156.985600000247359],[749632.155600000172853,7725155.985600000247359],[749630.155600002035499,7725155.985600000247359],[749630.155600002035499,7725154.985600001178682],[749627.155600000172853,7725154.985600001178682],[749627.155600000172853,7725153.985600000247359],[749623.155600001104176,7725153.985600000247359],[749623.155600001104176,7725152.985600001178682],[749548.155599999241531,7725152.985600001178682],[749548.155599999241531,7725151.985599999316037],[749542.155600000172853,7725151.985599999316037],[749542.155600000172853,7725150.985600000247359],[749536.155600001104176,7725150.985600000247359],[749536.155600001104176,7725149.985600001178682],[749530.155600000172853,7725149.985600001178682],[749530.155600000172853,7725148.985600000247359],[749524.155600000172853,7725148.985600000247359],[749524.155600000172853,7725147.985600001178682],[749522.155600000172853,7725147.985600001178682],[749522.155600000172853,7725146.985600002110004],[749521.155600001104176,7725146.985600002110004],[749521.155600001104176,7725145.985600000247359],[749520.155600002035499,7725145.985600000247359],[749520.155600002035499,7725144.985600001178682],[749519.155600000172853,7725144.985600001178682],[749519.155600000172853,7725143.985600000247359],[749518.155600001104176,7725143.985600000247359],[749518.155600001104176,7725142.985600001178682],[749517.155600000172853,7725142.985600001178682],[749517.155600000172853,7725141.985600002110004],[749516.155600001104176,7725141.985600002110004],[749516.155600001104176,7725140.985600000247359],[749515.155600002035499,7725140.985600000247359],[749515.155600002035499,7725139.985600001178682],[749514.155600000172853,7725139.985600001178682],[749514.155600000172853,7725138.985600000247359],[749513.155600001104176,7725138.985600000247359],[749513.155600001104176,7725137.985600001178682],[749512.155600000172853,7725137.985600001178682],[749512.155600000172853,7725136.985600001178682],[749511.155600001104176,7725136.985600001178682],[749511.155600001104176,7725135.985600000247359],[749510.155600002035499,7725135.985600000247359],[749510.155600002035499,7725134.985600001178682],[749509.155600000172853,7725134.985600001178682],[749509.155600000172853,7725078.985600001178682],[749508.155600001104176,7725078.985600001178682],[749508.155600001104176,7725077.985600002110004],[749507.155600000172853,7725077.985600002110004],[749507.155600000172853,7725076.985600000247359],[749506.155600000172853,7725076.985600000247359],[749506.155600000172853,7725075.985600001178682],[749505.155600001104176,7725075.985600001178682],[749505.155600001104176,7725074.985600000247359],[749504.155600000172853,7725074.985600000247359],[749504.155600000172853,7725073.985600001178682],[749503.155600001104176,7725073.985600001178682],[749503.155600001104176,7725072.985600002110004],[749502.155599999241531,7725072.985600002110004],[749502.155599999241531,7725071.985600000247359],[749497.155600002035499,7725071.985600000247359],[749497.155600002035499,7725070.985600001178682],[749486.155600000172853,7725070.985600001178682],[749486.155600000172853,7725069.985600000247359],[749475.155600001104176,7725069.985600000247359],[749475.155600001104176,7725068.985600001178682],[749453.155600000172853,7725068.985600001178682],[749453.155600000172853,7725069.985600000247359],[749448.155600000172853,7725069.985600000247359],[749448.155600000172853,7725070.985600001178682],[749444.155600001104176,7725070.985600001178682],[749444.155600001104176,7725071.985600000247359],[749440.155600000172853,7725071.985600000247359],[749440.155600000172853,7725072.985600002110004],[749436.155600001104176,7725072.985600002110004],[749436.155600001104176,7725073.985600001178682],[749432.155600000172853,7725073.985600001178682],[749432.155600000172853,7725074.985600000247359],[749428.155600002035499,7725074.985600000247359],[749428.155600002035499,7725075.985600001178682],[749424.155600001104176,7725075.985600001178682],[749424.155600001104176,7725076.985600000247359],[749420.155600000172853,7725076.985600000247359],[749420.155600000172853,7725077.985600002110004],[749416.155600001104176,7725077.985600002110004],[749416.155600001104176,7725078.985600001178682],[749412.155600000172853,7725078.985600001178682],[749412.155600000172853,7725079.985600000247359],[749408.155600001104176,7725079.985600000247359],[749408.155600001104176,7725080.985600001178682],[749404.155600000172853,7725080.985600001178682],[749404.155600000172853,7725081.985600000247359],[749400.155600002035499,7725081.985600000247359],[749400.155600002035499,7725082.985600002110004],[749396.155600001104176,7725082.985600002110004],[749396.155600001104176,7725083.985600001178682],[749392.155599999241531,7725083.985600001178682],[749392.155599999241531,7725084.985600000247359],[749388.155600001104176,7725084.985600000247359],[749388.155600001104176,7725085.985600001178682],[749384.155600000172853,7725085.985600001178682],[749384.155600000172853,7725086.985600000247359],[749380.155600001104176,7725086.985600000247359],[749380.155600001104176,7725087.985599999316037],[749375.155600001104176,7725087.985599999316037],[749375.155600001104176,7725086.985600000247359],[749374.155600000172853,7725086.985600000247359],[749374.155600000172853,7725085.985600001178682],[749373.155600000172853,7725085.985600001178682],[749373.155600000172853,7725084.985600000247359],[749372.155600001104176,7725084.985600000247359],[749372.155600001104176,7725083.985600001178682],[749371.155600000172853,7725083.985600001178682],[749371.155600000172853,7725082.985600002110004],[749313.155600002035499,7725082.985600002110004],[749313.155600002035499,7725081.985600000247359],[749312.155600000172853,7725081.985600000247359],[749312.155600000172853,7725080.985600001178682],[749311.155600001104176,7725080.985600001178682],[749311.155600001104176,7725079.985600000247359],[749310.155600000172853,7725079.985600000247359],[749310.155600000172853,7725078.985600001178682],[749309.155600001104176,7725078.985600001178682],[749309.155600001104176,7725077.985600002110004],[749308.155600001104176,7725077.985600002110004],[749308.155600001104176,7725075.985600001178682],[749307.155600000172853,7725075.985600001178682],[749307.155600000172853,7725074.985600000247359],[749306.155600001104176,7725074.985600000247359],[749306.155600001104176,7725073.985600001178682],[749305.155600000172853,7725073.985600001178682],[749305.155600000172853,7725071.985600000247359],[749304.155600000172853,7725071.985600000247359],[749304.155600000172853,7725070.985600001178682],[749303.155600001104176,7725070.985600001178682],[749303.155600001104176,7725069.985600000247359],[749302.155600000172853,7725069.985600000247359],[749302.155600000172853,7725068.985600001178682],[749301.155600001104176,7725068.985600001178682],[749301.155600001104176,7725066.985600000247359],[749300.155599999241531,7725066.985600000247359],[749300.155599999241531,7725065.985600001178682],[749299.155600000172853,7725065.985600001178682],[749299.155600000172853,7725064.985599999316037],[749298.155600001104176,7725064.985599999316037],[749298.155600001104176,7725062.985600001178682],[749297.155600000172853,7725062.985600001178682],[749297.155600000172853,7725061.985600000247359],[749296.155600001104176,7725061.985600000247359],[749296.155600001104176,7725060.985600001178682],[749295.155600002035499,7725060.985600001178682],[749295.155600002035499,7725059.985600002110004],[749294.155600000172853,7725059.985600002110004],[749294.155600000172853,7725057.985600001178682],[749293.155600001104176,7725057.985600001178682],[749293.155600001104176,7725056.985600000247359],[749292.155600000172853,7725056.985600000247359],[749292.155600000172853,7725055.985600001178682],[749291.155600001104176,7725055.985600001178682],[749291.155600001104176,7725054.985600002110004],[749290.155600002035499,7725054.985600002110004],[749290.155600002035499,7725052.985600001178682],[749289.155600000172853,7725052.985600001178682],[749289.155600000172853,7725051.985600000247359],[749288.155600001104176,7725051.985600000247359],[749288.155600001104176,7725050.985600001178682],[749287.155600000172853,7725050.985600001178682],[749287.155600000172853,7725048.985600000247359],[749285.155600001104176,7725048.985600000247359],[749285.155600001104176,7725047.985600001178682],[749284.155600000172853,7725047.985600001178682],[749284.155600000172853,7725046.985600000247359],[749283.155600001104176,7725046.985600000247359],[749283.155600001104176,7725045.985600001178682],[749282.155600000172853,7725045.985600001178682],[749282.155600000172853,7725044.985600001178682],[749281.155600000172853,7725044.985600001178682],[749281.155600000172853,7725043.985600000247359],[749280.155600001104176,7725043.985600000247359],[749280.155600001104176,7725042.985600001178682],[749279.155600000172853,7725042.985600001178682],[749279.155600000172853,7725041.985599999316037],[749278.155600001104176,7725041.985599999316037],[749278.155600001104176,7725005.985600000247359],[749279.155600000172853,7725005.985600000247359],[749279.155600000172853,7725002.985600000247359],[749280.155600001104176,7725002.985600000247359],[749280.155600001104176,7724999.985600000247359],[749281.155600000172853,7724999.985600000247359],[749281.155600000172853,7724996.985600001178682],[749282.155600000172853,7724996.985600001178682],[749282.155600000172853,7724993.985600001178682],[749283.155600001104176,7724993.985600001178682],[749283.155600001104176,7724991.985600001178682],[749284.155600000172853,7724991.985600001178682],[749284.155600000172853,7724988.985600001178682],[749285.155600001104176,7724988.985600001178682],[749285.155600001104176,7724985.985600002110004],[749286.155600001104176,7724985.985600002110004],[749286.155600001104176,7724982.985600000247359],[749287.155600000172853,7724982.985600000247359],[749287.155600000172853,7724980.985600002110004],[749288.155600001104176,7724980.985600002110004],[749288.155600001104176,7724977.985600000247359],[749289.155600000172853,7724977.985600000247359],[749289.155600000172853,7724974.985600000247359],[749290.155600002035499,7724974.985600000247359],[749290.155600002035499,7724971.985600000247359],[749291.155600001104176,7724971.985600000247359],[749291.155600001104176,7724969.985600000247359],[749292.155600000172853,7724969.985600000247359],[749292.155600000172853,7724966.985600000247359],[749293.155600001104176,7724966.985600000247359],[749293.155600001104176,7724963.985600001178682],[749294.155600000172853,7724963.985600001178682],[749294.155600000172853,7724960.985600001178682],[749295.155600002035499,7724960.985600001178682],[749295.155600002035499,7724958.985600001178682],[749296.155600001104176,7724958.985600001178682],[749296.155600001104176,7724955.985600001178682],[749297.155600000172853,7724955.985600001178682],[749297.155600000172853,7724952.985600001178682],[749298.155600001104176,7724952.985600001178682],[749298.155600001104176,7724949.985599999316037],[749299.155600000172853,7724949.985599999316037],[749299.155600000172853,7724947.985600001178682],[749300.155599999241531,7724947.985600001178682],[749300.155599999241531,7724944.985600002110004],[749301.155600001104176,7724944.985600002110004],[749301.155600001104176,7724941.985600000247359],[749302.155600000172853,7724941.985600000247359],[749302.155600000172853,7724938.985600000247359],[749303.155600001104176,7724938.985600000247359],[749303.155600001104176,7724936.985600000247359],[749304.155600000172853,7724936.985600000247359],[749304.155600000172853,7724934.985600001178682],[749305.155600000172853,7724934.985600001178682],[749305.155600000172853,7724932.985600001178682],[749306.155600001104176,7724932.985600001178682],[749306.155600001104176,7724929.985600001178682],[749304.155600000172853,7724929.985600001178682],[749304.155600000172853,7724928.985600000247359],[749300.155599999241531,7724928.985600000247359],[749300.155599999241531,7724929.985600001178682],[749282.155600000172853,7724929.985600001178682],[749282.155600000172853,7724930.985600000247359],[749262.155600001104176,7724930.985600000247359],[749262.155600001104176,7724929.985600001178682],[749261.155600000172853,7724929.985600001178682],[749261.155600000172853,7724928.985600000247359],[749260.155600001104176,7724928.985600000247359],[749260.155600001104176,7724927.985600001178682],[749259.155599999241531,7724927.985600001178682],[749259.155599999241531,7724926.985600002110004],[749258.155600000172853,7724926.985600002110004],[749258.155600000172853,7724925.985600000247359],[749257.155600001104176,7724925.985600000247359],[749257.155600001104176,7724924.985600001178682],[749256.155600000172853,7724924.985600001178682],[749256.155600000172853,7724923.985600000247359],[749255.155600001104176,7724923.985600000247359],[749255.155600001104176,7724922.985600001178682],[749254.155600002035499,7724922.985600001178682],[749254.155600002035499,7724921.985600002110004],[749253.155600000172853,7724921.985600002110004],[749253.155600000172853,7724920.985600000247359],[749252.155600001104176,7724920.985600000247359],[749252.155600001104176,7724919.985600001178682],[749251.155600000172853,7724919.985600001178682],[749251.155600000172853,7724918.985600000247359],[749250.155600001104176,7724918.985600000247359],[749250.155600001104176,7724917.985600001178682],[749249.155600002035499,7724917.985600001178682],[749249.155600002035499,7724916.985600002110004],[749248.155600000172853,7724916.985600002110004],[749248.155600000172853,7724915.985600000247359],[749247.155600001104176,7724915.985600000247359],[749247.155600001104176,7724914.985600001178682],[749246.155600000172853,7724914.985600001178682],[749246.155600000172853,7724913.985600000247359],[749245.155600001104176,7724913.985600000247359],[749245.155600001104176,7724912.985600001178682],[749244.155600002035499,7724912.985600001178682],[749244.155600002035499,7724911.985600001178682],[749243.155600000172853,7724911.985600001178682],[749243.155600000172853,7724910.985600000247359],[749242.155600001104176,7724910.985600000247359],[749242.155600001104176,7724909.985600001178682],[749241.155600000172853,7724909.985600001178682],[749241.155600000172853,7724908.985599999316037],[749240.155600001104176,7724908.985599999316037],[749240.155600001104176,7724907.985600000247359],[749239.155600001104176,7724907.985600000247359],[749239.155600001104176,7724906.985600001178682],[749238.155600000172853,7724906.985600001178682],[749238.155600000172853,7724905.985600000247359],[749237.155600001104176,7724905.985600000247359],[749237.155600001104176,7724904.985600001178682],[749236.155599999241531,7724904.985600001178682],[749236.155599999241531,7724903.985600002110004],[749235.155600000172853,7724903.985600002110004],[749235.155600000172853,7724902.985600000247359],[749234.155600001104176,7724902.985600000247359],[749234.155600001104176,7724901.985600001178682],[749233.155600000172853,7724901.985600001178682],[749233.155600000172853,7724900.985600000247359],[749232.155600001104176,7724900.985600000247359],[749232.155600001104176,7724899.985600001178682],[749231.155600002035499,7724899.985600001178682],[749231.155600002035499,7724898.985600002110004],[749230.155600000172853,7724898.985600002110004],[749230.155600000172853,7724897.985600000247359],[749229.155600001104176,7724897.985600000247359],[749229.155600001104176,7724896.985600001178682],[749228.155600000172853,7724896.985600001178682],[749228.155600000172853,7724895.985600000247359],[749227.155600001104176,7724895.985600000247359],[749227.155600001104176,7724894.985600001178682],[749226.155600002035499,7724894.985600001178682],[749226.155600002035499,7724893.985600002110004],[749225.155600000172853,7724893.985600002110004],[749225.155600000172853,7724892.985600000247359],[749224.155600001104176,7724892.985600000247359],[749224.155600001104176,7724891.985600001178682],[749223.155600000172853,7724891.985600001178682],[749223.155600000172853,7724890.985600000247359],[749222.155600001104176,7724890.985600000247359],[749222.155600001104176,7724889.985600001178682],[749221.155600002035499,7724889.985600001178682],[749221.155600002035499,7724888.985600001178682],[749220.155600000172853,7724888.985600001178682],[749220.155600000172853,7724887.985600000247359],[749219.155600001104176,7724887.985600000247359],[749219.155600001104176,7724886.985600001178682],[749218.155600000172853,7724886.985600001178682],[749218.155600000172853,7724885.985599999316037],[749217.155600001104176,7724885.985599999316037],[749217.155600001104176,7724884.985600000247359],[749216.155600001104176,7724884.985600000247359],[749216.155600001104176,7724883.985600001178682],[749215.155600000172853,7724883.985600001178682],[749215.155600000172853,7724882.985600000247359],[749214.155600001104176,7724882.985600000247359],[749214.155600001104176,7724881.985600001178682],[749213.155599999241531,7724881.985600001178682],[749213.155599999241531,7724880.985600002110004],[749212.155600000172853,7724880.985600002110004],[749212.155600000172853,7724879.985600000247359],[749211.155600001104176,7724879.985600000247359],[749211.155600001104176,7724878.985600001178682],[749210.155600000172853,7724878.985600001178682],[749210.155600000172853,7724877.985600000247359],[749209.155600001104176,7724877.985600000247359],[749209.155600001104176,7724876.985600001178682],[749208.155600002035499,7724876.985600001178682],[749208.155600002035499,7724875.985600002110004],[749207.155600000172853,7724875.985600002110004],[749207.155600000172853,7724874.985600000247359],[749206.155600001104176,7724874.985600000247359],[749206.155600001104176,7724873.985600001178682],[749205.155600000172853,7724873.985600001178682],[749205.155600000172853,7724872.985600000247359],[749204.155600001104176,7724872.985600000247359],[749204.155600001104176,7724871.985600001178682],[749203.155600002035499,7724871.985600001178682],[749203.155600002035499,7724870.985600002110004],[749202.155600000172853,7724870.985600002110004],[749202.155600000172853,7724869.985600000247359],[749201.155600001104176,7724869.985600000247359],[749201.155600001104176,7724868.985600001178682],[749200.155600000172853,7724868.985600001178682],[749200.155600000172853,7724867.985600000247359],[749199.155600001104176,7724867.985600000247359],[749199.155600001104176,7724866.985600001178682],[749193.155600001104176,7724866.985600001178682],[749193.155600001104176,7724865.985600001178682],[749180.155600002035499,7724865.985600001178682],[749175.155600002035499,7724865.985600001178682],[749175.155600002035499,7724864.985600000247359],[749174.155600000172853,7724864.985600000247359],[749174.155600000172853,7724863.985600001178682],[749173.155600001104176,7724863.985600001178682],[749173.155600001104176,7724862.985599999316037],[749172.155600000172853,7724862.985599999316037],[749172.155600000172853,7724861.985600000247359],[749171.155600000172853,7724861.985600000247359],[749171.155600000172853,7724860.985600001178682],[749170.155600001104176,7724860.985600001178682],[749170.155600001104176,7724859.985600000247359],[749169.155600000172853,7724859.985600000247359],[749169.155600000172853,7724858.985600001178682],[749168.155600001104176,7724858.985600001178682],[749168.155600001104176,7724857.985600002110004],[749167.155599999241531,7724857.985600002110004],[749167.155599999241531,7724856.985600000247359],[749166.155600000172853,7724856.985600000247359],[749166.155600000172853,7724855.985600001178682],[749165.155600001104176,7724855.985600001178682],[749165.155600001104176,7724854.985600000247359],[749163.155600001104176,7724854.985600000247359],[749163.155600001104176,7724853.985600001178682],[749162.155600002035499,7724853.985600001178682],[749162.155600002035499,7724852.985600002110004],[749161.155600000172853,7724852.985600002110004],[749161.155600000172853,7724851.985600000247359],[749160.155600001104176,7724851.985600000247359],[749160.155600001104176,7724850.985600001178682],[749159.155600000172853,7724850.985600001178682],[749159.155600000172853,7724849.985600000247359],[749158.155600001104176,7724849.985600000247359],[749158.155600001104176,7724848.985600001178682],[749157.155600002035499,7724848.985600001178682],[749157.155600002035499,7724847.985600002110004],[749156.155600000172853,7724847.985600002110004],[749156.155600000172853,7724846.985600000247359],[749155.155600001104176,7724846.985600000247359],[749155.155600001104176,7724845.985600001178682],[749154.155600000172853,7724845.985600001178682],[749154.155600000172853,7724844.985600000247359],[749153.155600001104176,7724844.985600000247359],[749153.155600001104176,7724843.985600000247359],[749152.155600002035499,7724843.985600000247359],[749152.155600002035499,7724842.985600001178682],[749150.155600001104176,7724842.985600001178682],[749150.155600001104176,7724841.985600000247359],[749146.155600000172853,7724841.985600000247359],[749146.155600000172853,7724840.985600001178682],[749143.155600000172853,7724840.985600001178682],[749143.155600000172853,7724839.985599999316037],[749140.155600001104176,7724839.985599999316037],[749140.155600001104176,7724838.985600000247359],[749136.155600000172853,7724838.985600000247359],[749136.155600000172853,7724837.985600001178682],[749132.155600001104176,7724837.985600001178682],[749132.155600001104176,7724836.985600000247359],[749129.155600001104176,7724836.985600000247359],[749129.155600001104176,7724835.985600001178682],[749127.155600001104176,7724835.985600001178682],[749127.155600001104176,7724834.985600002110004],[749124.155600001104176,7724834.985600002110004],[749124.155600001104176,7724833.985600000247359],[749121.155599999241531,7724833.985600000247359],[749121.155599999241531,7724832.985600001178682],[749118.155600000172853,7724832.985600001178682],[749118.155600000172853,7724831.985600000247359],[749117.155600001104176,7724831.985600000247359],[749117.155600001104176,7724830.985600001178682],[749115.155600000172853,7724830.985600001178682],[749115.155600000172853,7724829.985600002110004],[749111.155600002035499,7724829.985600002110004],[749111.155600002035499,7724825.985600001178682],[749109.155600001104176,7724825.985600001178682],[749109.155600001104176,7724826.985600000247359],[749099.155600001104176,7724826.985600000247359],[749099.155600001104176,7724825.985600001178682],[749096.155600001104176,7724825.985600001178682],[749096.155600001104176,7724824.985600002110004],[749090.155600000172853,7724824.985600002110004],[749090.155600000172853,7724823.985600000247359],[749083.155600001104176,7724823.985600000247359],[749083.155600001104176,7724822.985600001178682],[749082.155600000172853,7724822.985600001178682],[749082.155600000172853,7724821.985600000247359],[749081.155600001104176,7724821.985600000247359],[749081.155600001104176,7724820.985600000247359],[749080.155599999241531,7724820.985600000247359],[749080.155599999241531,7724816.985599999316037],[749079.155600000172853,7724816.985599999316037],[749079.155600000172853,7724815.985600000247359],[749078.155600001104176,7724815.985600000247359],[749078.155600001104176,7724814.985600001178682],[749077.155600000172853,7724814.985600001178682],[749077.155600000172853,7724813.985600000247359],[749076.155600001104176,7724813.985600000247359],[749076.155600001104176,7724812.985600001178682],[749075.155600002035499,7724812.985600001178682],[749075.155600002035499,7724811.985600002110004],[749074.155600000172853,7724811.985600002110004],[749074.155600000172853,7724810.985600000247359],[749073.155600001104176,7724810.985600000247359],[749073.155600001104176,7724809.985600001178682],[749072.155600000172853,7724809.985600001178682],[749072.155600000172853,7724808.985600000247359],[749071.155600001104176,7724808.985600000247359],[749071.155600001104176,7724807.985600001178682],[749070.155600002035499,7724807.985600001178682],[749070.155600002035499,7724806.985600002110004],[749069.155600000172853,7724806.985600002110004],[749069.155600000172853,7724805.985600000247359],[749068.155600001104176,7724805.985600000247359],[749068.155600001104176,7724804.985600001178682],[749067.155600000172853,7724804.985600001178682],[749067.155600000172853,7724803.985600000247359],[749066.155600001104176,7724803.985600000247359],[749066.155600001104176,7724802.985600001178682],[749065.155600002035499,7724802.985600001178682],[749065.155600002035499,7724801.985600001178682],[749064.155600000172853,7724801.985600001178682],[749064.155600000172853,7724800.985600000247359],[749063.155600001104176,7724800.985600000247359],[749063.155600001104176,7724799.985600001178682],[749062.155600000172853,7724799.985600001178682],[749062.155600000172853,7724798.985600000247359],[749061.155600001104176,7724798.985600000247359],[749061.155600001104176,7724797.985600000247359],[749060.155600001104176,7724797.985600000247359],[749060.155600001104176,7724796.985600001178682],[749059.155600000172853,7724796.985600001178682],[749059.155600000172853,7724795.985600000247359],[749058.155600001104176,7724795.985600000247359],[749058.155600001104176,7724794.985600001178682],[749057.155599999241531,7724794.985600001178682],[749057.155599999241531,7724793.985599999316037],[749056.155600000172853,7724793.985599999316037],[749056.155600000172853,7724792.985600000247359],[749055.155600001104176,7724792.985600000247359],[749055.155600001104176,7724791.985600001178682],[749054.155600000172853,7724791.985600001178682],[749054.155600000172853,7724790.985600000247359],[749053.155600001104176,7724790.985600000247359],[749053.155600001104176,7724789.985600001178682],[749052.155600002035499,7724789.985600001178682],[749052.155600002035499,7724788.985600002110004],[749051.155600000172853,7724788.985600002110004],[749051.155600000172853,7724787.985600000247359],[749050.155600001104176,7724787.985600000247359],[749050.155600001104176,7724786.985600001178682],[749049.155600000172853,7724786.985600001178682],[749049.155600000172853,7724785.985600000247359],[749048.155600001104176,7724785.985600000247359],[749048.155600001104176,7724784.985600001178682],[749047.155600002035499,7724784.985600001178682],[749047.155600002035499,7724783.985600002110004],[749046.155600000172853,7724783.985600002110004],[749046.155600000172853,7724782.985600000247359],[749045.155600001104176,7724782.985600000247359],[749045.155600001104176,7724781.985600001178682],[749044.155600000172853,7724781.985600001178682],[749044.155600000172853,7724780.985600000247359],[749043.155600001104176,7724780.985600000247359],[749043.155600001104176,7724779.985600001178682],[749042.155600002035499,7724779.985600001178682],[749042.155600002035499,7724778.985600001178682],[749041.155600000172853,7724778.985600001178682],[749041.155600000172853,7724777.985600000247359],[749040.155600001104176,7724777.985600000247359],[749040.155600001104176,7724776.985600001178682],[749039.155600000172853,7724776.985600001178682],[749039.155600000172853,7724775.985600000247359],[749038.155600001104176,7724775.985600000247359],[749038.155600001104176,7724774.985600000247359],[749037.155600001104176,7724774.985600000247359],[749037.155600001104176,7724773.985600001178682],[749036.155600000172853,7724773.985600001178682],[749036.155600000172853,7724772.985600000247359],[749035.155600001104176,7724772.985600000247359],[749035.155600001104176,7724771.985600001178682],[749034.155599999241531,7724771.985600001178682],[749034.155599999241531,7724770.985599999316037],[749033.155600000172853,7724770.985599999316037],[749033.155600000172853,7724769.985600000247359],[749032.155600001104176,7724769.985600000247359],[749032.155600001104176,7724768.985600001178682],[749031.155600000172853,7724768.985600001178682],[749031.155600000172853,7724767.985600000247359],[749030.155600001104176,7724767.985600000247359],[749030.155600001104176,7724766.985600001178682],[748990.155600000172853,7724766.985600001178682],[748990.155600000172853,7724767.985600000247359],[748985.155600000172853,7724767.985600000247359],[748985.155600000172853,7724768.985600001178682],[748980.155600000172853,7724768.985600001178682],[748980.155600000172853,7724769.985600000247359],[748974.155600001104176,7724769.985600000247359],[748974.155600001104176,7724770.985599999316037],[748969.155600000172853,7724770.985599999316037],[748969.155600000172853,7724771.985600001178682],[748964.155600000172853,7724771.985600001178682],[748964.155600000172853,7724772.985600000247359],[748959.155600000172853,7724772.985600000247359],[748959.155600000172853,7724773.985600001178682],[748954.155600000172853,7724773.985600001178682],[748954.155600000172853,7724774.985600000247359],[748949.155600000172853,7724774.985600000247359],[748949.155600000172853,7724775.985600000247359],[748944.155600000172853,7724775.985600000247359],[748944.155600000172853,7724776.985600001178682],[748939.155600000172853,7724776.985600001178682],[748939.155600000172853,7724777.985600000247359],[748933.155600001104176,7724777.985600000247359],[748933.155600001104176,7724778.985600001178682],[748928.155600001104176,7724778.985600001178682],[748928.155600001104176,7724779.985600001178682],[748923.155600000172853,7724779.985600001178682],[748923.155600000172853,7724780.985600000247359],[748918.155600000172853,7724780.985600000247359],[748918.155600000172853,7724781.985600001178682],[748913.155600000172853,7724781.985600001178682],[748913.155600000172853,7724782.985600000247359],[748908.155600000172853,7724782.985600000247359],[748908.155600000172853,7724783.985600002110004],[748903.155600000172853,7724783.985600002110004],[748903.155600000172853,7724784.985600001178682],[748898.155600000172853,7724784.985600001178682],[748898.155600000172853,7724785.985600000247359],[748894.155600001104176,7724785.985600000247359],[748894.155600001104176,7724789.985600001178682],[748893.155600000172853,7724789.985600001178682],[748893.155600000172853,7724795.985600000247359],[748892.155600001104176,7724795.985600000247359],[748892.155600001104176,7724801.985600001178682],[748891.155600002035499,7724801.985600001178682],[748891.155600002035499,7724806.985600002110004],[748890.155600000172853,7724806.985600002110004],[748890.155600000172853,7724812.985600001178682],[748889.155600001104176,7724812.985600001178682],[748889.155600001104176,7724814.985600001178682],[748870.155600000172853,7724814.985600001178682],[748870.155600000172853,7724813.985600000247359],[748865.155600000172853,7724813.985600000247359],[748865.155600000172853,7724812.985600001178682],[748862.155600000172853,7724812.985600001178682],[748862.155600000172853,7724811.985600002110004],[748858.155600001104176,7724811.985600002110004],[748858.155600001104176,7724810.985600000247359],[748855.155599999241531,7724810.985600000247359],[748855.155599999241531,7724809.985600001178682],[748852.155600000172853,7724809.985600001178682],[748852.155600000172853,7724808.985600000247359],[748849.155600000172853,7724808.985600000247359],[748849.155600000172853,7724807.985600001178682],[748846.155600001104176,7724807.985600001178682],[748846.155600001104176,7724806.985600002110004],[748843.155600001104176,7724806.985600002110004],[748843.155600001104176,7724805.985600000247359],[748840.155600002035499,7724805.985600000247359],[748840.155600002035499,7724804.985600001178682],[748836.155600000172853,7724804.985600001178682],[748836.155600000172853,7724803.985600000247359],[748833.155600001104176,7724803.985600000247359],[748833.155600001104176,7724802.985600001178682],[748830.155600001104176,7724802.985600001178682],[748830.155600001104176,7724801.985600001178682],[748827.155600002035499,7724801.985600001178682],[748827.155600002035499,7724800.985600000247359],[748821.155600000172853,7724800.985600000247359],[748821.155600000172853,7724799.985600001178682],[748819.155600000172853,7724799.985600001178682],[748819.155600000172853,7724798.985600000247359],[748817.155600002035499,7724798.985600000247359],[748817.155600002035499,7724797.985600000247359],[748814.155600000172853,7724797.985600000247359],[748814.155600000172853,7724791.985600001178682],[748813.155600000172853,7724791.985600001178682],[748813.155600000172853,7724786.985600001178682],[748812.155600001104176,7724786.985600001178682],[748812.155600001104176,7724782.985600000247359],[748811.155600000172853,7724782.985600000247359],[748811.155600000172853,7724779.985600001178682],[748810.155600001104176,7724779.985600001178682],[748810.155600001104176,7724775.985600000247359],[748809.155599999241531,7724775.985600000247359],[748809.155599999241531,7724774.985600000247359],[748808.155600000172853,7724774.985600000247359],[748808.155600000172853,7724773.985600001178682],[748807.155600001104176,7724773.985600001178682],[748807.155600001104176,7724772.985600000247359],[748806.155600000172853,7724772.985600000247359],[748806.155600000172853,7724771.985600001178682],[748805.155600001104176,7724771.985600001178682],[748805.155600001104176,7724770.985599999316037],[748804.155600002035499,7724770.985599999316037],[748804.155600002035499,7724769.985600000247359],[748803.155600000172853,7724769.985600000247359],[748803.155600000172853,7724768.985600001178682],[748802.155600001104176,7724768.985600001178682],[748802.155600001104176,7724767.985600000247359],[748801.155600000172853,7724767.985600000247359],[748801.155600000172853,7724766.985600001178682],[748800.155600001104176,7724766.985600001178682],[748800.155600001104176,7724765.985600002110004],[748799.155600002035499,7724765.985600002110004],[748799.155600002035499,7724763.985600001178682],[748798.155600000172853,7724763.985600001178682],[748798.155600000172853,7724762.985600000247359],[748797.155600001104176,7724762.985600000247359],[748797.155600001104176,7724761.985600001178682],[748796.155600000172853,7724761.985600001178682],[748796.155600000172853,7724760.985600002110004],[748795.155600001104176,7724760.985600002110004],[748795.155600001104176,7724759.985600000247359],[748794.155600001104176,7724759.985600000247359],[748794.155600001104176,7724758.985600001178682],[748793.155600000172853,7724758.985600001178682],[748793.155600000172853,7724757.985600000247359],[748792.155600001104176,7724757.985600000247359],[748792.155600001104176,7724756.985600001178682],[748791.155600000172853,7724756.985600001178682],[748791.155600000172853,7724755.985600001178682],[748790.155600000172853,7724755.985600001178682],[748790.155600000172853,7724754.985600000247359],[748789.155600001104176,7724754.985600000247359],[748789.155600001104176,7724753.985600001178682],[748788.155600000172853,7724753.985600001178682],[748788.155600000172853,7724751.985600000247359],[748787.155600001104176,7724751.985600000247359],[748787.155600001104176,7724750.985600001178682],[748786.155599999241531,7724750.985600001178682],[748786.155599999241531,7724749.985600000247359],[748785.155600000172853,7724749.985600000247359],[748785.155600000172853,7724748.985600001178682],[748784.155600001104176,7724748.985600001178682],[748784.155600001104176,7724747.985600002110004],[748783.155600000172853,7724747.985600002110004],[748783.155600000172853,7724746.985600000247359],[748782.155600001104176,7724746.985600000247359],[748782.155600001104176,7724745.985600001178682],[748781.155600002035499,7724745.985600001178682],[748781.155600002035499,7724744.985600000247359],[748780.155600000172853,7724744.985600000247359],[748780.155600000172853,7724743.985600001178682],[748779.155600001104176,7724743.985600001178682],[748779.155600001104176,7724742.985600002110004],[748778.155600000172853,7724742.985600002110004],[748778.155600000172853,7724740.985600001178682],[748777.155600001104176,7724740.985600001178682],[748777.155600001104176,7724739.985600000247359],[748776.155600002035499,7724739.985600000247359],[748776.155600002035499,7724738.985600001178682],[748775.155600000172853,7724738.985600001178682],[748775.155600000172853,7724737.985600002110004],[748774.155600001104176,7724737.985600002110004],[748774.155600001104176,7724734.985600000247359],[748775.155600000172853,7724734.985600000247359],[748775.155600000172853,7724725.985600001178682],[748776.155600002035499,7724725.985600001178682],[748776.155600002035499,7724715.985600001178682],[748777.155600001104176,7724715.985600001178682],[748777.155600001104176,7724710.985600001178682],[748776.155600002035499,7724710.985600001178682],[748776.155600002035499,7724709.985600001178682],[748775.155600000172853,7724709.985600001178682],[748775.155600000172853,7724708.985600000247359],[748774.155600001104176,7724708.985600000247359],[748774.155600001104176,7724707.985600001178682],[748773.155600000172853,7724707.985600001178682],[748773.155600000172853,7724706.985599999316037],[748772.155600001104176,7724706.985599999316037],[748772.155600001104176,7724705.985600000247359],[748771.155600001104176,7724705.985600000247359],[748771.155600001104176,7724704.985600001178682],[748770.155600000172853,7724704.985600001178682],[748770.155600000172853,7724703.985600000247359],[748769.155600001104176,7724703.985600000247359],[748769.155600001104176,7724702.985600001178682],[748768.155600000172853,7724702.985600001178682],[748768.155600000172853,7724701.985600002110004],[748767.155600000172853,7724701.985600002110004],[748767.155600000172853,7724700.985600000247359],[748766.155600001104176,7724700.985600000247359],[748766.155600001104176,7724699.985600001178682],[748765.155600000172853,7724699.985600001178682],[748765.155600000172853,7724698.985600000247359],[748764.155600001104176,7724698.985600000247359],[748764.155600001104176,7724697.985600001178682],[748763.155599999241531,7724697.985600001178682],[748763.155599999241531,7724696.985600002110004],[748762.155600000172853,7724696.985600002110004],[748762.155600000172853,7724695.985600000247359],[748761.155600001104176,7724695.985600000247359],[748761.155600001104176,7724694.985600001178682],[748760.155600000172853,7724694.985600001178682],[748760.155600000172853,7724693.985600000247359],[748759.155600001104176,7724693.985600000247359],[748759.155600001104176,7724692.985600001178682],[748758.155600002035499,7724692.985600001178682],[748758.155600002035499,7724691.985600002110004],[748757.155600000172853,7724691.985600002110004],[748757.155600000172853,7724690.985600000247359],[748756.155600001104176,7724690.985600000247359],[748756.155600001104176,7724689.985600001178682],[748755.155600000172853,7724689.985600001178682],[748755.155600000172853,7724688.985600000247359],[748754.155600001104176,7724688.985600000247359],[748754.155600001104176,7724687.985600000247359],[748753.155600002035499,7724687.985600000247359],[748753.155600002035499,7724686.985600001178682],[748752.155600000172853,7724686.985600001178682],[748752.155600000172853,7724685.985600000247359],[748751.155600001104176,7724685.985600000247359],[748751.155600001104176,7724684.985600001178682],[748750.155600000172853,7724684.985600001178682],[748750.155600000172853,7724683.985599999316037],[748749.155600001104176,7724683.985599999316037],[748749.155600001104176,7724682.985600000247359],[748748.155600001104176,7724682.985600000247359],[748748.155600001104176,7724681.985600001178682],[748747.155600000172853,7724681.985600001178682],[748747.155600000172853,7724680.985600000247359],[748746.155600001104176,7724680.985600000247359],[748746.155600001104176,7724679.985600001178682],[748745.155600000172853,7724679.985600001178682],[748745.155600000172853,7724678.985600002110004],[748744.155600000172853,7724678.985600002110004],[748744.155600000172853,7724677.985600000247359],[748743.155600001104176,7724677.985600000247359],[748743.155600001104176,7724676.985600001178682],[748742.155600000172853,7724676.985600001178682],[748742.155600000172853,7724675.985600000247359],[748741.155600001104176,7724675.985600000247359],[748741.155600001104176,7724674.985600001178682],[748740.155600002035499,7724674.985600001178682],[748740.155600002035499,7724673.985600002110004],[748739.155600000172853,7724673.985600002110004],[748739.155600000172853,7724672.985600000247359],[748738.155600001104176,7724672.985600000247359],[748738.155600001104176,7724671.985600001178682],[748737.155600000172853,7724671.985600001178682],[748737.155600000172853,7724670.985600000247359],[748736.155600001104176,7724670.985600000247359],[748736.155600001104176,7724669.985600001178682],[748709.155600000172853,7724669.985600001178682],[748709.155600000172853,7724668.985600002110004],[748702.155600001104176,7724668.985600002110004],[748702.155600001104176,7724667.985600000247359],[748698.155600000172853,7724667.985600000247359],[748698.155600000172853,7724666.985600001178682],[748694.155600002035499,7724666.985600001178682],[748694.155600002035499,7724665.985600000247359],[748690.155600001104176,7724665.985600000247359],[748690.155600001104176,7724664.985600000247359],[748686.155600000172853,7724664.985600000247359],[748686.155600000172853,7724663.985600001178682],[748682.155600001104176,7724663.985600001178682],[748682.155600001104176,7724662.985600000247359],[748678.155600000172853,7724662.985600000247359],[748678.155600000172853,7724661.985600001178682],[748674.155600001104176,7724661.985600001178682],[748674.155600001104176,7724660.985599999316037],[748670.155600000172853,7724660.985599999316037],[748670.155600000172853,7724659.985600000247359],[748668.155600000172853,7724659.985600000247359],[748668.155600000172853,7724658.985600001178682],[748667.155600001104176,7724658.985600001178682],[748667.155600001104176,7724657.985600000247359],[748666.155600002035499,7724657.985600000247359],[748666.155600002035499,7724656.985600001178682],[748665.155600000172853,7724656.985600001178682],[748665.155600000172853,7724655.985600002110004],[748664.155600001104176,7724655.985600002110004],[748664.155600001104176,7724654.985600000247359],[748663.155600000172853,7724654.985600000247359],[748663.155600000172853,7724653.985600001178682],[748662.155600001104176,7724653.985600001178682],[748662.155600001104176,7724654.985600000247359],[748661.155600002035499,7724654.985600000247359],[748661.155600002035499,7724655.985600002110004],[748660.155600000172853,7724655.985600002110004],[748660.155600000172853,7724656.985600001178682],[748659.155600001104176,7724656.985600001178682],[748659.155600001104176,7724657.985600000247359],[748653.155599999241531,7724657.985600000247359],[748653.155599999241531,7724658.985600001178682],[748651.155600001104176,7724658.985600001178682],[748651.155600001104176,7724659.985600000247359],[748649.155600001104176,7724659.985600000247359],[748649.155600001104176,7724660.985599999316037],[748646.155600001104176,7724660.985599999316037],[748646.155600001104176,7724661.985600001178682],[748645.155600000172853,7724661.985600001178682],[748645.155600000172853,7724662.985600000247359],[748643.155600002035499,7724662.985600000247359],[748643.155600002035499,7724663.985600001178682],[748641.155600001104176,7724663.985600001178682],[748641.155600001104176,7724664.985600000247359],[748640.155600000172853,7724664.985600000247359],[748640.155600000172853,7724665.985600000247359],[748638.155600002035499,7724665.985600000247359],[748638.155600002035499,7724666.985600001178682],[748636.155600001104176,7724666.985600001178682],[748636.155600001104176,7724667.985600000247359],[748635.155600000172853,7724667.985600000247359],[748635.155600000172853,7724668.985600002110004],[748634.155600000172853,7724668.985600002110004],[748634.155600000172853,7724669.985600001178682],[748632.155600000172853,7724669.985600001178682],[748632.155600000172853,7724670.985600000247359],[748631.155600001104176,7724670.985600000247359],[748631.155600001104176,7724671.985600001178682],[748630.155599999241531,7724671.985600001178682],[748630.155599999241531,7724672.985600000247359],[748629.155600000172853,7724672.985600000247359],[748629.155600000172853,7724673.985600002110004],[748628.155600001104176,7724673.985600002110004],[748628.155600001104176,7724674.985600001178682],[748626.155600001104176,7724674.985600001178682],[748626.155600001104176,7724675.985600000247359],[748625.155600002035499,7724675.985600000247359],[748625.155600002035499,7724676.985600001178682],[748624.155600000172853,7724676.985600001178682],[748624.155600000172853,7724677.985600000247359],[748623.155600001104176,7724677.985600000247359],[748623.155600001104176,7724678.985600002110004],[748622.155600000172853,7724678.985600002110004],[748622.155600000172853,7724679.985600001178682],[748618.155600001104176,7724679.985600001178682],[748618.155600001104176,7724678.985600002110004],[748614.155600000172853,7724678.985600002110004],[748614.155600000172853,7724677.985600000247359],[748613.155600001104176,7724677.985600000247359],[748613.155600001104176,7724676.985600001178682],[748612.155600000172853,7724676.985600001178682],[748612.155600000172853,7724675.985600000247359],[748611.155600000172853,7724675.985600000247359],[748611.155600000172853,7724674.985600001178682],[748610.155600001104176,7724674.985600001178682],[748610.155600001104176,7724673.985600002110004],[748609.155600000172853,7724673.985600002110004],[748609.155600000172853,7724672.985600000247359],[748608.155600001104176,7724672.985600000247359],[748608.155600001104176,7724671.985600001178682],[748605.155600001104176,7724671.985600001178682],[748605.155600001104176,7724670.985600000247359],[748604.155600000172853,7724670.985600000247359],[748604.155600000172853,7724669.985600001178682],[748603.155600001104176,7724669.985600001178682],[748603.155600001104176,7724668.985600002110004],[748601.155600000172853,7724668.985600002110004],[748601.155600000172853,7724667.985600000247359],[748600.155600001104176,7724667.985600000247359],[748600.155600001104176,7724666.985600001178682],[748599.155600000172853,7724666.985600001178682],[748599.155600000172853,7724665.985600000247359],[748598.155600001104176,7724665.985600000247359],[748598.155600001104176,7724664.985600000247359],[748595.155600001104176,7724664.985600000247359],[748595.155600001104176,7724663.985600001178682],[748594.155600000172853,7724663.985600001178682],[748594.155600000172853,7724662.985600000247359],[748593.155600001104176,7724662.985600000247359],[748593.155600001104176,7724661.985600001178682],[748591.155600000172853,7724661.985600001178682],[748591.155600000172853,7724660.985599999316037],[748590.155600001104176,7724660.985599999316037],[748590.155600001104176,7724659.985600000247359],[748589.155600000172853,7724659.985600000247359],[748589.155600000172853,7724658.985600001178682],[748588.155600000172853,7724658.985600001178682],[748588.155600000172853,7724657.985600000247359],[748586.155600000172853,7724657.985600000247359],[748586.155600000172853,7724656.985600001178682],[748585.155600001104176,7724656.985600001178682],[748585.155600001104176,7724655.985600002110004],[748584.155599999241531,7724655.985600002110004],[748584.155599999241531,7724654.985600000247359],[748582.155600001104176,7724654.985600000247359],[748582.155600001104176,7724653.985600001178682],[748581.155600000172853,7724653.985600001178682],[748581.155600000172853,7724652.985600000247359],[748580.155600001104176,7724652.985600000247359],[748580.155600001104176,7724651.985600001178682],[748579.155600002035499,7724651.985600001178682],[748579.155600002035499,7724650.985600002110004],[748576.155600000172853,7724650.985600002110004],[748576.155600000172853,7724649.985600000247359],[748575.155600001104176,7724649.985600000247359],[748575.155600001104176,7724648.985600001178682],[748574.155600002035499,7724648.985600001178682],[748574.155600002035499,7724647.985600000247359],[748572.155600001104176,7724647.985600000247359],[748572.155600001104176,7724646.985600001178682],[748571.155600000172853,7724646.985600001178682],[748571.155600000172853,7724645.985600002110004],[748570.155600001104176,7724645.985600002110004],[748570.155600001104176,7724644.985600000247359],[748568.155600000172853,7724644.985600000247359],[748568.155600000172853,7724643.985600001178682],[748567.155600001104176,7724643.985600001178682],[748567.155600001104176,7724642.985600000247359],[748566.155599999241531,7724642.985600000247359],[748566.155599999241531,7724641.985600000247359],[748564.155600001104176,7724641.985600000247359],[748564.155600001104176,7724640.985600001178682],[748563.155600000172853,7724640.985600001178682],[748563.155600000172853,7724639.985600000247359],[748561.155600002035499,7724639.985600000247359],[748561.155600002035499,7724638.985600001178682],[748560.155600000172853,7724638.985600001178682],[748560.155600000172853,7724637.985599999316037],[748559.155600001104176,7724637.985599999316037],[748559.155600001104176,7724636.985600000247359],[748557.155600001104176,7724636.985600000247359],[748557.155600001104176,7724635.985600001178682],[748556.155600002035499,7724635.985600001178682],[748556.155600002035499,7724634.985600000247359],[748555.155600000172853,7724634.985600000247359],[748555.155600000172853,7724633.985600001178682],[748553.155600000172853,7724633.985600001178682],[748553.155600000172853,7724632.985600002110004],[748552.155600001104176,7724632.985600002110004],[748552.155600001104176,7724631.985600000247359],[748551.155600002035499,7724631.985600000247359],[748551.155600002035499,7724630.985600001178682],[748549.155600001104176,7724630.985600001178682],[748549.155600001104176,7724629.985600000247359],[748548.155600000172853,7724629.985600000247359],[748548.155600000172853,7724628.985600001178682],[748546.155600001104176,7724628.985600001178682],[748546.155600001104176,7724627.985600002110004],[748545.155600000172853,7724627.985600002110004],[748545.155600000172853,7724626.985600000247359],[748544.155600001104176,7724626.985600000247359],[748544.155600001104176,7724625.985600001178682],[748542.155600000172853,7724625.985600001178682],[748542.155600000172853,7724624.985600000247359],[748540.155600000172853,7724624.985600000247359],[748540.155600000172853,7724623.985600001178682],[748539.155600001104176,7724623.985600001178682],[748539.155600001104176,7724622.985600001178682],[748538.155600002035499,7724622.985600001178682],[748538.155600002035499,7724623.985600001178682],[748431.155600001104176,7724623.985600001178682],[748431.155600001104176,7724622.985600001178682],[748402.155600000172853,7724622.985600001178682],[748402.155600000172853,7724621.985600000247359],[748401.155600001104176,7724621.985600000247359],[748401.155600001104176,7724620.985600001178682],[748400.155600002035499,7724620.985600001178682],[748400.155600002035499,7724619.985600000247359],[748399.155600000172853,7724619.985600000247359],[748399.155600000172853,7724618.985600000247359],[748398.155600001104176,7724618.985600000247359],[748398.155600001104176,7724617.985600001178682],[748397.155600000172853,7724617.985600001178682],[748397.155600000172853,7724616.985600000247359],[748396.155600001104176,7724616.985600000247359],[748396.155600001104176,7724615.985600001178682],[748395.155600002035499,7724615.985600001178682],[748395.155600002035499,7724614.985599999316037],[748394.155600000172853,7724614.985599999316037],[748394.155600000172853,7724613.985600000247359],[748393.155600001104176,7724613.985600000247359],[748393.155600001104176,7724612.985600001178682],[748392.155600000172853,7724612.985600001178682],[748392.155600000172853,7724611.985600000247359],[748391.155600001104176,7724611.985600000247359],[748391.155600001104176,7724610.985600001178682],[748390.155600001104176,7724610.985600001178682],[748390.155600001104176,7724609.985600002110004],[748389.155600000172853,7724609.985600002110004],[748389.155600000172853,7724608.985600000247359],[748388.155600001104176,7724608.985600000247359],[748388.155600001104176,7724607.985600001178682],[748387.155599999241531,7724607.985600001178682],[748387.155599999241531,7724606.985600000247359],[748386.155600000172853,7724606.985600000247359],[748386.155600000172853,7724605.985600001178682],[748385.155600001104176,7724605.985600001178682],[748385.155600001104176,7724604.985600002110004],[748384.155600000172853,7724604.985600002110004],[748384.155600000172853,7724603.985600000247359],[748383.155600001104176,7724603.985600000247359],[748383.155600001104176,7724602.985600001178682],[748382.155600002035499,7724602.985600001178682],[748382.155600002035499,7724601.985600000247359],[748381.155600000172853,7724601.985600000247359],[748381.155600000172853,7724600.985600001178682],[748380.155600001104176,7724600.985600001178682],[748380.155600001104176,7724599.985600001178682],[748379.155600000172853,7724599.985600001178682],[748379.155600000172853,7724598.985600000247359],[748378.155600001104176,7724598.985600000247359],[748378.155600001104176,7724597.985600001178682],[748377.155600002035499,7724597.985600001178682],[748377.155600002035499,7724596.985600000247359],[748376.155600000172853,7724596.985600000247359],[748376.155600000172853,7724595.985600000247359],[748375.155600001104176,7724595.985600000247359],[748375.155600001104176,7724594.985600001178682],[748374.155600000172853,7724594.985600001178682],[748374.155600000172853,7724593.985600000247359],[748373.155600001104176,7724593.985600000247359],[748373.155600001104176,7724592.985600001178682],[748372.155600002035499,7724592.985600001178682],[748372.155600002035499,7724591.985599999316037],[748371.155600000172853,7724591.985599999316037],[748371.155600000172853,7724590.985600000247359],[748370.155600001104176,7724590.985600000247359],[748370.155600001104176,7724589.985600001178682],[748369.155600000172853,7724589.985600001178682],[748369.155600000172853,7724588.985600000247359],[748368.155600001104176,7724588.985600000247359],[748368.155600001104176,7724587.985600001178682],[748367.155600001104176,7724587.985600001178682],[748367.155600001104176,7724586.985600002110004],[748366.155600000172853,7724586.985600002110004],[748366.155600000172853,7724585.985600000247359],[748365.155600001104176,7724585.985600000247359],[748365.155600001104176,7724584.985600001178682],[748364.155599999241531,7724584.985600001178682],[748364.155599999241531,7724583.985600000247359],[748363.155600000172853,7724583.985600000247359],[748363.155600000172853,7724582.985600001178682],[748362.155600001104176,7724582.985600001178682],[748362.155600001104176,7724581.985600002110004],[748361.155600000172853,7724581.985600002110004],[748361.155600000172853,7724580.985600000247359],[748360.155600001104176,7724580.985600000247359],[748360.155600001104176,7724579.985600001178682],[748359.155600002035499,7724579.985600001178682],[748359.155600002035499,7724578.985600000247359],[748358.155600000172853,7724578.985600000247359],[748358.155600000172853,7724577.985600001178682],[748357.155600001104176,7724577.985600001178682],[748357.155600001104176,7724576.985600001178682],[748354.155600002035499,7724576.985600001178682],[748354.155600002035499,7724575.985600000247359],[748353.155600000172853,7724575.985600000247359],[748353.155600000172853,7724574.985600001178682],[748352.155600001104176,7724574.985600001178682],[748352.155600001104176,7724573.985599999316037],[748351.155600000172853,7724573.985599999316037],[748351.155600000172853,7724572.985600000247359],[748350.155600001104176,7724572.985600000247359],[748350.155600001104176,7724571.985600001178682],[748349.155600002035499,7724571.985600001178682],[748349.155600002035499,7724570.985600000247359],[748348.155600000172853,7724570.985600000247359],[748348.155600000172853,7724569.985600001178682],[748347.155600001104176,7724569.985600001178682],[748347.155600001104176,7724568.985600002110004],[748346.155600000172853,7724568.985600002110004],[748346.155600000172853,7724567.985600000247359],[748345.155600001104176,7724567.985600000247359],[748345.155600001104176,7724566.985600001178682],[748344.155600001104176,7724566.985600001178682],[748344.155600001104176,7724565.985600000247359],[748343.155600000172853,7724565.985600000247359],[748343.155600000172853,7724564.985600001178682],[748342.155600001104176,7724564.985600001178682],[748342.155600001104176,7724563.985600002110004],[748341.155599999241531,7724563.985600002110004],[748341.155599999241531,7724562.985600000247359],[748340.155600000172853,7724562.985600000247359],[748340.155600000172853,7724561.985600001178682],[748339.155600001104176,7724561.985600001178682],[748339.155600001104176,7724560.985600000247359],[748338.155600000172853,7724560.985600000247359],[748338.155600000172853,7724559.985600001178682],[748337.155600001104176,7724559.985600001178682],[748337.155600001104176,7724558.985600002110004],[748336.155600002035499,7724558.985600002110004],[748336.155600002035499,7724557.985600000247359],[748335.155600000172853,7724557.985600000247359],[748335.155600000172853,7724556.985600001178682],[748334.155600001104176,7724556.985600001178682],[748334.155600001104176,7724555.985600000247359],[748333.155600000172853,7724555.985600000247359],[748333.155600000172853,7724554.985600001178682],[748332.155600001104176,7724554.985600001178682],[748332.155600001104176,7724553.985600001178682],[748331.155600002035499,7724553.985600001178682],[748331.155600002035499,7724552.985600000247359],[748330.155600000172853,7724552.985600000247359],[748330.155600000172853,7724551.985600001178682],[748329.155600001104176,7724551.985600001178682],[748329.155600001104176,7724550.985599999316037],[748328.155600000172853,7724550.985599999316037],[748328.155600000172853,7724549.985600000247359],[748327.155600001104176,7724549.985600000247359],[748327.155600001104176,7724548.985600001178682],[748326.155600002035499,7724548.985600001178682],[748326.155600002035499,7724547.985600000247359],[748325.155600000172853,7724547.985600000247359],[748325.155600000172853,7724546.985600001178682],[748324.155600001104176,7724546.985600001178682],[748324.155600001104176,7724545.985600002110004],[748323.155600000172853,7724545.985600002110004],[748323.155600000172853,7724544.985600000247359],[748322.155600000172853,7724544.985600000247359],[748322.155600000172853,7724543.985600001178682],[748321.155600001104176,7724543.985600001178682],[748321.155600001104176,7724542.985600000247359],[748320.155600000172853,7724542.985600000247359],[748320.155600000172853,7724541.985600001178682],[748319.155600001104176,7724541.985600001178682],[748319.155600001104176,7724540.985600002110004],[748318.155599999241531,7724540.985600002110004],[748318.155599999241531,7724539.985600000247359],[748317.155600000172853,7724539.985600000247359],[748317.155600000172853,7724538.985600001178682],[748316.155600001104176,7724538.985600001178682],[748316.155600001104176,7724537.985600000247359],[748315.155600000172853,7724537.985600000247359],[748315.155600000172853,7724536.985600001178682],[748314.155600001104176,7724536.985600001178682],[748314.155600001104176,7724535.985600002110004],[748313.155600002035499,7724535.985600002110004],[748313.155600002035499,7724534.985600000247359],[748311.155600001104176,7724534.985600000247359],[748311.155600001104176,7724533.985600001178682],[748310.155600000172853,7724533.985600001178682],[748310.155600000172853,7724532.985600000247359],[748309.155600001104176,7724532.985600000247359],[748309.155600001104176,7724531.985600001178682],[748308.155600002035499,7724531.985600001178682],[748308.155600002035499,7724530.985600001178682],[748307.155600000172853,7724530.985600001178682],[748307.155600000172853,7724529.985600000247359],[748306.155600001104176,7724529.985600000247359],[748306.155600001104176,7724528.985600001178682],[748305.155600000172853,7724528.985600001178682],[748305.155600000172853,7724527.985599999316037],[748304.155600001104176,7724527.985599999316037],[748304.155600001104176,7724526.985600000247359],[748303.155600002035499,7724526.985600000247359],[748303.155600002035499,7724525.985600001178682],[748302.155600000172853,7724525.985600001178682],[748302.155600000172853,7724524.985600000247359],[748301.155600001104176,7724524.985600000247359],[748301.155600001104176,7724523.985600001178682],[748300.155600000172853,7724523.985600001178682],[748300.155600000172853,7724522.985600002110004],[748299.155600000172853,7724522.985600002110004],[748299.155600000172853,7724521.985600000247359],[748298.155600001104176,7724521.985600000247359],[748298.155600001104176,7724520.985600001178682],[748297.155600000172853,7724520.985600001178682],[748297.155600000172853,7724519.985600000247359],[748296.155600001104176,7724519.985600000247359],[748296.155600001104176,7724518.985600001178682],[748295.155599999241531,7724518.985600001178682],[748295.155599999241531,7724517.985600002110004],[748294.155600000172853,7724517.985600002110004],[748294.155600000172853,7724516.985600000247359],[748293.155600001104176,7724516.985600000247359],[748293.155600001104176,7724515.985600001178682],[748292.155600000172853,7724515.985600001178682],[748292.155600000172853,7724514.985600000247359],[748291.155600001104176,7724514.985600000247359],[748291.155600001104176,7724513.985600001178682],[748290.155600002035499,7724513.985600001178682],[748290.155600002035499,7724512.985600002110004],[748289.155600000172853,7724512.985600002110004],[748289.155600000172853,7724511.985600000247359],[748288.155600001104176,7724511.985600000247359],[748288.155600001104176,7724510.985600001178682],[748287.155600000172853,7724510.985600001178682],[748287.155600000172853,7724509.985600000247359],[748286.155600001104176,7724509.985600000247359],[748286.155600001104176,7724508.985600000247359],[748285.155600002035499,7724508.985600000247359],[748285.155600002035499,7724507.985600001178682],[748284.155600000172853,7724507.985600001178682],[748284.155600000172853,7724506.985600000247359],[748283.155600001104176,7724506.985600000247359],[748283.155600001104176,7724505.985600001178682],[748282.155600000172853,7724505.985600001178682],[748282.155600000172853,7724504.985599999316037],[748281.155600001104176,7724504.985599999316037],[748281.155600001104176,7724503.985600000247359],[748280.155600002035499,7724503.985600000247359],[748280.155600002035499,7724502.985600001178682],[748279.155600000172853,7724502.985600001178682],[748279.155600000172853,7724501.985600000247359],[748278.155600001104176,7724501.985600000247359],[748278.155600001104176,7724500.985600001178682],[748277.155600000172853,7724500.985600001178682],[748277.155600000172853,7724499.985600002110004],[748276.155600000172853,7724499.985600002110004],[748276.155600000172853,7724498.985600000247359],[748275.155600001104176,7724498.985600000247359],[748275.155600001104176,7724497.985600001178682],[748274.155600000172853,7724497.985600001178682],[748274.155600000172853,7724496.985600000247359],[748273.155600001104176,7724496.985600000247359],[748273.155600001104176,7724495.985600001178682],[748272.155599999241531,7724495.985600001178682],[748272.155599999241531,7724494.985600002110004],[748271.155600000172853,7724494.985600002110004],[748271.155600000172853,7724493.985600000247359],[748270.155600001104176,7724493.985600000247359],[748270.155600001104176,7724492.985600001178682],[748269.155600000172853,7724492.985600001178682],[748269.155600000172853,7724491.985600000247359],[748268.155600001104176,7724491.985600000247359],[748268.155600001104176,7724490.985600001178682],[748267.155600002035499,7724490.985600001178682],[748267.155600002035499,7724489.985600002110004],[748266.155600000172853,7724489.985600002110004],[748266.155600000172853,7724488.985600000247359],[748265.155600001104176,7724488.985600000247359],[748265.155600001104176,7724487.985600001178682],[748264.155600000172853,7724487.985600001178682],[748264.155600000172853,7724486.985600000247359],[748263.155600001104176,7724486.985600000247359],[748263.155600001104176,7724485.985600000247359],[748262.155600002035499,7724485.985600000247359],[748262.155600002035499,7724484.985600001178682],[748261.155600000172853,7724484.985600001178682],[748261.155600000172853,7724483.985600000247359],[748260.155600001104176,7724483.985600000247359],[748260.155600001104176,7724482.985600001178682],[748259.155600000172853,7724482.985600001178682],[748259.155600000172853,7724481.985599999316037],[748258.155600001104176,7724481.985599999316037],[748258.155600001104176,7724480.985600000247359],[748257.155600001104176,7724480.985600000247359],[748257.155600001104176,7724479.985600001178682],[748256.155600000172853,7724479.985600001178682],[748256.155600000172853,7724478.985600000247359],[748255.155600001104176,7724478.985600000247359],[748255.155600001104176,7724477.985600001178682],[748254.155600000172853,7724477.985600001178682],[748254.155600000172853,7724476.985600002110004],[748253.155600000172853,7724476.985600002110004],[748253.155600000172853,7724475.985600000247359],[748252.155600001104176,7724475.985600000247359],[748252.155600001104176,7724474.985600001178682],[748251.155600000172853,7724474.985600001178682],[748251.155600000172853,7724473.985600000247359],[748250.155600001104176,7724473.985600000247359],[748250.155600001104176,7724472.985600001178682],[748249.155599999241531,7724472.985600001178682],[748249.155599999241531,7724471.985600002110004],[748248.155600000172853,7724471.985600002110004],[748248.155600000172853,7724470.985600000247359],[748247.155600001104176,7724470.985600000247359],[748247.155600001104176,7724469.985600001178682],[748246.155600000172853,7724469.985600001178682],[748246.155600000172853,7724468.985600000247359],[748245.155600001104176,7724468.985600000247359],[748245.155600001104176,7724467.985600001178682],[748244.155600002035499,7724467.985600001178682],[748244.155600002035499,7724466.985600002110004],[748243.155600000172853,7724466.985600002110004],[748243.155600000172853,7724465.985600000247359],[748242.155600001104176,7724465.985600000247359],[748242.155600001104176,7724464.985600001178682],[748241.155600000172853,7724464.985600001178682],[748241.155600000172853,7724463.985600000247359],[748240.155600001104176,7724463.985600000247359],[748240.155600001104176,7724462.985600000247359],[748239.155600002035499,7724462.985600000247359],[748239.155600002035499,7724461.985600001178682],[748238.155600000172853,7724461.985600001178682],[748238.155600000172853,7724460.985600000247359],[748237.155600001104176,7724460.985600000247359],[748237.155600001104176,7724459.985600001178682],[748236.155600000172853,7724459.985600001178682],[748236.155600000172853,7724458.985599999316037],[748235.155600001104176,7724458.985599999316037],[748235.155600001104176,7724457.985600000247359],[748234.155600001104176,7724457.985600000247359],[748234.155600001104176,7724456.985600001178682],[748233.155600000172853,7724456.985600001178682],[748233.155600000172853,7724455.985600000247359],[748232.155600001104176,7724455.985600000247359],[748232.155600001104176,7724454.985600001178682],[748231.155600000172853,7724454.985600001178682],[748231.155600000172853,7724453.985600002110004],[748230.155600000172853,7724453.985600002110004],[748230.155600000172853,7724452.985600000247359],[748229.155600001104176,7724452.985600000247359],[748229.155600001104176,7724451.985600001178682],[748228.155600000172853,7724451.985600001178682],[748228.155600000172853,7724450.985600000247359],[748227.155600001104176,7724450.985600000247359],[748227.155600001104176,7724449.985600001178682],[748226.155600002035499,7724449.985600001178682],[748226.155600002035499,7724448.985600002110004],[748225.155600000172853,7724448.985600002110004],[748225.155600000172853,7724447.985600000247359],[748224.155600001104176,7724447.985600000247359],[748224.155600001104176,7724445.985600000247359],[748223.155600000172853,7724445.985600000247359],[748223.155600000172853,7724444.985600001178682],[748222.155600001104176,7724444.985600001178682],[748222.155600001104176,7724443.985600001178682],[748221.155600002035499,7724443.985600001178682],[748221.155600002035499,7724442.985600000247359],[748220.155600000172853,7724442.985600000247359],[748220.155600000172853,7724441.985600001178682],[748219.155600001104176,7724441.985600001178682],[748219.155600001104176,7724439.985600000247359],[748218.155600000172853,7724439.985600000247359],[748218.155600000172853,7724438.985600001178682],[748217.155600001104176,7724438.985600001178682],[748217.155600001104176,7724437.985600000247359],[748216.155600002035499,7724437.985600000247359],[748216.155600002035499,7724436.985600001178682],[748215.155600000172853,7724436.985600001178682],[748215.155600000172853,7724435.985599999316037],[748214.155600001104176,7724435.985599999316037],[748214.155600001104176,7724434.985600000247359],[748213.155600000172853,7724434.985600000247359],[748213.155600000172853,7724433.985600001178682],[748212.155600001104176,7724433.985600001178682],[748212.155600001104176,7724432.985600000247359],[748211.155600001104176,7724432.985600000247359],[748211.155600001104176,7724431.985600001178682],[748210.155600000172853,7724431.985600001178682],[748210.155600000172853,7724430.985600002110004],[748209.155600001104176,7724430.985600002110004],[748209.155600001104176,7724429.985600000247359],[748208.155599999241531,7724429.985600000247359],[748208.155599999241531,7724428.985600001178682],[748207.155600000172853,7724428.985600001178682],[748207.155600000172853,7724427.985600000247359],[748206.155600001104176,7724427.985600000247359],[748206.155600001104176,7724426.985600001178682],[748205.155600000172853,7724426.985600001178682],[748205.155600000172853,7724425.985600002110004],[748204.155600001104176,7724425.985600002110004],[748204.155600001104176,7724424.985600000247359],[748203.155600002035499,7724424.985600000247359],[748203.155600002035499,7724423.985600001178682],[748202.155600000172853,7724423.985600001178682],[748202.155600000172853,7724422.985600000247359],[748201.155600001104176,7724422.985600000247359],[748201.155600001104176,7724421.985600001178682],[748200.155600000172853,7724421.985600001178682],[748200.155600000172853,7724420.985600001178682],[748199.155600001104176,7724420.985600001178682],[748199.155600001104176,7724419.985600000247359],[748198.155600002035499,7724419.985600000247359],[748198.155600002035499,7724418.985600001178682],[748197.155600000172853,7724418.985600001178682],[748197.155600000172853,7724417.985600000247359],[748196.155600001104176,7724417.985600000247359],[748196.155600001104176,7724416.985600000247359],[748195.155600000172853,7724416.985600000247359],[748195.155600000172853,7724415.985600001178682],[748194.155600001104176,7724415.985600001178682],[748194.155600001104176,7724414.985600000247359],[748193.155600002035499,7724414.985600000247359],[748193.155600002035499,7724413.985600001178682],[748192.155600000172853,7724413.985600001178682],[748192.155600000172853,7724412.985600002110004],[748191.155600001104176,7724412.985600002110004],[748191.155600001104176,7724411.985600000247359],[748190.155600000172853,7724411.985600000247359],[748190.155600000172853,7724410.985600001178682],[748189.155600001104176,7724410.985600001178682],[748189.155600001104176,7724409.985600000247359],[748188.155600001104176,7724409.985600000247359],[748188.155600001104176,7724408.985600001178682],[748187.155600000172853,7724408.985600001178682],[748187.155600000172853,7724407.985600002110004],[748186.155600001104176,7724407.985600002110004],[748186.155600001104176,7724406.985600000247359],[748185.155599999241531,7724406.985600000247359],[748185.155599999241531,7724405.985600001178682],[748184.155600000172853,7724405.985600001178682],[748184.155600000172853,7724404.985600000247359],[748183.155600001104176,7724404.985600000247359],[748183.155600001104176,7724403.985600001178682],[748182.155600000172853,7724403.985600001178682],[748182.155600000172853,7724402.985600002110004],[748181.155600001104176,7724402.985600002110004],[748181.155600001104176,7724401.985600000247359],[748180.155600002035499,7724401.985600000247359],[748180.155600002035499,7724400.985600001178682],[748179.155600000172853,7724400.985600001178682],[748179.155600000172853,7724399.985600000247359],[748178.155600001104176,7724399.985600000247359],[748178.155600001104176,7724398.985600001178682],[748177.155600000172853,7724398.985600001178682],[748177.155600000172853,7724397.985600001178682],[748176.155600001104176,7724397.985600001178682],[748176.155600001104176,7724396.985600000247359],[748175.155600002035499,7724396.985600000247359],[748175.155600002035499,7724395.985600001178682],[748174.155600000172853,7724395.985600001178682],[748174.155600000172853,7724394.985599999316037],[748173.155600001104176,7724394.985599999316037],[748173.155600001104176,7724393.985600000247359],[748172.155600000172853,7724393.985600000247359],[748172.155600000172853,7724392.985600001178682],[748171.155600001104176,7724392.985600001178682],[748171.155600001104176,7724391.985600000247359],[748170.155600002035499,7724391.985600000247359],[748170.155600002035499,7724390.985600001178682],[748169.155600000172853,7724390.985600001178682],[748169.155600000172853,7724389.985600002110004],[748168.155600001104176,7724389.985600002110004],[748168.155600001104176,7724388.985600000247359],[748167.155600000172853,7724388.985600000247359],[748167.155600000172853,7724387.985600001178682],[748166.155600001104176,7724387.985600001178682],[748166.155600001104176,7724386.985600000247359],[748165.155600001104176,7724386.985600000247359],[748165.155600001104176,7724385.985600001178682],[748164.155600000172853,7724385.985600001178682],[748164.155600000172853,7724384.985600002110004],[748163.155600001104176,7724384.985600002110004],[748163.155600001104176,7724383.985600000247359],[748162.155599999241531,7724383.985600000247359],[748162.155599999241531,7724382.985600001178682],[748161.155600000172853,7724382.985600001178682],[748161.155600000172853,7724381.985600000247359],[748160.155600001104176,7724381.985600000247359],[748160.155600001104176,7724380.985600001178682],[748159.155600000172853,7724380.985600001178682],[748159.155600000172853,7724379.985600002110004],[748158.155600001104176,7724379.985600002110004],[748158.155600001104176,7724378.985600000247359],[748157.155600002035499,7724378.985600000247359],[748157.155600002035499,7724377.985600001178682],[748156.155600000172853,7724377.985600001178682],[748156.155600000172853,7724376.985600000247359],[748155.155600001104176,7724376.985600000247359],[748155.155600001104176,7724375.985600001178682],[748154.155600000172853,7724375.985600001178682],[748154.155600000172853,7724374.985600001178682],[748153.155600001104176,7724374.985600001178682],[748153.155600001104176,7724373.985600000247359],[748152.155600002035499,7724373.985600000247359],[748152.155600002035499,7724372.985600001178682],[748151.155600000172853,7724372.985600001178682],[748151.155600000172853,7724371.985599999316037],[748150.155600001104176,7724371.985599999316037],[748150.155600001104176,7724370.985600000247359],[748149.155600000172853,7724370.985600000247359],[748149.155600000172853,7724369.985600001178682],[748148.155600001104176,7724369.985600001178682],[748148.155600001104176,7724368.985600000247359],[748147.155600002035499,7724368.985600000247359],[748147.155600002035499,7724367.985600001178682],[748146.155600000172853,7724367.985600001178682],[748146.155600000172853,7724366.985600002110004],[748145.155600001104176,7724366.985600002110004],[748145.155600001104176,7724365.985600000247359],[748144.155600000172853,7724365.985600000247359],[748144.155600000172853,7724364.985600001178682],[748143.155600000172853,7724364.985600001178682],[748143.155600000172853,7724363.985600000247359],[748142.155600001104176,7724363.985600000247359],[748142.155600001104176,7724362.985600001178682],[748141.155600000172853,7724362.985600001178682],[748141.155600000172853,7724361.985600002110004],[748140.155600001104176,7724361.985600002110004],[748140.155600001104176,7724360.985600000247359],[748139.155599999241531,7724360.985600000247359],[748139.155599999241531,7724359.985600001178682],[748138.155600000172853,7724359.985600001178682],[748138.155600000172853,7724358.985600000247359],[748137.155600001104176,7724358.985600000247359],[748137.155600001104176,7724357.985600001178682],[748136.155600000172853,7724357.985600001178682],[748136.155600000172853,7724356.985600002110004],[748135.155600001104176,7724356.985600002110004],[748135.155600001104176,7724355.985600000247359],[748134.155600002035499,7724355.985600000247359],[748134.155600002035499,7724354.985600001178682],[748133.155600000172853,7724354.985600001178682],[748133.155600000172853,7724353.985600000247359],[748132.155600001104176,7724353.985600000247359],[748132.155600001104176,7724352.985600001178682],[748131.155600000172853,7724352.985600001178682],[748131.155600000172853,7724351.985600001178682],[748130.155600001104176,7724351.985600001178682],[748130.155600001104176,7724350.985600000247359],[748129.155600002035499,7724350.985600000247359],[748129.155600002035499,7724349.985600001178682],[748128.155600000172853,7724349.985600001178682],[748128.155600000172853,7724348.985599999316037],[748127.155600001104176,7724348.985599999316037],[748127.155600001104176,7724347.985600000247359],[748126.155600000172853,7724347.985600000247359],[748126.155600000172853,7724346.985600001178682],[748125.155600001104176,7724346.985600001178682],[748125.155600001104176,7724345.985600000247359],[748124.155600002035499,7724345.985600000247359],[748124.155600002035499,7724344.985600001178682],[748123.155600000172853,7724344.985600001178682],[748123.155600000172853,7724343.985600002110004],[748122.155600001104176,7724343.985600002110004],[748122.155600001104176,7724342.985600000247359],[748121.155600000172853,7724342.985600000247359],[748121.155600000172853,7724341.985600001178682],[748120.155600000172853,7724341.985600001178682],[748120.155600000172853,7724340.985600000247359],[748119.155600001104176,7724340.985600000247359],[748119.155600001104176,7724339.985600001178682],[748118.155600000172853,7724339.985600001178682],[748118.155600000172853,7724338.985600002110004],[748117.155600001104176,7724338.985600002110004],[748117.155600001104176,7724337.985600000247359],[748116.155599999241531,7724337.985600000247359],[748116.155599999241531,7724336.985600001178682],[748115.155600000172853,7724336.985600001178682],[748115.155600000172853,7724335.985600000247359],[748114.155600001104176,7724335.985600000247359],[748114.155600001104176,7724334.985600001178682],[748113.155600000172853,7724334.985600001178682],[748113.155600000172853,7724333.985600002110004],[748112.155600001104176,7724333.985600002110004],[748112.155600001104176,7724332.985600000247359],[748111.155600002035499,7724332.985600000247359],[748111.155600002035499,7724331.985600001178682],[748110.155600000172853,7724331.985600001178682],[748110.155600000172853,7724330.985600000247359],[748109.155600001104176,7724330.985600000247359],[748109.155600001104176,7724329.985600000247359],[748108.155600000172853,7724329.985600000247359],[748108.155600000172853,7724328.985600001178682],[748107.155600001104176,7724328.985600001178682],[748107.155600001104176,7724327.985600000247359],[748106.155600002035499,7724327.985600000247359],[748106.155600002035499,7724326.985600001178682],[748105.155600000172853,7724326.985600001178682],[748105.155600000172853,7724325.985599999316037],[748104.155600001104176,7724325.985599999316037],[748104.155600001104176,7724324.985600000247359],[748103.155600000172853,7724324.985600000247359],[748103.155600000172853,7724323.985600001178682],[748102.155600001104176,7724323.985600001178682],[748102.155600001104176,7724322.985600000247359],[748101.155600002035499,7724322.985600000247359],[748101.155600002035499,7724321.985600001178682],[748100.155600000172853,7724321.985600001178682],[748100.155600000172853,7724320.985600002110004],[748099.155600001104176,7724320.985600002110004],[748099.155600001104176,7724319.985600000247359],[748098.155600000172853,7724319.985600000247359],[748098.155600000172853,7724318.985600001178682],[748097.155600000172853,7724318.985600001178682],[748097.155600000172853,7724317.985600000247359],[748096.155600001104176,7724317.985600000247359],[748096.155600001104176,7724316.985600001178682],[748095.155600000172853,7724316.985600001178682],[748095.155600000172853,7724315.985600002110004],[748094.155600001104176,7724315.985600002110004],[748094.155600001104176,7724314.985600000247359],[748093.155599999241531,7724314.985600000247359],[748093.155599999241531,7724313.985600001178682],[748092.155600000172853,7724313.985600001178682],[748092.155600000172853,7724312.985600000247359],[748091.155600001104176,7724312.985600000247359],[748091.155600001104176,7724311.985600001178682],[748090.155600000172853,7724311.985600001178682],[748090.155600000172853,7724310.985600002110004],[748089.155600001104176,7724310.985600002110004],[748089.155600001104176,7724309.985600000247359],[748088.155600002035499,7724309.985600000247359],[748088.155600002035499,7724308.985600001178682],[748087.155600000172853,7724308.985600001178682],[748087.155600000172853,7724307.985600000247359],[748086.155600001104176,7724307.985600000247359],[748086.155600001104176,7724306.985600000247359],[748085.155600000172853,7724306.985600000247359],[748085.155600000172853,7724305.985600001178682],[748084.155600001104176,7724305.985600001178682],[748084.155600001104176,7724304.985600000247359],[748083.155600002035499,7724304.985600000247359],[748083.155600002035499,7724303.985600001178682],[748082.155600000172853,7724303.985600001178682],[748082.155600000172853,7724302.985599999316037],[748081.155600001104176,7724302.985599999316037],[748081.155600001104176,7724301.985600000247359],[748080.155600000172853,7724301.985600000247359],[748080.155600000172853,7724300.985600001178682],[748079.155600001104176,7724300.985600001178682],[748079.155600001104176,7724299.985600000247359],[748078.155600001104176,7724299.985600000247359],[748078.155600001104176,7724298.985600001178682],[748077.155600000172853,7724298.985600001178682],[748077.155600000172853,7724297.985600002110004],[748076.155600001104176,7724297.985600002110004],[748076.155600001104176,7724296.985600000247359],[748075.155600000172853,7724296.985600000247359],[748075.155600000172853,7724295.985600001178682],[748074.155600000172853,7724295.985600001178682],[748074.155600000172853,7724294.985600000247359],[748073.155600001104176,7724294.985600000247359],[748073.155600001104176,7724293.985600001178682],[748072.155600000172853,7724293.985600001178682],[748072.155600000172853,7724292.985600002110004],[748071.155600001104176,7724292.985600002110004],[748071.155600001104176,7724291.985600000247359],[748070.155599999241531,7724291.985600000247359],[748070.155599999241531,7724290.985600001178682],[748069.155600000172853,7724290.985600001178682],[748069.155600000172853,7724289.985600000247359],[748068.155600001104176,7724289.985600000247359],[748068.155600001104176,7724288.985600001178682],[748067.155600000172853,7724288.985600001178682],[748067.155600000172853,7724287.985600002110004],[748066.155600001104176,7724287.985600002110004],[748066.155600001104176,7724286.985600000247359],[748065.155600002035499,7724286.985600000247359],[748065.155600002035499,7724285.985600001178682],[748064.155600000172853,7724285.985600001178682],[748064.155600000172853,7724284.985600000247359],[748063.155600001104176,7724284.985600000247359],[748063.155600001104176,7724283.985600000247359],[748062.155600000172853,7724283.985600000247359],[748062.155600000172853,7724282.985600001178682],[748061.155600001104176,7724282.985600001178682],[748061.155600001104176,7724281.985600000247359],[748060.155600002035499,7724281.985600000247359],[748060.155600002035499,7724280.985600001178682],[748059.155600000172853,7724280.985600001178682],[748059.155600000172853,7724279.985599999316037],[748058.155600001104176,7724279.985599999316037],[748058.155600001104176,7724278.985600000247359],[748057.155600000172853,7724278.985600000247359],[748057.155600000172853,7724277.985600001178682],[748056.155600001104176,7724277.985600001178682],[748056.155600001104176,7724276.985600000247359],[748055.155600001104176,7724276.985600000247359],[748055.155600001104176,7724275.985600001178682],[748054.155600000172853,7724275.985600001178682],[748054.155600000172853,7724274.985600002110004],[748053.155600001104176,7724274.985600002110004],[748053.155600001104176,7724273.985600000247359],[748052.155600000172853,7724273.985600000247359],[748052.155600000172853,7724272.985600001178682],[748051.155600000172853,7724272.985600001178682],[748051.155600000172853,7724271.985600000247359],[748050.155600001104176,7724271.985600000247359],[748050.155600001104176,7724270.985600001178682],[748049.155600000172853,7724270.985600001178682],[748049.155600000172853,7724269.985600002110004],[748048.155600001104176,7724269.985600002110004],[748048.155600001104176,7724268.985600000247359],[748047.155600002035499,7724268.985600000247359],[748047.155600002035499,7724267.985600001178682],[748046.155600000172853,7724267.985600001178682],[748046.155600000172853,7724266.985600000247359],[748015.155600001104176,7724266.985600000247359],[748015.155600001104176,7724265.985600001178682],[748014.155600002035499,7724265.985600001178682],[748014.155600002035499,7724264.985600001178682],[748013.155600000172853,7724264.985600001178682],[748013.155600000172853,7724263.985600000247359],[748012.155600001104176,7724263.985600000247359],[748012.155600001104176,7724262.985600001178682],[748011.155600000172853,7724262.985600001178682],[748011.155600000172853,7724261.985600000247359],[748010.155600001104176,7724261.985600000247359],[748010.155600001104176,7724260.985600000247359],[748009.155600001104176,7724260.985600000247359],[748009.155600001104176,7724259.985600001178682],[748008.155600000172853,7724259.985600001178682],[748008.155600000172853,7724258.985600000247359],[748007.155600001104176,7724258.985600000247359],[748007.155600001104176,7724257.985600001178682],[748006.155599999241531,7724257.985600001178682],[748006.155599999241531,7724256.985599999316037],[748005.155600000172853,7724256.985599999316037],[748005.155600000172853,7724255.985600000247359],[748004.155600001104176,7724255.985600000247359],[748004.155600001104176,7724254.985600001178682],[748003.155600000172853,7724254.985600001178682],[748003.155600000172853,7724253.985600000247359],[748002.155600001104176,7724253.985600000247359],[748002.155600001104176,7724252.985600001178682],[748001.155600002035499,7724252.985600001178682],[748001.155600002035499,7724251.985600002110004],[748000.155600000172853,7724251.985600002110004],[748000.155600000172853,7724250.985600000247359],[747999.155600001104176,7724250.985600000247359],[747999.155600001104176,7724249.985600001178682],[747998.155600000172853,7724249.985600001178682],[747998.155600000172853,7724248.985600000247359],[747997.155600001104176,7724248.985600000247359],[747997.155600001104176,7724247.985600001178682],[747996.155600002035499,7724247.985600001178682],[747996.155600002035499,7724246.985600002110004],[747995.155600000172853,7724246.985600002110004],[747995.155600000172853,7724245.985600000247359],[747994.155600001104176,7724245.985600000247359],[747994.155600001104176,7724244.985600001178682],[747993.155600000172853,7724244.985600001178682],[747993.155600000172853,7724243.985600000247359],[747992.155600001104176,7724243.985600000247359],[747992.155600001104176,7724242.985600001178682],[747991.155600002035499,7724242.985600001178682],[747991.155600002035499,7724241.985600001178682],[747990.155600000172853,7724241.985600001178682],[747990.155600000172853,7724240.985600000247359],[747989.155600001104176,7724240.985600000247359],[747989.155600001104176,7724239.985600001178682],[747988.155600000172853,7724239.985600001178682],[747988.155600000172853,7724238.985600000247359],[747987.155600000172853,7724238.985600000247359],[747987.155600000172853,7724237.985600000247359],[747986.155600001104176,7724237.985600000247359],[747986.155600001104176,7724236.985600001178682],[747985.155600000172853,7724236.985600001178682],[747985.155600000172853,7724235.985600000247359],[747984.155600001104176,7724235.985600000247359],[747984.155600001104176,7724224.985600001178682],[747983.155599999241531,7724224.985600001178682],[747983.155599999241531,7724223.985600002110004],[747982.155600000172853,7724223.985600002110004],[747982.155600000172853,7724222.985600000247359],[747981.155600001104176,7724222.985600000247359],[747981.155600001104176,7724221.985600001178682],[747980.155600000172853,7724221.985600001178682],[747980.155600000172853,7724220.985600000247359],[747979.155600001104176,7724220.985600000247359],[747979.155600001104176,7724219.985600001178682],[747978.155600002035499,7724219.985600001178682],[747978.155600002035499,7724218.985600001178682],[747960.155599999241531,7724218.985600001178682],[747960.155599999241531,7724217.985600000247359],[747958.155600001104176,7724217.985600000247359],[747958.155600001104176,7724216.985600001178682],[747955.155600002035499,7724216.985600001178682],[747955.155600002035499,7724215.985599999316037],[747952.155600000172853,7724215.985599999316037],[747952.155600000172853,7724214.985600000247359],[747949.155600000172853,7724214.985600000247359],[747949.155600000172853,7724213.985600001178682],[747946.155600001104176,7724213.985600001178682],[747946.155600001104176,7724212.985600000247359],[747943.155600001104176,7724212.985600000247359],[747943.155600001104176,7724211.985600001178682],[747940.155600001104176,7724211.985600001178682],[747940.155600001104176,7724210.985600002110004],[747938.155600001104176,7724210.985600002110004],[747938.155600001104176,7724209.985600000247359],[747937.155599999241531,7724209.985600000247359],[747937.155599999241531,7724208.985600001178682],[747936.155600000172853,7724208.985600001178682],[747936.155600000172853,7724207.985600000247359],[747934.155600000172853,7724207.985600000247359],[747934.155600000172853,7724206.985600001178682],[747933.155600001104176,7724206.985600001178682],[747933.155600001104176,7724205.985600002110004],[747932.155600002035499,7724205.985600002110004],[747932.155600002035499,7724204.985600000247359],[747931.155600000172853,7724204.985600000247359],[747931.155600000172853,7724203.985600001178682],[747930.155600001104176,7724203.985600001178682],[747930.155600001104176,7724202.985600000247359],[747929.155600000172853,7724202.985600000247359],[747929.155600000172853,7724201.985600001178682],[747927.155600002035499,7724201.985600001178682],[747927.155600002035499,7724200.985600002110004],[747926.155600000172853,7724200.985600002110004],[747926.155600000172853,7724199.985600000247359],[747925.155600001104176,7724199.985600000247359],[747925.155600001104176,7724198.985600001178682],[747924.155600000172853,7724198.985600001178682],[747924.155600000172853,7724197.985600000247359],[747923.155600001104176,7724197.985600000247359],[747923.155600001104176,7724196.985600001178682],[747921.155600000172853,7724196.985600001178682],[747921.155600000172853,7724195.985600001178682],[747920.155600001104176,7724195.985600001178682],[747920.155600001104176,7724194.985600000247359],[747919.155600000172853,7724194.985600000247359],[747919.155600000172853,7724193.985600001178682],[747918.155600000172853,7724193.985600001178682],[747918.155600000172853,7724192.985599999316037],[747917.155600001104176,7724192.985599999316037],[747917.155600001104176,7724191.985600000247359],[747916.155600000172853,7724191.985600000247359],[747916.155600000172853,7724190.985600001178682],[747915.155600001104176,7724190.985600001178682],[747915.155600001104176,7724189.985600000247359],[747913.155600000172853,7724189.985600000247359],[747913.155600000172853,7724188.985600001178682],[747912.155600001104176,7724188.985600001178682],[747912.155600001104176,7724187.985600002110004],[747911.155600000172853,7724187.985600002110004],[747911.155600000172853,7724186.985600000247359],[747909.155600002035499,7724186.985600000247359],[747909.155600002035499,7724185.985600001178682],[747908.155600000172853,7724185.985600001178682],[747908.155600000172853,7724184.985600000247359],[747907.155600001104176,7724184.985600000247359],[747907.155600001104176,7724183.985600001178682],[747906.155600000172853,7724183.985600001178682],[747906.155600000172853,7724182.985600002110004],[747905.155600001104176,7724182.985600002110004],[747905.155600001104176,7724181.985600000247359],[747904.155600002035499,7724181.985600000247359],[747904.155600002035499,7724180.985600001178682],[747902.155600001104176,7724180.985600001178682],[747902.155600001104176,7724179.985600000247359],[747901.155600000172853,7724179.985600000247359],[747901.155600000172853,7724178.985600001178682],[747900.155600001104176,7724178.985600001178682],[747900.155600001104176,7724177.985600002110004],[747899.155600001104176,7724177.985600002110004],[747899.155600001104176,7724176.985600000247359],[747898.155600000172853,7724176.985600000247359],[747898.155600000172853,7724175.985600001178682],[747897.155600001104176,7724175.985600001178682],[747897.155600001104176,7724174.985600000247359],[747895.155600000172853,7724174.985600000247359],[747895.155600000172853,7724173.985600001178682],[747894.155600001104176,7724173.985600001178682],[747894.155600001104176,7724172.985600001178682],[747892.155600001104176,7724172.985600001178682],[747892.155600001104176,7724171.985600000247359],[747889.155600001104176,7724171.985600000247359],[747889.155600001104176,7724170.985600001178682],[747886.155600002035499,7724170.985600001178682],[747886.155600002035499,7724169.985599999316037],[747884.155600001104176,7724169.985599999316037],[747884.155600001104176,7724168.985600000247359],[747881.155600002035499,7724168.985600000247359],[747881.155600002035499,7724167.985600001178682],[747878.155600000172853,7724167.985600001178682],[747878.155600000172853,7724166.985600000247359],[747875.155600000172853,7724166.985600000247359],[747875.155600000172853,7724165.985600001178682],[747871.155600001104176,7724165.985600001178682],[747871.155600001104176,7724164.985600002110004],[747868.155600002035499,7724164.985600002110004],[747868.155600002035499,7724163.985600000247359],[747862.155600000172853,7724163.985600000247359],[747862.155600000172853,7724162.985600001178682],[747854.155600001104176,7724162.985600001178682],[747854.155600001104176,7724161.985600000247359],[747853.155600001104176,7724161.985600000247359],[747853.155600001104176,7724159.985600002110004],[747845.155600002035499,7724159.985600002110004],[747845.155600002035499,7724158.985600000247359],[747841.155600001104176,7724158.985600000247359],[747841.155600001104176,7724157.985600001178682],[747837.155600000172853,7724157.985600001178682],[747837.155600000172853,7724156.985600000247359],[747833.155600001104176,7724156.985600000247359],[747833.155600001104176,7724155.985600001178682],[747830.155600001104176,7724155.985600001178682],[747830.155600001104176,7724154.985600002110004],[747826.155600000172853,7724154.985600002110004],[747826.155600000172853,7724153.985600000247359],[747822.155600002035499,7724153.985600000247359],[747822.155600002035499,7724152.985600001178682],[747819.155600000172853,7724152.985600001178682],[747819.155600000172853,7724151.985600000247359],[747816.155600000172853,7724151.985600000247359],[747816.155600000172853,7724150.985600000247359],[747812.155600002035499,7724150.985600000247359],[747812.155600002035499,7724149.985600001178682],[747808.155600000172853,7724149.985600001178682],[747808.155600000172853,7724148.985600000247359],[747804.155599999241531,7724148.985600000247359],[747804.155599999241531,7724147.985600001178682],[747800.155600001104176,7724147.985600001178682],[747800.155600001104176,7724146.985599999316037],[747796.155600000172853,7724146.985599999316037],[747796.155600000172853,7724144.985600001178682],[747795.155600001104176,7724144.985600001178682],[747795.155600001104176,7724142.985600001178682],[747794.155600002035499,7724142.985600001178682],[747794.155600002035499,7724141.985600002110004],[747791.155600000172853,7724141.985600002110004],[747791.155600000172853,7724140.985600000247359],[747789.155600002035499,7724140.985600000247359],[747789.155600002035499,7724141.985600002110004],[747788.155600000172853,7724141.985600002110004],[747788.155600000172853,7724142.985600001178682],[747787.155600001104176,7724142.985600001178682],[747787.155600001104176,7724143.985600000247359],[747786.155600000172853,7724143.985600000247359],[747786.155600000172853,7724144.985600001178682],[747784.155600001104176,7724144.985600001178682],[747784.155600001104176,7724145.985600000247359],[747783.155600000172853,7724145.985600000247359],[747783.155600000172853,7724146.985599999316037],[747775.155600000172853,7724146.985599999316037],[747775.155600000172853,7724145.985600000247359],[747772.155600001104176,7724145.985600000247359],[747772.155600001104176,7724144.985600001178682],[747771.155600002035499,7724144.985600001178682],[747771.155600002035499,7724143.985600000247359],[747769.155600001104176,7724143.985600000247359],[747769.155600001104176,7724142.985600001178682],[747767.155600001104176,7724142.985600001178682],[747767.155600001104176,7724141.985600002110004],[747766.155600002035499,7724141.985600002110004],[747766.155600002035499,7724140.985600000247359],[747765.155600000172853,7724140.985600000247359],[747765.155600000172853,7724139.985600001178682],[747763.155600000172853,7724139.985600001178682],[747763.155600000172853,7724138.985600000247359],[747762.155600000172853,7724138.985600000247359],[747762.155600000172853,7724137.985600001178682],[747760.155600000172853,7724137.985600001178682],[747760.155600000172853,7724136.985600002110004],[747759.155600001104176,7724136.985600002110004],[747759.155600001104176,7724135.985600000247359],[747756.155600001104176,7724135.985600000247359],[747756.155600001104176,7724134.985600001178682],[747754.155600001104176,7724134.985600001178682],[747754.155600001104176,7724133.985600000247359],[747751.155600001104176,7724133.985600000247359],[747751.155600001104176,7724132.985600001178682],[747738.155600001104176,7724132.985600001178682],[747738.155600001104176,7724130.985600000247359],[747737.155600000172853,7724130.985600000247359],[747737.155600000172853,7724131.985600002110004],[747735.155599999241531,7724131.985600002110004],[747735.155599999241531,7724132.985600001178682],[747731.155600001104176,7724132.985600001178682],[747731.155600001104176,7724131.985600002110004],[747730.155600002035499,7724131.985600002110004],[747730.155600002035499,7724130.985600000247359],[747729.155600000172853,7724130.985600000247359],[747729.155600000172853,7724129.985600001178682],[747728.155600001104176,7724129.985600001178682],[747728.155600001104176,7724128.985600000247359],[747727.155600000172853,7724128.985600000247359],[747727.155600000172853,7724127.985600000247359],[747725.155600002035499,7724127.985600000247359],[747725.155600002035499,7724126.985600001178682],[747722.155600000172853,7724126.985600001178682],[747722.155600000172853,7724125.985600000247359],[747719.155600000172853,7724125.985600000247359],[747719.155600000172853,7724124.985600001178682],[747716.155600000172853,7724124.985600001178682],[747716.155600000172853,7724123.985599999316037],[747713.155600001104176,7724123.985599999316037],[747713.155600001104176,7724122.985600000247359],[747707.155600002035499,7724122.985600000247359],[747707.155600002035499,7724121.985600001178682],[747703.155600001104176,7724121.985600001178682],[747703.155600001104176,7724120.985600000247359],[747701.155600000172853,7724120.985600000247359],[747701.155600000172853,7724119.985600001178682],[747697.155600001104176,7724119.985600001178682],[747697.155600001104176,7724118.985600002110004],[747695.155600001104176,7724118.985600002110004],[747695.155600001104176,7724117.985600000247359],[747691.155600000172853,7724117.985600000247359],[747691.155600000172853,7724116.985600001178682],[747685.155600001104176,7724116.985600001178682],[747685.155600001104176,7724115.985600000247359],[747679.155600002035499,7724115.985600000247359],[747679.155600002035499,7724114.985600001178682],[747674.155600001104176,7724114.985600001178682],[747674.155600001104176,7724113.985600002110004],[747670.155600000172853,7724113.985600002110004],[747670.155600000172853,7724112.985600000247359],[747667.155600001104176,7724112.985600000247359],[747667.155600001104176,7724111.985600001178682],[747663.155600000172853,7724111.985600001178682],[747663.155600000172853,7724110.985600000247359],[747660.155600000172853,7724110.985600000247359],[747660.155600000172853,7724109.985600001178682],[747656.155600002035499,7724109.985600001178682],[747656.155600002035499,7724108.985600002110004],[747652.155600001104176,7724108.985600002110004],[747652.155600001104176,7724107.985600000247359],[747648.155599999241531,7724107.985600000247359],[747648.155599999241531,7724106.985600001178682],[747644.155600001104176,7724106.985600001178682],[747644.155600001104176,7724105.985600000247359],[747641.155600001104176,7724105.985600000247359],[747637.155600000172853,7724105.985600000247359],[747637.155600000172853,7724104.985600000247359],[747636.155600001104176,7724104.985600000247359],[747636.155600001104176,7724101.985600001178682],[747635.155600000172853,7724101.985600001178682],[747635.155600000172853,7724100.985599999316037],[747634.155600001104176,7724100.985599999316037],[747634.155600001104176,7724099.985600000247359],[747633.155600002035499,7724099.985600000247359],[747633.155600002035499,7724098.985600001178682],[747632.155600000172853,7724098.985600001178682],[747632.155600000172853,7724097.985600000247359],[747611.155600001104176,7724097.985600000247359],[747611.155600001104176,7724096.985600001178682],[747610.155600002035499,7724096.985600001178682],[747610.155600002035499,7724097.985600000247359],[747609.155600000172853,7724097.985600000247359],[747609.155600000172853,7724098.985600001178682],[747608.155600001104176,7724098.985600001178682],[747608.155600001104176,7724099.985600000247359],[747589.155600000172853,7724099.985600000247359],[747589.155600000172853,7724098.985600001178682],[747584.155600000172853,7724098.985600001178682],[747584.155600000172853,7724097.985600000247359],[747581.155600000172853,7724097.985600000247359],[747581.155600000172853,7724096.985600001178682],[747577.155600001104176,7724096.985600001178682],[747577.155600001104176,7724095.985600002110004],[747576.155600000172853,7724095.985600002110004],[747576.155600000172853,7724094.985600000247359],[747574.155600002035499,7724094.985600000247359],[747574.155600002035499,7724093.985600001178682],[747572.155600001104176,7724093.985600001178682],[747572.155600001104176,7724092.985600000247359],[747571.155600000172853,7724092.985600000247359],[747571.155600000172853,7724091.985600001178682],[747569.155600002035499,7724091.985600001178682],[747569.155600002035499,7724090.985600002110004],[747568.155600000172853,7724090.985600002110004],[747568.155600000172853,7724089.985600000247359],[747567.155600001104176,7724089.985600000247359],[747567.155600001104176,7724088.985600001178682],[747565.155600001104176,7724088.985600001178682],[747565.155600001104176,7724087.985600000247359],[747563.155600000172853,7724087.985600000247359],[747563.155600000172853,7724086.985600001178682],[747562.155600001104176,7724086.985600001178682],[747562.155600001104176,7724085.985600001178682],[747560.155600000172853,7724085.985600001178682],[747560.155600000172853,7724084.985600000247359],[747557.155600001104176,7724084.985600000247359],[747557.155600001104176,7724083.985600001178682],[747554.155600001104176,7724083.985600001178682],[747554.155600001104176,7724082.985600000247359],[747549.155600001104176,7724082.985600000247359],[747549.155600001104176,7724081.985600000247359],[747546.155600002035499,7724081.985600000247359],[747546.155600002035499,7724080.985600001178682],[747542.155600001104176,7724080.985600001178682],[747542.155600001104176,7724079.985600000247359],[747539.155600001104176,7724079.985600000247359],[747539.155600001104176,7724078.985600001178682],[747536.155600001104176,7724078.985600001178682],[747536.155600001104176,7724077.985599999316037],[747526.155600001104176,7724077.985599999316037],[747526.155600001104176,7724076.985600000247359],[747525.155600000172853,7724076.985600000247359],[747525.155600000172853,7724075.985600001178682],[747524.155600001104176,7724075.985600001178682],[747524.155600001104176,7724073.985600001178682],[747523.155600002035499,7724073.985600001178682],[747523.155600002035499,7724072.985600002110004],[747513.155600001104176,7724072.985600002110004],[747513.155600001104176,7724071.985600000247359],[747510.155600002035499,7724071.985600000247359],[747510.155600002035499,7724070.985600001178682],[747507.155600000172853,7724070.985600001178682],[747507.155600000172853,7724069.985600000247359],[747505.155600002035499,7724069.985600000247359],[747505.155600002035499,7724068.985600001178682],[747502.155600000172853,7724068.985600001178682],[747502.155600000172853,7724067.985600002110004],[747499.155600000172853,7724067.985600002110004],[747499.155600000172853,7724066.985600000247359],[747497.155600000172853,7724066.985600000247359],[747497.155600000172853,7724065.985600001178682],[747493.155600001104176,7724065.985600001178682],[747493.155600001104176,7724064.985600000247359],[747489.155600000172853,7724064.985600000247359],[747489.155600000172853,7724063.985600001178682],[747485.155600001104176,7724063.985600001178682],[747485.155600001104176,7724062.985600001178682],[747481.155600000172853,7724062.985600001178682],[747481.155600000172853,7724061.985600000247359],[747477.155600002035499,7724061.985600000247359],[747477.155600002035499,7724060.985600001178682],[747474.155600000172853,7724060.985600001178682],[747474.155600000172853,7724059.985600000247359],[747469.155599999241531,7724059.985600000247359],[747469.155599999241531,7724058.985600000247359],[747463.155600000172853,7724058.985600000247359],[747463.155600000172853,7724057.985600001178682],[747460.155600001104176,7724057.985600001178682],[747460.155600001104176,7724056.985600000247359],[747456.155600000172853,7724056.985600000247359],[747456.155600000172853,7724055.985600001178682],[747452.155600001104176,7724055.985600001178682],[747452.155600001104176,7724054.985600002110004],[747451.155600000172853,7724054.985600002110004],[747451.155600000172853,7724053.985600000247359],[747450.155600000172853,7724053.985600000247359],[747450.155600000172853,7724052.985600001178682],[747448.155600000172853,7724052.985600001178682],[747448.155600000172853,7724051.985600000247359],[747447.155600001104176,7724051.985600000247359],[747447.155600001104176,7724050.985600001178682],[747441.155600002035499,7724050.985600001178682],[747441.155600002035499,7724049.985600002110004],[747431.155600002035499,7724049.985600002110004],[747431.155600002035499,7724048.985600000247359],[747425.155600000172853,7724048.985600000247359],[747425.155600000172853,7724046.985600000247359],[747424.155600001104176,7724046.985600000247359],[747424.155600001104176,7724045.985600001178682],[747423.155599999241531,7724045.985600001178682],[747423.155599999241531,7724044.985600002110004],[747422.155600000172853,7724044.985600002110004],[747422.155600000172853,7724043.985600000247359],[747408.155600002035499,7724043.985600000247359],[747408.155600002035499,7724042.985600001178682],[747404.155600000172853,7724042.985600001178682],[747404.155600000172853,7724041.985600000247359],[747400.155599999241531,7724041.985600000247359],[747400.155599999241531,7724040.985600001178682],[747397.155600000172853,7724040.985600001178682],[747397.155600000172853,7724039.985600001178682],[747394.155600000172853,7724039.985600001178682],[747394.155600000172853,7724038.985600000247359],[747388.155600001104176,7724038.985600000247359],[747388.155600001104176,7724037.985600001178682],[747383.155600001104176,7724037.985600001178682],[747383.155600001104176,7724036.985599999316037],[747379.155600000172853,7724036.985599999316037],[747379.155600000172853,7724035.985600000247359],[747376.155600000172853,7724035.985600000247359],[747376.155600000172853,7724034.985600001178682],[747373.155600001104176,7724034.985600001178682],[747373.155600001104176,7724033.985600000247359],[747370.155600001104176,7724033.985600000247359],[747370.155600001104176,7724032.985600001178682],[747367.155600002035499,7724032.985600001178682],[747367.155600002035499,7724031.985600002110004],[747364.155600000172853,7724031.985600002110004],[747364.155600000172853,7724030.985600000247359],[747360.155600001104176,7724030.985600000247359],[747360.155600001104176,7724029.985600001178682],[747359.155600000172853,7724029.985600001178682],[747359.155600000172853,7724028.985600000247359],[747350.155600001104176,7724028.985600000247359],[747350.155600001104176,7724027.985600001178682],[747349.155600002035499,7724027.985600001178682],[747349.155600002035499,7724025.985600000247359],[747340.155600001104176,7724025.985600000247359],[747340.155600001104176,7724024.985600001178682],[747336.155599999241531,7724024.985600001178682],[747336.155599999241531,7724023.985600000247359],[747333.155600000172853,7724023.985600000247359],[747333.155600000172853,7724022.985600001178682],[747330.155600000172853,7724022.985600001178682],[747330.155600000172853,7724021.985600002110004],[747326.155600002035499,7724021.985600002110004],[747326.155600002035499,7724020.985600000247359],[747322.155600001104176,7724020.985600000247359],[747322.155600001104176,7724019.985600001178682],[747318.155600000172853,7724019.985600001178682],[747318.155600000172853,7724018.985600000247359],[747315.155600000172853,7724018.985600000247359],[747315.155600000172853,7724017.985600001178682],[747311.155600001104176,7724017.985600001178682],[747311.155600001104176,7724016.985600001178682],[747308.155600002035499,7724016.985600001178682],[747308.155600002035499,7724015.985600000247359],[747304.155600001104176,7724015.985600000247359],[747304.155600001104176,7724014.985600001178682],[747300.155600000172853,7724014.985600001178682],[747300.155600000172853,7724013.985599999316037],[747297.155600000172853,7724013.985599999316037],[747297.155600000172853,7724012.985600000247359],[747293.155600001104176,7724012.985600000247359],[747293.155600001104176,7724011.985600001178682],[747288.155600001104176,7724011.985600001178682],[747288.155600001104176,7724010.985600000247359],[747282.155600000172853,7724010.985600000247359],[747282.155600000172853,7724009.985600001178682],[747277.155600000172853,7724009.985600001178682],[747277.155600000172853,7724008.985600002110004],[747276.155600001104176,7724008.985600002110004],[747276.155600001104176,7724006.985600001178682],[747275.155600002035499,7724006.985600001178682],[747275.155600002035499,7724005.985600000247359],[747274.155600000172853,7724005.985600000247359],[747274.155600000172853,7724004.985600001178682],[747260.155600001104176,7724004.985600001178682],[747260.155600001104176,7724003.985600002110004],[747257.155600002035499,7724003.985600002110004],[747257.155600002035499,7724002.985600000247359],[747253.155600001104176,7724002.985600000247359],[747253.155600001104176,7724001.985600001178682],[747250.155600001104176,7724001.985600001178682],[747250.155600001104176,7724000.985600000247359],[747246.155600000172853,7724000.985600000247359],[747246.155600000172853,7723999.985600001178682],[747241.155600000172853,7723999.985600001178682],[747241.155600000172853,7723998.985600002110004],[747236.155600000172853,7723998.985600002110004],[747236.155600000172853,7723997.985600000247359],[747233.155600000172853,7723997.985600000247359],[747233.155600000172853,7723996.985600001178682],[747229.155600001104176,7723996.985600001178682],[747229.155600001104176,7723995.985600000247359],[747226.155600000172853,7723995.985600000247359],[747226.155600000172853,7723994.985600000247359],[747223.155600000172853,7723994.985600000247359],[747223.155600000172853,7723993.985600001178682],[747219.155600001104176,7723993.985600001178682],[747219.155600001104176,7723992.985600000247359],[747215.155600000172853,7723992.985600000247359],[747215.155600000172853,7723991.985600001178682],[747210.155600000172853,7723991.985600001178682],[747210.155600000172853,7723990.985599999316037],[747207.155600001104176,7723990.985599999316037],[747207.155600001104176,7723989.985600000247359],[747203.155600000172853,7723989.985600000247359],[747203.155600000172853,7723988.985600001178682],[747200.155600000172853,7723988.985600001178682],[747200.155600000172853,7723987.985600000247359],[747198.155599999241531,7723987.985600000247359],[747198.155599999241531,7723986.985600001178682],[747188.155600002035499,7723986.985600001178682],[747188.155600002035499,7723985.985600002110004],[747187.155600000172853,7723985.985600002110004],[747187.155600000172853,7723983.985600001178682],[747186.155600001104176,7723983.985600001178682],[747186.155600001104176,7723982.985600000247359],[747177.155600000172853,7723982.985600000247359],[747177.155600000172853,7723981.985600001178682],[747172.155600000172853,7723981.985600001178682],[747172.155600000172853,7723980.985600002110004],[747169.155600000172853,7723980.985600002110004],[747169.155600000172853,7723979.985600000247359],[747166.155600001104176,7723979.985600000247359],[747166.155600001104176,7723978.985600001178682],[747161.155600001104176,7723978.985600001178682],[747161.155600001104176,7723977.985600000247359],[747157.155599999241531,7723977.985600000247359],[747157.155599999241531,7723976.985600001178682],[747153.155600001104176,7723976.985600001178682],[747153.155600001104176,7723975.985600002110004],[747149.155600000172853,7723975.985600002110004],[747149.155600000172853,7723974.985600000247359],[747146.155600000172853,7723974.985600000247359],[747146.155600000172853,7723973.985600001178682],[747143.155600001104176,7723973.985600001178682],[747143.155600001104176,7723972.985600000247359],[747138.155600001104176,7723972.985600000247359],[747138.155600001104176,7723971.985600000247359],[747135.155600001104176,7723971.985600000247359],[747135.155600001104176,7723970.985600001178682],[747131.155600000172853,7723970.985600001178682],[747131.155600000172853,7723969.985600000247359],[747125.155600001104176,7723969.985600000247359],[747125.155600001104176,7723968.985600001178682],[747122.155600001104176,7723968.985600001178682],[747122.155600001104176,7723967.985599999316037],[747118.155600000172853,7723967.985599999316037],[747118.155600000172853,7723966.985600000247359],[747113.155600000172853,7723966.985600000247359],[747113.155600000172853,7723965.985600001178682],[747110.155600000172853,7723965.985600001178682],[747110.155600000172853,7723964.985600000247359],[747106.155600002035499,7723964.985600000247359],[747106.155600002035499,7723963.985600001178682],[747102.155600001104176,7723963.985600001178682],[747102.155600001104176,7723962.985600002110004],[747098.155600000172853,7723962.985600002110004],[747098.155600000172853,7723961.985600000247359],[747097.155600001104176,7723961.985600000247359],[747097.155600001104176,7723960.985600001178682],[747094.155600001104176,7723960.985600001178682],[747094.155600001104176,7723959.985600000247359],[747081.155600001104176,7723959.985600000247359],[747081.155600001104176,7723958.985600001178682],[747079.155600001104176,7723958.985600001178682],[747079.155600001104176,7723957.985600002110004],[747077.155600000172853,7723957.985600002110004],[747077.155600000172853,7723956.985600000247359],[747074.155600001104176,7723956.985600000247359],[747074.155600001104176,7723955.985600001178682],[747072.155600000172853,7723955.985600001178682],[747072.155600000172853,7723954.985600000247359],[747069.155600000172853,7723954.985600000247359],[747069.155600000172853,7723953.985600001178682],[747066.155600001104176,7723953.985600001178682],[747066.155600001104176,7723952.985600002110004],[747062.155600000172853,7723952.985600002110004],[747062.155600000172853,7723951.985600000247359],[747060.155600002035499,7723951.985600000247359],[747060.155600002035499,7723950.985600001178682],[747057.155600000172853,7723950.985600001178682],[747057.155600000172853,7723948.985600000247359],[747044.155600000172853,7723948.985600000247359],[747044.155600000172853,7723946.985600000247359],[747043.155600001104176,7723946.985600000247359],[747043.155600001104176,7723944.985599999316037],[747042.155599999241531,7723944.985599999316037],[747042.155599999241531,7723943.985600000247359],[747030.155600001104176,7723943.985600000247359],[747030.155600001104176,7723942.985600001178682],[747025.155600001104176,7723942.985600001178682],[747025.155600001104176,7723941.985600000247359],[747019.155600002035499,7723941.985600000247359],[747019.155600002035499,7723940.985600001178682],[747016.155600000172853,7723940.985600001178682],[747016.155600000172853,7723939.985600002110004],[747011.155600000172853,7723939.985600002110004],[747011.155600000172853,7723938.985600000247359],[747008.155600000172853,7723938.985600000247359],[747008.155600000172853,7723937.985600001178682],[747004.155600001104176,7723937.985600001178682],[747004.155600001104176,7723936.985600000247359],[747001.155599999241531,7723936.985600000247359],[747001.155599999241531,7723935.985600001178682],[746997.155600001104176,7723935.985600001178682],[746997.155600001104176,7723934.985600002110004],[746994.155600001104176,7723934.985600002110004],[746994.155600001104176,7723933.985600000247359],[746990.155600000172853,7723933.985600000247359],[746990.155600000172853,7723932.985600001178682],[746987.155600001104176,7723932.985600001178682],[746987.155600001104176,7723931.985600000247359],[746981.155600001104176,7723931.985600000247359],[746981.155600001104176,7723930.985600001178682],[746977.155600000172853,7723930.985600001178682],[746977.155600000172853,7723929.985600001178682],[746973.155600002035499,7723929.985600001178682],[746973.155600002035499,7723928.985600000247359],[746966.155600001104176,7723928.985600000247359],[746966.155600001104176,7723927.985600001178682],[746965.155600000172853,7723927.985600001178682],[746965.155600000172853,7723925.985600000247359],[746964.155600001104176,7723925.985600000247359],[746964.155600001104176,7723924.985600001178682],[746957.155600000172853,7723924.985600001178682],[746957.155600000172853,7723923.985600000247359],[746953.155600001104176,7723923.985600000247359],[746953.155600001104176,7723922.985600001178682],[746949.155600000172853,7723922.985600001178682],[746949.155600000172853,7723921.985599999316037],[746945.155600002035499,7723921.985599999316037],[746945.155600002035499,7723920.985600000247359],[746941.155600001104176,7723920.985600000247359],[746941.155600001104176,7723919.985600001178682],[746938.155600001104176,7723919.985600001178682],[746938.155600001104176,7723918.985600000247359],[746934.155600000172853,7723918.985600000247359],[746934.155600000172853,7723917.985600001178682],[746930.155600001104176,7723917.985600001178682],[746930.155600001104176,7723916.985600002110004],[746926.155600000172853,7723916.985600002110004],[746926.155600000172853,7723915.985600000247359],[746921.155600000172853,7723915.985600000247359],[746921.155600000172853,7723914.985600001178682],[746915.155600001104176,7723914.985600001178682],[746915.155600001104176,7723913.985600000247359],[746913.155600000172853,7723913.985600000247359],[746913.155600000172853,7723912.985600001178682],[746912.155600001104176,7723912.985600001178682],[746912.155600001104176,7723910.985600000247359],[746910.155600001104176,7723910.985600000247359],[746910.155600001104176,7723909.985600001178682],[746894.155600002035499,7723909.985600001178682],[746894.155600002035499,7723908.985600000247359],[746891.155600000172853,7723908.985600000247359],[746891.155600000172853,7723907.985600001178682],[746888.155600000172853,7723907.985600001178682],[746888.155600000172853,7723906.985600001178682],[746883.155600000172853,7723906.985600001178682],[746883.155600000172853,7723905.985600000247359],[746878.155600000172853,7723905.985600000247359],[746878.155600000172853,7723904.985600001178682],[746875.155600000172853,7723904.985600001178682],[746875.155600000172853,7723903.985600000247359],[746870.155600000172853,7723903.985600000247359],[746870.155600000172853,7723902.985600000247359],[746867.155600000172853,7723902.985600000247359],[746867.155600000172853,7723901.985600001178682],[746864.155600001104176,7723901.985600001178682],[746864.155600001104176,7723900.985600000247359],[746860.155600000172853,7723900.985600000247359],[746860.155600000172853,7723899.985600001178682],[746856.155600001104176,7723899.985600001178682],[746856.155600001104176,7723898.985599999316037],[746852.155600000172853,7723898.985599999316037],[746852.155600000172853,7723897.985600000247359],[746844.155600000172853,7723897.985600000247359],[746844.155600000172853,7723896.985600001178682],[746843.155600001104176,7723896.985600001178682],[746843.155600001104176,7723894.985600001178682],[746843.002499999478459,7723894.985600001178682],[746842.155600000172853,7723894.985600001178682],[746842.155600000172853,7723893.985600002110004],[746842.155600000172853,7723892.985600000247359],[746841.155600001104176,7723892.985600000247359],[746841.155600001104176,7723890.985600000247359],[746840.155600002035499,7723890.985600000247359],[746840.155600002035499,7723889.985600001178682],[746836.155600001104176,7723889.985600001178682],[746836.155600001104176,7723884.985600001178682],[746837.155600000172853,7723884.985600001178682],[746837.155600000172853,7723872.985600000247359],[746836.155600001104176,7723872.985600000247359],[746836.155600001104176,7723871.985600001178682],[746835.155600002035499,7723871.985600001178682],[746835.155600002035499,7723870.985600002110004],[746834.155600000172853,7723870.985600002110004],[746834.155600000172853,7723869.985600000247359],[746833.155600001104176,7723869.985600000247359],[746833.155600001104176,7723867.985600000247359],[746832.155600000172853,7723867.985600000247359],[746832.155600000172853,7723865.985600002110004],[746831.155600001104176,7723865.985600002110004],[746831.155600001104176,7723863.985600001178682],[746830.155600002035499,7723863.985600001178682],[746830.155600002035499,7723860.985600001178682],[746829.155600000172853,7723860.985600001178682],[746829.155600000172853,7723792.985600000247359],[746830.155600002035499,7723792.985600000247359],[746830.155600002035499,7723733.985600001178682],[746829.155600000172853,7723733.985600001178682],[746829.155600000172853,7723714.052300000563264],[746828.232100000604987,7723701.985599999316037],[746828.155600001104176,7723701.985599999316037],[746828.155600001104176,7723700.985600000247359],[746827.155600000172853,7723700.985600000247359],[746827.155600000172853,7723699.985600001178682],[746826.155600001104176,7723699.985600001178682],[746826.155600001104176,7723698.862499999813735],[746763.155600000172853,7723631.985600000247359],[746763.155600000172853,7723627.985600002110004],[746763.974500000476837,7723627.985600002110004],[746764.155600001104176,7723627.101100001484156],[746764.155600001104176,7723623.985600001178682],[746764.793400000780821,7723623.985600001178682],[746765.155600000172853,7723622.21650000102818],[746765.155600000172853,7723619.985600000247359],[746765.612300001084805,7723619.985600000247359],[746766.155600002035499,7723617.331900000572205],[746766.155600002035499,7723615.985600001178682],[746766.431200002320111,7723615.985600001178682],[746767.155600001104176,7723612.447400000877678],[746767.155600001104176,7723611.985600000247359],[746767.250100000761449,7723611.985600000247359],[746789.155700000934303,7723504.985600000247359],[746788.155700000934303,7723504.985600000247359],[746788.155700000934303,7723503.985600001178682],[746787.1557,7723503.985600001178682],[746787.1557,7723502.985600001178682],[746786.155700000934303,7723502.985600001178682],[746786.155700000934303,7723501.985600000247359],[746785.155699999071658,7723501.985600000247359],[746785.155699999071658,7723500.985600001178682],[746784.1557,7723500.985600001178682],[746784.1557,7723499.985599999316037],[746783.155700000934303,7723499.985599999316037],[746783.155700000934303,7723498.385700000450015],[746779.1557,7723493.985600000247359],[746778.246500002220273,7723492.985600001178682],[746778.155700000934303,7723492.985600001178682],[746778.155700000934303,7723492.885700001381338],[746777.33739999961108,7723491.985600000247359],[746777.1557,7723491.985600000247359],[746777.1557,7723491.785699999891222],[746776.428299999795854,7723490.985600001178682],[746776.155700000934303,7723490.985600001178682],[746776.155700000934303,7723490.685700000263751],[746775.519200000911951,7723489.985600002110004],[746775.155700001865625,7723489.985600002110004],[746775.155700001865625,7723489.58570000063628],[746774.610100001096725,7723488.985600000247359],[746774.1557,7723488.985600000247359],[746774.1557,7723488.485700001008809],[746773.7010000012815,7723487.985600001178682],[746773.155700000934303,7723487.985600001178682],[746773.155700000934303,7723487.385799999348819],[746772.791899999603629,7723486.985600000247359],[746772.1557,7723486.985600000247359],[746772.1557,7723486.285799999721348],[746771.882799999788404,7723485.985600001178682],[746771.155700000934303,7723485.985600001178682],[746771.155700000934303,7723485.1858],[746770.973699999973178,7723484.985600002110004],[746770.155700001865625,7723484.985600002110004],[746770.155700001865625,7723484.085800000466406],[746770.064600000157952,7723483.985600000247359],[746769.1557,7723483.985600000247359],[746769.155600001104176,7723482.9857],[746768.155700000934303,7723482.985600001178682],[746768.155700000934303,7723481.985600000247359],[746767.1557,7723481.985600000247359],[746767.1557,7723480.985600001178682],[746766.1557,7723480.985600001178682],[746766.1557,7723479.985600001178682],[746765.155700000934303,7723479.985600001178682],[746765.155700000934303,7723478.985600000247359],[746764.1557,7723478.985600000247359],[746764.1557,7723477.985600001178682],[746763.155700000934303,7723477.985600001178682],[746763.155700000934303,7723476.985599999316037],[746762.155699999071658,7723476.985599999316037],[746762.155699999071658,7723475.985600000247359],[746761.1557,7723475.985600000247359],[746761.1557,7723474.985600001178682],[746760.155700000934303,7723474.985600001178682],[746760.155700000934303,7723473.085799999535084],[746749.155600001104176,7723460.985700001008809],[746748.246299998834729,7723459.985600001178682],[746748.155700000934303,7723459.985600001178682],[746748.155700000934303,7723459.885900001041591],[746747.337199999950826,7723458.985600000247359],[746747.155700001865625,7723458.985600000247359],[746747.155700001865625,7723458.785899999551475],[746746.428100000135601,7723457.985600000247359],[746746.1557,7723457.985600000247359],[746746.1557,7723457.6859],[746739.155600001104176,7723449.985800000838935],[746738.246300001628697,7723448.985600002110004],[746738.1557,7723448.985600002110004],[746738.1557,7723448.885900000110269],[746737.337200001813471,7723447.985600000247359],[746737.155700000934303,7723447.985600000247359],[746737.155700000934303,7723447.785900000482798],[746736.428099999204278,7723446.985600001178682],[746736.1557,7723446.985600001178682],[746736.1557,7723446.6859],[746735.519000000320375,7723445.985600000247359],[746735.155700000934303,7723445.985600000247359],[746735.155700000934303,7723445.585900000296533],[746734.609900000505149,7723444.985600001178682],[746734.155700001865625,7723444.985600001178682],[746734.155700001865625,7723444.485900000669062],[746733.700899999588728,7723443.985600002110004],[746733.1557,7723443.985600002110004],[746733.1557,7723443.385900001041591],[746732.791799999773502,7723442.985600000247359],[746732.155700000934303,7723442.985600000247359],[746732.155700000934303,7723442.285899999551475],[746731.882699999958277,7723441.985600001178682],[746731.1557,7723441.985600001178682],[746731.1557,7723441.1859],[746730.973600000143051,7723440.985600000247359],[746730.155700000934303,7723440.985600000247359],[746730.155700000934303,7723440.085900000296533],[746730.064500000327826,7723439.985600001178682],[746729.155700001865625,7723439.985600001178682],[746729.155600000172853,7723438.9857],[746728.1557,7723438.985600002110004],[746728.1557,7723437.985600000247359],[746727.155700000934303,7723437.985600000247359],[746727.155700000934303,7723436.985600001178682],[746726.1557,7723436.985600001178682],[746726.1557,7723435.985600000247359],[746725.155700000934303,7723435.985600000247359],[746725.155700000934303,7723434.985600000247359],[746724.155700001865625,7723434.985600000247359],[746724.155700001865625,7723433.985600001178682],[746723.1557,7723433.985600001178682],[746723.1557,7723432.985600000247359],[746722.155700000934303,7723432.985600000247359],[746722.155700000934303,7723431.985600001178682],[746721.1557,7723431.985600001178682],[746721.1557,7723430.985599999316037],[746720.1557,7723430.985599999316037],[746720.1557,7723429.985600000247359],[746719.155700000934303,7723429.985600000247359],[746719.155700000934303,7723428.985600001178682],[746718.1557,7723428.985600001178682],[746718.1557,7723427.985600000247359],[746717.155700000934303,7723427.985600000247359],[746717.155700000934303,7723426.985600001178682],[746716.155699999071658,7723426.985600001178682],[746716.155699999071658,7723425.985600002110004],[746715.1557,7723425.985600002110004],[746715.1557,7723424.985600000247359],[746714.155700000934303,7723424.985600000247359],[746714.155700000934303,7723423.985600001178682],[746713.1557,7723423.985600001178682],[746713.1557,7723422.985600000247359],[746712.155700000934303,7723422.985600000247359],[746712.155700000934303,7723421.985600001178682],[746711.155700001865625,7723421.985600001178682],[746711.155700001865625,7723420.985600002110004],[746710.1557,7723420.985600002110004],[746710.1557,7723419.985600000247359],[746709.155700000934303,7723419.985600000247359],[746709.155700000934303,7723418.985600001178682],[746708.1557,7723418.985600001178682],[746708.1557,7723417.985600000247359],[746707.155700000934303,7723417.985600000247359],[746707.155700000934303,7723416.985600001178682],[746706.155700001865625,7723416.985600001178682],[746706.155700001865625,7723415.985600002110004],[746705.1557,7723415.985600002110004],[746705.1557,7723414.985600000247359],[746704.155700000934303,7723414.985600000247359],[746704.155700000934303,7723413.985600001178682],[746703.1557,7723413.985600001178682],[746703.1557,7723412.985600000247359],[746702.155700000934303,7723412.985600000247359],[746702.155700000934303,7723411.985600000247359],[746701.155700000934303,7723411.985600000247359],[746701.155700000934303,7723410.985600001178682],[746700.1557,7723410.985600001178682],[746700.1557,7723409.985600000247359],[746699.155700000934303,7723409.985600000247359],[746699.155700000934303,7723408.985600001178682],[746698.1557,7723408.985600001178682],[746698.1557,7723407.985599999316037],[746697.1557,7723407.985599999316037],[746697.1557,7723406.985600000247359],[746696.155700000934303,7723406.985600000247359],[746696.155700000934303,7723405.985600001178682],[746695.1557,7723405.985600001178682],[746695.1557,7723404.985600000247359],[746694.155700000934303,7723404.985600000247359],[746694.155700000934303,7723403.985600001178682],[746693.155699999071658,7723403.985600001178682],[746693.155699999071658,7723402.985600002110004],[746692.1557,7723402.985600002110004],[746692.1557,7723401.985600000247359],[746691.155700000934303,7723401.985600000247359],[746691.155700000934303,7723400.985600001178682],[746690.1557,7723400.985600001178682],[746690.1557,7723399.985600000247359],[746689.155700000934303,7723399.985600000247359],[746689.155700000934303,7723398.985600001178682],[746688.155700001865625,7723398.985600001178682],[746688.155700001865625,7723397.985600002110004],[746687.1557,7723397.985600002110004],[746687.1557,7723396.985600000247359],[746686.155700000934303,7723396.985600000247359],[746686.155700000934303,7723395.985600001178682],[746685.1557,7723395.985600001178682],[746685.1557,7723394.985600000247359],[746684.155700000934303,7723394.985600000247359],[746684.155700000934303,7723393.985600001178682],[746683.155700001865625,7723393.985600001178682],[746683.155700001865625,7723392.985600001178682],[746682.1557,7723392.985600001178682],[746682.1557,7723391.985600000247359],[746681.155700000934303,7723391.985600000247359],[746681.155700000934303,7723390.985600001178682],[746680.1557,7723390.985600001178682],[746680.1557,7723389.985600000247359],[746679.155700000934303,7723389.985600000247359],[746679.155700000934303,7723388.985600000247359],[746678.155700000934303,7723388.985600000247359],[746678.155700000934303,7723387.985600001178682],[746677.1557,7723387.985600001178682],[746677.1557,7723386.985600000247359],[746676.155700000934303,7723386.985600000247359],[746676.155700000934303,7723385.985600001178682],[746675.1557,7723385.985600001178682],[746675.1557,7723384.985599999316037],[746674.1557,7723384.985599999316037],[746674.1557,7723383.985600000247359],[746673.155700000934303,7723383.985600000247359],[746673.155700000934303,7723382.985600001178682],[746672.1557,7723382.985600001178682],[746672.1557,7723381.985600000247359],[746671.155700000934303,7723381.985600000247359],[746671.155700000934303,7723380.985600001178682],[746670.155700001865625,7723380.985600001178682],[746670.155700001865625,7723379.985600002110004],[746669.1557,7723379.985600002110004],[746669.1557,7723372.985600001178682],[746670.155700001865625,7723366.185600001364946],[746670.155700001865625,7723364.985600001178682],[746670.332200000993907,7723364.985600001178682],[746671.155700000934303,7723359.385700001381338],[746671.155700000934303,7723357.985600001178682],[746671.361600000411272,7723357.985600001178682],[746672.1557,7723352.585699999704957],[746672.1557,7723349.985600001178682],[746672.538099999539554,7723349.985600001178682],[746673.155700000934303,7723345.785699999891222],[746673.155700000934303,7723342.985600000247359],[746673.567500000819564,7723342.985600000247359],[746674.1557,7723338.985700001008809],[746674.1557,7723334.985600001178682],[746674.743900000117719,7723334.985600001178682],[746675.1557,7723332.185700001195073],[746675.1557,7723326.985600001178682],[746675.920400001108646,7723326.985600001178682],[746676.155700000934303,7723325.385700001381338],[746676.155700000934303,7723319.985600000247359],[746676.949800000526011,7723319.985600000247359],[746677.1557,7723318.585699999704957],[746677.1557,7723311.985600001178682],[746678.126299999654293,7723311.985600001178682],[746678.155700000934303,7723311.7856],[746678.155700000934303,7723304.985600000247359],[746679.155700000934303,7723304.985600000247359],[746667.519299999810755,7723300.985600001178682],[746654.1557,7723300.985600001178682],[746654.1557,7723299.985600000247359],[746653.155700000934303,7723299.985600000247359],[746653.155700000934303,7723298.985600001178682],[746652.155699999071658,7723298.985600001178682],[746652.155699999071658,7723297.985599999316037],[746651.1557,7723297.985599999316037],[746651.1557,7723296.985600000247359],[746650.155700000934303,7723296.985600000247359],[746650.155700000934303,7723295.985600001178682],[746649.1557,7723295.985600001178682],[746649.1557,7723294.985600000247359],[746648.155700000934303,7723294.985600000247359],[746648.155700000934303,7723294.329400000162423],[746647.155700001865625,7723293.985600001178682],[746646.174200001172721,7723292.985600002110004],[746646.1557,7723292.985600002110004],[746646.1557,7723292.966699999757111],[746645.192700000479817,7723291.985600000247359],[746645.155700000934303,7723291.985600000247359],[746645.155700000934303,7723291.947900000959635],[746644.211199999786913,7723290.985600001178682],[746644.1557,7723290.985600001178682],[746644.1557,7723290.928999999538064],[746643.229800000786781,7723289.985600000247359],[746643.155700000934303,7723289.985600000247359],[746643.155700000934303,7723289.9101],[746642.248300000093877,7723288.985600001178682],[746642.155700001865625,7723288.985600001178682],[746642.155700001865625,7723288.891300001181662],[746641.266800001263618,7723287.985600002110004],[746641.1557,7723287.985600002110004],[746641.1557,7723287.872399999760091],[746640.285300001502037,7723286.985600000247359],[746640.155700000934303,7723286.985600000247359],[746640.155700000934303,7723286.853600000962615],[746639.303800000809133,7723285.985600001178682],[746639.1557,7723285.985600001178682],[746639.1557,7723285.834699999541044],[746638.322300000116229,7723284.985600000247359],[746638.155700000934303,7723284.985600000247359],[746638.155700000934303,7723284.8158],[746637.340800002217293,7723283.985600001178682],[746637.155700001865625,7723283.985600001178682],[746637.155700001865625,7723283.797000001184642],[746636.359400000423193,7723282.985600002110004],[746636.1557,7723282.985600002110004],[746636.1557,7723282.778099999763072],[746635.377899999730289,7723281.985600000247359],[746635.155700000934303,7723281.985600000247359],[746635.155700000934303,7723281.759200000204146],[746634.39640000090003,7723280.985600001178682],[746634.1557,7723280.985600001178682],[746634.1557,7723280.740399999544024],[746633.414900001138449,7723279.985600000247359],[746633.155700000934303,7723279.985600000247359],[746633.155700000934303,7723279.7215],[746632.433400000445545,7723278.985600000247359],[746632.155700000934303,7723278.985600000247359],[746632.155700000934303,7723278.702600000426173],[746631.451899999752641,7723277.985600001178682],[746631.1557,7723277.985600001178682],[746631.1557,7723277.683799999766052],[746630.470499999821186,7723276.985600000247359],[746630.155700000934303,7723276.985600000247359],[746630.155700000934303,7723276.664900000207126],[746629.489000000059605,7723275.985600001178682],[746629.155699999071658,7723275.985600001178682],[746629.155699999071658,7723275.646000000648201],[746628.507500001229346,7723274.985599999316037],[746628.1557,7723274.985599999316037],[746628.1557,7723274.6272],[746628.1557,7723272.985600001178682],[746627.155700000934303,7723272.985600001178682],[746627.155700000934303,7723271.985600000247359],[746626.1557,7723271.985600000247359],[746626.1557,7723270.985600001178682],[746625.155700000934303,7723270.985600001178682],[746625.155700000934303,7723269.985600002110004],[746624.155700001865625,7723269.985600002110004],[746624.155700001865625,7723268.985600000247359],[746623.1557,7723268.985600000247359],[746623.1557,7723267.985600001178682],[746622.155700000934303,7723267.985600001178682],[746622.155700000934303,7723266.985600000247359],[746621.1557,7723266.985600000247359],[746621.1557,7723265.985600001178682],[746620.155700000934303,7723265.985600001178682],[746620.155700000934303,7723264.985600002110004],[746619.155700001865625,7723264.985600002110004],[746619.155700001865625,7723263.985600000247359],[746618.1557,7723263.985600000247359],[746618.1557,7723262.985600001178682],[746617.155700000934303,7723262.985600001178682],[746617.155700000934303,7723261.985600000247359],[746616.1557,7723261.985600000247359],[746616.1557,7723260.985600001178682],[746615.155700000934303,7723260.985600001178682],[746615.155700000934303,7723259.985600002110004],[746614.155700001865625,7723259.985600002110004],[746614.155700001865625,7723258.985600000247359],[746613.1557,7723258.985600000247359],[746613.1557,7723257.985600001178682],[746612.155700000934303,7723257.985600001178682],[746612.155700000934303,7723256.985600000247359],[746611.1557,7723256.985600000247359],[746611.1557,7723255.985600000247359],[746610.155700000934303,7723255.985600000247359],[746610.155700000934303,7723254.985600001178682],[746609.155700000934303,7723254.985600001178682],[746609.155700000934303,7723253.985600000247359],[746608.1557,7723253.985600000247359],[746608.1557,7723252.985600001178682],[746607.155700000934303,7723252.985600001178682],[746607.155700000934303,7723251.985599999316037],[746606.155699999071658,7723251.985599999316037],[746606.155699999071658,7723250.985600000247359],[746605.1557,7723250.985600000247359],[746605.1557,7723249.985600001178682],[746604.155700000934303,7723249.985600001178682],[746604.155700000934303,7723248.985600000247359],[746603.1557,7723248.985600000247359],[746603.1557,7723247.985600001178682],[746602.155700000934303,7723247.985600001178682],[746602.155700000934303,7723246.985600002110004],[746601.155700001865625,7723246.985600002110004],[746601.155700001865625,7723245.985600000247359],[746600.1557,7723245.985600000247359],[746600.1557,7723244.985600001178682],[746599.155700000934303,7723244.985600001178682],[746599.155700000934303,7723243.985600000247359],[746598.1557,7723243.985600000247359],[746598.1557,7723242.985600001178682],[746597.155700000934303,7723242.985600001178682],[746597.155700000934303,7723241.985600002110004],[746596.155700001865625,7723241.985600002110004],[746596.155700001865625,7723240.985600000247359],[746595.1557,7723240.985600000247359],[746595.1557,7723239.985600001178682],[746594.155700000934303,7723239.985600001178682],[746594.155700000934303,7723238.985600000247359],[746593.937800000421703,7723238.985600000247359],[746593.1557,7723238.985600000247359],[746593.1557,7723237.985600001178682],[746592.155700000934303,7723237.985600001178682],[746592.155700000934303,7723236.985600001178682],[746591.155700001865625,7723236.985600001178682],[746591.155700001865625,7723235.985600000247359],[746590.1557,7723235.985600000247359],[746590.1557,7723234.985600001178682],[746589.155700000934303,7723234.985600001178682],[746589.155700000934303,7723233.985600000247359],[746588.1557,7723233.985600000247359],[746588.1557,7723231.985600001178682],[746587.1557,7723231.985600001178682],[746587.1557,7723224.985600001178682],[746586.155700000934303,7723224.985600001178682],[746586.155700000934303,7723217.985600000247359],[746585.1557,7723217.985600000247359],[746585.1557,7723210.985600000247359],[746584.155700000934303,7723210.985600000247359],[746584.155700000934303,7723203.985600001178682],[746583.155699999071658,7723203.985600001178682],[746583.155699999071658,7723196.985600001178682],[746582.1557,7723196.985600001178682],[746582.1557,7723189.985600000247359],[746581.155700000934303,7723189.985600000247359],[746581.155700000934303,7723182.985600002110004],[746580.1557,7723182.985600002110004],[746580.1557,7723175.985600001178682],[746579.155700000934303,7723175.985600001178682],[746579.155700000934303,7723171.162100001238286],[746579.155700000934303,7723168.985600001178682],[746578.681300000287592,7723168.985600001178682],[746578.155700001865625,7723168.985600001178682],[746578.155700001865625,7723166.573900000192225],[746578.155700001865625,7723161.985600000247359],[746577.1557,7723161.985600000247359],[746577.1557,7723154.985600002110004],[746578.155700001865625,7723154.985600002110004],[746578.155700001865625,7723153.985600000247359],[746579.155700000934303,7723153.985600000247359],[746579.155700000934303,7723152.985600001178682],[746580.1557,7723152.985600001178682],[746580.1557,7723151.985600000247359],[746581.155700000934303,7723151.985600000247359],[746581.155700000934303,7723150.985600001178682],[746582.1557,7723150.985600001178682],[746582.1557,7723149.985600002110004],[746583.155699999071658,7723149.985600002110004],[746583.155699999071658,7723148.985600000247359],[746584.155700000934303,7723148.985600000247359],[746584.155700000934303,7723147.985600001178682],[746585.1557,7723147.985600001178682],[746585.1557,7723146.985600000247359],[746586.155700000934303,7723146.985600000247359],[746586.155700000934303,7723145.985600001178682],[746587.1557,7723145.985600001178682],[746587.1557,7723144.985600001178682],[746588.1557,7723144.985600001178682],[746588.1557,7723143.985600000247359],[746589.155700000934303,7723143.985600000247359],[746589.155700000934303,7723142.985600001178682],[746590.1557,7723142.985600001178682],[746590.1557,7723141.985599999316037],[746591.155700001865625,7723141.985599999316037],[746591.155700001865625,7723140.985600000247359],[746592.155700000934303,7723140.985600000247359],[746592.155700000934303,7723139.985600001178682],[746593.1557,7723139.985600001178682],[746593.1557,7723138.985600000247359],[746594.155700000934303,7723138.985600000247359],[746594.155700000934303,7723137.985600001178682],[746595.1557,7723137.985600001178682],[746595.1557,7723136.985600002110004],[746596.155700001865625,7723136.985600002110004],[746596.155700001865625,7723135.985600000247359],[746597.155700000934303,7723135.985600000247359],[746597.155700000934303,7723134.985600001178682],[746598.1557,7723134.985600001178682],[746598.1557,7723133.985600000247359],[746599.155700000934303,7723133.985600000247359],[746599.155700000934303,7723132.985600001178682],[746600.1557,7723132.985600001178682],[746600.1557,7723131.985600002110004],[746601.155700001865625,7723131.985600002110004],[746601.155700001865625,7723130.985600000247359],[746602.155700000934303,7723130.985600000247359],[746602.155700000934303,7723129.985600001178682],[746603.1557,7723129.985600001178682],[746603.1557,7723128.985600000247359],[746604.155700000934303,7723128.985600000247359],[746604.155700000934303,7723127.985600001178682],[746605.1557,7723127.985600001178682],[746605.1557,7723126.985600002110004],[746606.155699999071658,7723126.985600002110004],[746606.155699999071658,7723125.985600000247359],[746607.155700000934303,7723125.985600000247359],[746607.155700000934303,7723124.985600001178682],[746608.1557,7723124.985600001178682],[746608.1557,7723123.985600000247359],[746609.155700000934303,7723123.985600000247359],[746609.155700000934303,7723122.985600000247359],[746610.155700000934303,7723122.985600000247359],[746610.155700000934303,7723121.985600001178682],[746611.1557,7723121.985600001178682],[746611.1557,7723120.985600000247359],[746612.155700000934303,7723120.985600000247359],[746612.155700000934303,7723119.985600001178682],[746613.1557,7723119.985600001178682],[746613.1557,7723118.985599999316037],[746614.155700001865625,7723118.985599999316037],[746614.155700001865625,7723117.985600000247359],[746614.333300000987947,7723117.985600000247359],[746615.155700000934303,7723113.354100000113249],[746615.155700000934303,7723086.985600001178682],[746616.1557,7723086.985600001178682],[746616.1557,7723084.985600000247359],[746617.155700000934303,7723084.985600000247359],[746617.155700000934303,7723083.985600001178682],[746618.1557,7723083.985600001178682],[746618.1557,7723080.985600002110004],[746619.155700001865625,7723080.985600002110004],[746619.155700001865625,7723078.985600001178682],[746620.155700000934303,7723078.985600001178682],[746620.155700000934303,7723076.985600000247359],[746621.1557,7723076.985600000247359],[746621.1557,7723073.985600001178682],[746622.146399999968708,7723073.985600001178682],[746622.155700000934303,7723073.933200000785291],[746622.155700000934303,7723071.985600000247359],[746622.501500000245869,7723071.985600000247359],[746633.155700000934303,7723011.985600001178682],[746634.1557,7723011.1897],[746634.1557,7723010.985600000247359],[746634.412100001238286,7723010.985600000247359],[746635.155700000934303,7723010.393799999728799],[746635.155700000934303,7723009.985600001178682],[746635.668600000441074,7723009.985600001178682],[746636.1557,7723009.597900000400841],[746636.1557,7723008.985599999316037],[746636.925000000745058,7723008.985599999316037],[746637.155700001865625,7723008.802000001072884],[746637.155700001865625,7723007.985600000247359],[746638.155700000934303,7723007.985600000247359],[746638.155700000934303,7723006.985600001178682],[746639.1557,7723006.985600001178682],[746639.1557,7723005.985600000247359],[746640.155700000934303,7723005.985600000247359],[746640.155700000934303,7723004.985600001178682],[746641.1557,7723004.985600001178682],[746641.1557,7723003.985600002110004],[746642.155700001865625,7723003.985600002110004],[746642.155700001865625,7723002.985600000247359],[746643.155700000934303,7723002.985600000247359],[746643.155700000934303,7723001.985600001178682],[746644.1557,7723001.985600001178682],[746644.1557,7723000.985600000247359],[746645.155700000934303,7723000.985600000247359],[746645.155700000934303,7722999.985600001178682],[746646.1557,7722999.985600001178682],[746646.1557,7722998.985600002110004],[746647.155700001865625,7722998.985600002110004],[746647.155700001865625,7722997.985600000247359],[746648.155700000934303,7722997.985600000247359],[746648.155700000934303,7722996.985600001178682],[746649.1557,7722996.985600001178682],[746649.1557,7722995.985600000247359],[746650.155700000934303,7722995.985600000247359],[746650.155700000934303,7722993.985600002110004],[746651.1557,7722993.985600002110004],[746651.1557,7722991.985600001178682],[746652.155699999071658,7722991.985600001178682],[746652.155699999071658,7722990.985600000247359],[746654.1557,7722990.985600000247359],[746654.1557,7722989.985600001178682],[746655.155700000934303,7722989.985600001178682],[746655.155700000934303,7722988.985600001178682],[746656.155700000934303,7722988.985600001178682],[746656.155700000934303,7722987.985600000247359],[746657.1557,7722987.985600000247359],[746657.1557,7722986.985600001178682],[746658.155700000934303,7722986.985600001178682],[746658.155700000934303,7722985.985599999316037],[746659.1557,7722985.985599999316037],[746659.1557,7722984.985600000247359],[746660.155700001865625,7722984.985600000247359],[746660.155700001865625,7722983.985600001178682],[746661.155700000934303,7722983.985600001178682],[746661.155700000934303,7722982.985600000247359],[746662.1557,7722982.985600000247359],[746662.1557,7722981.985600001178682],[746663.155700000934303,7722981.985600001178682],[746663.155700000934303,7722980.985600002110004],[746665.155700001865625,7722980.985600002110004],[746665.155700001865625,7722979.985600000247359],[746666.155700000934303,7722979.985600000247359],[746666.155700000934303,7722978.985600001178682],[746668.155700000934303,7722978.985600001178682],[746668.155700000934303,7722977.985600000247359],[746670.155700001865625,7722977.985600000247359],[746670.155700001865625,7722976.985600001178682],[746671.155700000934303,7722976.985600001178682],[746671.155700000934303,7722975.985600002110004],[746673.155700000934303,7722975.985600002110004],[746673.155700000934303,7722974.985600000247359],[746675.1557,7722974.985600000247359],[746675.1557,7722973.985600001178682],[746677.1557,7722973.985600001178682],[746677.1557,7722972.985600000247359],[746680.1557,7722972.985600000247359],[746680.1557,7722971.985600001178682],[746682.1557,7722971.985600001178682],[746682.1557,7722970.985600002110004],[746684.668999999761581,7722970.985600002110004],[746685.1557,7722970.598199999891222],[746685.1557,7722969.985600000247359],[746685.925400000065565,7722969.985600000247359],[746686.155700000934303,7722969.802299999631941],[746686.155700000934303,7722968.985600001178682],[746687.1557,7722968.985600001178682],[746687.1557,7722967.985600000247359],[746688.155700001865625,7722967.985600000247359],[746688.155700001865625,7722966.985600001178682],[746689.155700000934303,7722966.985600001178682],[746689.155700000934303,7722965.985600001178682],[746690.1557,7722965.985600001178682],[746690.1557,7722964.985600000247359],[746691.155700000934303,7722964.985600000247359],[746691.155700000934303,7722963.985600001178682],[746692.1557,7722963.985600001178682],[746692.1557,7722962.985599999316037],[746693.155699999071658,7722962.985599999316037],[746693.155699999071658,7722961.985600000247359],[746694.155700000934303,7722961.985600000247359],[746694.155700000934303,7722960.985600001178682],[746696.155700000934303,7722960.985600001178682],[746696.155700000934303,7722959.985600000247359],[746697.1557,7722959.985600000247359],[746697.1557,7722958.985600001178682],[746698.1557,7722958.985600001178682],[746698.1557,7722957.985600002110004],[746699.155700000934303,7722957.985600002110004],[746699.155700000934303,7722956.985600000247359],[746700.1557,7722956.985600000247359],[746700.1557,7722955.985600001178682],[746701.155700000934303,7722955.985600001178682],[746701.155700000934303,7722954.985600000247359],[746702.155700000934303,7722954.985600000247359],[746702.155700000934303,7722953.985600001178682],[746703.1557,7722953.985600001178682],[746703.1557,7722952.985600002110004],[746704.155700000934303,7722952.985600002110004],[746704.155700000934303,7722951.985600000247359],[746705.1557,7722951.985600000247359],[746705.1557,7722950.985600001178682],[746706.155700001865625,7722950.985600001178682],[746706.155700001865625,7722949.985600000247359],[746707.155700000934303,7722949.985600000247359],[746707.155700000934303,7722948.985600001178682],[746709.155700000934303,7722948.985600001178682],[746709.155700000934303,7722947.985600002110004],[746712.155700000934303,7722947.985600002110004],[746712.155700000934303,7722946.985600000247359],[746714.155700000934303,7722946.985600000247359],[746714.155700000934303,7722945.985600001178682],[746716.079300001263618,7722945.985600001178682],[746716.155699999071658,7722945.924800002016127],[746716.155699999071658,7722944.985600000247359],[746717.335699999704957,7722944.985600000247359],[746718.1557,7722944.332899999804795],[746718.1557,7722943.985600000247359],[746718.5921,7722943.985600000247359],[746756.1557,7722914.087900001555681],[746756.1557,7722913.985600000247359],[746756.284200000576675,7722913.985600000247359],[746757.155700001865625,7722913.291900000534952],[746757.155700001865625,7722912.985600001178682],[746757.540600000880659,7722912.985600001178682],[746758.155700000934303,7722912.496000001206994],[746758.155700000934303,7722911.985600002110004],[746758.797000002115965,7722911.985600002110004],[746759.1557,7722911.700100000947714],[746759.1557,7722909.985600001178682],[746760.155700000934303,7722909.985600001178682],[746760.155700000934303,7722908.985600000247359],[746761.1557,7722908.985600000247359],[746761.1557,7722903.985600000247359],[746762.155699999071658,7722903.985600000247359],[746762.155699999071658,7722902.985600001178682],[746763.155700000934303,7722902.985600001178682],[746763.155700000934303,7722901.985600002110004],[746764.1557,7722901.985600002110004],[746764.1557,7722900.985600000247359],[746765.155700000934303,7722900.985600000247359],[746765.155700000934303,7722899.985600001178682],[746766.1557,7722899.985600001178682],[746766.1557,7722898.985600000247359],[746767.1557,7722898.985600000247359],[746767.1557,7722896.985600001178682],[746768.155700000934303,7722896.985600001178682],[746768.155700000934303,7722894.111999999731779],[746574.595300001092255,7723002.0313],[746378.188000001944602,7723074.0735],[745905.680300001986325,7723238.1683],[745848.1557,7723221.985600001178682],[745846.1557,7723221.985600001178682],[745846.1557,7723220.985600000247359],[745843.1557,7723220.985600000247359],[745843.1557,7723219.985600001178682],[745839.155700001865625,7723219.985600001178682],[745839.155700001865625,7723218.985600002110004],[745838.1557,7723218.985600002110004],[745838.1557,7723219.985600001178682],[745834.155700001865625,7723219.985600001178682],[745834.155700001865625,7723220.985600000247359],[745830.155700000934303,7723220.985600000247359],[745830.155700000934303,7723221.985600001178682],[745826.1557,7723221.985600001178682],[745826.1557,7723222.985600000247359],[745822.155700000934303,7723222.985600000247359],[745822.155700000934303,7723223.985600002110004],[745818.1557,7723223.985600002110004],[745818.1557,7723224.985600001178682],[745815.1557,7723224.985600001178682],[745815.1557,7723225.985600000247359],[745811.155700001865625,7723225.985600000247359],[745811.155700001865625,7723226.985600001178682],[745807.155700000934303,7723226.985600001178682],[745807.155700000934303,7723227.985600000247359],[745803.1557,7723227.985600000247359],[745803.1557,7723228.985599999316037],[745799.155700000934303,7723228.985599999316037],[745799.155700000934303,7723229.985600001178682],[745796.155700000934303,7723229.985600001178682],[745796.155700000934303,7723230.985600000247359],[745792.1557,7723230.985600000247359],[745792.1557,7723231.985600001178682],[745788.155700001865625,7723231.985600001178682],[745788.155700001865625,7723232.985600000247359],[745784.155700000934303,7723232.985600000247359],[745784.155700000934303,7723233.985600000247359],[745780.155699999071658,7723233.985600000247359],[745780.155699999071658,7723234.985600001178682],[745776.155700000934303,7723234.985600001178682],[745776.155700000934303,7723235.985600000247359],[745773.155700000934303,7723235.985600000247359],[745773.155700000934303,7723236.985600001178682],[745769.1557,7723236.985600001178682],[745769.1557,7723237.985600001178682],[745765.155700001865625,7723237.985600001178682],[745765.155700001865625,7723238.985600000247359],[745761.155700000934303,7723238.985600000247359],[745761.155700000934303,7723239.985600001178682],[745757.155699999071658,7723239.985600001178682],[745757.155699999071658,7723240.985600000247359],[745754.1557,7723240.985600000247359],[745754.1557,7723241.985600002110004],[745750.155700000934303,7723241.985600002110004],[745750.155700000934303,7723242.985600001178682],[745746.1557,7723242.985600001178682],[745746.1557,7723243.985600000247359],[745742.155700001865625,7723243.985600000247359],[745742.155700001865625,7723244.985600001178682],[745738.155700000934303,7723244.985600001178682],[745738.155700000934303,7723245.985600000247359],[745735.155700000934303,7723245.985600000247359],[745735.155700000934303,7723246.985600002110004],[745731.1557,7723246.985600002110004],[745731.1557,7723247.985600001178682],[745727.155700000934303,7723247.985600001178682],[745727.155700000934303,7723248.985600000247359],[745723.1557,7723248.985600000247359],[745723.1557,7723249.985600001178682],[745719.155700001865625,7723249.985600001178682],[745719.155700001865625,7723250.985600000247359],[745715.1557,7723250.985600000247359],[745715.1557,7723251.985599999316037],[745712.155700000934303,7723251.985599999316037],[745712.155700000934303,7723252.985600001178682],[745708.1557,7723252.985600001178682],[745708.1557,7723253.985600000247359],[745704.155700000934303,7723253.985600000247359],[745704.155700000934303,7723254.985600001178682],[745700.1557,7723254.985600001178682],[745700.1557,7723255.985600000247359],[745696.155700001865625,7723255.985600000247359],[745696.155700001865625,7723256.985600000247359],[745693.1557,7723256.985600000247359],[745693.1557,7723257.985600001178682],[745689.155700000934303,7723257.985600001178682],[745689.155700000934303,7723258.985600000247359],[745685.1557,7723258.985600000247359],[745685.1557,7723259.985600002110004],[745681.155700000934303,7723259.985600002110004],[745681.155700000934303,7723260.985600001178682],[745677.1557,7723260.985600001178682],[745677.1557,7723261.985600000247359],[745673.155700001865625,7723261.985600000247359],[745673.155700001865625,7723262.985600001178682],[745670.1557,7723262.985600001178682],[745670.1557,7723263.985600000247359],[745666.155700000934303,7723263.985600000247359],[745666.155700000934303,7723264.985600002110004],[745662.1557,7723264.985600002110004],[745662.1557,7723265.985600001178682],[745658.155700000934303,7723265.985600001178682],[745658.155700000934303,7723266.985600000247359],[745654.1557,7723266.985600000247359],[745654.1557,7723267.985600001178682],[745651.155700000934303,7723267.985600001178682],[745651.155700000934303,7723268.985600000247359],[745647.1557,7723268.985600000247359],[745647.1557,7723269.985600002110004],[745643.155700000934303,7723269.985600002110004],[745643.155700000934303,7723270.985600001178682],[745639.1557,7723270.985600001178682],[745639.1557,7723271.985600000247359],[745635.155700000934303,7723271.985600000247359],[745635.155700000934303,7723272.985600001178682],[745632.155700001865625,7723272.985600001178682],[745632.155700001865625,7723273.985600000247359],[745628.155700000934303,7723273.985600000247359],[745628.155700000934303,7723274.985599999316037],[745624.1557,7723274.985599999316037],[745624.1557,7723275.985600001178682],[745620.155700000934303,7723275.985600001178682],[745620.155700000934303,7723276.985600000247359],[745616.1557,7723276.985600000247359],[745616.1557,7723277.985600001178682],[745612.155700000934303,7723277.985600001178682],[745612.155700000934303,7723278.985600000247359],[745609.155700001865625,7723278.985600000247359],[745609.155700001865625,7723279.985600000247359],[745605.155700000934303,7723279.985600000247359],[745605.155700000934303,7723280.985600001178682],[745601.155699999071658,7723280.985600001178682],[745601.155699999071658,7723281.985600000247359],[745597.155700000934303,7723281.985600000247359],[745597.155700000934303,7723282.985600002110004],[745593.1557,7723282.985600002110004],[745593.1557,7723283.985600001178682],[745590.1557,7723283.985600001178682],[745590.1557,7723284.985600000247359],[745586.155700001865625,7723284.985600000247359],[745586.155700001865625,7723285.985600001178682],[745582.155700000934303,7723285.985600001178682],[745582.155700000934303,7723286.985600000247359],[745578.155699999071658,7723286.985600000247359],[745578.155699999071658,7723287.985600002110004],[745574.155700000934303,7723287.985600002110004],[745197.8166000014171,7723400.0784],[744666.155700000934303,7723794.985600001178682],[744666.155700000934303,7723795.985600000247359],[744665.1557,7723795.985600000247359],[744665.1557,7723796.985600002110004],[744663.155700000934303,7723796.985600002110004],[744663.155700000934303,7723797.985600001178682],[744662.1557,7723797.985600001178682],[744662.1557,7723798.985600000247359],[744661.155700000934303,7723798.985600000247359],[744661.155700000934303,7723799.985600001178682],[744659.1557,7723799.985600001178682],[744659.1557,7723800.985600000247359],[744658.155700000934303,7723800.985600000247359],[744658.155700000934303,7723801.985600002110004],[744656.155700000934303,7723801.985600002110004],[744656.155700000934303,7723802.985600001178682],[744655.155700001865625,7723802.985600001178682],[744655.155700001865625,7723803.985600000247359],[744654.1557,7723803.985600000247359],[744654.1557,7723804.985600001178682],[744652.1557,7723804.985600001178682],[744652.1557,7723805.985600000247359],[744651.155700000934303,7723805.985600000247359],[744651.155700000934303,7723806.985600002110004],[744650.155700001865625,7723806.985600002110004],[744650.155700001865625,7723807.985600001178682],[744648.155700000934303,7723807.985600001178682],[744648.155700000934303,7723808.985600000247359],[744647.1557,7723808.985600000247359],[744647.1557,7723809.985600001178682],[744646.155700000934303,7723809.985600001178682],[744646.155700000934303,7723810.985600000247359],[744644.1557,7723810.985600000247359],[744644.1557,7723811.985599999316037],[744643.155700000934303,7723811.985599999316037],[744643.155700000934303,7723812.985600001178682],[744642.1557,7723812.985600001178682],[744642.1557,7723813.985600000247359],[744640.155700000934303,7723813.985600000247359],[744640.155700000934303,7723814.985600001178682],[744639.1557,7723814.985600001178682],[744639.1557,7723815.985600000247359],[744638.155700000934303,7723815.985600000247359],[744638.155700000934303,7723816.985600000247359],[744636.1557,7723816.985600000247359],[744636.1557,7723817.985600001178682],[744635.155700000934303,7723817.985600001178682],[744635.155700000934303,7723818.985600000247359],[744634.1557,7723818.985600000247359],[744634.1557,7723819.985600002110004],[744632.155700001865625,7723819.985600002110004],[744632.155700001865625,7723820.985600001178682],[744631.1557,7723820.985600001178682],[744631.1557,7723821.985600000247359],[744630.155700000934303,7723821.985600000247359],[744630.155700000934303,7723822.985600001178682],[744628.155700000934303,7723822.985600001178682],[744628.155700000934303,7723823.985600000247359],[744627.155700001865625,7723823.985600000247359],[744627.155700001865625,7723824.985600002110004],[744626.1557,7723824.985600002110004],[744626.1557,7723825.985600001178682],[744624.1557,7723825.985600001178682],[744624.1557,7723826.985600000247359],[744623.155700000934303,7723826.985600000247359],[744623.155700000934303,7723827.985600001178682],[744621.1557,7723827.985600001178682],[744621.1557,7723828.985600000247359],[744620.155700000934303,7723828.985600000247359],[744620.155700000934303,7723829.985600002110004],[744619.1557,7723829.985600002110004],[744619.1557,7723830.985600001178682],[744617.155700000934303,7723830.985600001178682],[744617.155700000934303,7723831.985600000247359],[744616.1557,7723831.985600000247359],[744616.1557,7723832.985600001178682],[744615.155700000934303,7723832.985600001178682],[744615.155700000934303,7723833.985600000247359],[744613.1557,7723833.985600000247359],[744613.1557,7723834.985599999316037],[744612.155700000934303,7723834.985599999316037],[744612.155700000934303,7723835.985600001178682],[744611.1557,7723835.985600001178682],[744611.1557,7723836.985600000247359],[744609.155700001865625,7723836.985600000247359],[744609.155700001865625,7723837.985600001178682],[744608.1557,7723837.985600001178682],[744608.1557,7723838.985600001178682],[744607.155700000934303,7723838.985600001178682],[744607.155700000934303,7723839.985600000247359],[744605.155700000934303,7723839.985600000247359],[744605.155700000934303,7723840.985600001178682],[744604.155700001865625,7723840.985600001178682],[744604.155700001865625,7723841.985600000247359],[744603.1557,7723841.985600000247359],[744603.1557,7723842.985600002110004],[744601.1557,7723842.985600002110004],[744601.1557,7723843.985600001178682],[744600.155700000934303,7723843.985600001178682],[744600.155700000934303,7723844.985600000247359],[744599.155700000934303,7723844.985600000247359],[744599.155700000934303,7723845.985600001178682],[744597.155700000934303,7723845.985600001178682],[744597.155700000934303,7723846.985600000247359],[744596.1557,7723846.985600000247359],[744596.1557,7723847.985600002110004],[744595.1557,7723847.985600002110004],[744595.1557,7723848.985600001178682],[744593.1557,7723848.985600001178682],[744593.1557,7723849.985600000247359],[744592.155700000934303,7723849.985600000247359],[744592.155700000934303,7723850.985600001178682],[744591.155699999071658,7723850.985600001178682],[744591.155699999071658,7723851.985600000247359],[744589.155700000934303,7723851.985600000247359],[744589.155700000934303,7723852.985600002110004],[744588.1557,7723852.985600002110004],[744588.1557,7723853.985600001178682],[744587.155700000934303,7723853.985600001178682],[744587.155700000934303,7723854.985600000247359],[744585.1557,7723854.985600000247359],[744585.1557,7723855.985600001178682],[744584.155700000934303,7723855.985600001178682],[744584.155700000934303,7723856.985600000247359],[744582.155700000934303,7723856.985600000247359],[744582.155700000934303,7723857.985599999316037],[744581.155700001865625,7723857.985599999316037],[744581.155700001865625,7723858.985600001178682],[744580.1557,7723858.985600001178682],[744580.1557,7723859.985600000247359],[744578.1557,7723859.985600000247359],[744578.1557,7723860.985600001178682],[744577.155700000934303,7723860.985600001178682],[744577.155700000934303,7723861.985600001178682],[744576.155700000934303,7723861.985600001178682],[744576.155700000934303,7723862.985600000247359],[744574.155700000934303,7723862.985600000247359],[744574.155700000934303,7723863.985600001178682],[744573.155699999071658,7723863.985600001178682],[744573.155699999071658,7723864.985600000247359],[744572.1557,7723864.985600000247359],[744572.1557,7723865.985600002110004],[744570.1557,7723865.985600002110004],[744570.1557,7723866.985600001178682],[744569.155700000934303,7723866.985600001178682],[744569.155700000934303,7723867.985600000247359],[744568.155700001865625,7723867.985600000247359],[744568.155700001865625,7723868.985600001178682],[744566.155700000934303,7723868.985600001178682],[744566.155700000934303,7723869.985600000247359],[744565.1557,7723869.985600000247359],[744565.1557,7723870.985600002110004],[744564.155700000934303,7723870.985600002110004],[744564.155700000934303,7723871.985600001178682],[744562.1557,7723871.985600001178682],[744562.1557,7723872.985600000247359],[744561.155700000934303,7723872.985600000247359],[744561.155700000934303,7723873.985600001178682],[744560.1557,7723873.985600001178682],[744560.1557,7723874.985600000247359],[744558.155700001865625,7723874.985600000247359],[744558.155700001865625,7723875.985600002110004],[744557.1557,7723875.985600002110004],[744557.1557,7723876.985600001178682],[744556.155700000934303,7723876.985600001178682],[744556.155700000934303,7723877.985600000247359],[744554.155700000934303,7723877.985600000247359],[744554.155700000934303,7723878.985600001178682],[744553.155700000934303,7723878.985600001178682],[744553.155700000934303,7723879.985600000247359],[744552.1557,7723879.985600000247359],[744552.1557,7723880.985599999316037],[744550.155699999071658,7723880.985599999316037],[744550.155699999071658,7723881.985600001178682],[744549.1557,7723881.985600001178682],[744549.1557,7723882.985600000247359],[744548.155700000934303,7723882.985600000247359],[744548.155700000934303,7723883.985600001178682],[744546.155700000934303,7723883.985600001178682],[744546.155700000934303,7723884.985600001178682],[744545.155700001865625,7723884.985600001178682],[744545.155700001865625,7723885.985600000247359],[744543.155700000934303,7723885.985600000247359],[744543.155700000934303,7723886.985600001178682],[744542.1557,7723886.985600001178682],[744542.1557,7723887.985600000247359],[744541.155700000934303,7723887.985600000247359],[744541.155700000934303,7723888.985600002110004],[744539.1557,7723888.985600002110004],[744539.1557,7723889.985600001178682],[744538.155700000934303,7723889.985600001178682],[744538.155700000934303,7723890.985600000247359],[744537.1557,7723890.985600000247359],[744537.1557,7723891.985600001178682],[744535.155700001865625,7723891.985600001178682],[744535.155700001865625,7723892.985600000247359],[744534.1557,7723892.985600000247359],[744534.1557,7723893.985600002110004],[744533.155700000934303,7723893.985600002110004],[744533.155700000934303,7723894.985600001178682],[744531.155700000934303,7723894.985600001178682],[744531.155700000934303,7723895.985600000247359],[744530.155700000934303,7723895.985600000247359],[744530.155700000934303,7723896.985600001178682],[744529.1557,7723896.985600001178682],[744529.1557,7723897.985600000247359],[744527.155699999071658,7723897.985600000247359],[744527.155699999071658,7723898.985599999316037],[744526.1557,7723898.985599999316037],[744526.1557,7723899.985600001178682],[744525.155700000934303,7723899.985600001178682],[744525.155700000934303,7723900.985600000247359],[744523.155700000934303,7723900.985600000247359],[744523.155700000934303,7723901.985600001178682],[744522.155700001865625,7723901.985600001178682],[744522.155700001865625,7723902.985600000247359],[744521.1557,7723902.985600000247359],[744521.1557,7723903.985600000247359],[744519.1557,7723903.985600000247359],[744519.1557,7723904.985600001178682],[744518.155700000934303,7723904.985600001178682],[744122.1557,7724203.985600001178682],[744122.1557,7724204.985600000247359],[744121.155700000934303,7724204.985600000247359],[744121.155700000934303,7724205.985600002110004],[744120.1557,7724205.985600002110004],[744120.1557,7724206.985600001178682],[744119.155700000934303,7724206.985600001178682],[744119.155700000934303,7724205.985600002110004],[744117.1557,7724205.985600002110004],[744117.1557,7724206.985600001178682],[744115.1557,7724206.985600001178682],[744115.1557,7724207.985600000247359],[744114.155700000934303,7724207.985600000247359],[744114.155700000934303,7724208.985600001178682],[744113.155700001865625,7724208.985600001178682],[744113.155700001865625,7724209.985600000247359],[744110.1557,7724209.985600000247359],[744110.1557,7724210.985600002110004],[744107.1557,7724210.985600002110004],[744107.1557,7724211.985600001178682],[744105.1557,7724211.985600001178682],[744105.1557,7724212.985600000247359],[744104.1557,7724212.985600000247359],[744104.1557,7724213.985600001178682],[744102.1557,7724213.985600001178682],[744102.1557,7724214.985600000247359],[744101.155700000934303,7724214.985600000247359],[744101.155700000934303,7724215.985599999316037],[744100.155699999071658,7724215.985599999316037],[744100.155699999071658,7724216.985600001178682],[744098.155700000934303,7724216.985600001178682],[744098.155700000934303,7724217.985600000247359],[744097.1557,7724217.985600000247359],[744097.1557,7724218.985600001178682],[744096.155700000934303,7724218.985600001178682],[744096.155700000934303,7724219.985600001178682],[744094.1557,7724219.985600001178682],[744094.1557,7724220.985600000247359],[744093.155700000934303,7724220.985600000247359],[744093.155700000934303,7724221.985600001178682],[744092.1557,7724221.985600001178682],[744092.1557,7724222.985600000247359],[744090.155700001865625,7724222.985600000247359],[744090.155700001865625,7724223.985600002110004],[744089.1557,7724223.985600002110004],[744089.1557,7724224.985600001178682],[744088.155700000934303,7724224.985600001178682],[744088.155700000934303,7724225.985600000247359],[744087.1557,7724225.985600000247359],[744087.1557,7724229.985600001178682],[744086.155700000934303,7724229.985600001178682],[744086.155700000934303,7724230.985600000247359],[744085.155700000934303,7724230.985600000247359],[744085.155700000934303,7724231.985600001178682],[744084.1557,7724231.985600001178682],[744084.1557,7724232.985600000247359],[744083.155700000934303,7724232.985600000247359],[744083.155700000934303,7724234.985600001178682],[744082.1557,7724234.985600001178682],[744082.1557,7724237.985600000247359],[744081.1557,7724237.985600000247359],[744081.1557,7724239.985600001178682],[744080.155700000934303,7724239.985600001178682],[744080.155700000934303,7724241.985600001178682],[744079.1557,7724241.985600001178682],[744079.1557,7724242.985600001178682],[744078.155700000934303,7724242.985600001178682],[744078.155700000934303,7724243.985600000247359],[744077.155699999071658,7724243.985600000247359],[744077.155699999071658,7724244.985600001178682],[744076.1557,7724244.985600001178682],[744076.1557,7724245.985600000247359],[744075.155700000934303,7724245.985600000247359],[744075.155700000934303,7724246.985600002110004],[744074.1557,7724246.985600002110004],[744074.1557,7724247.985600001178682],[744073.155700000934303,7724247.985600001178682],[744073.155700000934303,7724248.985600000247359],[744072.155700001865625,7724248.985600000247359],[744072.155700001865625,7724249.985600001178682],[744071.1557,7724249.985600001178682],[744071.1557,7724250.705800000578165],[744070.767300001345575,7724250.985600000247359],[744070.155700000934303,7724250.985600000247359],[744070.155700000934303,7724251.42610000167042],[744069.378899998962879,7724251.985600002110004],[744069.1557,7724251.985600002110004],[744069.1557,7724252.146300001069903],[743518.714500000700355,7724648.581199999898672],[743338.155700001865625,7724827.985600001178682],[743338.155700001865625,7724828.985600000247359],[743337.1557,7724828.985600000247359],[743337.1557,7724829.985600002110004],[743336.155700000934303,7724829.985600002110004],[743336.155700000934303,7724830.985600001178682],[743335.1557,7724830.985600001178682],[743335.1557,7724831.985600000247359],[743334.155700000934303,7724831.985600000247359],[743334.155700000934303,7724832.985600001178682],[743333.155700001865625,7724832.985600001178682],[743333.155700001865625,7724833.985600000247359],[743332.1557,7724833.985600000247359],[743332.1557,7724834.985600002110004],[743331.155700000934303,7724834.985600002110004],[743331.155700000934303,7724835.985600001178682],[743330.1557,7724835.985600001178682],[743330.1557,7724836.985600000247359],[743329.155700000934303,7724836.985600000247359],[743329.155700000934303,7724837.985600001178682],[743328.155700001865625,7724837.985600001178682],[743328.155700001865625,7724838.985600000247359],[743327.1557,7724838.985600000247359],[743327.1557,7724839.985599999316037],[743326.155700000934303,7724839.985599999316037],[743326.155700000934303,7724840.985600001178682],[743325.1557,7724840.985600001178682],[743325.1557,7724841.985600000247359],[743324.155700000934303,7724841.985600000247359],[743324.155700000934303,7724842.985600001178682],[743323.155700000934303,7724842.985600001178682],[743323.155700000934303,7724843.985600000247359],[743322.1557,7724843.985600000247359],[743322.1557,7724844.985600000247359],[743321.155700000934303,7724844.985600000247359],[743321.155700000934303,7724845.985600001178682],[743320.155699999071658,7724845.985600001178682],[743320.155699999071658,7724846.985600000247359],[743319.1557,7724846.985600000247359],[743319.1557,7724847.985600002110004],[743318.155700000934303,7724847.985600002110004],[743318.155700000934303,7724848.985600001178682],[743317.1557,7724848.985600001178682],[743317.1557,7724849.985600000247359],[743316.155700000934303,7724849.985600000247359],[743316.155700000934303,7724850.985600001178682],[743315.155700001865625,7724850.985600001178682],[743315.155700001865625,7724851.985600000247359],[743314.1557,7724851.985600000247359],[743314.1557,7724852.985600002110004],[743313.155700000934303,7724852.985600002110004],[743313.155700000934303,7724853.985600001178682],[743312.1557,7724853.985600001178682],[743312.1557,7724854.985600000247359],[743311.155700000934303,7724854.985600000247359],[743311.155700000934303,7724855.985600001178682],[743310.155700001865625,7724855.985600001178682],[743310.155700001865625,7724856.985600000247359],[743309.1557,7724856.985600000247359],[743309.1557,7724857.985600002110004],[743307.1557,7724857.985600002110004],[743307.1557,7724858.985600001178682],[743306.155700000934303,7724858.985600001178682],[743306.155700000934303,7724859.985600000247359],[743305.155700001865625,7724859.985600000247359],[743305.155700001865625,7724860.985600001178682],[743304.1557,7724860.985600001178682],[743304.1557,7724861.985600000247359],[743303.155700000934303,7724861.985600000247359],[743303.155700000934303,7724862.985599999316037],[743302.1557,7724862.985599999316037],[743302.1557,7724863.985600001178682],[743301.1557,7724863.985600001178682],[743301.1557,7724864.985600000247359],[743300.155700000934303,7724864.985600000247359],[743300.155700000934303,7724865.985600001178682],[743299.1557,7724865.985600001178682],[743299.1557,7724866.985600001178682],[743298.155700000934303,7724866.985600001178682],[743298.155700000934303,7724867.985600000247359],[743297.155699999071658,7724867.985600000247359],[743297.155699999071658,7724868.985600001178682],[743296.1557,7724868.985600001178682],[743296.1557,7724869.985600000247359],[743295.155700000934303,7724869.985600000247359],[743295.155700000934303,7724870.985600002110004],[743294.1557,7724870.985600002110004],[743294.1557,7724871.985600001178682],[743293.155700000934303,7724871.985600001178682],[743293.155700000934303,7724872.985600000247359],[743292.155700001865625,7724872.985600000247359],[743292.155700001865625,7724873.985600001178682],[743291.1557,7724873.985600001178682],[743291.1557,7724874.985600000247359],[743290.155700000934303,7724874.985600000247359],[743290.155700000934303,7724875.985600002110004],[743289.1557,7724875.985600002110004],[743289.1557,7724876.985600001178682],[743288.155700000934303,7724876.985600001178682],[743288.155700000934303,7724877.985600000247359],[743287.155700001865625,7724877.985600000247359],[743287.155700001865625,7724878.985600001178682],[743286.1557,7724878.985600001178682],[743286.1557,7724879.985600000247359],[743285.155700000934303,7724879.985600000247359],[743285.155700000934303,7724880.985600002110004],[743284.1557,7724880.985600002110004],[743284.1557,7724881.985600001178682],[743283.155700000934303,7724881.985600001178682],[743283.155700000934303,7724882.985600000247359],[743282.155700001865625,7724882.985600000247359],[743282.155700001865625,7724883.985600001178682],[743281.1557,7724883.985600001178682],[743281.1557,7724884.985600000247359],[743280.155700000934303,7724884.985600000247359],[743280.155700000934303,7724885.985599999316037],[743279.1557,7724885.985599999316037],[743279.1557,7724886.985600001178682],[743278.1557,7724886.985600001178682],[743278.1557,7724887.985600000247359],[743277.155700000934303,7724887.985600000247359],[743277.155700000934303,7724889.985600001178682],[743278.1557,7724889.985600001178682],[743278.1557,7724890.985600000247359],[742779.155700000934303,7725391.985600000247359],[742775.1557,7725391.985600000247359],[742775.1557,7725390.985600001178682],[742772.1557,7725390.985600001178682],[742772.1557,7725391.985600000247359],[742771.155700000934303,7725391.985600000247359],[742771.155700000934303,7725392.985600001178682],[742770.1557,7725392.985600001178682],[742770.1557,7725393.985600000247359],[742769.155700000934303,7725393.985600000247359],[742769.155700000934303,7725394.985600002110004],[742768.155700001865625,7725394.985600002110004],[742768.155700001865625,7725395.985600001178682],[742767.1557,7725395.985600001178682],[742767.1557,7725396.985600000247359],[742766.155700000934303,7725396.985600000247359],[742766.155700000934303,7725397.985600001178682],[742765.1557,7725397.985600001178682],[742765.1557,7725398.985600000247359],[742764.1557,7725398.985600000247359],[742764.1557,7725399.985599999316037],[742763.155700000934303,7725399.985599999316037],[742763.155700000934303,7725400.985600001178682],[742762.1557,7725400.985600001178682],[742762.1557,7725401.985600000247359],[742760.155699999071658,7725401.985600000247359],[742760.155699999071658,7725402.985600001178682],[742759.1557,7725402.985600001178682],[742759.1557,7725403.985600001178682],[742758.155700000934303,7725403.985600001178682],[742758.155700000934303,7725404.985600000247359],[742757.1557,7725404.985600000247359],[742757.1557,7725405.985600001178682],[742756.155700000934303,7725405.985600001178682],[742756.155700000934303,7725406.985600000247359],[742755.155700001865625,7725406.985600000247359],[742755.155700001865625,7725407.985600002110004],[742754.1557,7725407.985600002110004],[742754.1557,7725408.985600001178682],[742753.155700000934303,7725408.985600001178682],[742753.155700000934303,7725409.985600000247359],[742752.1557,7725409.985600000247359],[742752.1557,7725410.985600001178682],[742751.155700000934303,7725410.985600001178682],[742751.155700000934303,7725411.985600000247359],[742750.155700001865625,7725411.985600000247359],[742750.155700001865625,7725412.985600002110004],[742749.1557,7725412.985600002110004],[742749.1557,7725413.985600001178682],[742748.155700000934303,7725413.985600001178682],[742748.155700000934303,7725414.985600000247359],[742747.1557,7725414.985600000247359],[742747.1557,7725415.985600001178682],[742746.155700000934303,7725415.985600001178682],[742746.155700000934303,7725416.985600000247359],[742745.155700001865625,7725416.985600000247359],[742745.155700001865625,7725417.985600002110004],[742744.1557,7725417.985600002110004],[742744.1557,7725418.985600001178682],[742743.155700000934303,7725418.985600001178682],[742743.155700000934303,7725419.985600000247359],[742741.1557,7725419.985600000247359],[742741.1557,7725420.985600001178682],[742738.155700000934303,7725420.985600001178682],[742738.155700000934303,7725421.985600000247359],[742736.1557,7725421.985600000247359],[742736.1557,7725422.985599999316037],[742734.1557,7725422.985599999316037],[742734.1557,7725423.985600001178682],[742731.1557,7725423.985600001178682],[742731.1557,7725424.985600000247359],[742729.1557,7725424.985600000247359],[742729.1557,7725425.985600001178682],[742727.155700001865625,7725425.985600001178682],[742727.155700001865625,7725426.985600001178682],[742724.1557,7725426.985600001178682],[742724.1557,7725427.985600000247359],[742722.155700001865625,7725427.985600000247359],[742722.155700001865625,7725428.985600001178682],[742720.155700000934303,7725428.985600001178682],[742720.155700000934303,7725429.985600000247359],[742717.155700000934303,7725429.985600000247359],[742717.155700000934303,7725430.985600002110004],[742715.155700000934303,7725430.985600002110004],[742715.155700000934303,7725431.985600001178682],[742713.1557,7725431.985600001178682],[742713.1557,7725432.985600000247359],[742710.155700000934303,7725432.985600000247359],[742710.155700000934303,7725433.985600001178682],[742708.1557,7725433.985600001178682],[742708.1557,7725434.985600000247359],[742706.1557,7725434.985600000247359],[742706.1557,7725435.985600002110004],[742703.1557,7725435.985600002110004],[742703.1557,7725436.985600001178682],[742701.1557,7725436.985600001178682],[742701.1557,7725437.985600000247359],[742699.155700000934303,7725437.985600000247359],[742699.155700000934303,7725438.985600001178682],[742696.1557,7725438.985600001178682],[742696.1557,7725439.985600000247359],[742694.155700000934303,7725439.985600000247359],[742694.155700000934303,7725440.985600002110004],[742692.155700000934303,7725440.985600002110004],[742692.155700000934303,7725441.985600001178682],[742689.155700000934303,7725441.985600001178682],[742689.155700000934303,7725442.985600000247359],[742687.155700000934303,7725442.985600000247359],[742687.155700000934303,7725443.985600001178682],[742685.1557,7725443.985600001178682],[742685.1557,7725444.985600000247359],[742682.155700000934303,7725444.985600000247359],[742682.155700000934303,7725445.985600000247359],[742680.1557,7725445.985600000247359],[742680.1557,7725446.985600001178682],[742678.1557,7725446.985600001178682],[742678.1557,7725447.985600000247359],[742675.1557,7725447.985600000247359],[742675.1557,7725448.985600001178682],[742673.1557,7725448.985600001178682],[742673.1557,7725449.985600001178682],[742671.155700000934303,7725449.985600001178682],[742671.155700000934303,7725450.985600000247359],[742668.155700001865625,7725450.985600000247359],[742668.155700001865625,7725451.985600001178682],[742666.155700000934303,7725451.985600001178682],[742666.155700000934303,7725452.985600000247359],[742664.155700000934303,7725452.985600000247359],[742664.155700000934303,7725453.985600002110004],[742663.155700001865625,7725453.985600002110004],[742663.155700001865625,7725455.985600000247359],[742662.1557,7725455.985600000247359],[742662.1557,7725457.985600000247359],[742661.155700000934303,7725457.985600000247359],[742661.155700000934303,7725459.985600001178682],[742660.1557,7725459.985600001178682],[742660.1557,7725461.985600001178682],[742659.155700000934303,7725461.985600001178682],[742659.155700000934303,7725462.985600000247359],[742658.155700001865625,7725462.985600000247359],[742658.155700001865625,7725464.985600001178682],[742636.155700000934303,7725464.985600001178682],[742636.155700000934303,7725465.985600000247359],[742633.155700000934303,7725465.985600000247359],[742633.155700000934303,7725466.985600001178682],[742631.155700000934303,7725466.985600001178682],[742631.155700000934303,7725467.985600000247359],[742629.1557,7725467.985600000247359],[742629.1557,7725468.985600000247359],[742626.1557,7725468.985600000247359],[742626.1557,7725469.985600001178682],[742624.1557,7725469.985600001178682],[742624.1557,7725470.985600000247359],[742622.155700001865625,7725470.985600000247359],[742622.155700001865625,7725471.985600001178682],[742619.1557,7725471.985600001178682],[742619.1557,7725472.985600001178682],[742617.155700001865625,7725472.985600001178682],[742617.155700001865625,7725473.985600000247359],[742615.155700000934303,7725473.985600000247359],[742615.155700000934303,7725474.985600001178682],[742612.155700001865625,7725474.985600001178682],[742612.155700001865625,7725475.985600000247359],[742610.155700000934303,7725475.985600000247359],[742610.155700000934303,7725476.985600002110004],[742608.1557,7725476.985600002110004],[742608.1557,7725477.985600001178682],[742605.155700000934303,7725477.985600001178682],[742605.155700000934303,7725478.985600000247359],[742603.1557,7725478.985600000247359],[742603.1557,7725479.985600001178682],[742601.1557,7725479.985600001178682],[742601.1557,7725480.985600000247359],[742598.1557,7725480.985600000247359],[742598.1557,7725481.985600002110004],[742596.1557,7725481.985600002110004],[742596.1557,7725482.985600001178682],[742594.155700001865625,7725482.985600001178682],[742594.155700001865625,7725483.985600000247359],[742591.1557,7725483.985600000247359],[742591.1557,7725484.985600001178682],[742589.155700001865625,7725484.985600001178682],[742589.155700001865625,7725485.985600000247359],[742587.155700000934303,7725485.985600000247359],[742587.155700000934303,7725486.985599999316037],[742585.1557,7725486.985599999316037],[742585.1557,7725489.985600001178682],[742584.155700000934303,7725489.985600001178682],[742584.155700000934303,7725491.985600000247359],[742583.1557,7725491.985600000247359],[742583.1557,7725494.985600001178682],[742582.155700000934303,7725494.985600001178682],[742582.155700000934303,7725498.985600000247359],[742581.155699999071658,7725498.985600000247359],[742581.155699999071658,7725506.985600000247359],[742580.1557,7725506.985600000247359],[742580.1557,7725513.985600000247359],[742579.155700000934303,7725513.985600000247359],[742579.155700000934303,7725520.985600001178682],[742578.1557,7725520.985600001178682],[742578.1557,7725521.985600000247359],[742577.155700000934303,7725521.985600000247359],[742577.155700000934303,7725522.985600002110004],[742576.155700001865625,7725522.985600002110004],[742576.155700001865625,7725523.985600001178682],[742575.1557,7725523.985600001178682],[742575.1557,7725524.985600000247359],[742574.155700000934303,7725524.985600000247359],[742574.155700000934303,7725525.985600001178682],[742573.1557,7725525.985600001178682],[742573.1557,7725526.985600000247359],[742572.155700000934303,7725526.985600000247359],[742572.155700000934303,7725527.985600002110004],[742571.155700001865625,7725527.985600002110004],[742571.155700001865625,7725528.985600001178682],[742570.1557,7725528.985600001178682],[742570.1557,7725529.985600000247359],[742569.155700000934303,7725529.985600000247359],[742569.155700000934303,7725530.985600001178682],[742567.155700000934303,7725530.985600001178682],[742567.155700000934303,7725531.985600000247359],[742565.590499999932945,7725531.985600000247359],[742565.1557,7725531.985600000247359],[742565.1557,7725532.985599999316037],[742562.1557,7725532.985599999316037],[742562.1557,7725533.985600001178682],[742559.155700000934303,7725533.985600001178682],[742559.155700000934303,7725534.985600000247359],[742556.155700000934303,7725534.985600000247359],[742556.155700000934303,7725535.985600001178682],[742553.155700001865625,7725535.985600001178682],[742553.155700001865625,7725536.985600000247359],[742551.155700000934303,7725536.985600000247359],[742551.155700000934303,7725537.985600000247359],[742548.155700001865625,7725537.985600000247359],[742548.155700001865625,7725538.985600001178682],[742545.1557,7725538.985600001178682],[742545.1557,7725539.985600000247359],[742542.1557,7725539.985600000247359],[742542.1557,7725540.985600002110004],[742540.1557,7725540.985600002110004],[742540.1557,7725541.985600001178682],[742537.1557,7725541.985600001178682],[742537.1557,7725542.985600000247359],[742534.1557,7725542.985600000247359],[742534.1557,7725543.985600001178682],[742531.155700000934303,7725543.985600001178682],[742531.155700000934303,7725544.985600000247359],[742529.1557,7725544.985600000247359],[742529.1557,7725545.985600002110004],[742526.155700000934303,7725545.985600002110004],[742526.155700000934303,7725546.985600001178682],[742523.155700000934303,7725546.985600001178682],[742523.155700000934303,7725547.985600000247359],[742520.155700000934303,7725547.985600000247359],[742520.155700000934303,7725548.985600001178682],[742518.155700000934303,7725548.985600001178682],[742518.155700000934303,7725549.985600000247359],[742515.155700000934303,7725549.985600000247359],[742515.155700000934303,7725550.985600002110004],[742512.155699999071658,7725550.985600002110004],[742512.155699999071658,7725551.985600001178682],[742510.155700000934303,7725551.985600001178682],[742510.155700000934303,7725552.985600000247359],[742509.1557,7725552.985600000247359],[742509.1557,7725553.985600001178682],[742508.155700000934303,7725553.985600001178682],[742508.155700000934303,7725554.60630000103265],[742508.155700000934303,7725554.985600000247359],[742507.155700001865625,7725554.985600000247359],[742507.155700001865625,7725555.985599999316037],[742506.277900000102818,7725555.985599999316037],[742506.1557,7725555.985599999316037],[742506.1557,7725556.124800001271069],[742506.1557,7725556.985600001178682],[742505.400100001133978,7725556.985600001178682],[742505.155700000934303,7725556.985600001178682],[742505.155700000934303,7725557.264000000432134],[742505.155700000934303,7725557.985600000247359],[742504.522300000302494,7725557.985600000247359],[742504.1557,7725557.985600000247359],[742504.1557,7725558.403200001455843],[742504.1557,7725558.985600001178682],[742503.644500001333654,7725558.985600001178682],[742503.155700000934303,7725558.985600001178682],[742503.155700000934303,7725559.542399999685585],[742503.155700000934303,7725559.985600001178682],[742502.76659999974072,7725559.985600001178682],[742502.155700001865625,7725559.985600001178682],[742502.155700001865625,7725560.681600000709295],[742502.155700001865625,7725560.985600000247359],[742501.88880000077188,7725560.985600000247359],[742501.1557,7725560.985600000247359],[742501.1557,7725561.82079999987036],[742501.1557,7725561.985600001178682],[742501.010999999009073,7725561.985600001178682],[742500.155700000934303,7725561.985600001178682],[742500.155700000934303,7725562.96],[742500.155700000934303,7725562.985600000247359],[742500.133200000971556,7725562.985600000247359],[742499.1557,7725562.985600000247359],[742499.1557,7725563.985600002110004],[742498.155700000934303,7725563.985600002110004],[742498.155700000934303,7725564.985600001178682],[742497.155700000934303,7725564.985600001178682],[742497.155700000934303,7725565.985600000247359],[742496.1557,7725565.985600000247359],[742496.1557,7725566.985600001178682],[742495.155700000934303,7725566.985600001178682],[742495.155700000934303,7725567.985600000247359],[742494.155699999071658,7725567.985600000247359],[742494.155699999071658,7725568.985600002110004],[742493.1557,7725568.985600002110004],[742493.1557,7725569.985600001178682],[742492.155700000934303,7725569.985600001178682],[742492.155700000934303,7725570.985600000247359],[742491.1557,7725570.985600000247359],[742491.1557,7725571.985600001178682],[742490.155700000934303,7725571.985600001178682],[742490.155700000934303,7725572.985600000247359],[742489.155700001865625,7725572.985600000247359],[742489.155700001865625,7725573.985600002110004],[742488.1557,7725573.985600002110004],[742488.1557,7725574.985600001178682],[742487.155700000934303,7725574.985600001178682],[742487.155700000934303,7725575.985600000247359],[742486.1557,7725575.985600000247359],[742486.1557,7725576.985600001178682],[742485.155700000934303,7725576.985600001178682],[742485.155700000934303,7725577.985600000247359],[742484.155700001865625,7725577.985600000247359],[742484.155700001865625,7725578.985599999316037],[742483.1557,7725578.985599999316037],[742483.1557,7725579.985600001178682],[742482.155700000934303,7725579.985600001178682],[742482.155700000934303,7725580.985600000247359],[742481.1557,7725580.985600000247359],[742481.1557,7725581.985600001178682],[742480.155700000934303,7725581.985600001178682],[742480.155700000934303,7725582.985600001178682],[742479.155700001865625,7725582.985600001178682],[742479.155700001865625,7725584.985600001178682],[742478.1557,7725584.985600001178682],[742478.1557,7725585.985600000247359],[742477.155700000934303,7725585.985600000247359],[742477.155700000934303,7725586.985600002110004],[742476.1557,7725586.985600002110004],[742476.1557,7725587.985600001178682],[742475.155700000934303,7725587.985600001178682],[742475.155700000934303,7725588.985600000247359],[742474.155700000934303,7725588.985600000247359],[742474.155700000934303,7725589.985600001178682],[742473.1557,7725589.985600001178682],[742473.1557,7725590.985600000247359],[742472.155700000934303,7725590.985600000247359],[742472.155700000934303,7725591.985600002110004],[742471.155699999071658,7725591.985600002110004],[742471.155699999071658,7725592.985600001178682],[742470.1557,7725592.985600001178682],[742470.1557,7725593.985600000247359],[742469.155700000934303,7725593.985600000247359],[742469.155700000934303,7725594.985600001178682],[742468.1557,7725594.985600001178682],[742468.1557,7725595.985600000247359],[742467.155700000934303,7725595.985600000247359],[742467.155700000934303,7725596.985600002110004],[742466.155700001865625,7725596.985600002110004],[742466.155700001865625,7725597.985600001178682],[742465.1557,7725597.985600001178682],[742465.1557,7725598.985600000247359],[742464.155700000934303,7725598.985600000247359],[742464.155700000934303,7725599.985600001178682],[742463.1557,7725599.985600001178682],[742463.1557,7725600.985600000247359],[742462.155700000934303,7725600.985600000247359],[742462.155700000934303,7725601.985599999316037],[742461.155700001865625,7725601.985599999316037],[742461.155700001865625,7725602.985600001178682],[742460.1557,7725602.985600001178682],[742460.1557,7725603.985600000247359],[742459.155700000934303,7725603.985600000247359],[742459.155700000934303,7725604.985600001178682],[742458.1557,7725604.985600001178682],[742458.1557,7725605.985600001178682],[742457.155700000934303,7725605.985600001178682],[742457.155700000934303,7725606.985600000247359],[742456.155700001865625,7725606.985600000247359],[742456.155700001865625,7725607.985600001178682],[742455.1557,7725607.985600001178682],[742455.1557,7725608.985600000247359],[742454.155700000934303,7725608.985600000247359],[742454.155700000934303,7725609.985600002110004],[742453.1557,7725609.985600002110004],[742453.1557,7725610.985600001178682],[742452.155700000934303,7725610.985600001178682],[742452.155700000934303,7725611.985600000247359],[742451.155700000934303,7725611.985600000247359],[742451.155700000934303,7725612.985600001178682],[742450.1557,7725612.985600001178682],[742450.1557,7725613.985600000247359],[742449.155700000934303,7725613.985600000247359],[742449.155700000934303,7725614.985600002110004],[742448.155699999071658,7725614.985600002110004],[742448.155699999071658,7725615.985600001178682],[742447.1557,7725615.985600001178682],[742447.1557,7725616.985600000247359],[742446.155700000934303,7725616.985600000247359],[742446.155700000934303,7725617.985600001178682],[742445.1557,7725617.985600001178682],[742445.1557,7725618.985600000247359],[742444.155700000934303,7725618.985600000247359],[742444.155700000934303,7725619.985600002110004],[742443.155700001865625,7725619.985600002110004],[742443.155700001865625,7725620.985600001178682],[742442.1557,7725620.985600001178682],[742442.1557,7725621.985600000247359],[742441.155700000934303,7725621.985600000247359],[742441.155700000934303,7725622.985600001178682],[742440.1557,7725622.985600001178682],[742440.1557,7725623.985600000247359],[742439.155700000934303,7725623.985600000247359],[742439.155700000934303,7725624.985600000247359],[742438.155700001865625,7725624.985600000247359],[742438.155700001865625,7725625.985600001178682],[742437.1557,7725625.985600001178682],[742437.1557,7725626.985600000247359],[742436.155700000934303,7725626.985600000247359],[742436.155700000934303,7725627.985600001178682],[742435.1557,7725627.985600001178682],[742435.1557,7725628.985600001178682],[742434.155700000934303,7725628.985600001178682],[742434.155700000934303,7725629.985600000247359],[742433.155700001865625,7725629.985600000247359],[742433.155700001865625,7725630.985600001178682],[742432.1557,7725630.985600001178682],[742432.1557,7725631.985600000247359],[742431.155700000934303,7725631.985600000247359],[742431.155700000934303,7725632.985600002110004],[742430.1557,7725632.985600002110004],[742430.1557,7725633.985600001178682],[742429.1557,7725633.985600001178682],[742429.1557,7725635.985600001178682],[742428.155700000934303,7725635.985600001178682],[742428.155700000934303,7725637.985600002110004],[742427.1557,7725637.985600002110004],[742427.1557,7725640.985600001178682],[742426.155700000934303,7725640.985600001178682],[742426.155700000934303,7725642.985599999316037],[742425.155699999071658,7725642.985599999316037],[742425.155699999071658,7725644.985600000247359],[742424.1557,7725644.985600000247359],[742424.1557,7725646.985600000247359],[742423.155700000934303,7725646.985600000247359],[742423.155700000934303,7725649.985600000247359],[742422.1557,7725649.985600000247359],[742422.1557,7725651.816599999554455],[742422.1557,7725651.985600001178682],[742422.00730000063777,7725651.985600001178682],[742421.155700000934303,7725651.985600001178682],[742421.155700000934303,7725652.955699999816716],[742421.155700000934303,7725653.985600001178682],[742420.251700000837445,7725653.985600001178682],[742420.155700001865625,7725653.985600001178682],[742420.155700001865625,7725654.094900000840425],[742420.155700001865625,7725655.985600002110004],[742419.1557,7725655.985600002110004],[742419.1557,7725657.985600000247359],[742418.155700000934303,7725657.985600000247359],[742418.155700000934303,7725660.985600002110004],[742417.1557,7725660.985600002110004],[742417.1557,7725662.985600000247359],[742416.155700000934303,7725662.985600000247359],[742416.155700000934303,7725664.985600000247359],[742415.155700001865625,7725664.985600000247359],[742415.155700001865625,7725666.985600001178682],[742414.1557,7725666.985600001178682],[742414.1557,7725669.985600000247359],[742413.155700000934303,7725669.985600000247359],[742413.155700000934303,7725671.985600001178682],[742412.1557,7725671.985600001178682],[742412.1557,7725673.985600002110004],[742411.155700000934303,7725673.985600002110004],[742411.155700000934303,7725675.985600000247359],[742410.155700001865625,7725675.985600000247359],[742410.155700001865625,7725677.985600000247359],[742409.1557,7725677.985600000247359],[742409.1557,7725680.985600000247359],[742408.155700000934303,7725680.985600000247359],[742408.155700000934303,7725682.985600000247359],[742407.1557,7725682.985600000247359],[742407.1557,7725684.985600001178682],[742406.1557,7725684.985600001178682],[742406.1557,7725685.985600000247359],[742405.155700000934303,7725685.985600000247359],[742405.155700000934303,7725686.985600001178682],[742404.1557,7725686.985600001178682],[742404.1557,7725687.985600000247359],[742401.1557,7725687.985600000247359],[742401.1557,7725688.985599999316037],[742400.155700000934303,7725688.985599999316037],[742400.155700000934303,7725689.985600001178682],[742399.1557,7725689.985600001178682],[742399.1557,7725690.985600000247359],[742398.155700000934303,7725690.985600000247359],[742398.155700000934303,7725691.985600001178682],[742397.155700001865625,7725691.985600001178682],[742397.155700001865625,7725692.985600000247359],[742396.1557,7725692.985600000247359],[742396.1557,7725693.985600000247359],[742395.155700000934303,7725693.985600000247359],[742395.155700000934303,7725694.985600001178682],[742394.1557,7725694.985600001178682],[742394.1557,7725695.985600000247359],[742393.155700000934303,7725695.985600000247359],[742393.155700000934303,7725696.985600002110004],[742392.155700001865625,7725696.985600002110004],[742392.155700001865625,7725697.985600001178682],[742391.1557,7725697.985600001178682],[742391.1557,7725698.985600000247359],[742390.155700000934303,7725698.985600000247359],[742390.155700000934303,7725699.985600001178682],[742389.1557,7725699.985600001178682],[742389.1557,7725700.985600000247359],[742388.155700000934303,7725700.985600000247359],[742388.155700000934303,7725701.985600002110004],[742387.155700001865625,7725701.985600002110004],[742387.155700001865625,7725702.985600001178682],[742386.1557,7725702.985600001178682],[742386.1557,7725703.985600000247359],[742385.155700000934303,7725703.985600000247359],[742385.155700000934303,7725704.985600001178682],[742384.1557,7725704.985600001178682],[742384.1557,7725705.985600000247359],[742383.1557,7725705.985600000247359],[742383.1557,7725706.985600002110004],[742382.155700000934303,7725706.985600002110004],[742382.155700000934303,7725707.985600001178682],[742381.1557,7725707.985600001178682],[742381.1557,7725708.985600000247359],[742380.155700000934303,7725708.985600000247359],[742380.155700000934303,7725709.985600001178682],[742379.155699999071658,7725709.985600001178682],[742379.155699999071658,7725710.985600000247359],[742378.1557,7725710.985600000247359],[742378.1557,7725711.985599999316037],[742377.155700000934303,7725711.985599999316037],[742377.155700000934303,7725712.985600001178682],[742376.1557,7725712.985600001178682],[742376.1557,7725713.985600000247359],[742375.155700000934303,7725713.985600000247359],[742375.155700000934303,7725714.985600001178682],[742374.155700001865625,7725714.985600001178682],[742374.155700001865625,7725715.985600000247359],[742373.1557,7725715.985600000247359],[742373.1557,7725716.985600000247359],[742372.155700000934303,7725716.985600000247359],[742372.155700000934303,7725717.985600001178682],[742371.1557,7725717.985600001178682],[742371.1557,7725718.985600000247359],[742370.155700000934303,7725718.985600000247359],[742370.155700000934303,7725719.985600002110004],[742369.155700001865625,7725719.985600002110004],[742369.155700001865625,7725720.985600001178682],[742368.1557,7725720.985600001178682],[742368.1557,7725721.985600000247359],[742367.155700000934303,7725721.985600000247359],[742367.155700000934303,7725722.985600001178682],[742366.1557,7725722.985600001178682],[742366.1557,7725723.985600000247359],[742365.155700000934303,7725723.985600000247359],[742365.155700000934303,7725724.985600002110004],[742364.155700000934303,7725724.985600002110004],[742364.155700000934303,7725725.985600001178682],[742363.1557,7725725.985600001178682],[742363.1557,7725726.985600000247359],[742362.155700000934303,7725726.985600000247359],[742362.155700000934303,7725727.985600001178682],[742361.1557,7725727.985600001178682],[742361.1557,7725728.985600000247359],[742360.1557,7725728.985600000247359],[742360.1557,7725729.985600002110004],[742359.155700000934303,7725729.985600002110004],[742359.155700000934303,7725730.985600001178682],[742358.1557,7725730.985600001178682],[742358.1557,7725731.985600000247359],[742357.155700000934303,7725731.985600000247359],[742357.155700000934303,7725732.985600001178682],[742356.155699999071658,7725732.985600001178682],[742356.155699999071658,7725733.985600000247359],[742355.1557,7725733.985600000247359],[742355.1557,7725734.985599999316037],[742354.155700000934303,7725734.985599999316037],[742354.155700000934303,7725735.985600001178682],[742353.1557,7725735.985600001178682],[742353.1557,7725736.985600000247359],[742352.155700000934303,7725736.985600000247359],[742352.155700000934303,7725737.985600001178682],[742351.155700001865625,7725737.985600001178682],[742351.155700001865625,7725738.985600001178682],[742350.1557,7725738.985600001178682],[742350.1557,7725739.985600000247359],[742349.155700000934303,7725739.985600000247359],[742349.155700000934303,7725740.985600001178682],[742348.1557,7725740.985600001178682],[742348.1557,7725741.985600000247359],[742347.155700000934303,7725741.985600000247359],[742347.155700000934303,7725742.985600002110004],[742346.155700001865625,7725742.985600002110004],[742346.155700001865625,7725743.985600001178682],[742345.1557,7725743.985600001178682],[742345.1557,7725744.985600000247359],[742344.155700000934303,7725744.985600000247359],[742344.155700000934303,7725745.985600001178682],[742343.1557,7725745.985600001178682],[742343.1557,7725746.985600000247359],[742342.155700000934303,7725746.985600000247359],[742342.155700000934303,7725747.985600002110004],[742341.155700000934303,7725747.985600002110004],[742341.155700000934303,7725748.985600001178682],[742340.1557,7725748.985600001178682],[742340.1557,7725749.985600000247359],[742339.155700000934303,7725749.985600000247359],[742339.155700000934303,7725750.985600001178682],[742338.1557,7725750.985600001178682],[742338.1557,7725751.985600000247359],[742337.1557,7725751.985600000247359],[742337.1557,7725752.985600002110004],[742336.155700000934303,7725752.985600002110004],[742336.155700000934303,7725753.985600001178682],[742335.1557,7725753.985600001178682],[742335.1557,7725754.985600000247359],[742334.155700000934303,7725754.985600000247359],[742334.155700000934303,7725755.985600001178682],[742333.155700001865625,7725755.985600001178682],[742333.155700001865625,7725756.985600000247359],[742332.1557,7725756.985600000247359],[742332.1557,7725757.985599999316037],[742331.155700000934303,7725757.985599999316037],[742331.155700000934303,7725758.985600001178682],[742330.1557,7725758.985600001178682],[742330.1557,7725759.985600000247359],[742329.155700000934303,7725759.985600000247359],[742329.155700000934303,7725760.985600001178682],[742328.155700001865625,7725760.985600001178682],[742328.155700001865625,7725761.985600001178682],[742327.1557,7725761.985600001178682],[742327.1557,7725762.985600000247359],[742326.155700000934303,7725762.985600000247359],[742326.155700000934303,7725763.985600001178682],[742325.1557,7725763.985600001178682],[742325.1557,7725764.985600000247359],[742324.155700000934303,7725764.985600000247359],[742324.155700000934303,7725765.985600002110004],[742323.155700001865625,7725765.985600002110004],[742323.155700001865625,7725766.985600001178682],[742322.1557,7725766.985600001178682],[742322.1557,7725767.985600000247359],[742321.155700000934303,7725767.985600000247359],[742321.155700000934303,7725768.985600001178682],[742320.1557,7725768.985600001178682],[742320.1557,7725769.985600000247359],[742319.155700000934303,7725769.985600000247359],[742319.155700000934303,7725770.985600002110004],[742318.155700000934303,7725770.985600002110004],[742318.155700000934303,7725771.985600001178682],[742317.1557,7725771.985600001178682],[742317.1557,7725772.985600000247359],[742316.155700000934303,7725772.985600000247359],[742316.155700000934303,7725773.985600001178682],[742315.155699999071658,7725773.985600001178682],[742315.155699999071658,7725774.985600000247359],[742314.1557,7725774.985600000247359],[742314.1557,7725775.985600002110004],[742313.155700000934303,7725775.985600002110004],[742313.155700000934303,7725776.985600001178682],[742308.593200000934303,7725776.985600001178682],[742274.1557,7725776.985600001178682],[742274.1557,7725775.985600002110004],[742272.155700000934303,7725775.985600002110004],[742272.155700000934303,7725774.985600000247359],[742270.155700000934303,7725774.985600000247359],[742270.155700000934303,7725773.985600001178682],[742267.155700000934303,7725773.985600001178682],[742267.155700000934303,7725774.985600000247359],[742266.1557,7725774.985600000247359],[742266.1557,7725775.985600002110004],[742264.155700001865625,7725775.985600002110004],[742264.155700001865625,7725776.985600001178682],[742263.1557,7725776.985600001178682],[742263.1557,7725777.985600000247359],[742261.1557,7725777.985600000247359],[742261.1557,7725778.985600001178682],[742260.155700000934303,7725778.985600001178682],[742260.155700000934303,7725779.985600000247359],[742258.1557,7725779.985600000247359],[742258.1557,7725780.985599999316037],[742257.155700000934303,7725780.985599999316037],[742257.155700000934303,7725781.985600001178682],[742255.155700000934303,7725781.985600001178682],[742255.155700000934303,7725782.985600000247359],[742254.155700001865625,7725782.985600000247359],[742254.155700001865625,7725783.985600001178682],[742252.155700000934303,7725783.985600001178682],[742252.155700000934303,7725784.985600001178682],[742251.1557,7725784.985600001178682],[742251.1557,7725785.985600000247359],[742249.155700000934303,7725785.985600000247359],[742249.155700000934303,7725786.985600001178682],[742248.1557,7725786.985600001178682],[742248.1557,7725787.985600000247359],[742246.155699999071658,7725787.985600000247359],[742246.155699999071658,7725788.985600002110004],[742245.1557,7725788.985600002110004],[742245.1557,7725789.985600001178682],[742243.1557,7725789.985600001178682],[742243.1557,7725790.985600000247359],[742242.155700000934303,7725790.985600000247359],[742242.155700000934303,7725791.5472999997437],[742242.155700000934303,7725791.985600001178682],[742240.1557,7725791.985600001178682],[742240.1557,7725792.985600000247359],[742239.155700000934303,7725792.985600000247359],[742239.155700000934303,7725793.985600002110004],[742238.1557,7725793.985600002110004],[742237.155700000934303,7725793.985600002110004],[742237.155700000934303,7725794.985600001178682],[742236.155700001865625,7725794.985600001178682],[742236.155700001865625,7725795.985600000247359],[742234.155700000934303,7725795.985600000247359],[742234.155700000934303,7725796.985600001178682],[742233.1557,7725796.985600001178682],[742233.1557,7725797.985600000247359],[742231.155700001865625,7725797.985600000247359],[742231.155700001865625,7725798.985600002110004],[742230.1557,7725798.985600002110004],[742230.1557,7725799.985600001178682],[742228.1557,7725799.985600001178682],[742228.1557,7725800.985600000247359],[742227.1557,7725800.985600000247359],[742227.1557,7725801.985600001178682],[742226.155700000934303,7725801.985600001178682],[742226.155700000934303,7725872.985600000247359],[742229.155700000934303,7725872.985600000247359],[742229.155700000934303,7725871.985600000247359],[742230.1557,7725871.985600000247359],[742230.1557,7725870.985600001178682],[742232.155700000934303,7725870.985600001178682],[742232.155700000934303,7725869.985600000247359],[742235.1557,7725869.985600000247359],[742235.1557,7725868.985600001178682],[742237.155700000934303,7725868.985600001178682],[742237.155700000934303,7725867.985599999316037],[742249.155700000934303,7725867.985599999316037],[742249.155700000934303,7725866.985600000247359],[742254.155700001865625,7725866.985600000247359],[742254.155700001865625,7725865.985600001178682],[742255.155700000934303,7725865.985600001178682],[742255.155700000934303,7725866.985600000247359],[742256.1557,7725866.985600000247359],[742256.1557,7725867.985599999316037],[742257.155700000934303,7725867.985599999316037],[742257.155700000934303,7725868.985600001178682],[742258.1557,7725868.985600001178682],[742258.1557,7725869.985600000247359],[742259.155700001865625,7725869.985600000247359],[742259.155700001865625,7725870.985600001178682],[742260.155700000934303,7725870.985600001178682],[742260.155700000934303,7725871.985600000247359],[742261.1557,7725871.985600000247359],[742261.1557,7725872.985600000247359],[742262.155700000934303,7725872.985600000247359],[742262.155700000934303,7725873.985600001178682],[742263.1557,7725873.985600001178682],[742263.1557,7725874.985600000247359],[742264.155700001865625,7725874.985600000247359],[742264.155700001865625,7725875.985600002110004],[742265.155700000934303,7725875.985600002110004],[742265.155700000934303,7725876.985600001178682],[742266.1557,7725876.985600001178682],[742266.1557,7725877.985600000247359],[742267.155700000934303,7725877.985600000247359],[742267.155700000934303,7725878.985600001178682],[742268.1557,7725878.985600001178682],[742268.1557,7725879.985600000247359],[742269.155699999071658,7725879.985600000247359],[742269.155699999071658,7725880.985600002110004],[742270.155700000934303,7725880.985600002110004],[742270.155700000934303,7725881.985600001178682],[742271.1557,7725881.985600001178682],[742271.1557,7725882.985600000247359],[742272.155700000934303,7725882.985600000247359],[742272.155700000934303,7725883.985600001178682],[742273.155700000934303,7725883.985600001178682],[742273.155700000934303,7725884.985600000247359],[742274.1557,7725884.985600000247359],[742274.1557,7725885.985600002110004],[742275.155700000934303,7725885.985600002110004],[742275.155700000934303,7725886.985600001178682],[742276.1557,7725886.985600001178682],[742276.1557,7725887.985600000247359],[742277.155700001865625,7725887.985600000247359],[742277.155700001865625,7725888.985600001178682],[742278.155700000934303,7725888.985600001178682],[742278.155700000934303,7725889.985600000247359],[742279.1557,7725889.985600000247359],[742279.1557,7725890.985599999316037],[742280.155700000934303,7725890.985599999316037],[742280.155700000934303,7725891.985600001178682],[742281.1557,7725891.985600001178682],[742281.1557,7725892.985600000247359],[742282.155700001865625,7725892.985600000247359],[742282.155700001865625,7725893.985600001178682],[742283.155700000934303,7725893.985600001178682],[742283.155700000934303,7725894.985600000247359],[742284.1557,7725894.985600000247359],[742284.1557,7725895.985600000247359],[742285.155700000934303,7725895.985600000247359],[742285.155700000934303,7725896.985600001178682],[742286.1557,7725896.985600001178682],[742286.1557,7725897.985600000247359],[742287.155700001865625,7725897.985600000247359],[742287.155700001865625,7725898.985600002110004],[742288.155700000934303,7725898.985600002110004],[742288.155700000934303,7725899.985600001178682],[742289.1557,7725899.985600001178682],[742289.1557,7725900.985600000247359],[742290.155700000934303,7725900.985600000247359],[742290.155700000934303,7725901.985600001178682],[742292.155699999071658,7725901.985600001178682],[742292.155699999071658,7725902.985600000247359],[742293.155700000934303,7725902.985600000247359],[742293.155700000934303,7725903.985600002110004],[742294.1557,7725903.985600002110004],[742294.1557,7725904.985600001178682],[742295.155700000934303,7725904.985600001178682],[742295.155700000934303,7725906.985600001178682],[742296.155700000934303,7725906.985600001178682],[742296.155700000934303,7725907.985600000247359],[742297.1557,7725907.985600000247359],[742297.1557,7725909.985600001178682],[742298.155700000934303,7725909.985600001178682],[742298.155700000934303,7725911.985600001178682],[742299.1557,7725911.985600001178682],[742299.1557,7725912.985600000247359],[742300.155700001865625,7725912.985600000247359],[742300.155700001865625,7725913.985599999316037],[742301.155700000934303,7725913.985599999316037],[742301.155700000934303,7725915.985600000247359],[742302.1557,7725915.985600000247359],[742302.1557,7725917.985600001178682],[742303.155700000934303,7725917.985600001178682],[742303.155700000934303,7725918.985600000247359],[742304.1557,7725918.985600000247359],[742304.1557,7725920.985600000247359],[742305.155700001865625,7725920.985600000247359],[742305.155700001865625,7725922.985600001178682],[742307.1557,7725922.985600001178682],[742307.1557,7725923.985600000247359],[742308.155700000934303,7725923.985600000247359],[742308.155700000934303,7725924.985600001178682],[742309.1557,7725924.985600001178682],[742309.1557,7725925.985600000247359],[742310.155700001865625,7725925.985600000247359],[742310.155700001865625,7725926.985600002110004],[742311.155700000934303,7725926.985600002110004],[742311.155700000934303,7725927.985600001178682],[742312.1557,7725927.985600001178682],[742312.1557,7725928.985600000247359],[742313.155700000934303,7725928.985600000247359],[742313.155700000934303,7725929.985600001178682],[742314.1557,7725929.985600001178682],[742314.1557,7725930.985600000247359],[742315.155699999071658,7725930.985600000247359],[742315.155699999071658,7725931.985600002110004],[742316.155700000934303,7725931.985600002110004],[742316.155700000934303,7725932.985600001178682],[742317.1557,7725932.985600001178682],[742317.1557,7725933.985600000247359],[742318.155700000934303,7725933.985600000247359],[742318.155700000934303,7725934.985600001178682],[742319.155700000934303,7725934.985600001178682],[742319.155700000934303,7725935.985600000247359],[742320.1557,7725935.985600000247359],[742320.1557,7725936.985599999316037],[742321.155700000934303,7725936.985599999316037],[742321.155700000934303,7725937.985600001178682],[742322.1557,7725937.985600001178682],[742322.1557,7725938.985600000247359],[742323.155700001865625,7725938.985600000247359],[742323.155700001865625,7725939.985600001178682],[742324.155700000934303,7725939.985600001178682],[742324.155700000934303,7725940.985600001178682],[742325.1557,7725940.985600001178682],[742325.1557,7725941.985600000247359],[742326.155700000934303,7725941.985600000247359],[742326.155700000934303,7725942.985600001178682],[742327.1557,7725942.985600001178682],[742327.1557,7725943.985600000247359],[742328.155700001865625,7725943.985600000247359],[742328.155700001865625,7725944.985600002110004],[742329.155700000934303,7725944.985600002110004],[742329.155700000934303,7725945.985600001178682],[742330.1557,7725945.985600001178682],[742330.1557,7725946.985600000247359],[742331.155700000934303,7725946.985600000247359],[742331.155700000934303,7725947.985600001178682],[742332.1557,7725947.985600001178682],[742332.1557,7725948.985600000247359],[742333.155700001865625,7725948.985600000247359],[742333.155700001865625,7725949.985600002110004],[742334.155700000934303,7725949.985600002110004],[742334.155700000934303,7725950.985600001178682],[742335.1557,7725950.985600001178682],[742335.1557,7725951.985600000247359],[742336.155700000934303,7725951.985600000247359],[742336.155700000934303,7725952.985600001178682],[742337.1557,7725952.985600001178682],[742337.1557,7725953.985600000247359],[742338.1557,7725953.985600000247359],[742338.1557,7725954.985600002110004],[742339.155700000934303,7725954.985600002110004],[742339.155700000934303,7725955.985600001178682],[742340.1557,7725955.985600001178682],[742340.1557,7725956.985600000247359],[742341.155700000934303,7725956.985600000247359],[742341.155700000934303,7725957.985600001178682],[742342.155700000934303,7725957.985600001178682],[742342.155700000934303,7725958.985600000247359],[742343.1557,7725958.985600000247359],[742343.1557,7725959.985599999316037],[742344.155700000934303,7725959.985599999316037],[742344.155700000934303,7725960.985600001178682],[742345.1557,7725960.985600001178682],[742345.1557,7725961.985600000247359],[742346.155700001865625,7725961.985600000247359],[742346.155700001865625,7725962.985600001178682],[742347.155700000934303,7725962.985600001178682],[742347.155700000934303,7725963.985600001178682],[742348.1557,7725963.985600001178682],[742348.1557,7725964.985600000247359],[742349.155700000934303,7725964.985600000247359],[742349.155700000934303,7725965.985600001178682],[742350.1557,7725965.985600001178682],[742350.1557,7725966.985600000247359],[742351.155700001865625,7725966.985600000247359],[742351.155700001865625,7725967.985600002110004],[742352.155700000934303,7725967.985600002110004],[742352.155700000934303,7725968.985600001178682],[742353.1557,7725968.985600001178682],[742353.1557,7725969.985600000247359],[742354.155700000934303,7725969.985600000247359],[742354.155700000934303,7725970.985600001178682],[742355.1557,7725970.985600001178682],[742355.1557,7725971.985600000247359],[742356.155699999071658,7725971.985600000247359],[742356.155699999071658,7725972.985600002110004],[742357.155700000934303,7725972.985600002110004],[742357.155700000934303,7725973.985600001178682],[742358.1557,7725973.985600001178682],[742358.1557,7725974.985600000247359],[742359.155700000934303,7725974.985600000247359],[742359.155700000934303,7725975.985600001178682],[742360.1557,7725975.985600001178682],[742360.1557,7725976.985600000247359],[742361.1557,7725976.985600000247359],[742361.1557,7725977.985600002110004],[742362.155700000934303,7725977.985600002110004],[742362.155700000934303,7725978.985600001178682],[742363.1557,7725978.985600001178682],[742363.1557,7725979.985600000247359],[742364.155700000934303,7725979.985600000247359],[742364.155700000934303,7725980.985600001178682],[742365.155700000934303,7725980.985600001178682],[742365.155700000934303,7725981.985600000247359],[742366.1557,7725981.985600000247359],[742366.1557,7725982.985600000247359],[742367.155700000934303,7725982.985600000247359],[742367.155700000934303,7725984.985600000247359],[742368.1557,7725984.985600000247359],[742368.1557,7725989.985600000247359],[742369.155700001865625,7725989.985600000247359],[742369.155700001865625,7725990.985600002110004],[742370.155599999241531,7725990.985600002110004],[742370.155599999241531,7725992.985600000247359],[742371.155600001104176,7725992.985600000247359],[742371.155600001104176,7725993.985600001178682],[742372.155600000172853,7725993.985600001178682],[742372.155600000172853,7725995.985600002110004],[742373.155600001104176,7725995.985600002110004],[742373.155600001104176,7725996.985600001178682],[742374.155600000172853,7725996.985600001178682],[742374.155600000172853,7725997.985600000247359],[742375.155600000172853,7725997.985600000247359],[742375.155600000172853,7725999.985600000247359],[742376.155600001104176,7725999.985600000247359],[742376.155600001104176,7726000.985599999316037],[742377.155600000172853,7726000.985599999316037],[742377.155600000172853,7726002.985600000247359],[742378.155600002035499,7726002.985600000247359],[742378.155600002035499,7726003.985600001178682],[742379.155600001104176,7726003.985600001178682],[742379.155600001104176,7726005.985600000247359],[742380.155600000172853,7726005.985600000247359],[742380.155600000172853,7726006.985600001178682],[742381.155600001104176,7726006.985600001178682],[742381.155600001104176,7726008.985600001178682],[742382.155600000172853,7726008.985600001178682],[742382.155600000172853,7726009.985600001178682],[742383.155600002035499,7726009.985600001178682],[742383.155600002035499,7726010.985600000247359],[742384.155600001104176,7726010.985600000247359],[742384.155600001104176,7726012.985600000247359],[742385.155600000172853,7726012.985600000247359],[742385.155600000172853,7726013.985600002110004],[742386.155600001104176,7726013.985600002110004],[742386.155600001104176,7726015.985600000247359],[742387.155600000172853,7726015.985600000247359],[742387.155600000172853,7726016.985600001178682],[742388.155600002035499,7726016.985600001178682],[742388.155600002035499,7726018.985600002110004],[742389.155600001104176,7726018.985600002110004],[742389.155600001104176,7726019.985600001178682],[742390.155600000172853,7726019.985600001178682],[742390.155600000172853,7726021.985600001178682],[742391.155600001104176,7726021.985600001178682],[742391.155600001104176,7726022.985600000247359],[742392.155600000172853,7726022.985600000247359],[742392.155600000172853,7726023.985599999316037],[742393.155599999241531,7726023.985599999316037],[742393.155599999241531,7726025.985600000247359],[742394.155600001104176,7726025.985600000247359],[742394.155600001104176,7726026.985600001178682],[742395.155600000172853,7726026.985600001178682],[742395.155600000172853,7726028.985600000247359],[742396.155600001104176,7726028.985600000247359],[742396.155600001104176,7726029.985600001178682],[742397.155600000172853,7726029.985600001178682],[742397.155600000172853,7726031.985600002110004],[742398.155600000172853,7726031.985600002110004],[742398.155600000172853,7726032.985600001178682],[742399.155600001104176,7726032.985600001178682],[742399.155600001104176,7726034.985600001178682],[742400.155600000172853,7726034.985600001178682],[742400.155600000172853,7726035.985600000247359],[742401.155600002035499,7726035.985600000247359],[742401.155600002035499,7726036.985600002110004],[742402.155600001104176,7726036.985600002110004],[742402.155600001104176,7726038.985600000247359],[742403.155600000172853,7726038.985600000247359],[742403.155600000172853,7726039.985600001178682],[742404.155600001104176,7726039.985600001178682],[742404.155600001104176,7726041.985600002110004],[742405.155600000172853,7726041.985600002110004],[742405.155600000172853,7726042.985600001178682],[742406.155600002035499,7726042.985600001178682],[742406.155600002035499,7726044.985600001178682],[742407.155600001104176,7726044.985600001178682],[742407.155600001104176,7726045.985600000247359],[742408.155600000172853,7726045.985600000247359],[742408.155600000172853,7726047.985600001178682],[742409.155600001104176,7726047.985600001178682],[742409.155600001104176,7726048.985600000247359],[742410.155600000172853,7726048.985600000247359],[742410.155600000172853,7726050.985600000247359],[742411.155600002035499,7726050.985600000247359],[742411.155600002035499,7726051.985600000247359],[742412.155600001104176,7726051.985600000247359],[742412.155600001104176,7726052.985600001178682],[742413.155600000172853,7726052.985600001178682],[742413.155600000172853,7726054.985600002110004],[742414.155600001104176,7726054.985600002110004],[742414.155600001104176,7726055.985600001178682],[742415.155600000172853,7726055.985600001178682],[742415.155600000172853,7726057.985600001178682],[742416.155599999241531,7726057.985600001178682],[742416.155599999241531,7726058.985600000247359],[742417.155600001104176,7726058.985600000247359],[742417.155600001104176,7726060.985600001178682],[742418.155600000172853,7726060.985600001178682],[742418.155600000172853,7726061.985600000247359],[742419.155600001104176,7726061.985600000247359],[742419.155600001104176,7726063.985600000247359],[742420.155600000172853,7726063.985600000247359],[742420.155600000172853,7726064.985600002110004],[742421.155600000172853,7726064.985600002110004],[742421.155600000172853,7726065.985600001178682],[742422.155600001104176,7726065.985600001178682],[742422.155600001104176,7726067.985600001178682],[742423.155600000172853,7726067.985600001178682],[742423.155600000172853,7726068.985600000247359],[742424.155600002035499,7726068.985600000247359],[742424.155600002035499,7726070.985600001178682],[742425.155600001104176,7726070.985600001178682],[742425.155600001104176,7726071.985600000247359],[742426.155600000172853,7726071.985600000247359],[742426.155600000172853,7726073.985600000247359],[742427.155600001104176,7726073.985600000247359],[742427.155600001104176,7726074.985600000247359],[742428.155600000172853,7726074.985600000247359],[742428.155600000172853,7726076.985600000247359],[742429.155600002035499,7726076.985600000247359],[742429.155600002035499,7726077.985600002110004],[742430.155600001104176,7726077.985600002110004],[742430.155600001104176,7726078.985600001178682],[742431.155600000172853,7726078.985600001178682],[742431.155600000172853,7726080.985600001178682],[742432.155600001104176,7726080.985600001178682],[742432.155600001104176,7726081.985600000247359],[742433.155600000172853,7726081.985600000247359],[742433.155600000172853,7726083.985600001178682],[742434.155600002035499,7726083.985600001178682],[742434.155600002035499,7726084.985600000247359],[742435.155600001104176,7726084.985600000247359],[742435.155600001104176,7726086.985600000247359],[742436.155600000172853,7726086.985600000247359],[742436.155600000172853,7726087.985600002110004],[742437.155600001104176,7726087.985600002110004],[742437.155600001104176,7726089.985600000247359],[742438.155600000172853,7726089.985600000247359],[742438.155600000172853,7726090.985600001178682],[742439.155599999241531,7726090.985600001178682],[742439.155599999241531,7726091.985600000247359],[742440.155600001104176,7726091.985600000247359],[742440.155600001104176,7726093.985600001178682],[742441.155600000172853,7726093.985600001178682],[742441.155600000172853,7726094.985600000247359],[742442.155600001104176,7726094.985600000247359],[742442.155600001104176,7726096.985600001178682],[742443.155600001104176,7726096.985600001178682],[742443.155600001104176,7726097.985600000247359],[742444.155600000172853,7726097.985600000247359],[742444.155600000172853,7726099.985600000247359],[742445.155600001104176,7726099.985600000247359],[742445.155600001104176,7726100.985600002110004],[742446.155600000172853,7726100.985600002110004],[742446.155600000172853,7726102.985600000247359],[742447.155600002035499,7726102.985600000247359],[742447.155600002035499,7726103.985600001178682],[742448.155600001104176,7726103.985600001178682],[742448.155600001104176,7726104.985600000247359],[742449.155600000172853,7726104.985600000247359],[742449.155600000172853,7726106.985600001178682],[742450.155600001104176,7726106.985600001178682],[742450.155600001104176,7726107.985600000247359],[742451.155600000172853,7726107.985600000247359],[742451.155600000172853,7726109.985600000247359],[742452.155600002035499,7726109.985600000247359],[742452.155600002035499,7726110.985600002110004],[742453.155600001104176,7726110.985600002110004],[742453.155600001104176,7726112.985600000247359],[742454.155600000172853,7726112.985600000247359],[742454.155600000172853,7726113.985600001178682],[742455.155600001104176,7726113.985600001178682],[742455.155600001104176,7726115.985599999316037],[742456.155600000172853,7726115.985599999316037],[742456.155600000172853,7726116.985600001178682],[742457.155600002035499,7726116.985600001178682],[742457.155600002035499,7726117.985600000247359],[742458.155600001104176,7726117.985600000247359],[742458.155600001104176,7726119.985600001178682],[742459.155600000172853,7726119.985600001178682],[742459.155600000172853,7726120.985600000247359],[742460.155600001104176,7726120.985600000247359],[742460.155600001104176,7726122.985600000247359],[742461.155600000172853,7726122.985600000247359],[742461.155600000172853,7726123.985600002110004],[742462.155599999241531,7726123.985600002110004],[742462.155599999241531,7726125.985600000247359],[742463.155600001104176,7726125.985600000247359],[742463.155600001104176,7726126.985600001178682],[742464.155600000172853,7726126.985600001178682],[742464.155600000172853,7726128.985600002110004],[742465.155600001104176,7726128.985600002110004],[742465.155600001104176,7726130.985600000247359],[742466.155600001104176,7726130.985600000247359],[742466.155600001104176,7726140.985600000247359],[742467.155600000172853,7726140.985600000247359],[742467.155600000172853,7726141.985600001178682],[742468.155600001104176,7726141.985600001178682],[742468.155600001104176,7726144.985600001178682],[742469.155600000172853,7726144.985600001178682],[742469.155600000172853,7726145.985600000247359],[742470.155600002035499,7726145.985600000247359],[742470.155600002035499,7726146.985600002110004],[742471.155600001104176,7726146.985600002110004],[742471.155600001104176,7726147.985600001178682],[742472.155600000172853,7726147.985600001178682],[742472.155600000172853,7726148.985600000247359],[742473.155600001104176,7726148.985600000247359],[742473.155600001104176,7726149.985600001178682],[742475.155600002035499,7726149.985600001178682],[742475.155600002035499,7726150.985600000247359],[742476.155600001104176,7726150.985600000247359],[742476.155600001104176,7726151.985600002110004],[742478.155600001104176,7726151.985600002110004],[742478.155600001104176,7726152.985600001178682],[742479.155600000172853,7726152.985600001178682],[742479.155600000172853,7726153.985600000247359],[742509.155600001104176,7726153.985600000247359],[742509.155600001104176,7726154.985600001178682],[742510.155600000172853,7726154.985600001178682],[742510.155600000172853,7726155.985600000247359],[742511.155600001104176,7726155.985600000247359],[742511.155600001104176,7726156.985599999316037],[742512.155600001104176,7726156.985599999316037],[742512.155600001104176,7726157.985600001178682],[742513.155600000172853,7726157.985600001178682],[742513.155600000172853,7726158.985600000247359],[742514.155600001104176,7726158.985600000247359],[742514.155600001104176,7726159.985600001178682],[742516.155600002035499,7726159.985600001178682],[742516.155600002035499,7726160.985600000247359],[742517.155600001104176,7726160.985600000247359],[742517.155600001104176,7726161.985600000247359],[742518.155600000172853,7726161.985600000247359],[742518.155600000172853,7726162.985600001178682],[742520.155600000172853,7726162.985600001178682],[742520.155600000172853,7726163.985600000247359],[742521.155600002035499,7726163.985600000247359],[742521.155600002035499,7726164.985600001178682],[742522.155600001104176,7726164.985600001178682],[742522.155600001104176,7726165.985600001178682],[742523.155600000172853,7726165.985600001178682],[742523.155600000172853,7726166.985600000247359],[742524.155600001104176,7726166.985600000247359],[742524.155600001104176,7726167.985600001178682],[742525.155600000172853,7726167.985600001178682],[742525.155600000172853,7726168.985600000247359],[742526.155599999241531,7726168.985600000247359],[742526.155599999241531,7726169.985600002110004],[742527.155600001104176,7726169.985600002110004],[742527.155600001104176,7726170.985600001178682],[742528.155600000172853,7726170.985600001178682],[742528.155600000172853,7726171.985600000247359],[742529.155600001104176,7726171.985600000247359],[742529.155600001104176,7726172.985600001178682],[742530.155600000172853,7726172.985600001178682],[742530.155600000172853,7726173.985600000247359],[742531.155600000172853,7726173.985600000247359],[742531.155600000172853,7726174.985600002110004],[742532.155600001104176,7726174.985600002110004],[742532.155600001104176,7726176.985600000247359],[742533.155600000172853,7726176.985600000247359],[742533.155600000172853,7726177.985600001178682],[742534.155600001104176,7726177.985600001178682],[742534.155600001104176,7726178.985600000247359],[742535.155600001104176,7726178.985600000247359],[742535.155600001104176,7726179.985599999316037],[742536.155600000172853,7726179.985599999316037],[742536.155600000172853,7726180.985600001178682],[742537.155600001104176,7726180.985600001178682],[742537.155600001104176,7726181.985600000247359],[742538.155600000172853,7726181.985600000247359],[742538.155600000172853,7726182.985600001178682],[742539.155600002035499,7726182.985600001178682],[742539.155600002035499,7726183.985600000247359],[742540.155600001104176,7726183.985600000247359],[742540.155600001104176,7726184.985600000247359],[742541.155600000172853,7726184.985600000247359],[742541.155600000172853,7726185.985600001178682],[742542.155600001104176,7726185.985600001178682],[742542.155600001104176,7726186.985600000247359],[742543.155600000172853,7726186.985600000247359],[742543.155600000172853,7726187.985600001178682],[742544.155600002035499,7726187.985600001178682],[742544.155600002035499,7726188.985600001178682],[742545.155600001104176,7726188.985600001178682],[742545.155600001104176,7726189.985600000247359],[742546.155600000172853,7726189.985600000247359],[742546.155600000172853,7726190.985600001178682],[742547.155600001104176,7726190.985600001178682],[742547.155600001104176,7726191.985600000247359],[742548.155600000172853,7726191.985600000247359],[742548.155600000172853,7726193.985600001178682],[742549.155599999241531,7726193.985600001178682],[742549.155599999241531,7726194.985600000247359],[742550.155600001104176,7726194.985600000247359],[742550.155600001104176,7726195.985600001178682],[742551.155600000172853,7726195.985600001178682],[742551.155600000172853,7726196.985600000247359],[742552.155600001104176,7726196.985600000247359],[742552.155600001104176,7726197.985600002110004],[742553.155600000172853,7726197.985600002110004],[742553.155600000172853,7726198.985600001178682],[742554.155600000172853,7726198.985600001178682],[742554.155600000172853,7726199.985600000247359],[742555.155600001104176,7726199.985600000247359],[742555.155600001104176,7726200.985600001178682],[742556.155600000172853,7726200.985600001178682],[742556.155600000172853,7726201.985600000247359],[742557.155600002035499,7726201.985600000247359],[742557.155600002035499,7726202.985599999316037],[742558.155600001104176,7726202.985599999316037],[742558.155600001104176,7726203.985600001178682],[742559.155600000172853,7726203.985600001178682],[742559.155600000172853,7726204.985600000247359],[742560.155600001104176,7726204.985600000247359],[742560.155600001104176,7726205.985600001178682],[742561.155600000172853,7726205.985600001178682],[742561.155600000172853,7726206.985600000247359],[742562.155600002035499,7726206.985600000247359],[742562.155600002035499,7726207.985600000247359],[742563.155600001104176,7726207.985600000247359],[742563.155600001104176,7726208.985600001178682],[742564.155600000172853,7726208.985600001178682],[742564.155600000172853,7726210.985600002110004],[742565.155600001104176,7726210.985600002110004],[742565.155600001104176,7726211.985600001178682],[742566.155600000172853,7726211.985600001178682],[742566.155600000172853,7726212.985600000247359],[742567.155600002035499,7726212.985600000247359],[742567.155600002035499,7726213.985600001178682],[742568.155600001104176,7726213.985600001178682],[742568.155600001104176,7726214.985600000247359],[742569.155600000172853,7726214.985600000247359],[742569.155600000172853,7726215.985600002110004],[742570.155600001104176,7726215.985600002110004],[742570.155600001104176,7726216.985600001178682],[742571.155600000172853,7726216.985600001178682],[742571.155600000172853,7726217.985600000247359],[742572.155599999241531,7726217.985600000247359],[742572.155599999241531,7726218.985600001178682],[742573.155600001104176,7726218.985600001178682],[742573.155600001104176,7726219.985600000247359],[742574.155600000172853,7726219.985600000247359],[742574.155600000172853,7726220.985600002110004],[742575.155600001104176,7726220.985600002110004],[742575.155600001104176,7726221.985600001178682],[742576.155600000172853,7726221.985600001178682],[742576.155600000172853,7726222.985600000247359],[742577.155600000172853,7726222.985600000247359],[742577.155600000172853,7726223.985600001178682],[742578.155600001104176,7726223.985600001178682],[742578.155600001104176,7726224.985600000247359],[742579.155600000172853,7726224.985600000247359],[742579.155600000172853,7726225.985599999316037],[742580.155600002035499,7726225.985599999316037],[742580.155600002035499,7726227.985600000247359],[742581.155600001104176,7726227.985600000247359],[742581.155600001104176,7726228.985600001178682],[742582.155600000172853,7726228.985600001178682],[742582.155600000172853,7726229.985600000247359],[742583.155600001104176,7726229.985600000247359],[742583.155600001104176,7726230.985600000247359],[742584.155600000172853,7726230.985600000247359],[742584.155600000172853,7726231.985600001178682],[742585.155600002035499,7726231.985600001178682],[742585.155600002035499,7726232.985600000247359],[742586.155600001104176,7726232.985600000247359],[742586.155600001104176,7726233.985600002110004],[742587.155600000172853,7726233.985600002110004],[742587.155600000172853,7726234.985600001178682],[742588.155600001104176,7726234.985600001178682],[742588.155600001104176,7726235.985600000247359],[742589.155600000172853,7726235.985600000247359],[742589.155600000172853,7726236.985600001178682],[742590.155600002035499,7726236.985600001178682],[742590.155600002035499,7726237.985600000247359],[742591.155600001104176,7726237.985600000247359],[742591.155600001104176,7726238.985600002110004],[742592.155600000172853,7726238.985600002110004],[742592.155600000172853,7726239.985600001178682],[742593.155600001104176,7726239.985600001178682],[742593.155600001104176,7726240.985600000247359],[742594.155600000172853,7726240.985600000247359],[742594.155600000172853,7726241.985600001178682],[742595.155599999241531,7726241.985600001178682],[742595.155599999241531,7726243.985600002110004],[742596.155600001104176,7726243.985600002110004],[742596.155600001104176,7726244.985600001178682],[742597.155600000172853,7726244.985600001178682],[742597.155600000172853,7726245.985600000247359],[742598.155600001104176,7726245.985600000247359],[742598.155600001104176,7726246.985600001178682],[742599.155600000172853,7726246.985600001178682],[742599.155600000172853,7726247.985600000247359],[742600.155600000172853,7726247.985600000247359],[742600.155600000172853,7726248.985599999316037],[742601.155600001104176,7726248.985599999316037],[742601.155600001104176,7726249.985600001178682],[742602.155600000172853,7726249.985600001178682],[742602.155600000172853,7726250.985600000247359],[742603.155600002035499,7726250.985600000247359],[742603.155600002035499,7726251.985600001178682],[742604.155600001104176,7726251.985600001178682],[742604.155600001104176,7726252.985600001178682],[742605.155600000172853,7726252.985600001178682],[742605.155600000172853,7726253.985600000247359],[742606.155600001104176,7726253.985600000247359],[742606.155600001104176,7726254.985600001178682],[742607.155600000172853,7726254.985600001178682],[742607.155600000172853,7726255.985600000247359],[742608.155600002035499,7726255.985600000247359],[742608.155600002035499,7726256.985600002110004],[742609.155600001104176,7726256.985600002110004],[742609.155600001104176,7726257.985600001178682],[742610.155600000172853,7726257.985600001178682],[742610.155600000172853,7726258.985600000247359],[742611.155600001104176,7726258.985600000247359],[742611.155600001104176,7726259.985600001178682],[742612.155600000172853,7726259.985600001178682],[742612.155600000172853,7726260.985600000247359],[742613.155600002035499,7726260.985600000247359],[742613.155600002035499,7726261.985600002110004],[742614.155600001104176,7726261.985600002110004],[742614.155600001104176,7726262.985600001178682],[742615.155600000172853,7726262.985600001178682],[742615.155600000172853,7726263.985600000247359],[742616.155600001104176,7726263.985600000247359],[742616.155600001104176,7726264.985600001178682],[742617.155600000172853,7726264.985600001178682],[742617.155600000172853,7726265.985600000247359],[742618.155599999241531,7726265.985600000247359],[742618.155599999241531,7726266.985600002110004],[742619.155600001104176,7726266.985600002110004],[742619.155600001104176,7726267.985600001178682],[742620.155600000172853,7726267.985600001178682],[742620.155600000172853,7726268.985600000247359],[742621.155600001104176,7726268.985600000247359],[742621.155600001104176,7726269.985600001178682],[742622.155600001104176,7726269.985600001178682],[742622.155600001104176,7726270.985600000247359],[742623.155600000172853,7726270.985600000247359],[742623.155600000172853,7726271.985599999316037],[742624.155600001104176,7726271.985599999316037],[742624.155600001104176,7726272.985600001178682],[742625.155600000172853,7726272.985600001178682],[742625.155600000172853,7726273.985600000247359],[742626.155600002035499,7726273.985600000247359],[742626.155600002035499,7726274.985600001178682],[742627.155600001104176,7726274.985600001178682],[742627.155600001104176,7726275.985600001178682],[742628.155600000172853,7726275.985600001178682],[742628.155600000172853,7726302.985600002110004],[742629.155600001104176,7726302.985600002110004],[742629.155600001104176,7726304.985600000247359],[742630.155600000172853,7726304.985600000247359],[742630.155600000172853,7726305.985600001178682],[742631.155600002035499,7726305.985600001178682],[742631.155600002035499,7726306.985600000247359],[742632.155600001104176,7726306.985600000247359],[742632.155600001104176,7726307.985600002110004],[742633.155600000172853,7726307.985600002110004],[742633.155600000172853,7726308.985600001178682],[742634.155600001104176,7726308.985600001178682],[742634.155600001104176,7726309.985600000247359],[742635.155600000172853,7726309.985600000247359],[742635.155600000172853,7726310.985600001178682],[742636.155600002035499,7726310.985600001178682],[742636.155600002035499,7726311.985600000247359],[742637.155600001104176,7726311.985600000247359],[742637.155600001104176,7726312.985600002110004],[742638.155600000172853,7726312.985600002110004],[742638.155600000172853,7726313.985600001178682],[742639.155600001104176,7726313.985600001178682],[742639.155600001104176,7726314.985600000247359],[742640.155600000172853,7726314.985600000247359],[742640.155600000172853,7726322.985600000247359],[742641.155599999241531,7726322.985600000247359],[742641.155599999241531,7726323.985600001178682],[742642.155600001104176,7726323.985600001178682],[742642.155600001104176,7726324.985600000247359],[742643.155600000172853,7726324.985600000247359],[742643.155600000172853,7726325.985600002110004],[742644.155600001104176,7726325.985600002110004],[742644.155600001104176,7726326.985600001178682],[742645.155600001104176,7726326.985600001178682],[742645.155600001104176,7726327.985600000247359],[742646.155600000172853,7726327.985600000247359],[742646.155600000172853,7726328.985600001178682],[742647.155600001104176,7726328.985600001178682],[742647.155600001104176,7726329.985600000247359],[742648.155600000172853,7726329.985600000247359],[742648.155600000172853,7726330.985600002110004],[742649.155600002035499,7726330.985600002110004],[742649.155600002035499,7726331.985600001178682],[742650.155600001104176,7726331.985600001178682],[742650.155600001104176,7726332.985600000247359],[742651.155600000172853,7726332.985600000247359],[742651.155600000172853,7726333.985600001178682],[742652.155600001104176,7726333.985600001178682],[742652.155600001104176,7726334.985600000247359],[742653.155600000172853,7726334.985600000247359],[742653.155600000172853,7726335.985599999316037],[742654.155600002035499,7726335.985599999316037],[742654.155600002035499,7726336.985600001178682],[742655.155600001104176,7726336.985600001178682],[742655.155600001104176,7726337.985600000247359],[742656.155600000172853,7726337.985600000247359],[742656.155600000172853,7726338.985600001178682],[742657.155600001104176,7726338.985600001178682],[742657.155600001104176,7726339.985600000247359],[742658.155600000172853,7726339.985600000247359],[742658.155600000172853,7726340.985600000247359],[742659.155600002035499,7726340.985600000247359],[742659.155600002035499,7726341.985600001178682],[742660.155600001104176,7726341.985600001178682],[742660.155600001104176,7726342.985600000247359],[742661.155600000172853,7726342.985600000247359],[742661.155600000172853,7726343.985600001178682],[742662.155600001104176,7726343.985600001178682],[742662.155600001104176,7726344.985600001178682],[742663.155600000172853,7726344.985600001178682],[742663.155600000172853,7726345.985600000247359],[742664.155599999241531,7726345.985600000247359],[742664.155599999241531,7726346.985600001178682],[742665.155600001104176,7726346.985600001178682],[742665.155600001104176,7726347.985600000247359],[742666.155600000172853,7726347.985600000247359],[742666.155600000172853,7726365.985600000247359],[742667.155600001104176,7726365.985600000247359],[742667.155600001104176,7726395.985600001178682],[742668.155600001104176,7726395.985600001178682],[742668.155600001104176,7726402.985600001178682],[742669.155600000172853,7726402.985600001178682],[742669.155600000172853,7726403.985600000247359],[742670.155600001104176,7726403.985600000247359],[742670.155600001104176,7726404.985599999316037],[742671.155600000172853,7726404.985599999316037],[742671.155600000172853,7726405.985600001178682],[742672.155600002035499,7726405.985600001178682],[742672.155600002035499,7726406.985600000247359],[742675.155600001104176,7726406.985600000247359],[742675.155600001104176,7726407.985600001178682],[742678.155600001104176,7726407.985600001178682],[742678.155600001104176,7726408.985600000247359],[742680.155600001104176,7726408.985600000247359],[742680.155600001104176,7726409.985600000247359],[742683.155600001104176,7726409.985600000247359],[742683.155600001104176,7726410.985600001178682],[742686.155600000172853,7726410.985600001178682],[742686.155600000172853,7726411.985600000247359],[742689.155600000172853,7726411.985600000247359],[742689.155600000172853,7726412.985600002110004],[742691.155600001104176,7726412.985600002110004],[742691.155600001104176,7726413.985600001178682],[742694.155600000172853,7726413.985600001178682],[742694.155600000172853,7726414.985600000247359],[742697.155600000172853,7726414.985600000247359],[742697.155600000172853,7726415.985600001178682],[742698.155600001104176,7726415.985600001178682],[742698.155600001104176,7726416.985600000247359],[742700.155600002035499,7726416.985600000247359],[742700.155600002035499,7726417.985600002110004],[742701.155600001104176,7726417.985600002110004],[742701.155600001104176,7726418.985600001178682],[742703.155600001104176,7726418.985600001178682],[742703.155600001104176,7726419.985600000247359],[742705.155599999241531,7726419.985600000247359],[742705.155599999241531,7726420.985600001178682],[742707.155600000172853,7726420.985600001178682],[742707.155600000172853,7726421.985600000247359],[742708.155600001104176,7726421.985600000247359],[742708.155600001104176,7726422.985600002110004],[742709.155600000172853,7726422.985600002110004],[742709.155600000172853,7726423.985600001178682],[742710.155600000172853,7726423.985600001178682],[742710.155600000172853,7726424.985600000247359],[742711.155600001104176,7726424.985600000247359],[742711.155600001104176,7726425.985600001178682],[742712.155600000172853,7726425.985600001178682],[742712.155600000172853,7726426.985600000247359],[742713.155600001104176,7726426.985600000247359],[742713.155600001104176,7726427.985599999316037],[742714.155600001104176,7726427.985599999316037],[742714.155600001104176,7726428.985600001178682],[742715.155600000172853,7726428.985600001178682],[742715.155600000172853,7726429.985600000247359],[742716.155600001104176,7726429.985600000247359],[742716.155600001104176,7726430.985600001178682],[742717.155600000172853,7726430.985600001178682],[742717.155600000172853,7726431.985600001178682],[742718.155600002035499,7726431.985600001178682],[742718.155600002035499,7726432.985600000247359],[742719.155600001104176,7726432.985600000247359],[742719.155600001104176,7726433.985600001178682],[742720.155600000172853,7726433.985600001178682],[742720.155600000172853,7726434.985600000247359],[742721.155600001104176,7726434.985600000247359],[742721.155600001104176,7726435.985600002110004],[742722.155600000172853,7726435.985600002110004],[742722.155600000172853,7726436.985600001178682],[742723.155600002035499,7726436.985600001178682],[742723.155600002035499,7726437.985600000247359],[742724.155600001104176,7726437.985600000247359],[742724.155600001104176,7726438.985600001178682],[742725.155600000172853,7726438.985600001178682],[742725.155600000172853,7726439.985600000247359],[742726.155600001104176,7726439.985600000247359],[742726.155600001104176,7726440.985600002110004],[742727.155600000172853,7726440.985600002110004],[742727.155600000172853,7726441.985600001178682],[742728.155599999241531,7726441.985600001178682],[742728.155599999241531,7726442.985600000247359],[742729.155600001104176,7726442.985600000247359],[742729.155600001104176,7726443.985600001178682],[742730.155600000172853,7726443.985600001178682],[742730.155600000172853,7726444.985600000247359],[742731.155600001104176,7726444.985600000247359],[742731.155600001104176,7726445.985600002110004],[742732.155600000172853,7726445.985600002110004],[742732.155600000172853,7726446.985600001178682],[742733.155600000172853,7726446.985600001178682],[742733.155600000172853,7726447.985600000247359],[742734.155600001104176,7726447.985600000247359],[742734.155600001104176,7726448.985600001178682],[742735.155600000172853,7726448.985600001178682],[742735.155600000172853,7726449.985600000247359],[742738.155600000172853,7726449.985600000247359],[742738.155600000172853,7726450.985599999316037],[742741.155600002035499,7726450.985599999316037],[742741.155600002035499,7726451.985600001178682],[742744.155600001104176,7726451.985600001178682],[742744.155600001104176,7726452.985600000247359],[742747.155600001104176,7726452.985600000247359],[742747.155600001104176,7726453.985600001178682],[742750.155600000172853,7726453.985600001178682],[742750.155600000172853,7726454.985600001178682],[742754.155600001104176,7726454.985600001178682],[742754.155600001104176,7726455.985600000247359],[742757.155600001104176,7726455.985600000247359],[742757.155600001104176,7726456.985600001178682],[742758.155600000172853,7726456.985600001178682],[742758.155600000172853,7726457.985600000247359],[742759.155600002035499,7726457.985600000247359],[742759.155600002035499,7726458.985600002110004],[742760.155600001104176,7726458.985600002110004],[742760.155600001104176,7726459.985600001178682],[742761.155600000172853,7726459.985600001178682],[742761.155600000172853,7726460.985600000247359],[742762.155600001104176,7726460.985600000247359],[742762.155600001104176,7726461.985600001178682],[742763.155600000172853,7726461.985600001178682],[742763.155600000172853,7726464.985600001178682],[742764.155600002035499,7726464.985600001178682],[742764.155600002035499,7726466.985600001178682],[742765.155600001104176,7726466.985600001178682],[742765.155600001104176,7726469.985600001178682],[742766.155600000172853,7726469.985600001178682],[742766.155600000172853,7726472.985600000247359],[742767.155600001104176,7726472.985600000247359],[742767.155600001104176,7726475.985600000247359],[742768.155600000172853,7726475.985600000247359],[742768.155600000172853,7726478.985600000247359],[742769.155600002035499,7726478.985600000247359],[742769.155600002035499,7726480.985600000247359],[742770.155600001104176,7726480.985600000247359],[742770.155600001104176,7726483.985600000247359],[742771.155600000172853,7726483.985600000247359],[742771.155600000172853,7726486.985600002110004],[742772.155600001104176,7726486.985600002110004],[742772.155600001104176,7726489.985600001178682],[742773.155600000172853,7726489.985600001178682],[742773.155600000172853,7726492.985600001178682],[742774.155599999241531,7726492.985600001178682],[742774.155599999241531,7726495.985600000247359],[742775.155600001104176,7726495.985600000247359],[742775.155600001104176,7726496.985600000247359],[742776.155600000172853,7726496.985600000247359],[742776.155600000172853,7726497.985600001178682],[742777.155600001104176,7726497.985600001178682],[742777.155600001104176,7726500.985600001178682],[742779.155600000172853,7726500.985600001178682],[742779.155600000172853,7726501.985600000247359],[742780.155600001104176,7726501.985600000247359],[742780.155600001104176,7726502.985600001178682],[742782.155600002035499,7726502.985600001178682],[742782.155600002035499,7726503.985600000247359],[742784.155600000172853,7726503.985600000247359],[742784.155600000172853,7726504.985600002110004],[742786.155600000172853,7726504.985600002110004],[742786.155600000172853,7726505.985600001178682],[742788.155600001104176,7726505.985600001178682],[742788.155600001104176,7726506.985600000247359],[742790.155600001104176,7726506.985600000247359],[742790.155600001104176,7726507.985600001178682],[742792.155600002035499,7726507.985600001178682],[742792.155600002035499,7726508.985600000247359],[742793.155600001104176,7726508.985600000247359],[742793.155600001104176,7726509.985600002110004],[742795.155600001104176,7726509.985600002110004],[742795.155600001104176,7726510.985600001178682],[742797.155599999241531,7726510.985600001178682],[742797.155599999241531,7726511.985600000247359],[742799.155600000172853,7726511.985600000247359],[742799.155600000172853,7726512.985600001178682],[742800.155600001104176,7726512.985600001178682],[742800.155600001104176,7726513.985600000247359],[742802.155600000172853,7726513.985600000247359],[742802.155600000172853,7726514.985599999316037],[742804.155600000172853,7726514.985599999316037],[742804.155600000172853,7726515.985600001178682],[742806.155600001104176,7726515.985600001178682],[742806.155600001104176,7726516.985600000247359],[742808.155600001104176,7726516.985600000247359],[742808.155600001104176,7726517.985600001178682],[742810.155600002035499,7726517.985600001178682],[742810.155600002035499,7726518.985600000247359],[742811.155600001104176,7726518.985600000247359],[742811.155600001104176,7726519.985600000247359],[742813.155600001104176,7726519.985600000247359],[742813.155600001104176,7726520.985600001178682],[742815.155600002035499,7726520.985600001178682],[742815.155600002035499,7726521.985600000247359],[742817.155600000172853,7726521.985600000247359],[742817.155600000172853,7726522.985600001178682],[742819.155600000172853,7726522.985600001178682],[742819.155600000172853,7726523.985600001178682],[742820.155599999241531,7726523.985600001178682],[742820.155599999241531,7726524.985600000247359],[742822.155600000172853,7726524.985600000247359],[742822.155600000172853,7726525.985600001178682],[742823.155600001104176,7726525.985600001178682],[742823.155600001104176,7726526.985600000247359],[742826.155600001104176,7726526.985600000247359],[742826.155600001104176,7726527.985600002110004],[742829.155600001104176,7726527.985600002110004],[742829.155600001104176,7726528.985600001178682],[742831.155600001104176,7726528.985600001178682],[742831.155600001104176,7726529.985600000247359],[742834.155600001104176,7726529.985600000247359],[742834.155600001104176,7726530.985600001178682],[742837.155600000172853,7726530.985600001178682],[742837.155600000172853,7726531.985600000247359],[742839.155600001104176,7726531.985600000247359],[742839.155600001104176,7726532.985600002110004],[742841.155600001104176,7726532.985600002110004],[742841.155600001104176,7726533.985600001178682],[742844.155600001104176,7726533.985600001178682],[742844.155600001104176,7726534.985600000247359],[742847.155600001104176,7726534.985600000247359],[742847.155600001104176,7726535.985600001178682],[742849.155600001104176,7726535.985600001178682],[742849.155600001104176,7726536.985600000247359],[742852.155600001104176,7726536.985600000247359],[742852.155600001104176,7726537.985599999316037],[742855.155600000172853,7726537.985599999316037],[742855.155600000172853,7726538.985600001178682],[742884.155599999241531,7726538.985600001178682],[742884.155599999241531,7726539.985600000247359],[742883.155600000172853,7726539.985600000247359],[742883.155600000172853,7726541.985600000247359],[742882.155600001104176,7726541.985600000247359],[742882.155600001104176,7726543.985600001178682],[742881.155600000172853,7726543.985600001178682],[742881.155600000172853,7726544.985600000247359],[742880.155600001104176,7726544.985600000247359],[742880.155600001104176,7726546.985600001178682],[742879.155600002035499,7726546.985600001178682],[742879.155600002035499,7726548.985600001178682],[742878.155600000172853,7726548.985600001178682],[742878.155600000172853,7726550.985600002110004],[742877.155600001104176,7726550.985600002110004],[742877.155600001104176,7726551.985600001178682],[742876.155600000172853,7726551.985600001178682],[742876.155600000172853,7726553.985600001178682],[742875.155600001104176,7726553.985600001178682],[742875.155600001104176,7726555.985600002110004],[742874.155600002035499,7726555.985600002110004],[742874.155600002035499,7726557.985600000247359],[742873.155600000172853,7726557.985600000247359],[742873.155600000172853,7726558.985600001178682],[742872.155600001104176,7726558.985600001178682],[742872.155600001104176,7726560.985599999316037],[742871.155600000172853,7726560.985599999316037],[742871.155600000172853,7726562.985600000247359],[742870.155600001104176,7726562.985600000247359],[742870.155600001104176,7726564.985600000247359],[742869.155600001104176,7726564.985600000247359],[742869.155600001104176,7726565.985600000247359],[742868.155600000172853,7726565.985600000247359],[742868.155600000172853,7726567.985600000247359],[742867.155600001104176,7726567.985600000247359],[742867.155600001104176,7726569.985600001178682],[742866.155600000172853,7726569.985600001178682],[742866.155600000172853,7726570.985600000247359],[742865.155600000172853,7726570.985600000247359],[742865.155600000172853,7726572.985600000247359],[742864.155600001104176,7726572.985600000247359],[742864.155600001104176,7726574.985600001178682],[742863.155600000172853,7726574.985600001178682],[742863.155600000172853,7726576.985600001178682],[742862.155600001104176,7726576.985600001178682],[742862.155600001104176,7726628.985600000247359],[742861.155599999241531,7726628.985600000247359],[742861.155599999241531,7726629.985599999316037],[742863.155600000172853,7726629.985599999316037],[742863.155600000172853,7726628.985600000247359],[742870.155600001104176,7726628.985600000247359],[742870.155600001104176,7726627.985600001178682],[742877.155600001104176,7726627.985600001178682],[742877.155600001104176,7726626.985600000247359],[742884.155599999241531,7726626.985600000247359],[742884.155599999241531,7726625.985600001178682],[742891.155600000172853,7726625.985600001178682],[742891.155600000172853,7726624.985600002110004],[742898.155600001104176,7726624.985600002110004],[742898.155600001104176,7726623.985600000247359],[742905.155600001104176,7726623.985600000247359],[742905.155600001104176,7726622.985600001178682],[742909.155600000172853,7726622.985600001178682],[742909.155600000172853,7726623.985600000247359],[742912.155600000172853,7726623.985600000247359],[742912.155600000172853,7726624.985600002110004],[742913.155600001104176,7726624.985600002110004],[742913.155600001104176,7726625.985600001178682],[742915.155600002035499,7726625.985600001178682],[742915.155600002035499,7726626.985600000247359],[742917.155600000172853,7726626.985600000247359],[742917.155600000172853,7726627.985600001178682],[742919.155600000172853,7726627.985600001178682],[742919.155600000172853,7726628.985600000247359],[742921.155600001104176,7726628.985600000247359],[742921.155600001104176,7726629.985599999316037],[742922.155600000172853,7726629.985599999316037],[742922.155600000172853,7726630.985600001178682],[742924.155600000172853,7726630.985600001178682],[742924.155600000172853,7726631.985600000247359],[742926.155600001104176,7726631.985600000247359],[742926.155600001104176,7726632.985600001178682],[742928.155600001104176,7726632.985600001178682],[742928.155600001104176,7726633.985600001178682],[742929.155600000172853,7726633.985600001178682],[742929.155600000172853,7726634.985600000247359],[742931.155600001104176,7726634.985600000247359],[742931.155600001104176,7726635.985600001178682],[742933.155600001104176,7726635.985600001178682],[742933.155600001104176,7726636.985600000247359],[742935.155600000172853,7726636.985600000247359],[742935.155600000172853,7726637.985600002110004],[742937.155600000172853,7726637.985600002110004],[742937.155600000172853,7726638.985600001178682],[742938.155600002035499,7726638.985600001178682],[742938.155600002035499,7726639.985600000247359],[742940.155600000172853,7726639.985600000247359],[742940.155600000172853,7726640.985600001178682],[742942.155600000172853,7726640.985600001178682],[742942.155600000172853,7726641.985600000247359],[742944.155600001104176,7726641.985600000247359],[742944.155600001104176,7726642.985600002110004],[742946.155600001104176,7726642.985600002110004],[742946.155600001104176,7726643.985600001178682],[742947.155600000172853,7726643.985600001178682],[742947.155600000172853,7726644.985600000247359],[742949.155600001104176,7726644.985600000247359],[742949.155600001104176,7726645.985600001178682],[742951.155600001104176,7726645.985600001178682],[742951.155600001104176,7726646.985600000247359],[742953.155599999241531,7726646.985600000247359],[742953.155599999241531,7726647.985600002110004],[742954.155600001104176,7726647.985600002110004],[742954.155600001104176,7726648.985600001178682],[742956.155600001104176,7726648.985600001178682],[742956.155600001104176,7726649.985600000247359],[742958.155600000172853,7726649.985600000247359],[742958.155600000172853,7726650.985600001178682],[742960.155600000172853,7726650.985600001178682],[742960.155600000172853,7726651.985600000247359],[742962.155600001104176,7726651.985600000247359],[742962.155600001104176,7726652.985599999316037],[742964.1557,7726652.985599999316037],[742964.155600001104176,7726656.985600001178682],[742965.155600000172853,7726656.985600001178682],[742965.155600000172853,7726660.985600002110004],[742966.155600002035499,7726660.985600002110004],[742966.155600002035499,7726664.985600000247359],[742967.155600001104176,7726664.985600000247359],[742967.155600001104176,7726668.985600001178682],[742968.155600000172853,7726668.985600001178682],[742968.155600000172853,7726672.985600000247359],[742969.155600001104176,7726672.985600000247359],[742969.155600001104176,7726676.985600001178682],[742970.155600000172853,7726676.985600001178682],[742970.155600000172853,7726680.985600000247359],[742971.155600002035499,7726680.985600000247359],[742971.155600002035499,7726684.985600001178682],[742972.155600001104176,7726684.985600001178682],[742972.155600001104176,7726688.985600002110004],[742973.155600000172853,7726688.985600002110004],[742973.155600000172853,7726692.985600000247359],[742974.155600001104176,7726692.985600000247359],[742974.155600001104176,7726696.985600001178682],[742975.155600000172853,7726696.985600001178682],[742975.155600000172853,7726700.985600000247359],[742976.155599999241531,7726700.985600000247359],[742976.155599999241531,7726704.985600001178682],[742977.155600001104176,7726704.985600001178682],[742977.155600001104176,7726708.985600000247359],[742978.155600000172853,7726708.985600000247359],[742978.155600000172853,7726712.985600001178682],[742979.155600001104176,7726712.985600001178682],[742979.155600001104176,7726716.985599999316037],[742980.155600001104176,7726716.985599999316037],[742980.155600001104176,7726720.985600000247359],[742981.155600000172853,7726720.985600000247359],[742981.155600000172853,7726724.985600002110004],[742982.155600001104176,7726724.985600002110004],[742982.155600001104176,7726726.985600000247359],[742983.155600000172853,7726726.985600000247359],[742983.155700000934303,7726727.985600001178682],[742984.1557,7726727.985600001178682]],[[745579.155700000934303,7723341.53110000025481],[745578.483300001360476,7723337.985600000247359],[745579.155700000934303,7723337.985600000247359],[745579.155700000934303,7723341.53110000025481]],[[745578.155699999071658,7723336.258399999700487],[745577.724700001999736,7723333.985600002110004],[745578.155699999071658,7723333.985600002110004],[745578.155699999071658,7723336.258399999700487]],[[745857.155700001865625,7723269.985600002110004],[745857.155700001865625,7723268.735600000247359],[745858.155700000934303,7723269.985600002110004],[745857.155700001865625,7723269.985600002110004]],[[745856.1557,7723267.985600001178682],[745856.1557,7723267.485600000247359],[745856.555700000375509,7723267.985600001178682],[745856.1557,7723267.985600001178682]],[[745853.155700000934303,7723241.985600002110004],[745853.155700000934303,7723240.985600000247359],[745852.155700001865625,7723240.985600000247359],[745852.155700001865625,7723239.985600001178682],[745851.1557,7723239.985600001178682],[745851.1557,7723238.985600000247359],[745850.155700000934303,7723238.985600000247359],[745850.155700000934303,7723237.985600001178682],[745849.1557,7723237.985600001178682],[745849.1557,7723236.985600001178682],[745848.1557,7723236.985600001178682],[745848.1557,7723235.985600000247359],[745847.155700000934303,7723235.985600000247359],[745847.155700000934303,7723234.985600001178682],[745846.1557,7723234.985600001178682],[745846.1557,7723233.985600000247359],[745845.155700000934303,7723233.985600000247359],[745845.155700000934303,7723229.985600001178682],[745854.1557,7723241.985600002110004],[745853.155700000934303,7723241.985600002110004]]]]}}
]
}
